experiment,combo,file,product_count,runs,online_ok_runs,offline_ok_runs,offline_timeout_runs,online_oom_runs,offline_oom_runs,prefix_cost_values,offline_cost_values,offline_semantics,online_total_seconds_n,online_total_seconds_min,online_total_seconds_max,online_total_seconds_mean,online_total_seconds_median,online_total_seconds_stdev,online_total_seconds_q1,online_total_seconds_q3,online_avg_seconds_n,online_avg_seconds_min,online_avg_seconds_max,online_avg_seconds_mean,online_avg_seconds_median,online_avg_seconds_stdev,online_avg_seconds_q1,online_avg_seconds_q3,online_max_seconds_n,online_max_seconds_min,online_max_seconds_max,online_max_seconds_mean,online_max_seconds_median,online_max_seconds_stdev,online_max_seconds_q1,online_max_seconds_q3,offline_total_seconds_n,offline_total_seconds_min,offline_total_seconds_max,offline_total_seconds_mean,offline_total_seconds_median,offline_total_seconds_stdev,offline_total_seconds_q1,offline_total_seconds_q3,conformance_total_seconds_n,conformance_total_seconds_min,conformance_total_seconds_max,conformance_total_seconds_mean,conformance_total_seconds_median,conformance_total_seconds_stdev,conformance_total_seconds_q1,conformance_total_seconds_q3,wall_seconds_n,wall_seconds_min,wall_seconds_max,wall_seconds_mean,wall_seconds_median,wall_seconds_stdev,wall_seconds_q1,wall_seconds_q3
component_scale_online,smt_smt,orders_01_interleaved.jsonocel,,1,1,0,0,0,0,0,,fresh_offline_alignment,1,2.2940531000000135,2.2940531000000135,2.2940531000000135,2.2940531000000135,0.0,2.2940531000000135,2.2940531000000135,1,0.4588106200000027,0.4588106200000027,0.4588106200000027,0.4588106200000027,0.0,0.4588106200000027,0.4588106200000027,1,0.5464807000000036,0.5464807000000036,0.5464807000000036,0.5464807000000036,0.0,0.5464807000000036,0.5464807000000036,1,0.0,0.0,0.0,0.0,0.0,0.0,0.0,1,2.2940531000000135,2.2940531000000135,2.2940531000000135,2.2940531000000135,0.0,2.2940531000000135,2.2940531000000135,1,2.6261815000000013,2.6261815000000013,2.6261815000000013,2.6261815000000013,0.0,2.6261815000000013,2.6261815000000013
component_scale_online,smt_smt,orders_02_interleaved.jsonocel,,1,1,0,0,0,0,0,,fresh_offline_alignment,1,4.796760800000001,4.796760800000001,4.796760800000001,4.796760800000001,0.0,4.796760800000001,4.796760800000001,1,0.4796760800000001,0.4796760800000001,0.4796760800000001,0.4796760800000001,0.0,0.4796760800000001,0.4796760800000001,1,0.6361657000000065,0.6361657000000065,0.6361657000000065,0.6361657000000065,0.0,0.6361657000000065,0.6361657000000065,1,0.0,0.0,0.0,0.0,0.0,0.0,0.0,1,4.796760800000001,4.796760800000001,4.796760800000001,4.796760800000001,0.0,4.796760800000001,4.796760800000001,1,5.139389899999998,5.139389899999998,5.139389899999998,5.139389899999998,0.0,5.139389899999998,5.139389899999998
component_scale_online,smt_smt,orders_05_interleaved.jsonocel,,1,1,0,0,0,0,0,,fresh_offline_alignment,1,12.47298010000003,12.47298010000003,12.47298010000003,12.47298010000003,0.0,12.47298010000003,12.47298010000003,1,0.49891920400000117,0.49891920400000117,0.49891920400000117,0.49891920400000117,0.0,0.49891920400000117,0.49891920400000117,1,0.7328318999999794,0.7328318999999794,0.7328318999999794,0.7328318999999794,0.0,0.7328318999999794,0.7328318999999794,1,0.0,0.0,0.0,0.0,0.0,0.0,0.0,1,12.47298010000003,12.47298010000003,12.47298010000003,12.47298010000003,0.0,12.47298010000003,12.47298010000003,1,12.967507400000002,12.967507400000002,12.967507400000002,12.967507400000002,0.0,12.967507400000002,12.967507400000002
component_scale_online,smt_smt,orders_10_interleaved.jsonocel,,1,1,0,0,0,0,0,,fresh_offline_alignment,1,26.044813000000005,26.044813000000005,26.044813000000005,26.044813000000005,0.0,26.044813000000005,26.044813000000005,1,0.5208962600000001,0.5208962600000001,0.5208962600000001,0.5208962600000001,0.0,0.5208962600000001,0.5208962600000001,1,0.6526238000000149,0.6526238000000149,0.6526238000000149,0.6526238000000149,0.0,0.6526238000000149,0.6526238000000149,1,0.0,0.0,0.0,0.0,0.0,0.0,0.0,1,26.044813000000005,26.044813000000005,26.044813000000005,26.044813000000005,0.0,26.044813000000005,26.044813000000005,1,26.82025299999998,26.82025299999998,26.82025299999998,26.82025299999998,0.0,26.82025299999998,26.82025299999998
component_scale_online,smt_smt,orders_20_interleaved.jsonocel,,1,1,0,0,0,0,0,,fresh_offline_alignment,1,48.43674299999992,48.43674299999992,48.43674299999992,48.43674299999992,0.0,48.43674299999992,48.43674299999992,1,0.4843674299999992,0.4843674299999992,0.4843674299999992,0.4843674299999992,0.0,0.4843674299999992,0.4843674299999992,1,0.7633804000000168,0.7633804000000168,0.7633804000000168,0.7633804000000168,0.0,0.7633804000000168,0.7633804000000168,1,0.0,0.0,0.0,0.0,0.0,0.0,0.0,1,48.43674299999992,48.43674299999992,48.43674299999992,48.43674299999992,0.0,48.43674299999992,48.43674299999992,1,50.129545199999995,50.129545199999995,50.129545199999995,50.129545199999995,0.0,50.129545199999995,50.129545199999995
components_online,smt_smt,component_001_events_0030_objects_0020.jsonocel,,1,0,0,0,0,0,0,,fresh_offline_alignment,1,35.93603990000065,35.93603990000065,35.93603990000065,35.93603990000065,0.0,35.93603990000065,35.93603990000065,1,1.3821553807692557,1.3821553807692557,1.3821553807692557,1.3821553807692557,0.0,1.3821553807692557,1.3821553807692557,1,3.9094724000001406,3.9094724000001406,3.9094724000001406,3.9094724000001406,0.0,3.9094724000001406,3.9094724000001406,,,,,,,,,1,35.93603990000065,35.93603990000065,35.93603990000065,35.93603990000065,0.0,35.93603990000065,35.93603990000065,1,96.73916809999992,96.73916809999992,96.73916809999992,96.73916809999992,0.0,96.73916809999992,96.73916809999992
components_online,smt_smt,component_002_events_0028_objects_0013.jsonocel,,1,0,0,0,0,0,0,,fresh_offline_alignment,1,69.50408590000006,69.50408590000006,69.50408590000006,69.50408590000006,0.0,69.50408590000006,69.50408590000006,1,4.088475641176474,4.088475641176474,4.088475641176474,4.088475641176474,0.0,4.088475641176474,4.088475641176474,1,19.480875600000218,19.480875600000218,19.480875600000218,19.480875600000218,0.0,19.480875600000218,19.480875600000218,,,,,,,,,1,69.50408590000006,69.50408590000006,69.50408590000006,69.50408590000006,0.0,69.50408590000006,69.50408590000006,1,131.0850833999998,131.0850833999998,131.0850833999998,131.0850833999998,0.0,131.0850833999998,131.0850833999998
components_online,smt_smt,component_003_events_0022_objects_0011.jsonocel,,1,0,0,0,0,0,0,,fresh_offline_alignment,1,180.80001309999898,180.80001309999898,180.80001309999898,180.80001309999898,0.0,180.80001309999898,180.80001309999898,1,15.066667758333248,15.066667758333248,15.066667758333248,15.066667758333248,0.0,15.066667758333248,15.066667758333248,1,49.87993869999991,49.87993869999991,49.87993869999991,49.87993869999991,0.0,49.87993869999991,49.87993869999991,,,,,,,,,1,180.80001309999898,180.80001309999898,180.80001309999898,180.80001309999898,0.0,180.80001309999898,180.80001309999898,1,241.4820451000005,241.4820451000005,241.4820451000005,241.4820451000005,0.0,241.4820451000005,241.4820451000005
components_online,smt_smt,component_004_events_0013_objects_0009.jsonocel,,1,0,0,0,0,0,0,,fresh_offline_alignment,1,60.81539460000022,60.81539460000022,60.81539460000022,60.81539460000022,0.0,60.81539460000022,60.81539460000022,1,6.081539460000021,6.081539460000021,6.081539460000021,6.081539460000021,0.0,6.081539460000021,6.081539460000021,1,17.66439840000021,17.66439840000021,17.66439840000021,17.66439840000021,0.0,17.66439840000021,17.66439840000021,,,,,,,,,1,60.81539460000022,60.81539460000022,60.81539460000022,60.81539460000022,0.0,60.81539460000022,60.81539460000022,1,122.44826030000058,122.44826030000058,122.44826030000058,122.44826030000058,0.0,122.44826030000058,122.44826030000058
components_online,smt_smt,component_005_events_0035_objects_0016.jsonocel,,1,0,0,0,0,0,0,,fresh_offline_alignment,1,239.93752699999914,239.93752699999914,239.93752699999914,239.93752699999914,0.0,239.93752699999914,239.93752699999914,1,17.138394785714222,17.138394785714222,17.138394785714222,17.138394785714222,0.0,17.138394785714222,17.138394785714222,1,59.38674540000011,59.38674540000011,59.38674540000011,59.38674540000011,0.0,59.38674540000011,59.38674540000011,,,,,,,,,1,239.93752699999914,239.93752699999914,239.93752699999914,239.93752699999914,0.0,239.93752699999914,239.93752699999914,1,300.60563509999974,300.60563509999974,300.60563509999974,300.60563509999974,0.0,300.60563509999974,300.60563509999974
components_online,smt_smt,component_006_events_0031_objects_0015.jsonocel,,1,0,0,0,0,0,0,,fresh_offline_alignment,1,19.007421699999213,19.007421699999213,19.007421699999213,19.007421699999213,0.0,19.007421699999213,19.007421699999213,1,1.2671614466666141,1.2671614466666141,1.2671614466666141,1.2671614466666141,0.0,1.2671614466666141,1.2671614466666141,1,2.4659392999992633,2.4659392999992633,2.4659392999992633,2.4659392999992633,0.0,2.4659392999992633,2.4659392999992633,,,,,,,,,1,19.007421699999213,19.007421699999213,19.007421699999213,19.007421699999213,0.0,19.007421699999213,19.007421699999213,1,80.65111160000015,80.65111160000015,80.65111160000015,80.65111160000015,0.0,80.65111160000015,80.65111160000015
components_online,smt_smt,component_009_events_0015_objects_0008.jsonocel,,1,0,0,0,0,0,0,,fresh_offline_alignment,1,86.30068340000162,86.30068340000162,86.30068340000162,86.30068340000162,0.0,86.30068340000162,86.30068340000162,1,7.8455166727274195,7.8455166727274195,7.8455166727274195,7.8455166727274195,0.0,7.8455166727274195,7.8455166727274195,1,42.63177360000009,42.63177360000009,42.63177360000009,42.63177360000009,0.0,42.63177360000009,42.63177360000009,,,,,,,,,1,86.30068340000162,86.30068340000162,86.30068340000162,86.30068340000162,0.0,86.30068340000162,86.30068340000162,1,146.9574080000002,146.9574080000002,146.9574080000002,146.9574080000002,0.0,146.9574080000002,146.9574080000002
components_online,smt_smt,component_011_events_0028_objects_0017.jsonocel,,1,0,0,0,0,0,0,,fresh_offline_alignment,1,56.39309129999674,56.39309129999674,56.39309129999674,56.39309129999674,0.0,56.39309129999674,56.39309129999674,1,2.563322331818034,2.563322331818034,2.563322331818034,2.563322331818034,0.0,2.563322331818034,2.563322331818034,1,15.011369699999705,15.011369699999705,15.011369699999705,15.011369699999705,0.0,15.011369699999705,15.011369699999705,,,,,,,,,1,56.39309129999674,56.39309129999674,56.39309129999674,56.39309129999674,0.0,56.39309129999674,56.39309129999674,1,118.1891044999993,118.1891044999993,118.1891044999993,118.1891044999993,0.0,118.1891044999993,118.1891044999993
components_online,smt_smt,component_014_events_0102_objects_0053.jsonocel,,1,0,0,0,0,0,0,,fresh_offline_alignment,1,8.469147199999497,8.469147199999497,8.469147199999497,8.469147199999497,0.0,8.469147199999497,8.469147199999497,1,0.769922472727227,0.769922472727227,0.769922472727227,0.769922472727227,0.0,0.769922472727227,0.769922472727227,1,0.9963250000000698,0.9963250000000698,0.9963250000000698,0.9963250000000698,0.0,0.9963250000000698,0.9963250000000698,,,,,,,,,1,8.469147199999497,8.469147199999497,8.469147199999497,8.469147199999497,0.0,8.469147199999497,8.469147199999497,1,69.13317000000006,69.13317000000006,69.13317000000006,69.13317000000006,0.0,69.13317000000006,69.13317000000006
components_online,smt_smt,component_020_events_0022_objects_0009.jsonocel,,1,0,0,0,0,0,0,,fresh_offline_alignment,1,187.75916629999938,187.75916629999938,187.75916629999938,187.75916629999938,0.0,187.75916629999938,187.75916629999938,1,15.646597191666615,15.646597191666615,15.646597191666615,15.646597191666615,0.0,15.646597191666615,15.646597191666615,1,57.79111760000069,57.79111760000069,57.79111760000069,57.79111760000069,0.0,57.79111760000069,57.79111760000069,,,,,,,,,1,187.75916629999938,187.75916629999938,187.75916629999938,187.75916629999938,0.0,187.75916629999938,187.75916629999938,1,249.4055774999997,249.4055774999997,249.4055774999997,249.4055774999997,0.0,249.4055774999997,249.4055774999997
components_online,smt_smt,component_021_events_0013_objects_0005.jsonocel,,1,1,0,0,0,0,0,,fresh_offline_alignment,1,44.90430579999884,44.90430579999884,44.90430579999884,44.90430579999884,0.0,44.90430579999884,44.90430579999884,1,3.45417736923068,3.45417736923068,3.45417736923068,3.45417736923068,0.0,3.45417736923068,3.45417736923068,1,15.174894499999937,15.174894499999937,15.174894499999937,15.174894499999937,0.0,15.174894499999937,15.174894499999937,1,0.0,0.0,0.0,0.0,0.0,0.0,0.0,1,44.90430579999884,44.90430579999884,44.90430579999884,44.90430579999884,0.0,44.90430579999884,44.90430579999884,1,45.52182789999915,45.52182789999915,45.52182789999915,45.52182789999915,0.0,45.52182789999915,45.52182789999915
components_online,smt_smt,component_024_events_0010_objects_0005.jsonocel,,1,1,0,0,0,0,0,,fresh_offline_alignment,1,25.1763751999988,25.1763751999988,25.1763751999988,25.1763751999988,0.0,25.1763751999988,25.1763751999988,1,2.51763751999988,2.51763751999988,2.51763751999988,2.51763751999988,0.0,2.51763751999988,2.51763751999988,1,7.2520204000002195,7.2520204000002195,7.2520204000002195,7.2520204000002195,0.0,7.2520204000002195,7.2520204000002195,1,0.0,0.0,0.0,0.0,0.0,0.0,0.0,1,25.1763751999988,25.1763751999988,25.1763751999988,25.1763751999988,0.0,25.1763751999988,25.1763751999988,1,26.765909499999907,26.765909499999907,26.765909499999907,26.765909499999907,0.0,26.765909499999907,26.765909499999907
components_online,smt_smt,component_028_events_0012_objects_0008.jsonocel,,1,0,0,0,0,0,0,,fresh_offline_alignment,1,76.64202250000108,76.64202250000108,76.64202250000108,76.64202250000108,0.0,76.64202250000108,76.64202250000108,1,7.664202250000107,7.664202250000107,7.664202250000107,7.664202250000107,0.0,7.664202250000107,7.664202250000107,1,37.1975523000001,37.1975523000001,37.1975523000001,37.1975523000001,0.0,37.1975523000001,37.1975523000001,,,,,,,,,1,76.64202250000108,76.64202250000108,76.64202250000108,76.64202250000108,0.0,76.64202250000108,76.64202250000108,1,137.2882896000001,137.2882896000001,137.2882896000001,137.2882896000001,0.0,137.2882896000001,137.2882896000001
components_online,smt_smt,component_029_events_0021_objects_0010.jsonocel,,1,0,0,0,0,0,0,,fresh_offline_alignment,1,144.1239712000015,144.1239712000015,144.1239712000015,144.1239712000015,0.0,144.1239712000015,144.1239712000015,1,13.102179200000137,13.102179200000137,13.102179200000137,13.102179200000137,0.0,13.102179200000137,13.102179200000137,1,50.833622600000126,50.833622600000126,50.833622600000126,50.833622600000126,0.0,50.833622600000126,50.833622600000126,,,,,,,,,1,144.1239712000015,144.1239712000015,144.1239712000015,144.1239712000015,0.0,144.1239712000015,144.1239712000015,1,205.7484901000007,205.7484901000007,205.7484901000007,205.7484901000007,0.0,205.7484901000007,205.7484901000007
components_online,smt_smt,component_030_events_0061_objects_0033.jsonocel,,1,0,0,0,0,0,0,,fresh_offline_alignment,1,14.354945300001418,14.354945300001418,14.354945300001418,14.354945300001418,0.0,14.354945300001418,14.354945300001418,1,1.4354945300001418,1.4354945300001418,1.4354945300001418,1.4354945300001418,0.0,1.4354945300001418,1.4354945300001418,1,2.524733500000366,2.524733500000366,2.524733500000366,2.524733500000366,0.0,2.524733500000366,2.524733500000366,,,,,,,,,1,14.354945300001418,14.354945300001418,14.354945300001418,14.354945300001418,0.0,14.354945300001418,14.354945300001418,1,74.86497630000031,74.86497630000031,74.86497630000031,74.86497630000031,0.0,74.86497630000031,74.86497630000031
components_online,smt_smt,component_031_events_0009_objects_0005.jsonocel,,1,1,0,0,0,0,0,,fresh_offline_alignment,1,16.675842499998907,16.675842499998907,16.675842499998907,16.675842499998907,0.0,16.675842499998907,16.675842499998907,1,1.8528713888887676,1.8528713888887676,1.8528713888887676,1.8528713888887676,0.0,1.8528713888887676,1.8528713888887676,1,5.414770599999429,5.414770599999429,5.414770599999429,5.414770599999429,0.0,5.414770599999429,5.414770599999429,1,0.0,0.0,0.0,0.0,0.0,0.0,0.0,1,16.675842499998907,16.675842499998907,16.675842499998907,16.675842499998907,0.0,16.675842499998907,16.675842499998907,1,18.10704589999932,18.10704589999932,18.10704589999932,18.10704589999932,0.0,18.10704589999932,18.10704589999932
components_online,smt_smt,component_032_events_0007_objects_0003.jsonocel,,1,1,0,0,0,0,0,,fresh_offline_alignment,1,3.403536300000269,3.403536300000269,3.403536300000269,3.403536300000269,0.0,3.403536300000269,3.403536300000269,1,0.48621947142860983,0.48621947142860983,0.48621947142860983,0.48621947142860983,0.0,0.48621947142860983,0.48621947142860983,1,0.7280579999996917,0.7280579999996917,0.7280579999996917,0.7280579999996917,0.0,0.7280579999996917,0.7280579999996917,1,0.0,0.0,0.0,0.0,0.0,0.0,0.0,1,3.403536300000269,3.403536300000269,3.403536300000269,3.403536300000269,0.0,3.403536300000269,3.403536300000269,1,3.815929999999753,3.815929999999753,3.815929999999753,3.815929999999753,0.0,3.815929999999753,3.815929999999753
components_online,smt_smt,component_036_events_0017_objects_0008.jsonocel,,1,0,0,0,0,0,0,,fresh_offline_alignment,1,16.89157620000333,16.89157620000333,16.89157620000333,16.89157620000333,0.0,16.89157620000333,16.89157620000333,1,2.111447025000416,2.111447025000416,2.111447025000416,2.111447025000416,0.0,2.111447025000416,2.111447025000416,1,10.668292700000165,10.668292700000165,10.668292700000165,10.668292700000165,0.0,10.668292700000165,10.668292700000165,,,,,,,,,1,16.89157620000333,16.89157620000333,16.89157620000333,16.89157620000333,0.0,16.89157620000333,16.89157620000333,1,78.42660460000025,78.42660460000025,78.42660460000025,78.42660460000025,0.0,78.42660460000025,78.42660460000025
components_online,smt_smt,component_037_events_0012_objects_0006.jsonocel,,1,1,0,0,0,0,0,,fresh_offline_alignment,1,109.39163930000086,109.39163930000086,109.39163930000086,109.39163930000086,0.0,109.39163930000086,109.39163930000086,1,9.115969941666739,9.115969941666739,9.115969941666739,9.115969941666739,0.0,9.115969941666739,9.115969941666739,1,50.39792490000036,50.39792490000036,50.39792490000036,50.39792490000036,0.0,50.39792490000036,50.39792490000036,1,0.0,0.0,0.0,0.0,0.0,0.0,0.0,1,109.39163930000086,109.39163930000086,109.39163930000086,109.39163930000086,0.0,109.39163930000086,109.39163930000086,1,109.90758110000024,109.90758110000024,109.90758110000024,109.90758110000024,0.0,109.90758110000024,109.90758110000024
components_online,smt_smt,component_038_events_0008_objects_0004.jsonocel,,1,1,0,0,0,0,0,,fresh_offline_alignment,1,8.961460099999385,8.961460099999385,8.961460099999385,8.961460099999385,0.0,8.961460099999385,8.961460099999385,1,1.1201825124999232,1.1201825124999232,1.1201825124999232,1.1201825124999232,0.0,1.1201825124999232,1.1201825124999232,1,2.6732302999998865,2.6732302999998865,2.6732302999998865,2.6732302999998865,0.0,2.6732302999998865,2.6732302999998865,1,0.0,0.0,0.0,0.0,0.0,0.0,0.0,1,8.961460099999385,8.961460099999385,8.961460099999385,8.961460099999385,0.0,8.961460099999385,8.961460099999385,1,10.389436899999964,10.389436899999964,10.389436899999964,10.389436899999964,0.0,10.389436899999964,10.389436899999964
components_online,smt_smt,component_042_events_0009_objects_0005.jsonocel,,1,1,0,0,0,0,0,,fresh_offline_alignment,1,15.707784400001401,15.707784400001401,15.707784400001401,15.707784400001401,0.0,15.707784400001401,15.707784400001401,1,1.7453093777779334,1.7453093777779334,1.7453093777779334,1.7453093777779334,0.0,1.7453093777779334,1.7453093777779334,1,4.58833070000037,4.58833070000037,4.58833070000037,4.58833070000037,0.0,4.58833070000037,4.58833070000037,1,0.0,0.0,0.0,0.0,0.0,0.0,0.0,1,15.707784400001401,15.707784400001401,15.707784400001401,15.707784400001401,0.0,15.707784400001401,15.707784400001401,1,16.1667494000003,16.1667494000003,16.1667494000003,16.1667494000003,0.0,16.1667494000003,16.1667494000003
components_online,smt_smt,component_048_events_0011_objects_0007.jsonocel,,1,1,0,0,0,0,0,,fresh_offline_alignment,1,75.48665450000044,75.48665450000044,75.48665450000044,75.48665450000044,0.0,75.48665450000044,75.48665450000044,1,6.8624231363636765,6.8624231363636765,6.8624231363636765,6.8624231363636765,0.0,6.8624231363636765,6.8624231363636765,1,32.894406599999456,32.894406599999456,32.894406599999456,32.894406599999456,0.0,32.894406599999456,32.894406599999456,1,0.0,0.0,0.0,0.0,0.0,0.0,0.0,1,75.48665450000044,75.48665450000044,75.48665450000044,75.48665450000044,0.0,75.48665450000044,75.48665450000044,1,76.9837948000004,76.9837948000004,76.9837948000004,76.9837948000004,0.0,76.9837948000004,76.9837948000004
components_online,smt_smt,component_050_events_0008_objects_0004.jsonocel,,1,1,0,0,0,0,0,,fresh_offline_alignment,1,9.248109299999669,9.248109299999669,9.248109299999669,9.248109299999669,0.0,9.248109299999669,9.248109299999669,1,1.1560136624999586,1.1560136624999586,1.1560136624999586,1.1560136624999586,0.0,1.1560136624999586,1.1560136624999586,1,3.597947600000225,3.597947600000225,3.597947600000225,3.597947600000225,0.0,3.597947600000225,3.597947600000225,1,0.0,0.0,0.0,0.0,0.0,0.0,0.0,1,9.248109299999669,9.248109299999669,9.248109299999669,9.248109299999669,0.0,9.248109299999669,9.248109299999669,1,9.745714900000166,9.745714900000166,9.745714900000166,9.745714900000166,0.0,9.745714900000166,9.745714900000166
components_online,smt_smt,component_051_events_0011_objects_0007.jsonocel,,1,0,0,0,0,0,0,,fresh_offline_alignment,1,69.81138270000156,69.81138270000156,69.81138270000156,69.81138270000156,0.0,69.81138270000156,69.81138270000156,1,6.981138270000156,6.981138270000156,6.981138270000156,6.981138270000156,0.0,6.981138270000156,6.981138270000156,1,26.522990400000708,26.522990400000708,26.522990400000708,26.522990400000708,0.0,26.522990400000708,26.522990400000708,,,,,,,,,1,69.81138270000156,69.81138270000156,69.81138270000156,69.81138270000156,0.0,69.81138270000156,69.81138270000156,1,131.41918760000044,131.41918760000044,131.41918760000044,131.41918760000044,0.0,131.41918760000044,131.41918760000044
components_online,smt_smt,component_057_events_0011_objects_0005.jsonocel,,1,1,0,0,0,0,0,,fresh_offline_alignment,1,33.3001202000014,33.3001202000014,33.3001202000014,33.3001202000014,0.0,33.3001202000014,33.3001202000014,1,3.027283654545582,3.027283654545582,3.027283654545582,3.027283654545582,0.0,3.027283654545582,3.027283654545582,1,15.526120300000002,15.526120300000002,15.526120300000002,15.526120300000002,0.0,15.526120300000002,15.526120300000002,1,0.0,0.0,0.0,0.0,0.0,0.0,0.0,1,33.3001202000014,33.3001202000014,33.3001202000014,33.3001202000014,0.0,33.3001202000014,33.3001202000014,1,33.845001599999705,33.845001599999705,33.845001599999705,33.845001599999705,0.0,33.845001599999705,33.845001599999705
components_online,smt_smt,component_058_events_0009_objects_0005.jsonocel,,1,1,0,0,0,0,0,,fresh_offline_alignment,1,19.01854959999764,19.01854959999764,19.01854959999764,19.01854959999764,0.0,19.01854959999764,19.01854959999764,1,2.113172177777516,2.113172177777516,2.113172177777516,2.113172177777516,0.0,2.113172177777516,2.113172177777516,1,5.443082599999798,5.443082599999798,5.443082599999798,5.443082599999798,0.0,5.443082599999798,5.443082599999798,1,0.0,0.0,0.0,0.0,0.0,0.0,0.0,1,19.01854959999764,19.01854959999764,19.01854959999764,19.01854959999764,0.0,19.01854959999764,19.01854959999764,1,20.60143280000011,20.60143280000011,20.60143280000011,20.60143280000011,0.0,20.60143280000011,20.60143280000011
components_online,smt_smt,component_059_events_0010_objects_0006.jsonocel,,1,1,0,0,0,0,0,,fresh_offline_alignment,1,36.155458800000815,36.155458800000815,36.155458800000815,36.155458800000815,0.0,36.155458800000815,36.155458800000815,1,3.6155458800000817,3.6155458800000817,3.6155458800000817,3.6155458800000817,0.0,3.6155458800000817,3.6155458800000817,1,10.480779399999847,10.480779399999847,10.480779399999847,10.480779399999847,0.0,10.480779399999847,10.480779399999847,1,0.0,0.0,0.0,0.0,0.0,0.0,0.0,1,36.155458800000815,36.155458800000815,36.155458800000815,36.155458800000815,0.0,36.155458800000815,36.155458800000815,1,36.76383050000004,36.76383050000004,36.76383050000004,36.76383050000004,0.0,36.76383050000004,36.76383050000004
components_online,smt_smt,component_061_events_0007_objects_0003.jsonocel,,1,1,0,0,0,0,0,,fresh_offline_alignment,1,3.4250076999996963,3.4250076999996963,3.4250076999996963,3.4250076999996963,0.0,3.4250076999996963,3.4250076999996963,1,0.4892868142856709,0.4892868142856709,0.4892868142856709,0.4892868142856709,0.0,0.4892868142856709,0.4892868142856709,1,0.7658065999994506,0.7658065999994506,0.7658065999994506,0.7658065999994506,0.0,0.7658065999994506,0.7658065999994506,1,0.0,0.0,0.0,0.0,0.0,0.0,0.0,1,3.4250076999996963,3.4250076999996963,3.4250076999996963,3.4250076999996963,0.0,3.4250076999996963,3.4250076999996963,1,3.918018899999879,3.918018899999879,3.918018899999879,3.918018899999879,0.0,3.918018899999879,3.918018899999879
components_online,smt_smt,component_063_events_0035_objects_0019.jsonocel,,1,0,0,0,0,0,0,,fresh_offline_alignment,1,12.810180199999195,12.810180199999195,12.810180199999195,12.810180199999195,0.0,12.810180199999195,12.810180199999195,1,0.5822809181817816,0.5822809181817816,0.5822809181817816,0.5822809181817816,0.0,0.5822809181817816,0.5822809181817816,1,0.8735250999998243,0.8735250999998243,0.8735250999998243,0.8735250999998243,0.0,0.8735250999998243,0.8735250999998243,,,,,,,,,1,12.810180199999195,12.810180199999195,12.810180199999195,12.810180199999195,0.0,12.810180199999195,12.810180199999195,1,73.49236010000004,73.49236010000004,73.49236010000004,73.49236010000004,0.0,73.49236010000004,73.49236010000004
components_online,smt_smt,component_064_events_0116_objects_0055.jsonocel,,1,0,0,0,0,0,0,,fresh_offline_alignment,1,107.60022199999821,107.60022199999821,107.60022199999821,107.60022199999821,0.0,107.60022199999821,107.60022199999821,1,7.1733481333332145,7.1733481333332145,7.1733481333332145,7.1733481333332145,0.0,7.1733481333332145,7.1733481333332145,1,36.92799070000001,36.92799070000001,36.92799070000001,36.92799070000001,0.0,36.92799070000001,36.92799070000001,,,,,,,,,1,107.60022199999821,107.60022199999821,107.60022199999821,107.60022199999821,0.0,107.60022199999821,107.60022199999821,1,169.42373150000003,169.42373150000003,169.42373150000003,169.42373150000003,0.0,169.42373150000003,169.42373150000003
components_online,smt_smt,component_065_events_0098_objects_0050.jsonocel,,1,0,0,0,0,0,0,,fresh_offline_alignment,1,18.451901099997485,18.451901099997485,18.451901099997485,18.451901099997485,0.0,18.451901099997485,18.451901099997485,1,1.0854059470586757,1.0854059470586757,1.0854059470586757,1.0854059470586757,0.0,1.0854059470586757,1.0854059470586757,1,1.950343999999859,1.950343999999859,1.950343999999859,1.950343999999859,0.0,1.950343999999859,1.950343999999859,,,,,,,,,1,18.451901099997485,18.451901099997485,18.451901099997485,18.451901099997485,0.0,18.451901099997485,18.451901099997485,1,79.0837988000003,79.0837988000003,79.0837988000003,79.0837988000003,0.0,79.0837988000003,79.0837988000003
components_online,smt_smt,component_066_events_0011_objects_0006.jsonocel,,1,1,0,0,0,0,0,,fresh_offline_alignment,1,64.14585879999868,64.14585879999868,64.14585879999868,64.14585879999868,0.0,64.14585879999868,64.14585879999868,1,5.831441709090789,5.831441709090789,5.831441709090789,5.831441709090789,0.0,5.831441709090789,5.831441709090789,1,24.983775599999717,24.983775599999717,24.983775599999717,24.983775599999717,0.0,24.983775599999717,24.983775599999717,1,0.0,0.0,0.0,0.0,0.0,0.0,0.0,1,64.14585879999868,64.14585879999868,64.14585879999868,64.14585879999868,0.0,64.14585879999868,64.14585879999868,1,65.8089530999996,65.8089530999996,65.8089530999996,65.8089530999996,0.0,65.8089530999996,65.8089530999996
components_online,smt_smt,component_067_events_0063_objects_0031.jsonocel,,1,0,0,0,0,0,0,,fresh_offline_alignment,1,11.787788999999066,11.787788999999066,11.787788999999066,11.787788999999066,0.0,11.787788999999066,11.787788999999066,1,0.9067529999999281,0.9067529999999281,0.9067529999999281,0.9067529999999281,0.0,0.9067529999999281,0.9067529999999281,1,1.4574697999996715,1.4574697999996715,1.4574697999996715,1.4574697999996715,0.0,1.4574697999996715,1.4574697999996715,,,,,,,,,1,11.787788999999066,11.787788999999066,11.787788999999066,11.787788999999066,0.0,11.787788999999066,11.787788999999066,1,72.38991179999994,72.38991179999994,72.38991179999994,72.38991179999994,0.0,72.38991179999994,72.38991179999994
components_online,smt_smt,component_068_events_0009_objects_0005.jsonocel,,1,1,0,0,0,0,0,,fresh_offline_alignment,1,14.94619970000167,14.94619970000167,14.94619970000167,14.94619970000167,0.0,14.94619970000167,14.94619970000167,1,1.6606888555557413,1.6606888555557413,1.6606888555557413,1.6606888555557413,0.0,1.6606888555557413,1.6606888555557413,1,4.602649800000108,4.602649800000108,4.602649800000108,4.602649800000108,0.0,4.602649800000108,4.602649800000108,1,0.0,0.0,0.0,0.0,0.0,0.0,0.0,1,14.94619970000167,14.94619970000167,14.94619970000167,14.94619970000167,0.0,14.94619970000167,14.94619970000167,1,16.589033799999925,16.589033799999925,16.589033799999925,16.589033799999925,0.0,16.589033799999925,16.589033799999925
comprehensive_online,smt_smt,00_fit.jsonocel,,1,1,0,0,0,0,0,,fresh_offline_alignment,1,0.515010000000018,0.515010000000018,0.515010000000018,0.515010000000018,0.0,0.515010000000018,0.515010000000018,1,0.257505000000009,0.257505000000009,0.257505000000009,0.257505000000009,0.0,0.257505000000009,0.257505000000009,1,0.27898090000000764,0.27898090000000764,0.27898090000000764,0.27898090000000764,0.0,0.27898090000000764,0.27898090000000764,1,0.0,0.0,0.0,0.0,0.0,0.0,0.0,1,0.515010000000018,0.515010000000018,0.515010000000018,0.515010000000018,0.0,0.515010000000018,0.515010000000018,1,0.8173256999999978,0.8173256999999978,0.8173256999999978,0.8173256999999978,0.0,0.8173256999999978,0.8173256999999978
comprehensive_online,smt_smt,01_data_place_order_guard_violation.jsonocel,,1,1,0,0,0,0,1,,fresh_offline_alignment,1,0.4613067000000086,0.4613067000000086,0.4613067000000086,0.4613067000000086,0.0,0.4613067000000086,0.4613067000000086,1,0.2306533500000043,0.2306533500000043,0.2306533500000043,0.2306533500000043,0.0,0.2306533500000043,0.2306533500000043,1,0.24800090000000807,0.24800090000000807,0.24800090000000807,0.24800090000000807,0.0,0.24800090000000807,0.24800090000000807,1,0.0,0.0,0.0,0.0,0.0,0.0,0.0,1,0.4613067000000086,0.4613067000000086,0.4613067000000086,0.4613067000000086,0.0,0.4613067000000086,0.4613067000000086,1,0.7168925000000002,0.7168925000000002,0.7168925000000002,0.7168925000000002,0.0,0.7168925000000002,0.7168925000000002
comprehensive_online,smt_smt,02_data_ship_guard_violation.jsonocel,,1,1,0,0,0,0,1,,fresh_offline_alignment,1,0.4713400000000121,0.4713400000000121,0.4713400000000121,0.4713400000000121,0.0,0.4713400000000121,0.4713400000000121,1,0.23567000000000604,0.23567000000000604,0.23567000000000604,0.23567000000000604,0.0,0.23567000000000604,0.23567000000000604,1,0.24787220000000332,0.24787220000000332,0.24787220000000332,0.24787220000000332,0.0,0.24787220000000332,0.24787220000000332,1,0.0,0.0,0.0,0.0,0.0,0.0,0.0,1,0.4713400000000121,0.4713400000000121,0.4713400000000121,0.4713400000000121,0.0,0.4713400000000121,0.4713400000000121,1,0.8369105000000019,0.8369105000000019,0.8369105000000019,0.8369105000000019,0.0,0.8369105000000019,0.8369105000000019
comprehensive_online,smt_smt,03_data_ship_combined_guard_violation.jsonocel,,1,1,0,0,0,0,1,,fresh_offline_alignment,1,0.47613400000000183,0.47613400000000183,0.47613400000000183,0.47613400000000183,0.0,0.47613400000000183,0.47613400000000183,1,0.23806700000000092,0.23806700000000092,0.23806700000000092,0.23806700000000092,0.0,0.23806700000000092,0.23806700000000092,1,0.2495080999999999,0.2495080999999999,0.2495080999999999,0.2495080999999999,0.0,0.2495080999999999,0.2495080999999999,1,0.0,0.0,0.0,0.0,0.0,0.0,0.0,1,0.47613400000000183,0.47613400000000183,0.47613400000000183,0.47613400000000183,0.0,0.47613400000000183,0.47613400000000183,1,0.7148305999999991,0.7148305999999991,0.7148305999999991,0.7148305999999991,0.0,0.7148305999999991,0.7148305999999991
comprehensive_online,smt_smt,04_object_missing_product_at_ship.jsonocel,,1,1,0,0,0,0,0,,fresh_offline_alignment,1,0.4789329999999836,0.4789329999999836,0.4789329999999836,0.4789329999999836,0.0,0.4789329999999836,0.4789329999999836,1,0.2394664999999918,0.2394664999999918,0.2394664999999918,0.2394664999999918,0.0,0.2394664999999918,0.2394664999999918,1,0.26143309999999076,0.26143309999999076,0.26143309999999076,0.26143309999999076,0.0,0.26143309999999076,0.26143309999999076,1,0.0,0.0,0.0,0.0,0.0,0.0,0.0,1,0.4789329999999836,0.4789329999999836,0.4789329999999836,0.4789329999999836,0.0,0.4789329999999836,0.4789329999999836,1,0.7160101000000054,0.7160101000000054,0.7160101000000054,0.7160101000000054,0.0,0.7160101000000054,0.7160101000000054
comprehensive_online,smt_smt,05_object_extra_product_at_ship.jsonocel,,1,1,0,0,0,0,4,,fresh_offline_alignment,1,0.6698145000000153,0.6698145000000153,0.6698145000000153,0.6698145000000153,0.0,0.6698145000000153,0.6698145000000153,1,0.33490725000000765,0.33490725000000765,0.33490725000000765,0.33490725000000765,0.0,0.33490725000000765,0.33490725000000765,1,0.40137950000000444,0.40137950000000444,0.40137950000000444,0.40137950000000444,0.0,0.40137950000000444,0.40137950000000444,1,0.0,0.0,0.0,0.0,0.0,0.0,0.0,1,0.6698145000000153,0.6698145000000153,0.6698145000000153,0.6698145000000153,0.0,0.6698145000000153,0.6698145000000153,1,1.0163089999999926,1.0163089999999926,1.0163089999999926,1.0163089999999926,0.0,1.0163089999999926,1.0163089999999926
comprehensive_online,smt_smt,06_incomplete_after_place_order.jsonocel,,1,1,0,0,0,0,0,,fresh_offline_alignment,1,0.2147965000000056,0.2147965000000056,0.2147965000000056,0.2147965000000056,0.0,0.2147965000000056,0.2147965000000056,1,0.2147965000000056,0.2147965000000056,0.2147965000000056,0.2147965000000056,0.0,0.2147965000000056,0.2147965000000056,1,0.2147965000000056,0.2147965000000056,0.2147965000000056,0.2147965000000056,0.0,0.2147965000000056,0.2147965000000056,1,0.0,0.0,0.0,0.0,0.0,0.0,0.0,1,0.2147965000000056,0.2147965000000056,0.2147965000000056,0.2147965000000056,0.0,0.2147965000000056,0.2147965000000056,1,0.5136105999999927,0.5136105999999927,0.5136105999999927,0.5136105999999927,0.0,0.5136105999999927,0.5136105999999927
comprehensive_online,smt_smt,07_extra_ship_event.jsonocel,,1,1,0,0,0,0,3,,fresh_offline_alignment,1,0.7299419,0.7299419,0.7299419,0.7299419,0.0,0.7299419,0.7299419,1,0.2433139666666667,0.2433139666666667,0.2433139666666667,0.2433139666666667,0.0,0.2433139666666667,0.2433139666666667,1,0.27178499999999417,0.27178499999999417,0.27178499999999417,0.27178499999999417,0.0,0.27178499999999417,0.27178499999999417,1,0.0,0.0,0.0,0.0,0.0,0.0,0.0,1,0.7299419,0.7299419,0.7299419,0.7299419,0.0,0.7299419,0.7299419,1,1.0172061999999897,1.0172061999999897,1.0172061999999897,1.0172061999999897,0.0,1.0172061999999897,1.0172061999999897
comprehensive_online,smt_smt,08_wrong_order_ship_before_place_order.jsonocel,,1,1,0,0,0,0,3,,fresh_offline_alignment,1,0.5082410999999922,0.5082410999999922,0.5082410999999922,0.5082410999999922,0.0,0.5082410999999922,0.5082410999999922,1,0.2541205499999961,0.2541205499999961,0.2541205499999961,0.2541205499999961,0.0,0.2541205499999961,0.2541205499999961,1,0.27466889999999466,0.27466889999999466,0.27466889999999466,0.27466889999999466,0.0,0.27466889999999466,0.27466889999999466,1,0.0,0.0,0.0,0.0,0.0,0.0,0.0,1,0.5082410999999922,0.5082410999999922,0.5082410999999922,0.5082410999999922,0.0,0.5082410999999922,0.5082410999999922,1,0.8184911000000028,0.8184911000000028,0.8184911000000028,0.8184911000000028,0.0,0.8184911000000028,0.8184911000000028
comprehensive_online,smt_smt,09_unmodeled_cancel_event.jsonocel,,1,1,0,0,0,0,1,,fresh_offline_alignment,1,0.715662800000004,0.715662800000004,0.715662800000004,0.715662800000004,0.0,0.715662800000004,0.715662800000004,1,0.238554266666668,0.238554266666668,0.238554266666668,0.238554266666668,0.0,0.238554266666668,0.238554266666668,1,0.2688418000000041,0.2688418000000041,0.2688418000000041,0.2688418000000041,0.0,0.2688418000000041,0.2688418000000041,1,0.0,0.0,0.0,0.0,0.0,0.0,0.0,1,0.715662800000004,0.715662800000004,0.715662800000004,0.715662800000004,0.0,0.715662800000004,0.715662800000004,1,1.0168014000000056,1.0168014000000056,1.0168014000000056,1.0168014000000056,0.0,1.0168014000000056,1.0168014000000056
comprehensive_online,smt_smt,10_object_attributes_and_unreferenced_object.jsonocel,,1,1,0,0,0,0,0,,fresh_offline_alignment,1,0.5158084999999915,0.5158084999999915,0.5158084999999915,0.5158084999999915,0.0,0.5158084999999915,0.5158084999999915,1,0.2579042499999957,0.2579042499999957,0.2579042499999957,0.2579042499999957,0.0,0.2579042499999957,0.2579042499999957,1,0.2648406999999935,0.2648406999999935,0.2648406999999935,0.2648406999999935,0.0,0.2648406999999935,0.2648406999999935,1,0.0,0.0,0.0,0.0,0.0,0.0,0.0,1,0.5158084999999915,0.5158084999999915,0.5158084999999915,0.5158084999999915,0.0,0.5158084999999915,0.5158084999999915,1,0.8156005999999962,0.8156005999999962,0.8156005999999962,0.8156005999999962,0.0,0.8156005999999962,0.8156005999999962
comprehensive_online,smt_smt,11_two_independent_components.jsonocel,,1,1,0,0,0,0,0,,fresh_offline_alignment,1,0.8024263000000076,0.8024263000000076,0.8024263000000076,0.8024263000000076,0.0,0.8024263000000076,0.8024263000000076,1,0.2006065750000019,0.2006065750000019,0.2006065750000019,0.2006065750000019,0.0,0.2006065750000019,0.2006065750000019,1,0.24755919999999776,0.24755919999999776,0.24755919999999776,0.24755919999999776,0.0,0.24755919999999776,0.24755919999999776,1,0.0,0.0,0.0,0.0,0.0,0.0,0.0,1,0.8024263000000076,0.8024263000000076,0.8024263000000076,0.8024263000000076,0.0,0.8024263000000076,0.8024263000000076,1,1.1193377999999967,1.1193377999999967,1.1193377999999967,1.1193377999999967,0.0,1.1193377999999967,1.1193377999999967
comprehensive_online,smt_smt,12_component_merge_stress.jsonocel,,1,1,0,0,0,0,4,,fresh_offline_alignment,1,0.7959853999999922,0.7959853999999922,0.7959853999999922,0.7959853999999922,0.0,0.7959853999999922,0.7959853999999922,1,0.26532846666666404,0.26532846666666404,0.26532846666666404,0.26532846666666404,0.0,0.26532846666666404,0.26532846666666404,1,0.47511670000000095,0.47511670000000095,0.47511670000000095,0.47511670000000095,0.0,0.47511670000000095,0.47511670000000095,1,0.0,0.0,0.0,0.0,0.0,0.0,0.0,1,0.7959853999999922,0.7959853999999922,0.7959853999999922,0.7959853999999922,0.0,0.7959853999999922,0.7959853999999922,1,1.1182796000000081,1.1182796000000081,1.1182796000000081,1.1182796000000081,0.0,1.1182796000000081,1.1182796000000081
controlled_mutations_cf_extra_pick_online,smt_smt,component_001_events_0030_objects_0020.jsonocel,,1,0,0,0,0,0,0,,fresh_offline_alignment,1,33.78629140000339,33.78629140000339,33.78629140000339,33.78629140000339,0.0,33.78629140000339,33.78629140000339,1,1.2513441259260516,1.2513441259260516,1.2513441259260516,1.2513441259260516,0.0,1.2513441259260516,1.2513441259260516,1,2.4019915999997465,2.4019915999997465,2.4019915999997465,2.4019915999997465,0.0,2.4019915999997465,2.4019915999997465,,,,,,,,,1,33.78629140000339,33.78629140000339,33.78629140000339,33.78629140000339,0.0,33.78629140000339,33.78629140000339,1,94.613032199999,94.613032199999,94.613032199999,94.613032199999,0.0,94.613032199999,94.613032199999
controlled_mutations_cf_extra_pick_online,smt_smt,component_002_events_0028_objects_0013.jsonocel,,1,0,0,0,0,0,0,,fresh_offline_alignment,1,88.44290710000314,88.44290710000314,88.44290710000314,88.44290710000314,0.0,88.44290710000314,88.44290710000314,1,4.913494838889063,4.913494838889063,4.913494838889063,4.913494838889063,0.0,4.913494838889063,4.913494838889063,1,20.053145399999266,20.053145399999266,20.053145399999266,20.053145399999266,0.0,20.053145399999266,20.053145399999266,,,,,,,,,1,88.44290710000314,88.44290710000314,88.44290710000314,88.44290710000314,0.0,88.44290710000314,88.44290710000314,1,150.07639930000005,150.07639930000005,150.07639930000005,150.07639930000005,0.0,150.07639930000005,150.07639930000005
controlled_mutations_cf_extra_pick_online,smt_smt,component_003_events_0022_objects_0011.jsonocel,,1,0,0,0,0,0,1,,fresh_offline_alignment,1,180.07650350000222,180.07650350000222,180.07650350000222,180.07650350000222,0.0,180.07650350000222,180.07650350000222,1,15.006375291666851,15.006375291666851,15.006375291666851,15.006375291666851,0.0,15.006375291666851,15.006375291666851,1,60.091401900001074,60.091401900001074,60.091401900001074,60.091401900001074,0.0,60.091401900001074,60.091401900001074,,,,,,,,,1,180.07650350000222,180.07650350000222,180.07650350000222,180.07650350000222,0.0,180.07650350000222,180.07650350000222,1,180.59464579999985,180.59464579999985,180.59464579999985,180.59464579999985,0.0,180.59464579999985,180.59464579999985
controlled_mutations_cf_extra_pick_online,smt_smt,component_004_events_0013_objects_0009.jsonocel,,1,0,0,0,0,0,1,,fresh_offline_alignment,1,106.68567370000528,106.68567370000528,106.68567370000528,106.68567370000528,0.0,106.68567370000528,106.68567370000528,1,9.69869760909139,9.69869760909139,9.69869760909139,9.69869760909139,0.0,9.69869760909139,9.69869760909139,1,28.70085520000066,28.70085520000066,28.70085520000066,28.70085520000066,0.0,28.70085520000066,28.70085520000066,,,,,,,,,1,106.68567370000528,106.68567370000528,106.68567370000528,106.68567370000528,0.0,106.68567370000528,106.68567370000528,1,168.2780899999998,168.2780899999998,168.2780899999998,168.2780899999998,0.0,168.2780899999998,168.2780899999998
controlled_mutations_cf_extra_pick_online,smt_smt,component_005_events_0035_objects_0016.jsonocel,,1,0,0,0,0,0,0,,fresh_offline_alignment,1,239.9403816000031,239.9403816000031,239.9403816000031,239.9403816000031,0.0,239.9403816000031,239.9403816000031,1,17.138598685714506,17.138598685714506,17.138598685714506,17.138598685714506,0.0,17.138598685714506,17.138598685714506,1,54.79962720000003,54.79962720000003,54.79962720000003,54.79962720000003,0.0,54.79962720000003,54.79962720000003,,,,,,,,,1,239.9403816000031,239.9403816000031,239.9403816000031,239.9403816000031,0.0,239.9403816000031,239.9403816000031,1,300.67537599999923,300.67537599999923,300.67537599999923,300.67537599999923,0.0,300.67537599999923,300.67537599999923
controlled_mutations_cf_extra_pick_online,smt_smt,component_006_events_0031_objects_0015.jsonocel,,1,0,0,0,0,0,0,,fresh_offline_alignment,1,22.60602689999905,22.60602689999905,22.60602689999905,22.60602689999905,0.0,22.60602689999905,22.60602689999905,1,1.4128766812499407,1.4128766812499407,1.4128766812499407,1.4128766812499407,0.0,1.4128766812499407,1.4128766812499407,1,3.3828099999991537,3.3828099999991537,3.3828099999991537,3.3828099999991537,0.0,3.3828099999991537,3.3828099999991537,,,,,,,,,1,22.60602689999905,22.60602689999905,22.60602689999905,22.60602689999905,0.0,22.60602689999905,22.60602689999905,1,84.19064070000059,84.19064070000059,84.19064070000059,84.19064070000059,0.0,84.19064070000059,84.19064070000059
controlled_mutations_cf_extra_pick_online,smt_smt,component_009_events_0015_objects_0008.jsonocel,,1,0,0,0,0,0,1,,fresh_offline_alignment,1,105.96009220000269,105.96009220000269,105.96009220000269,105.96009220000269,0.0,105.96009220000269,105.96009220000269,1,9.6327356545457,9.6327356545457,9.6327356545457,9.6327356545457,0.0,9.6327356545457,9.6327356545457,1,44.89098279999962,44.89098279999962,44.89098279999962,44.89098279999962,0.0,44.89098279999962,44.89098279999962,,,,,,,,,1,105.96009220000269,105.96009220000269,105.96009220000269,105.96009220000269,0.0,105.96009220000269,105.96009220000269,1,166.6284932999988,166.6284932999988,166.6284932999988,166.6284932999988,0.0,166.6284932999988,166.6284932999988
controlled_mutations_cf_extra_pick_online,smt_smt,component_011_events_0028_objects_0017.jsonocel,,1,0,0,0,0,0,0,,fresh_offline_alignment,1,65.23587730000327,65.23587730000327,65.23587730000327,65.23587730000327,0.0,65.23587730000327,65.23587730000327,1,2.8363424913044897,2.8363424913044897,2.8363424913044897,2.8363424913044897,0.0,2.8363424913044897,2.8363424913044897,1,13.558454100000745,13.558454100000745,13.558454100000745,13.558454100000745,0.0,13.558454100000745,13.558454100000745,,,,,,,,,1,65.23587730000327,65.23587730000327,65.23587730000327,65.23587730000327,0.0,65.23587730000327,65.23587730000327,1,126.94346039999982,126.94346039999982,126.94346039999982,126.94346039999982,0.0,126.94346039999982,126.94346039999982
controlled_mutations_cf_extra_pick_online,smt_smt,component_014_events_0102_objects_0053.jsonocel,,1,0,0,0,0,0,0,,fresh_offline_alignment,1,8.517710999998599,8.517710999998599,8.517710999998599,8.517710999998599,0.0,8.517710999998599,8.517710999998599,1,0.7743373636362363,0.7743373636362363,0.7743373636362363,0.7743373636362363,0.0,0.7743373636362363,0.7743373636362363,1,1.107618400001229,1.107618400001229,1.107618400001229,1.107618400001229,0.0,1.107618400001229,1.107618400001229,,,,,,,,,1,8.517710999998599,8.517710999998599,8.517710999998599,8.517710999998599,0.0,8.517710999998599,8.517710999998599,1,69.08238079999865,69.08238079999865,69.08238079999865,69.08238079999865,0.0,69.08238079999865,69.08238079999865
controlled_mutations_cf_extra_pick_online,smt_smt,component_020_events_0022_objects_0009.jsonocel,,1,0,0,0,0,0,1,,fresh_offline_alignment,1,73.62948769999821,73.62948769999821,73.62948769999821,73.62948769999821,0.0,73.62948769999821,73.62948769999821,1,6.693589790908928,6.693589790908928,6.693589790908928,6.693589790908928,0.0,6.693589790908928,6.693589790908928,1,18.296878600000127,18.296878600000127,18.296878600000127,18.296878600000127,0.0,18.296878600000127,18.296878600000127,,,,,,,,,1,73.62948769999821,73.62948769999821,73.62948769999821,73.62948769999821,0.0,73.62948769999821,73.62948769999821,1,135.1975112,135.1975112,135.1975112,135.1975112,0.0,135.1975112,135.1975112
controlled_mutations_cf_extra_pick_online,smt_smt,component_021_events_0013_objects_0005.jsonocel,,1,1,0,0,0,0,1,,fresh_offline_alignment,1,73.9953495000027,73.9953495000027,73.9953495000027,73.9953495000027,0.0,73.9953495000027,73.9953495000027,1,5.28538210714305,5.28538210714305,5.28538210714305,5.28538210714305,0.0,5.28538210714305,5.28538210714305,1,22.731416999999055,22.731416999999055,22.731416999999055,22.731416999999055,0.0,22.731416999999055,22.731416999999055,1,0.0,0.0,0.0,0.0,0.0,0.0,0.0,1,73.9953495000027,73.9953495000027,73.9953495000027,73.9953495000027,0.0,73.9953495000027,73.9953495000027,1,74.52348399999937,74.52348399999937,74.52348399999937,74.52348399999937,0.0,74.52348399999937,74.52348399999937
controlled_mutations_cf_extra_pick_online,smt_smt,component_024_events_0010_objects_0005.jsonocel,,1,1,0,0,0,0,1,,fresh_offline_alignment,1,35.110707199997705,35.110707199997705,35.110707199997705,35.110707199997705,0.0,35.110707199997705,35.110707199997705,1,3.1918824727270643,3.1918824727270643,3.1918824727270643,3.1918824727270643,0.0,3.1918824727270643,3.1918824727270643,1,14.020089100000405,14.020089100000405,14.020089100000405,14.020089100000405,0.0,14.020089100000405,14.020089100000405,1,0.0,0.0,0.0,0.0,0.0,0.0,0.0,1,35.110707199997705,35.110707199997705,35.110707199997705,35.110707199997705,0.0,35.110707199997705,35.110707199997705,1,36.6140362999995,36.6140362999995,36.6140362999995,36.6140362999995,0.0,36.6140362999995,36.6140362999995
controlled_mutations_cf_extra_pick_online,smt_smt,component_028_events_0012_objects_0008.jsonocel,,1,0,0,0,0,0,1,,fresh_offline_alignment,1,56.44573650000166,56.44573650000166,56.44573650000166,56.44573650000166,0.0,56.44573650000166,56.44573650000166,1,5.644573650000166,5.644573650000166,5.644573650000166,5.644573650000166,0.0,5.644573650000166,5.644573650000166,1,27.382582700000057,27.382582700000057,27.382582700000057,27.382582700000057,0.0,27.382582700000057,27.382582700000057,,,,,,,,,1,56.44573650000166,56.44573650000166,56.44573650000166,56.44573650000166,0.0,56.44573650000166,56.44573650000166,1,117.02504230000159,117.02504230000159,117.02504230000159,117.02504230000159,0.0,117.02504230000159,117.02504230000159
controlled_mutations_cf_extra_pick_online,smt_smt,component_029_events_0021_objects_0010.jsonocel,,1,0,0,0,0,0,1,,fresh_offline_alignment,1,72.67321469999479,72.67321469999479,72.67321469999479,72.67321469999479,0.0,72.67321469999479,72.67321469999479,1,7.267321469999478,7.267321469999478,7.267321469999478,7.267321469999478,0.0,7.267321469999478,7.267321469999478,1,27.281023799998366,27.281023799998366,27.281023799998366,27.281023799998366,0.0,27.281023799998366,27.281023799998366,,,,,,,,,1,72.67321469999479,72.67321469999479,72.67321469999479,72.67321469999479,0.0,72.67321469999479,72.67321469999479,1,134.2092491000003,134.2092491000003,134.2092491000003,134.2092491000003,0.0,134.2092491000003,134.2092491000003
controlled_mutations_cf_extra_pick_online,smt_smt,component_030_events_0061_objects_0033.jsonocel,,1,0,0,0,0,0,0,,fresh_offline_alignment,1,14.164155400003438,14.164155400003438,14.164155400003438,14.164155400003438,0.0,14.164155400003438,14.164155400003438,1,1.4164155400003438,1.4164155400003438,1.4164155400003438,1.4164155400003438,0.0,1.4164155400003438,1.4164155400003438,1,2.6387919999997393,2.6387919999997393,2.6387919999997393,2.6387919999997393,0.0,2.6387919999997393,2.6387919999997393,,,,,,,,,1,14.164155400003438,14.164155400003438,14.164155400003438,14.164155400003438,0.0,14.164155400003438,14.164155400003438,1,74.7779515000002,74.7779515000002,74.7779515000002,74.7779515000002,0.0,74.7779515000002,74.7779515000002
controlled_mutations_cf_extra_pick_online,smt_smt,component_031_events_0009_objects_0005.jsonocel,,1,1,0,0,0,0,1,,fresh_offline_alignment,1,21.378163499999573,21.378163499999573,21.378163499999573,21.378163499999573,0.0,21.378163499999573,21.378163499999573,1,2.1378163499999574,2.1378163499999574,2.1378163499999574,2.1378163499999574,0.0,2.1378163499999574,2.1378163499999574,1,7.755690799998774,7.755690799998774,7.755690799998774,7.755690799998774,0.0,7.755690799998774,7.755690799998774,1,0.0,0.0,0.0,0.0,0.0,0.0,0.0,1,21.378163499999573,21.378163499999573,21.378163499999573,21.378163499999573,0.0,21.378163499999573,21.378163499999573,1,22.830050200000187,22.830050200000187,22.830050200000187,22.830050200000187,0.0,22.830050200000187,22.830050200000187
controlled_mutations_cf_extra_pick_online,smt_smt,component_032_events_0007_objects_0003.jsonocel,,1,1,0,0,0,0,1,,fresh_offline_alignment,1,4.303993100002117,4.303993100002117,4.303993100002117,4.303993100002117,0.0,4.303993100002117,4.303993100002117,1,0.5379991375002646,0.5379991375002646,0.5379991375002646,0.5379991375002646,0.0,0.5379991375002646,0.5379991375002646,1,0.9698535000006814,0.9698535000006814,0.9698535000006814,0.9698535000006814,0.0,0.9698535000006814,0.9698535000006814,1,0.0,0.0,0.0,0.0,0.0,0.0,0.0,1,4.303993100002117,4.303993100002117,4.303993100002117,4.303993100002117,0.0,4.303993100002117,4.303993100002117,1,4.723697400000674,4.723697400000674,4.723697400000674,4.723697400000674,0.0,4.723697400000674,4.723697400000674
controlled_mutations_cf_extra_pick_online,smt_smt,component_036_events_0017_objects_0008.jsonocel,,1,0,0,0,0,0,1,,fresh_offline_alignment,1,42.71191370000088,42.71191370000088,42.71191370000088,42.71191370000088,0.0,42.71191370000088,42.71191370000088,1,4.745768188888986,4.745768188888986,4.745768188888986,4.745768188888986,0.0,4.745768188888986,4.745768188888986,1,34.17541469999924,34.17541469999924,34.17541469999924,34.17541469999924,0.0,34.17541469999924,34.17541469999924,,,,,,,,,1,42.71191370000088,42.71191370000088,42.71191370000088,42.71191370000088,0.0,42.71191370000088,42.71191370000088,1,104.18503580000106,104.18503580000106,104.18503580000106,104.18503580000106,0.0,104.18503580000106,104.18503580000106
controlled_mutations_cf_extra_pick_online,smt_smt,component_037_events_0012_objects_0006.jsonocel,,1,1,0,0,0,0,1,,fresh_offline_alignment,1,106.26742819999708,106.26742819999708,106.26742819999708,106.26742819999708,0.0,106.26742819999708,106.26742819999708,1,8.17441755384593,8.17441755384593,8.17441755384593,8.17441755384593,0.0,8.17441755384593,8.17441755384593,1,44.07637069999873,44.07637069999873,44.07637069999873,44.07637069999873,0.0,44.07637069999873,44.07637069999873,1,0.0,0.0,0.0,0.0,0.0,0.0,0.0,1,106.26742819999708,106.26742819999708,106.26742819999708,106.26742819999708,0.0,106.26742819999708,106.26742819999708,1,106.87658869999905,106.87658869999905,106.87658869999905,106.87658869999905,0.0,106.87658869999905,106.87658869999905
controlled_mutations_cf_extra_pick_online,smt_smt,component_038_events_0008_objects_0004.jsonocel,,1,1,0,0,0,0,1,,fresh_offline_alignment,1,11.662352199999077,11.662352199999077,11.662352199999077,11.662352199999077,0.0,11.662352199999077,11.662352199999077,1,1.2958169111110085,1.2958169111110085,1.2958169111110085,1.2958169111110085,0.0,1.2958169111110085,1.2958169111110085,1,3.485915199998999,3.485915199998999,3.485915199998999,3.485915199998999,0.0,3.485915199998999,3.485915199998999,1,0.0,0.0,0.0,0.0,0.0,0.0,0.0,1,11.662352199999077,11.662352199999077,11.662352199999077,11.662352199999077,0.0,11.662352199999077,11.662352199999077,1,12.148162600000433,12.148162600000433,12.148162600000433,12.148162600000433,0.0,12.148162600000433,12.148162600000433
controlled_mutations_cf_extra_pick_online,smt_smt,component_042_events_0009_objects_0005.jsonocel,,1,1,0,0,0,0,1,,fresh_offline_alignment,1,24.911316999996416,24.911316999996416,24.911316999996416,24.911316999996416,0.0,24.911316999996416,24.911316999996416,1,2.4911316999996416,2.4911316999996416,2.4911316999996416,2.4911316999996416,0.0,2.4911316999996416,2.4911316999996416,1,8.412260199998855,8.412260199998855,8.412260199998855,8.412260199998855,0.0,8.412260199998855,8.412260199998855,1,0.0,0.0,0.0,0.0,0.0,0.0,0.0,1,24.911316999996416,24.911316999996416,24.911316999996416,24.911316999996416,0.0,24.911316999996416,24.911316999996416,1,25.490412099999958,25.490412099999958,25.490412099999958,25.490412099999958,0.0,25.490412099999958,25.490412099999958
controlled_mutations_cf_extra_pick_online,smt_smt,component_048_events_0011_objects_0007.jsonocel,,1,0,0,0,0,0,1,,fresh_offline_alignment,1,89.3912500999977,89.3912500999977,89.3912500999977,89.3912500999977,0.0,89.3912500999977,89.3912500999977,1,8.126477281817973,8.126477281817973,8.126477281817973,8.126477281817973,0.0,8.126477281817973,8.126477281817973,1,48.31674540000131,48.31674540000131,48.31674540000131,48.31674540000131,0.0,48.31674540000131,48.31674540000131,,,,,,,,,1,89.3912500999977,89.3912500999977,89.3912500999977,89.3912500999977,0.0,89.3912500999977,89.3912500999977,1,149.97476219999953,149.97476219999953,149.97476219999953,149.97476219999953,0.0,149.97476219999953,149.97476219999953
controlled_mutations_cf_extra_pick_online,smt_smt,component_050_events_0008_objects_0004.jsonocel,,1,1,0,0,0,0,1,,fresh_offline_alignment,1,9.948668999999427,9.948668999999427,9.948668999999427,9.948668999999427,0.0,9.948668999999427,9.948668999999427,1,1.105407666666603,1.105407666666603,1.105407666666603,1.105407666666603,0.0,1.105407666666603,1.105407666666603,1,3.2532649000004312,3.2532649000004312,3.2532649000004312,3.2532649000004312,0.0,3.2532649000004312,3.2532649000004312,1,0.0,0.0,0.0,0.0,0.0,0.0,0.0,1,9.948668999999427,9.948668999999427,9.948668999999427,9.948668999999427,0.0,9.948668999999427,9.948668999999427,1,11.387423900001522,11.387423900001522,11.387423900001522,11.387423900001522,0.0,11.387423900001522,11.387423900001522
controlled_mutations_cf_extra_pick_online,smt_smt,component_051_events_0011_objects_0007.jsonocel,,1,0,0,0,0,0,1,,fresh_offline_alignment,1,94.25616790000095,94.25616790000095,94.25616790000095,94.25616790000095,0.0,94.25616790000095,94.25616790000095,1,8.568742536363722,8.568742536363722,8.568742536363722,8.568742536363722,0.0,8.568742536363722,8.568742536363722,1,37.6926784999996,37.6926784999996,37.6926784999996,37.6926784999996,0.0,37.6926784999996,37.6926784999996,,,,,,,,,1,94.25616790000095,94.25616790000095,94.25616790000095,94.25616790000095,0.0,94.25616790000095,94.25616790000095,1,154.87306480000007,154.87306480000007,154.87306480000007,154.87306480000007,0.0,154.87306480000007,154.87306480000007
controlled_mutations_cf_extra_pick_online,smt_smt,component_057_events_0011_objects_0005.jsonocel,,1,1,0,0,0,0,1,,fresh_offline_alignment,1,38.658456100001786,38.658456100001786,38.658456100001786,38.658456100001786,0.0,38.658456100001786,38.658456100001786,1,3.221538008333482,3.221538008333482,3.221538008333482,3.221538008333482,0.0,3.221538008333482,3.221538008333482,1,12.584175000001778,12.584175000001778,12.584175000001778,12.584175000001778,0.0,12.584175000001778,12.584175000001778,1,0.0,0.0,0.0,0.0,0.0,0.0,0.0,1,38.658456100001786,38.658456100001786,38.658456100001786,38.658456100001786,0.0,38.658456100001786,38.658456100001786,1,40.21446740000101,40.21446740000101,40.21446740000101,40.21446740000101,0.0,40.21446740000101,40.21446740000101
controlled_mutations_cf_extra_pick_online,smt_smt,component_058_events_0009_objects_0005.jsonocel,,1,1,0,0,0,0,1,,fresh_offline_alignment,1,27.617475300001388,27.617475300001388,27.617475300001388,27.617475300001388,0.0,27.617475300001388,27.617475300001388,1,2.7617475300001386,2.7617475300001386,2.7617475300001386,2.7617475300001386,0.0,2.7617475300001386,2.7617475300001386,1,8.758530500001143,8.758530500001143,8.758530500001143,8.758530500001143,0.0,8.758530500001143,8.758530500001143,1,0.0,0.0,0.0,0.0,0.0,0.0,0.0,1,27.617475300001388,27.617475300001388,27.617475300001388,27.617475300001388,0.0,27.617475300001388,27.617475300001388,1,28.124366300000474,28.124366300000474,28.124366300000474,28.124366300000474,0.0,28.124366300000474,28.124366300000474
controlled_mutations_cf_extra_pick_online,smt_smt,component_059_events_0010_objects_0006.jsonocel,,1,1,0,0,0,0,1,,fresh_offline_alignment,1,56.73577050000131,56.73577050000131,56.73577050000131,56.73577050000131,0.0,56.73577050000131,56.73577050000131,1,5.157797318181937,5.157797318181937,5.157797318181937,5.157797318181937,0.0,5.157797318181937,5.157797318181937,1,21.41501960000096,21.41501960000096,21.41501960000096,21.41501960000096,0.0,21.41501960000096,21.41501960000096,1,0.0,0.0,0.0,0.0,0.0,0.0,0.0,1,56.73577050000131,56.73577050000131,56.73577050000131,56.73577050000131,0.0,56.73577050000131,56.73577050000131,1,58.28135959999963,58.28135959999963,58.28135959999963,58.28135959999963,0.0,58.28135959999963,58.28135959999963
controlled_mutations_cf_extra_pick_online,smt_smt,component_061_events_0007_objects_0003.jsonocel,,1,1,0,0,0,0,1,,fresh_offline_alignment,1,4.714988500001709,4.714988500001709,4.714988500001709,4.714988500001709,0.0,4.714988500001709,4.714988500001709,1,0.5893735625002137,0.5893735625002137,0.5893735625002137,0.5893735625002137,0.0,0.5893735625002137,0.5893735625002137,1,1.4876681000005192,1.4876681000005192,1.4876681000005192,1.4876681000005192,0.0,1.4876681000005192,1.4876681000005192,1,0.0,0.0,0.0,0.0,0.0,0.0,0.0,1,4.714988500001709,4.714988500001709,4.714988500001709,4.714988500001709,0.0,4.714988500001709,4.714988500001709,1,5.221992299999329,5.221992299999329,5.221992299999329,5.221992299999329,0.0,5.221992299999329,5.221992299999329
controlled_mutations_cf_extra_pick_online,smt_smt,component_063_events_0035_objects_0019.jsonocel,,1,0,0,0,0,0,0,,fresh_offline_alignment,1,14.824156100004984,14.824156100004984,14.824156100004984,14.824156100004984,0.0,14.824156100004984,14.824156100004984,1,0.6445285260871733,0.6445285260871733,0.6445285260871733,0.6445285260871733,0.0,0.6445285260871733,0.6445285260871733,1,1.126618000000235,1.126618000000235,1.126618000000235,1.126618000000235,0.0,1.126618000000235,1.126618000000235,,,,,,,,,1,14.824156100004984,14.824156100004984,14.824156100004984,14.824156100004984,0.0,14.824156100004984,14.824156100004984,1,75.4928345999997,75.4928345999997,75.4928345999997,75.4928345999997,0.0,75.4928345999997,75.4928345999997
controlled_mutations_cf_extra_pick_online,smt_smt,component_064_events_0116_objects_0055.jsonocel,,1,0,0,0,0,0,0,,fresh_offline_alignment,1,97.26876450000054,97.26876450000054,97.26876450000054,97.26876450000054,0.0,97.26876450000054,97.26876450000054,1,6.484584300000036,6.484584300000036,6.484584300000036,6.484584300000036,0.0,6.484584300000036,6.484584300000036,1,28.446199699999852,28.446199699999852,28.446199699999852,28.446199699999852,0.0,28.446199699999852,28.446199699999852,,,,,,,,,1,97.26876450000054,97.26876450000054,97.26876450000054,97.26876450000054,0.0,97.26876450000054,97.26876450000054,1,158.90846109999984,158.90846109999984,158.90846109999984,158.90846109999984,0.0,158.90846109999984,158.90846109999984
controlled_mutations_cf_extra_pick_online,smt_smt,component_065_events_0098_objects_0050.jsonocel,,1,0,0,0,0,0,0,,fresh_offline_alignment,1,18.786397800005943,18.786397800005943,18.786397800005943,18.786397800005943,0.0,18.786397800005943,18.786397800005943,1,1.1050822235297613,1.1050822235297613,1.1050822235297613,1.1050822235297613,0.0,1.1050822235297613,1.1050822235297613,1,2.0161755999997695,2.0161755999997695,2.0161755999997695,2.0161755999997695,0.0,2.0161755999997695,2.0161755999997695,,,,,,,,,1,18.786397800005943,18.786397800005943,18.786397800005943,18.786397800005943,0.0,18.786397800005943,18.786397800005943,1,79.40376220000144,79.40376220000144,79.40376220000144,79.40376220000144,0.0,79.40376220000144,79.40376220000144
controlled_mutations_cf_extra_pick_online,smt_smt,component_066_events_0011_objects_0006.jsonocel,,1,1,0,0,0,0,1,,fresh_offline_alignment,1,122.55431360000148,122.55431360000148,122.55431360000148,122.55431360000148,0.0,122.55431360000148,122.55431360000148,1,10.21285946666679,10.21285946666679,10.21285946666679,10.21285946666679,0.0,10.21285946666679,10.21285946666679,1,37.171345400000064,37.171345400000064,37.171345400000064,37.171345400000064,0.0,37.171345400000064,37.171345400000064,1,0.0,0.0,0.0,0.0,0.0,0.0,0.0,1,122.55431360000148,122.55431360000148,122.55431360000148,122.55431360000148,0.0,122.55431360000148,122.55431360000148,1,124.03792260000046,124.03792260000046,124.03792260000046,124.03792260000046,0.0,124.03792260000046,124.03792260000046
controlled_mutations_cf_extra_pick_online,smt_smt,component_067_events_0063_objects_0031.jsonocel,,1,0,0,0,0,0,0,,fresh_offline_alignment,1,11.569862000005742,11.569862000005742,11.569862000005742,11.569862000005742,0.0,11.569862000005742,11.569862000005742,1,0.8899893846158263,0.8899893846158263,0.8899893846158263,0.8899893846158263,0.0,0.8899893846158263,0.8899893846158263,1,1.380954099999144,1.380954099999144,1.380954099999144,1.380954099999144,0.0,1.380954099999144,1.380954099999144,,,,,,,,,1,11.569862000005742,11.569862000005742,11.569862000005742,11.569862000005742,0.0,11.569862000005742,11.569862000005742,1,72.1851931000001,72.1851931000001,72.1851931000001,72.1851931000001,0.0,72.1851931000001,72.1851931000001
controlled_mutations_cf_extra_pick_online,smt_smt,component_068_events_0009_objects_0005.jsonocel,,1,1,0,0,0,0,1,,fresh_offline_alignment,1,25.344720499995674,25.344720499995674,25.344720499995674,25.344720499995674,0.0,25.344720499995674,25.344720499995674,1,2.534472049999567,2.534472049999567,2.534472049999567,2.534472049999567,0.0,2.534472049999567,2.534472049999567,1,9.08753439999964,9.08753439999964,9.08753439999964,9.08753439999964,0.0,9.08753439999964,9.08753439999964,1,0.0,0.0,0.0,0.0,0.0,0.0,0.0,1,25.344720499995674,25.344720499995674,25.344720499995674,25.344720499995674,0.0,25.344720499995674,25.344720499995674,1,26.750954199998887,26.750954199998887,26.750954199998887,26.750954199998887,0.0,26.750954199998887,26.750954199998887
controlled_mutations_cf_missing_pick_online,smt_smt,component_001_events_0030_objects_0020.jsonocel,,1,0,0,0,0,0,0,,fresh_offline_alignment,1,35.04783849999694,35.04783849999694,35.04783849999694,35.04783849999694,0.0,35.04783849999694,35.04783849999694,1,1.4019135399998777,1.4019135399998777,1.4019135399998777,1.4019135399998777,0.0,1.4019135399998777,1.4019135399998777,1,4.870887900000525,4.870887900000525,4.870887900000525,4.870887900000525,0.0,4.870887900000525,4.870887900000525,,,,,,,,,1,35.04783849999694,35.04783849999694,35.04783849999694,35.04783849999694,0.0,35.04783849999694,35.04783849999694,1,95.89353899999878,95.89353899999878,95.89353899999878,95.89353899999878,0.0,95.89353899999878,95.89353899999878
controlled_mutations_cf_missing_pick_online,smt_smt,component_002_events_0028_objects_0013.jsonocel,,1,0,0,0,0,0,0,,fresh_offline_alignment,1,46.179544100001294,46.179544100001294,46.179544100001294,46.179544100001294,0.0,46.179544100001294,46.179544100001294,1,2.886221506250081,2.886221506250081,2.886221506250081,2.886221506250081,0.0,2.886221506250081,2.886221506250081,1,11.90847070000018,11.90847070000018,11.90847070000018,11.90847070000018,0.0,11.90847070000018,11.90847070000018,,,,,,,,,1,46.179544100001294,46.179544100001294,46.179544100001294,46.179544100001294,0.0,46.179544100001294,46.179544100001294,1,107.78603029999977,107.78603029999977,107.78603029999977,107.78603029999977,0.0,107.78603029999977,107.78603029999977
controlled_mutations_cf_missing_pick_online,smt_smt,component_003_events_0022_objects_0011.jsonocel,,1,0,0,0,0,0,0,,fresh_offline_alignment,1,122.6094637999995,122.6094637999995,122.6094637999995,122.6094637999995,0.0,122.6094637999995,122.6094637999995,1,11.146314890909046,11.146314890909046,11.146314890909046,11.146314890909046,0.0,11.146314890909046,11.146314890909046,1,31.992638399999123,31.992638399999123,31.992638399999123,31.992638399999123,0.0,31.992638399999123,31.992638399999123,,,,,,,,,1,122.6094637999995,122.6094637999995,122.6094637999995,122.6094637999995,0.0,122.6094637999995,122.6094637999995,1,183.2344731000012,183.2344731000012,183.2344731000012,183.2344731000012,0.0,183.2344731000012,183.2344731000012
controlled_mutations_cf_missing_pick_online,smt_smt,component_004_events_0013_objects_0009.jsonocel,,1,0,0,0,0,0,0,,fresh_offline_alignment,1,50.55974089999836,50.55974089999836,50.55974089999836,50.55974089999836,0.0,50.55974089999836,50.55974089999836,1,5.617748988888707,5.617748988888707,5.617748988888707,5.617748988888707,0.0,5.617748988888707,5.617748988888707,1,23.94572429999971,23.94572429999971,23.94572429999971,23.94572429999971,0.0,23.94572429999971,23.94572429999971,,,,,,,,,1,50.55974089999836,50.55974089999836,50.55974089999836,50.55974089999836,0.0,50.55974089999836,50.55974089999836,1,112.12337190000108,112.12337190000108,112.12337190000108,112.12337190000108,0.0,112.12337190000108,112.12337190000108
controlled_mutations_cf_missing_pick_online,smt_smt,component_005_events_0035_objects_0016.jsonocel,,1,0,0,0,0,0,0,,fresh_offline_alignment,1,200.17850020000515,200.17850020000515,200.17850020000515,200.17850020000515,0.0,200.17850020000515,200.17850020000515,1,15.398346169231164,15.398346169231164,15.398346169231164,15.398346169231164,0.0,15.398346169231164,15.398346169231164,1,56.30118510000102,56.30118510000102,56.30118510000102,56.30118510000102,0.0,56.30118510000102,56.30118510000102,,,,,,,,,1,200.17850020000515,200.17850020000515,200.17850020000515,200.17850020000515,0.0,200.17850020000515,200.17850020000515,1,260.7501132999987,260.7501132999987,260.7501132999987,260.7501132999987,0.0,260.7501132999987,260.7501132999987
controlled_mutations_cf_missing_pick_online,smt_smt,component_006_events_0031_objects_0015.jsonocel,,1,0,0,0,0,0,0,,fresh_offline_alignment,1,15.620316300000923,15.620316300000923,15.620316300000923,15.620316300000923,0.0,15.620316300000923,15.620316300000923,1,1.1157368785714945,1.1157368785714945,1.1157368785714945,1.1157368785714945,0.0,1.1157368785714945,1.1157368785714945,1,1.4947926000004372,1.4947926000004372,1.4947926000004372,1.4947926000004372,0.0,1.4947926000004372,1.4947926000004372,,,,,,,,,1,15.620316300000923,15.620316300000923,15.620316300000923,15.620316300000923,0.0,15.620316300000923,15.620316300000923,1,77.14977050000016,77.14977050000016,77.14977050000016,77.14977050000016,0.0,77.14977050000016,77.14977050000016
controlled_mutations_cf_missing_pick_online,smt_smt,component_009_events_0015_objects_0008.jsonocel,,1,0,0,0,0,0,0,,fresh_offline_alignment,1,31.46905489999881,31.46905489999881,31.46905489999881,31.46905489999881,0.0,31.46905489999881,31.46905489999881,1,3.496561655555423,3.496561655555423,3.496561655555423,3.496561655555423,0.0,3.496561655555423,3.496561655555423,1,7.559621200000038,7.559621200000038,7.559621200000038,7.559621200000038,0.0,7.559621200000038,7.559621200000038,,,,,,,,,1,31.46905489999881,31.46905489999881,31.46905489999881,31.46905489999881,0.0,31.46905489999881,31.46905489999881,1,92.01708340000005,92.01708340000005,92.01708340000005,92.01708340000005,0.0,92.01708340000005,92.01708340000005
controlled_mutations_cf_missing_pick_online,smt_smt,component_011_events_0028_objects_0017.jsonocel,,1,0,0,0,0,0,0,,fresh_offline_alignment,1,55.837508500000695,55.837508500000695,55.837508500000695,55.837508500000695,0.0,55.837508500000695,55.837508500000695,1,2.6589289761905093,2.6589289761905093,2.6589289761905093,2.6589289761905093,0.0,2.6589289761905093,2.6589289761905093,1,12.030205099999876,12.030205099999876,12.030205099999876,12.030205099999876,0.0,12.030205099999876,12.030205099999876,,,,,,,,,1,55.837508500000695,55.837508500000695,55.837508500000695,55.837508500000695,0.0,55.837508500000695,55.837508500000695,1,117.45044359999883,117.45044359999883,117.45044359999883,117.45044359999883,0.0,117.45044359999883,117.45044359999883
controlled_mutations_cf_missing_pick_online,smt_smt,component_014_events_0102_objects_0053.jsonocel,,1,0,0,0,0,0,0,,fresh_offline_alignment,1,8.303381299998364,8.303381299998364,8.303381299998364,8.303381299998364,0.0,8.303381299998364,8.303381299998364,1,0.7548528454543967,0.7548528454543967,0.7548528454543967,0.7548528454543967,0.0,0.7548528454543967,0.7548528454543967,1,0.931607399999848,0.931607399999848,0.931607399999848,0.931607399999848,0.0,0.931607399999848,0.931607399999848,,,,,,,,,1,8.303381299998364,8.303381299998364,8.303381299998364,8.303381299998364,0.0,8.303381299998364,8.303381299998364,1,68.81989590000012,68.81989590000012,68.81989590000012,68.81989590000012,0.0,68.81989590000012,68.81989590000012
controlled_mutations_cf_missing_pick_online,smt_smt,component_020_events_0022_objects_0009.jsonocel,,1,0,0,0,0,0,0,,fresh_offline_alignment,1,70.61875619999773,70.61875619999773,70.61875619999773,70.61875619999773,0.0,70.61875619999773,70.61875619999773,1,7.061875619999773,7.061875619999773,7.061875619999773,7.061875619999773,0.0,7.061875619999773,7.061875619999773,1,27.63534769999933,27.63534769999933,27.63534769999933,27.63534769999933,0.0,27.63534769999933,27.63534769999933,,,,,,,,,1,70.61875619999773,70.61875619999773,70.61875619999773,70.61875619999773,0.0,70.61875619999773,70.61875619999773,1,132.19439650000095,132.19439650000095,132.19439650000095,132.19439650000095,0.0,132.19439650000095,132.19439650000095
controlled_mutations_cf_missing_pick_online,smt_smt,component_021_events_0013_objects_0005.jsonocel,,1,1,0,0,0,0,3,,fresh_offline_alignment,1,58.47093610000411,58.47093610000411,58.47093610000411,58.47093610000411,0.0,58.47093610000411,58.47093610000411,1,4.872578008333676,4.872578008333676,4.872578008333676,4.872578008333676,0.0,4.872578008333676,4.872578008333676,1,22.654567499999757,22.654567499999757,22.654567499999757,22.654567499999757,0.0,22.654567499999757,22.654567499999757,1,0.0,0.0,0.0,0.0,0.0,0.0,0.0,1,58.47093610000411,58.47093610000411,58.47093610000411,58.47093610000411,0.0,58.47093610000411,58.47093610000411,1,59.073292500001116,59.073292500001116,59.073292500001116,59.073292500001116,0.0,59.073292500001116,59.073292500001116
controlled_mutations_cf_missing_pick_online,smt_smt,component_024_events_0010_objects_0005.jsonocel,,1,1,0,0,0,0,5,,fresh_offline_alignment,1,29.173261800000546,29.173261800000546,29.173261800000546,29.173261800000546,0.0,29.173261800000546,29.173261800000546,1,3.241473533333394,3.241473533333394,3.241473533333394,3.241473533333394,0.0,3.241473533333394,3.241473533333394,1,9.451758900000641,9.451758900000641,9.451758900000641,9.451758900000641,0.0,9.451758900000641,9.451758900000641,1,0.0,0.0,0.0,0.0,0.0,0.0,0.0,1,29.173261800000546,29.173261800000546,29.173261800000546,29.173261800000546,0.0,29.173261800000546,29.173261800000546,1,29.707976800000324,29.707976800000324,29.707976800000324,29.707976800000324,0.0,29.707976800000324,29.707976800000324
controlled_mutations_cf_missing_pick_online,smt_smt,component_028_events_0012_objects_0008.jsonocel,,1,0,0,0,0,0,0,,fresh_offline_alignment,1,17.832811500002208,17.832811500002208,17.832811500002208,17.832811500002208,0.0,17.832811500002208,17.832811500002208,1,2.5475445000003156,2.5475445000003156,2.5475445000003156,2.5475445000003156,0.0,2.5475445000003156,2.5475445000003156,1,3.7458194000009826,3.7458194000009826,3.7458194000009826,3.7458194000009826,0.0,3.7458194000009826,3.7458194000009826,,,,,,,,,1,17.832811500002208,17.832811500002208,17.832811500002208,17.832811500002208,0.0,17.832811500002208,17.832811500002208,1,78.41302200000064,78.41302200000064,78.41302200000064,78.41302200000064,0.0,78.41302200000064,78.41302200000064
controlled_mutations_cf_missing_pick_online,smt_smt,component_029_events_0021_objects_0010.jsonocel,,1,0,0,0,0,0,0,,fresh_offline_alignment,1,33.15425689999756,33.15425689999756,33.15425689999756,33.15425689999756,0.0,33.15425689999756,33.15425689999756,1,4.144282112499695,4.144282112499695,4.144282112499695,4.144282112499695,0.0,4.144282112499695,4.144282112499695,1,11.515646999998353,11.515646999998353,11.515646999998353,11.515646999998353,0.0,11.515646999998353,11.515646999998353,,,,,,,,,1,33.15425689999756,33.15425689999756,33.15425689999756,33.15425689999756,0.0,33.15425689999756,33.15425689999756,1,94.62536790000013,94.62536790000013,94.62536790000013,94.62536790000013,0.0,94.62536790000013,94.62536790000013
controlled_mutations_cf_missing_pick_online,smt_smt,component_030_events_0061_objects_0033.jsonocel,,1,0,0,0,0,0,0,,fresh_offline_alignment,1,16.303683099999034,16.303683099999034,16.303683099999034,16.303683099999034,0.0,16.303683099999034,16.303683099999034,1,1.6303683099999033,1.6303683099999033,1.6303683099999033,1.6303683099999033,0.0,1.6303683099999033,1.6303683099999033,1,3.114773499999501,3.114773499999501,3.114773499999501,3.114773499999501,0.0,3.114773499999501,3.114773499999501,,,,,,,,,1,16.303683099999034,16.303683099999034,16.303683099999034,16.303683099999034,0.0,16.303683099999034,16.303683099999034,1,76.84544630000164,76.84544630000164,76.84544630000164,76.84544630000164,0.0,76.84544630000164,76.84544630000164
controlled_mutations_cf_missing_pick_online,smt_smt,component_031_events_0009_objects_0005.jsonocel,,1,1,0,0,0,0,5,,fresh_offline_alignment,1,29.87004739999793,29.87004739999793,29.87004739999793,29.87004739999793,0.0,29.87004739999793,29.87004739999793,1,3.733755924999741,3.733755924999741,3.733755924999741,3.733755924999741,0.0,3.733755924999741,3.733755924999741,1,9.796287299999676,9.796287299999676,9.796287299999676,9.796287299999676,0.0,9.796287299999676,9.796287299999676,1,0.0,0.0,0.0,0.0,0.0,0.0,0.0,1,29.87004739999793,29.87004739999793,29.87004739999793,29.87004739999793,0.0,29.87004739999793,29.87004739999793,1,31.348567799999728,31.348567799999728,31.348567799999728,31.348567799999728,0.0,31.348567799999728,31.348567799999728
controlled_mutations_cf_missing_pick_online,smt_smt,component_032_events_0007_objects_0003.jsonocel,,1,1,0,0,0,0,3,,fresh_offline_alignment,1,3.1011627999996563,3.1011627999996563,3.1011627999996563,3.1011627999996563,0.0,3.1011627999996563,3.1011627999996563,1,0.5168604666666093,0.5168604666666093,0.5168604666666093,0.5168604666666093,0.0,0.5168604666666093,0.5168604666666093,1,0.9792756000006193,0.9792756000006193,0.9792756000006193,0.9792756000006193,0.0,0.9792756000006193,0.9792756000006193,1,0.0,0.0,0.0,0.0,0.0,0.0,0.0,1,3.1011627999996563,3.1011627999996563,3.1011627999996563,3.1011627999996563,0.0,3.1011627999996563,3.1011627999996563,1,3.498158499998681,3.498158499998681,3.498158499998681,3.498158499998681,0.0,3.498158499998681,3.498158499998681
controlled_mutations_cf_missing_pick_online,smt_smt,component_036_events_0017_objects_0008.jsonocel,,1,0,0,0,0,0,0,,fresh_offline_alignment,1,5.509282600001825,5.509282600001825,5.509282600001825,5.509282600001825,0.0,5.509282600001825,5.509282600001825,1,0.9182137666669709,0.9182137666669709,0.9182137666669709,0.9182137666669709,0.0,0.9182137666669709,0.9182137666669709,1,1.8128274000009696,1.8128274000009696,1.8128274000009696,1.8128274000009696,0.0,1.8128274000009696,1.8128274000009696,,,,,,,,,1,5.509282600001825,5.509282600001825,5.509282600001825,5.509282600001825,0.0,5.509282600001825,5.509282600001825,1,66.94205870000042,66.94205870000042,66.94205870000042,66.94205870000042,0.0,66.94205870000042,66.94205870000042
controlled_mutations_cf_missing_pick_online,smt_smt,component_037_events_0012_objects_0006.jsonocel,,1,1,0,0,0,0,3,,fresh_offline_alignment,1,96.19790509999802,96.19790509999802,96.19790509999802,96.19790509999802,0.0,96.19790509999802,96.19790509999802,1,8.74526409999982,8.74526409999982,8.74526409999982,8.74526409999982,0.0,8.74526409999982,8.74526409999982,1,27.261366900000212,27.261366900000212,27.261366900000212,27.261366900000212,0.0,27.261366900000212,27.261366900000212,1,0.0,0.0,0.0,0.0,0.0,0.0,0.0,1,96.19790509999802,96.19790509999802,96.19790509999802,96.19790509999802,0.0,96.19790509999802,96.19790509999802,1,96.75790250000136,96.75790250000136,96.75790250000136,96.75790250000136,0.0,96.75790250000136,96.75790250000136
controlled_mutations_cf_missing_pick_online,smt_smt,component_038_events_0008_objects_0004.jsonocel,,1,1,0,0,0,0,4,,fresh_offline_alignment,1,7.445697799999834,7.445697799999834,7.445697799999834,7.445697799999834,0.0,7.445697799999834,7.445697799999834,1,1.0636711142856907,1.0636711142856907,1.0636711142856907,1.0636711142856907,0.0,1.0636711142856907,1.0636711142856907,1,2.2597236999990855,2.2597236999990855,2.2597236999990855,2.2597236999990855,0.0,2.2597236999990855,2.2597236999990855,1,0.0,0.0,0.0,0.0,0.0,0.0,0.0,1,7.445697799999834,7.445697799999834,7.445697799999834,7.445697799999834,0.0,7.445697799999834,7.445697799999834,1,8.881475599999249,8.881475599999249,8.881475599999249,8.881475599999249,0.0,8.881475599999249,8.881475599999249
controlled_mutations_cf_missing_pick_online,smt_smt,component_042_events_0009_objects_0005.jsonocel,,1,1,0,0,0,0,5,,fresh_offline_alignment,1,15.824806599997828,15.824806599997828,15.824806599997828,15.824806599997828,0.0,15.824806599997828,15.824806599997828,1,1.9781008249997285,1.9781008249997285,1.9781008249997285,1.9781008249997285,0.0,1.9781008249997285,1.9781008249997285,1,4.825887999999395,4.825887999999395,4.825887999999395,4.825887999999395,0.0,4.825887999999395,4.825887999999395,1,0.0,0.0,0.0,0.0,0.0,0.0,0.0,1,15.824806599997828,15.824806599997828,15.824806599997828,15.824806599997828,0.0,15.824806599997828,15.824806599997828,1,16.35493089999909,16.35493089999909,16.35493089999909,16.35493089999909,0.0,16.35493089999909,16.35493089999909
controlled_mutations_cf_missing_pick_online,smt_smt,component_048_events_0011_objects_0007.jsonocel,,1,0,0,0,0,0,7,,fresh_offline_alignment,1,94.13677070000267,94.13677070000267,94.13677070000267,94.13677070000267,0.0,94.13677070000267,94.13677070000267,1,10.459641188889186,10.459641188889186,10.459641188889186,10.459641188889186,0.0,10.459641188889186,10.459641188889186,1,48.31745570000021,48.31745570000021,48.31745570000021,48.31745570000021,0.0,48.31745570000021,48.31745570000021,,,,,,,,,1,94.13677070000267,94.13677070000267,94.13677070000267,94.13677070000267,0.0,94.13677070000267,94.13677070000267,1,154.71785459999955,154.71785459999955,154.71785459999955,154.71785459999955,0.0,154.71785459999955,154.71785459999955
controlled_mutations_cf_missing_pick_online,smt_smt,component_050_events_0008_objects_0004.jsonocel,,1,1,0,0,0,0,4,,fresh_offline_alignment,1,6.890105099999346,6.890105099999346,6.890105099999346,6.890105099999346,0.0,6.890105099999346,6.890105099999346,1,0.9843007285713351,0.9843007285713351,0.9843007285713351,0.9843007285713351,0.0,0.9843007285713351,0.9843007285713351,1,2.235334299999522,2.235334299999522,2.235334299999522,2.235334299999522,0.0,2.235334299999522,2.235334299999522,1,0.0,0.0,0.0,0.0,0.0,0.0,0.0,1,6.890105099999346,6.890105099999346,6.890105099999346,6.890105099999346,0.0,6.890105099999346,6.890105099999346,1,8.46089000000029,8.46089000000029,8.46089000000029,8.46089000000029,0.0,8.46089000000029,8.46089000000029
controlled_mutations_cf_missing_pick_online,smt_smt,component_051_events_0011_objects_0007.jsonocel,,1,0,0,0,0,0,6,,fresh_offline_alignment,1,51.65862310000011,51.65862310000011,51.65862310000011,51.65862310000011,0.0,51.65862310000011,51.65862310000011,1,7.379803300000016,7.379803300000016,7.379803300000016,7.379803300000016,0.0,7.379803300000016,7.379803300000016,1,42.487996400001066,42.487996400001066,42.487996400001066,42.487996400001066,0.0,42.487996400001066,42.487996400001066,,,,,,,,,1,51.65862310000011,51.65862310000011,51.65862310000011,51.65862310000011,0.0,51.65862310000011,51.65862310000011,1,112.17037870000058,112.17037870000058,112.17037870000058,112.17037870000058,0.0,112.17037870000058,112.17037870000058
controlled_mutations_cf_missing_pick_online,smt_smt,component_057_events_0011_objects_0005.jsonocel,,1,1,0,0,0,0,3,,fresh_offline_alignment,1,25.718012900004396,25.718012900004396,25.718012900004396,25.718012900004396,0.0,25.718012900004396,25.718012900004396,1,2.5718012900004394,2.5718012900004394,2.5718012900004394,2.5718012900004394,0.0,2.5718012900004394,2.5718012900004394,1,10.228184899999178,10.228184899999178,10.228184899999178,10.228184899999178,0.0,10.228184899999178,10.228184899999178,1,0.0,0.0,0.0,0.0,0.0,0.0,0.0,1,25.718012900004396,25.718012900004396,25.718012900004396,25.718012900004396,0.0,25.718012900004396,25.718012900004396,1,27.37136090000058,27.37136090000058,27.37136090000058,27.37136090000058,0.0,27.37136090000058,27.37136090000058
controlled_mutations_cf_missing_pick_online,smt_smt,component_058_events_0009_objects_0005.jsonocel,,1,1,0,0,0,0,5,,fresh_offline_alignment,1,17.41552519999823,17.41552519999823,17.41552519999823,17.41552519999823,0.0,17.41552519999823,17.41552519999823,1,2.1769406499997785,2.1769406499997785,2.1769406499997785,2.1769406499997785,0.0,2.1769406499997785,2.1769406499997785,1,4.48775360000036,4.48775360000036,4.48775360000036,4.48775360000036,0.0,4.48775360000036,4.48775360000036,1,0.0,0.0,0.0,0.0,0.0,0.0,0.0,1,17.41552519999823,17.41552519999823,17.41552519999823,17.41552519999823,0.0,17.41552519999823,17.41552519999823,1,17.854155799999717,17.854155799999717,17.854155799999717,17.854155799999717,0.0,17.854155799999717,17.854155799999717
controlled_mutations_cf_missing_pick_online,smt_smt,component_059_events_0010_objects_0006.jsonocel,,1,1,0,0,0,0,6,,fresh_offline_alignment,1,79.59355009999854,79.59355009999854,79.59355009999854,79.59355009999854,0.0,79.59355009999854,79.59355009999854,1,8.843727788888726,8.843727788888726,8.843727788888726,8.843727788888726,0.0,8.843727788888726,8.843727788888726,1,24.790389799998593,24.790389799998593,24.790389799998593,24.790389799998593,0.0,24.790389799998593,24.790389799998593,1,0.0,0.0,0.0,0.0,0.0,0.0,0.0,1,79.59355009999854,79.59355009999854,79.59355009999854,79.59355009999854,0.0,79.59355009999854,79.59355009999854,1,80.16251779999948,80.16251779999948,80.16251779999948,80.16251779999948,0.0,80.16251779999948,80.16251779999948
controlled_mutations_cf_missing_pick_online,smt_smt,component_061_events_0007_objects_0003.jsonocel,,1,1,0,0,0,0,3,,fresh_offline_alignment,1,3.0672691999989183,3.0672691999989183,3.0672691999989183,3.0672691999989183,0.0,3.0672691999989183,3.0672691999989183,1,0.5112115333331531,0.5112115333331531,0.5112115333331531,0.5112115333331531,0.0,0.5112115333331531,0.5112115333331531,1,0.9385966999998345,0.9385966999998345,0.9385966999998345,0.9385966999998345,0.0,0.9385966999998345,0.9385966999998345,1,0.0,0.0,0.0,0.0,0.0,0.0,0.0,1,3.0672691999989183,3.0672691999989183,3.0672691999989183,3.0672691999989183,0.0,3.0672691999989183,3.0672691999989183,1,3.4975955999998405,3.4975955999998405,3.4975955999998405,3.4975955999998405,0.0,3.4975955999998405,3.4975955999998405
controlled_mutations_cf_missing_pick_online,smt_smt,component_063_events_0035_objects_0019.jsonocel,,1,0,0,0,0,0,0,,fresh_offline_alignment,1,11.96097770000597,11.96097770000597,11.96097770000597,11.96097770000597,0.0,11.96097770000597,11.96097770000597,1,0.5695703666669509,0.5695703666669509,0.5695703666669509,0.5695703666669509,0.0,0.5695703666669509,0.5695703666669509,1,0.972982299999785,0.972982299999785,0.972982299999785,0.972982299999785,0.0,0.972982299999785,0.972982299999785,,,,,,,,,1,11.96097770000597,11.96097770000597,11.96097770000597,11.96097770000597,0.0,11.96097770000597,11.96097770000597,1,72.66289550000147,72.66289550000147,72.66289550000147,72.66289550000147,0.0,72.66289550000147,72.66289550000147
controlled_mutations_cf_missing_pick_online,smt_smt,component_064_events_0116_objects_0055.jsonocel,,1,0,0,0,0,0,0,,fresh_offline_alignment,1,139.10504539999965,139.10504539999965,139.10504539999965,139.10504539999965,0.0,139.10504539999965,139.10504539999965,1,8.182649729411745,8.182649729411745,8.182649729411745,8.182649729411745,0.0,8.182649729411745,8.182649729411745,1,39.51461219999874,39.51461219999874,39.51461219999874,39.51461219999874,0.0,39.51461219999874,39.51461219999874,,,,,,,,,1,139.10504539999965,139.10504539999965,139.10504539999965,139.10504539999965,0.0,139.10504539999965,139.10504539999965,1,200.96756259999893,200.96756259999893,200.96756259999893,200.96756259999893,0.0,200.96756259999893,200.96756259999893
controlled_mutations_cf_missing_pick_online,smt_smt,component_065_events_0098_objects_0050.jsonocel,,1,0,0,0,0,0,0,,fresh_offline_alignment,1,19.120736599999873,19.120736599999873,19.120736599999873,19.120736599999873,0.0,19.120736599999873,19.120736599999873,1,1.1247492117646984,1.1247492117646984,1.1247492117646984,1.1247492117646984,0.0,1.1247492117646984,1.1247492117646984,1,2.1534300000002986,2.1534300000002986,2.1534300000002986,2.1534300000002986,0.0,2.1534300000002986,2.1534300000002986,,,,,,,,,1,19.120736599999873,19.120736599999873,19.120736599999873,19.120736599999873,0.0,19.120736599999873,19.120736599999873,1,79.71126840000034,79.71126840000034,79.71126840000034,79.71126840000034,0.0,79.71126840000034,79.71126840000034
controlled_mutations_cf_missing_pick_online,smt_smt,component_066_events_0011_objects_0006.jsonocel,,1,1,0,0,0,0,6,,fresh_offline_alignment,1,81.90341489999628,81.90341489999628,81.90341489999628,81.90341489999628,0.0,81.90341489999628,81.90341489999628,1,8.190341489999629,8.190341489999629,8.190341489999629,8.190341489999629,0.0,8.190341489999629,8.190341489999629,1,27.72340660000009,27.72340660000009,27.72340660000009,27.72340660000009,0.0,27.72340660000009,27.72340660000009,1,0.0,0.0,0.0,0.0,0.0,0.0,0.0,1,81.90341489999628,81.90341489999628,81.90341489999628,81.90341489999628,0.0,81.90341489999628,81.90341489999628,1,83.4941318000001,83.4941318000001,83.4941318000001,83.4941318000001,0.0,83.4941318000001,83.4941318000001
controlled_mutations_cf_missing_pick_online,smt_smt,component_067_events_0063_objects_0031.jsonocel,,1,0,0,0,0,0,0,,fresh_offline_alignment,1,11.63906059999681,11.63906059999681,11.63906059999681,11.63906059999681,0.0,11.63906059999681,11.63906059999681,1,0.8953123538459085,0.8953123538459085,0.8953123538459085,0.8953123538459085,0.0,0.8953123538459085,0.8953123538459085,1,1.4534110000004148,1.4534110000004148,1.4534110000004148,1.4534110000004148,0.0,1.4534110000004148,1.4534110000004148,,,,,,,,,1,11.63906059999681,11.63906059999681,11.63906059999681,11.63906059999681,0.0,11.63906059999681,11.63906059999681,1,72.1812205999995,72.1812205999995,72.1812205999995,72.1812205999995,0.0,72.1812205999995,72.1812205999995
controlled_mutations_cf_missing_pick_online,smt_smt,component_068_events_0009_objects_0005.jsonocel,,1,1,0,0,0,0,5,,fresh_offline_alignment,1,18.764016199998878,18.764016199998878,18.764016199998878,18.764016199998878,0.0,18.764016199998878,18.764016199998878,1,2.3455020249998597,2.3455020249998597,2.3455020249998597,2.3455020249998597,0.0,2.3455020249998597,2.3455020249998597,1,5.8431724999991275,5.8431724999991275,5.8431724999991275,5.8431724999991275,0.0,5.8431724999991275,5.8431724999991275,1,0.0,0.0,0.0,0.0,0.0,0.0,0.0,1,18.764016199998878,18.764016199998878,18.764016199998878,18.764016199998878,0.0,18.764016199998878,18.764016199998878,1,20.21013429999948,20.21013429999948,20.21013429999948,20.21013429999948,0.0,20.21013429999948,20.21013429999948
controlled_mutations_data_order_price_online,smt_smt,component_001_events_0030_objects_0020.jsonocel,,1,0,0,0,0,0,0,,fresh_offline_alignment,1,36.62835720000112,36.62835720000112,36.62835720000112,36.62835720000112,0.0,36.62835720000112,36.62835720000112,1,1.4087829692308123,1.4087829692308123,1.4087829692308123,1.4087829692308123,0.0,1.4087829692308123,1.4087829692308123,1,4.125937400000112,4.125937400000112,4.125937400000112,4.125937400000112,0.0,4.125937400000112,4.125937400000112,,,,,,,,,1,36.62835720000112,36.62835720000112,36.62835720000112,36.62835720000112,0.0,36.62835720000112,36.62835720000112,1,97.43734419999964,97.43734419999964,97.43734419999964,97.43734419999964,0.0,97.43734419999964,97.43734419999964
controlled_mutations_data_order_price_online,smt_smt,component_002_events_0028_objects_0013.jsonocel,,1,0,0,0,0,0,1,,fresh_offline_alignment,1,68.42254839999623,68.42254839999623,68.42254839999623,68.42254839999623,0.0,68.42254839999623,68.42254839999623,1,4.024855788235072,4.024855788235072,4.024855788235072,4.024855788235072,0.0,4.024855788235072,4.024855788235072,1,22.439713499999925,22.439713499999925,22.439713499999925,22.439713499999925,0.0,22.439713499999925,22.439713499999925,,,,,,,,,1,68.42254839999623,68.42254839999623,68.42254839999623,68.42254839999623,0.0,68.42254839999623,68.42254839999623,1,129.98756589999903,129.98756589999903,129.98756589999903,129.98756589999903,0.0,129.98756589999903,129.98756589999903
controlled_mutations_data_order_price_online,smt_smt,component_003_events_0022_objects_0011.jsonocel,,1,0,0,0,0,0,0,,fresh_offline_alignment,1,137.69185280000056,137.69185280000056,137.69185280000056,137.69185280000056,0.0,137.69185280000056,137.69185280000056,1,12.517441163636414,12.517441163636414,12.517441163636414,12.517441163636414,0.0,12.517441163636414,12.517441163636414,1,46.708714400001554,46.708714400001554,46.708714400001554,46.708714400001554,0.0,46.708714400001554,46.708714400001554,,,,,,,,,1,137.69185280000056,137.69185280000056,137.69185280000056,137.69185280000056,0.0,137.69185280000056,137.69185280000056,1,198.30397950000042,198.30397950000042,198.30397950000042,198.30397950000042,0.0,198.30397950000042,198.30397950000042
controlled_mutations_data_order_price_online,smt_smt,component_004_events_0013_objects_0009.jsonocel,,1,0,0,0,0,0,1,,fresh_offline_alignment,1,72.67935759999637,72.67935759999637,72.67935759999637,72.67935759999637,0.0,72.67935759999637,72.67935759999637,1,7.267935759999636,7.267935759999636,7.267935759999636,7.267935759999636,0.0,7.267935759999636,7.267935759999636,1,25.652718399998776,25.652718399998776,25.652718399998776,25.652718399998776,0.0,25.652718399998776,25.652718399998776,,,,,,,,,1,72.67935759999637,72.67935759999637,72.67935759999637,72.67935759999637,0.0,72.67935759999637,72.67935759999637,1,134.14200189999974,134.14200189999974,134.14200189999974,134.14200189999974,0.0,134.14200189999974,134.14200189999974
controlled_mutations_data_order_price_online,smt_smt,component_005_events_0035_objects_0016.jsonocel,,1,0,0,0,0,0,0,,fresh_offline_alignment,1,70.43024830000468,70.43024830000468,70.43024830000468,70.43024830000468,0.0,70.43024830000468,70.43024830000468,1,7.043024830000467,7.043024830000467,7.043024830000467,7.043024830000467,0.0,7.043024830000467,7.043024830000467,1,18.27812450000056,18.27812450000056,18.27812450000056,18.27812450000056,0.0,18.27812450000056,18.27812450000056,,,,,,,,,1,70.43024830000468,70.43024830000468,70.43024830000468,70.43024830000468,0.0,70.43024830000468,70.43024830000468,1,131.0735480000003,131.0735480000003,131.0735480000003,131.0735480000003,0.0,131.0735480000003,131.0735480000003
controlled_mutations_data_order_price_online,smt_smt,component_006_events_0031_objects_0015.jsonocel,,1,0,0,0,0,0,0,,fresh_offline_alignment,1,18.760014299999966,18.760014299999966,18.760014299999966,18.760014299999966,0.0,18.760014299999966,18.760014299999966,1,1.2506676199999978,1.2506676199999978,1.2506676199999978,1.2506676199999978,0.0,1.2506676199999978,1.2506676199999978,1,2.432611400001406,2.432611400001406,2.432611400001406,2.432611400001406,0.0,2.432611400001406,2.432611400001406,,,,,,,,,1,18.760014299999966,18.760014299999966,18.760014299999966,18.760014299999966,0.0,18.760014299999966,18.760014299999966,1,80.24188180000056,80.24188180000056,80.24188180000056,80.24188180000056,0.0,80.24188180000056,80.24188180000056
controlled_mutations_data_order_price_online,smt_smt,component_009_events_0015_objects_0008.jsonocel,,1,0,0,0,0,0,0,,fresh_offline_alignment,1,89.53277750000234,89.53277750000234,89.53277750000234,89.53277750000234,0.0,89.53277750000234,89.53277750000234,1,8.139343409091122,8.139343409091122,8.139343409091122,8.139343409091122,0.0,8.139343409091122,8.139343409091122,1,35.443852600001264,35.443852600001264,35.443852600001264,35.443852600001264,0.0,35.443852600001264,35.443852600001264,,,,,,,,,1,89.53277750000234,89.53277750000234,89.53277750000234,89.53277750000234,0.0,89.53277750000234,89.53277750000234,1,150.18982380000125,150.18982380000125,150.18982380000125,150.18982380000125,0.0,150.18982380000125,150.18982380000125
controlled_mutations_data_order_price_online,smt_smt,component_011_events_0028_objects_0017.jsonocel,,1,0,0,0,0,0,0,,fresh_offline_alignment,1,80.74628240000675,80.74628240000675,80.74628240000675,80.74628240000675,0.0,80.74628240000675,80.74628240000675,1,3.6702855636366705,3.6702855636366705,3.6702855636366705,3.6702855636366705,0.0,3.6702855636366705,3.6702855636366705,1,27.831293499999447,27.831293499999447,27.831293499999447,27.831293499999447,0.0,27.831293499999447,27.831293499999447,,,,,,,,,1,80.74628240000675,80.74628240000675,80.74628240000675,80.74628240000675,0.0,80.74628240000675,80.74628240000675,1,142.39897669999846,142.39897669999846,142.39897669999846,142.39897669999846,0.0,142.39897669999846,142.39897669999846
controlled_mutations_data_order_price_online,smt_smt,component_014_events_0102_objects_0053.jsonocel,,1,0,0,0,0,0,0,,fresh_offline_alignment,1,8.55395600000702,8.55395600000702,8.55395600000702,8.55395600000702,0.0,8.55395600000702,8.55395600000702,1,0.7776323636370018,0.7776323636370018,0.7776323636370018,0.7776323636370018,0.0,0.7776323636370018,0.7776323636370018,1,0.9537380000001576,0.9537380000001576,0.9537380000001576,0.9537380000001576,0.0,0.9537380000001576,0.9537380000001576,,,,,,,,,1,8.55395600000702,8.55395600000702,8.55395600000702,8.55395600000702,0.0,8.55395600000702,8.55395600000702,1,69.11628109999947,69.11628109999947,69.11628109999947,69.11628109999947,0.0,69.11628109999947,69.11628109999947
controlled_mutations_data_order_price_online,smt_smt,component_020_events_0022_objects_0009.jsonocel,,1,0,0,0,0,0,0,,fresh_offline_alignment,1,109.45626029999403,109.45626029999403,109.45626029999403,109.45626029999403,0.0,109.45626029999403,109.45626029999403,1,9.950569118181276,9.950569118181276,9.950569118181276,9.950569118181276,0.0,9.950569118181276,9.950569118181276,1,42.85734189999857,42.85734189999857,42.85734189999857,42.85734189999857,0.0,42.85734189999857,42.85734189999857,,,,,,,,,1,109.45626029999403,109.45626029999403,109.45626029999403,109.45626029999403,0.0,109.45626029999403,109.45626029999403,1,171.0051983000012,171.0051983000012,171.0051983000012,171.0051983000012,0.0,171.0051983000012,171.0051983000012
controlled_mutations_data_order_price_online,smt_smt,component_021_events_0013_objects_0005.jsonocel,,1,1,0,0,0,0,1,,fresh_offline_alignment,1,71.39917060000153,71.39917060000153,71.39917060000153,71.39917060000153,0.0,71.39917060000153,71.39917060000153,1,5.49224389230781,5.49224389230781,5.49224389230781,5.49224389230781,0.0,5.49224389230781,5.49224389230781,1,26.46618049999961,26.46618049999961,26.46618049999961,26.46618049999961,0.0,26.46618049999961,26.46618049999961,1,0.0,0.0,0.0,0.0,0.0,0.0,0.0,1,71.39917060000153,71.39917060000153,71.39917060000153,71.39917060000153,0.0,71.39917060000153,71.39917060000153,1,72.23942729999908,72.23942729999908,72.23942729999908,72.23942729999908,0.0,72.23942729999908,72.23942729999908
controlled_mutations_data_order_price_online,smt_smt,component_024_events_0010_objects_0005.jsonocel,,1,1,0,0,0,0,1,,fresh_offline_alignment,1,35.153335900002276,35.153335900002276,35.153335900002276,35.153335900002276,0.0,35.153335900002276,35.153335900002276,1,3.5153335900002274,3.5153335900002274,3.5153335900002274,3.5153335900002274,0.0,3.5153335900002274,3.5153335900002274,1,13.373271500000556,13.373271500000556,13.373271500000556,13.373271500000556,0.0,13.373271500000556,13.373271500000556,1,0.0,0.0,0.0,0.0,0.0,0.0,0.0,1,35.153335900002276,35.153335900002276,35.153335900002276,35.153335900002276,0.0,35.153335900002276,35.153335900002276,1,35.91706129999875,35.91706129999875,35.91706129999875,35.91706129999875,0.0,35.91706129999875,35.91706129999875
controlled_mutations_data_order_price_online,smt_smt,component_028_events_0012_objects_0008.jsonocel,,1,0,0,0,0,0,0,,fresh_offline_alignment,1,60.37625450000996,60.37625450000996,60.37625450000996,60.37625450000996,0.0,60.37625450000996,60.37625450000996,1,6.70847272222333,6.70847272222333,6.70847272222333,6.70847272222333,0.0,6.70847272222333,6.70847272222333,1,33.462254800000665,33.462254800000665,33.462254800000665,33.462254800000665,0.0,33.462254800000665,33.462254800000665,,,,,,,,,1,60.37625450000996,60.37625450000996,60.37625450000996,60.37625450000996,0.0,60.37625450000996,60.37625450000996,1,120.985719100001,120.985719100001,120.985719100001,120.985719100001,0.0,120.985719100001,120.985719100001
controlled_mutations_data_order_price_online,smt_smt,component_029_events_0021_objects_0010.jsonocel,,1,0,0,0,0,0,0,,fresh_offline_alignment,1,77.40263400000549,77.40263400000549,77.40263400000549,77.40263400000549,0.0,77.40263400000549,77.40263400000549,1,7.740263400000549,7.740263400000549,7.740263400000549,7.740263400000549,0.0,7.740263400000549,7.740263400000549,1,29.035785500000202,29.035785500000202,29.035785500000202,29.035785500000202,0.0,29.035785500000202,29.035785500000202,,,,,,,,,1,77.40263400000549,77.40263400000549,77.40263400000549,77.40263400000549,0.0,77.40263400000549,77.40263400000549,1,138.90832149999915,138.90832149999915,138.90832149999915,138.90832149999915,0.0,138.90832149999915,138.90832149999915
controlled_mutations_data_order_price_online,smt_smt,component_030_events_0061_objects_0033.jsonocel,,1,0,0,0,0,0,0,,fresh_offline_alignment,1,14.778557700003148,14.778557700003148,14.778557700003148,14.778557700003148,0.0,14.778557700003148,14.778557700003148,1,1.4778557700003148,1.4778557700003148,1.4778557700003148,1.4778557700003148,0.0,1.4778557700003148,1.4778557700003148,1,3.2378682999988087,3.2378682999988087,3.2378682999988087,3.2378682999988087,0.0,3.2378682999988087,3.2378682999988087,,,,,,,,,1,14.778557700003148,14.778557700003148,14.778557700003148,14.778557700003148,0.0,14.778557700003148,14.778557700003148,1,75.4161516000022,75.4161516000022,75.4161516000022,75.4161516000022,0.0,75.4161516000022,75.4161516000022
controlled_mutations_data_order_price_online,smt_smt,component_031_events_0009_objects_0005.jsonocel,,1,1,0,0,0,0,1,,fresh_offline_alignment,1,18.773097499994037,18.773097499994037,18.773097499994037,18.773097499994037,0.0,18.773097499994037,18.773097499994037,1,2.08589972222156,2.08589972222156,2.08589972222156,2.08589972222156,0.0,2.08589972222156,2.08589972222156,1,6.8660766999964835,6.8660766999964835,6.8660766999964835,6.8660766999964835,0.0,6.8660766999964835,6.8660766999964835,1,0.0,0.0,0.0,0.0,0.0,0.0,0.0,1,18.773097499994037,18.773097499994037,18.773097499994037,18.773097499994037,0.0,18.773097499994037,18.773097499994037,1,20.212373000002117,20.212373000002117,20.212373000002117,20.212373000002117,0.0,20.212373000002117,20.212373000002117
controlled_mutations_data_order_price_online,smt_smt,component_032_events_0007_objects_0003.jsonocel,,1,1,0,0,0,0,1,,fresh_offline_alignment,1,3.6660153000011633,3.6660153000011633,3.6660153000011633,3.6660153000011633,0.0,3.6660153000011633,3.6660153000011633,1,0.5237164714287376,0.5237164714287376,0.5237164714287376,0.5237164714287376,0.0,0.5237164714287376,0.5237164714287376,1,0.8752181999989261,0.8752181999989261,0.8752181999989261,0.8752181999989261,0.0,0.8752181999989261,0.8752181999989261,1,0.0,0.0,0.0,0.0,0.0,0.0,0.0,1,3.6660153000011633,3.6660153000011633,3.6660153000011633,3.6660153000011633,0.0,3.6660153000011633,3.6660153000011633,1,4.136514099998749,4.136514099998749,4.136514099998749,4.136514099998749,0.0,4.136514099998749,4.136514099998749
controlled_mutations_data_order_price_online,smt_smt,component_036_events_0017_objects_0008.jsonocel,,1,0,0,0,0,0,2,,fresh_offline_alignment,1,63.98022149999815,63.98022149999815,63.98022149999815,63.98022149999815,0.0,63.98022149999815,63.98022149999815,1,7.108913499999795,7.108913499999795,7.108913499999795,7.108913499999795,0.0,7.108913499999795,7.108913499999795,1,46.44381399999838,46.44381399999838,46.44381399999838,46.44381399999838,0.0,46.44381399999838,46.44381399999838,,,,,,,,,1,63.98022149999815,63.98022149999815,63.98022149999815,63.98022149999815,0.0,63.98022149999815,63.98022149999815,1,125.48671349999859,125.48671349999859,125.48671349999859,125.48671349999859,0.0,125.48671349999859,125.48671349999859
controlled_mutations_data_order_price_online,smt_smt,component_037_events_0012_objects_0006.jsonocel,,1,1,0,0,0,0,1,,fresh_offline_alignment,1,88.68273330000011,88.68273330000011,88.68273330000011,88.68273330000011,0.0,88.68273330000011,88.68273330000011,1,7.390227775000009,7.390227775000009,7.390227775000009,7.390227775000009,0.0,7.390227775000009,7.390227775000009,1,46.11904620000132,46.11904620000132,46.11904620000132,46.11904620000132,0.0,46.11904620000132,46.11904620000132,1,0.0,0.0,0.0,0.0,0.0,0.0,0.0,1,88.68273330000011,88.68273330000011,88.68273330000011,88.68273330000011,0.0,88.68273330000011,88.68273330000011,1,89.2464218999994,89.2464218999994,89.2464218999994,89.2464218999994,0.0,89.2464218999994,89.2464218999994
controlled_mutations_data_order_price_online,smt_smt,component_038_events_0008_objects_0004.jsonocel,,1,1,0,0,0,0,1,,fresh_offline_alignment,1,7.684286500003509,7.684286500003509,7.684286500003509,7.684286500003509,0.0,7.684286500003509,7.684286500003509,1,0.9605358125004386,0.9605358125004386,0.9605358125004386,0.9605358125004386,0.0,0.9605358125004386,0.9605358125004386,1,2.027373600001738,2.027373600001738,2.027373600001738,2.027373600001738,0.0,2.027373600001738,2.027373600001738,1,0.0,0.0,0.0,0.0,0.0,0.0,0.0,1,7.684286500003509,7.684286500003509,7.684286500003509,7.684286500003509,0.0,7.684286500003509,7.684286500003509,1,9.080031400000735,9.080031400000735,9.080031400000735,9.080031400000735,0.0,9.080031400000735,9.080031400000735
controlled_mutations_data_order_price_online,smt_smt,component_042_events_0009_objects_0005.jsonocel,,1,1,0,0,0,0,1,,fresh_offline_alignment,1,20.509380299998156,20.509380299998156,20.509380299998156,20.509380299998156,0.0,20.509380299998156,20.509380299998156,1,2.2788200333331283,2.2788200333331283,2.2788200333331283,2.2788200333331283,0.0,2.2788200333331283,2.2788200333331283,1,8.368491500001255,8.368491500001255,8.368491500001255,8.368491500001255,0.0,8.368491500001255,8.368491500001255,1,0.0,0.0,0.0,0.0,0.0,0.0,0.0,1,20.509380299998156,20.509380299998156,20.509380299998156,20.509380299998156,0.0,20.509380299998156,20.509380299998156,1,21.010163400002057,21.010163400002057,21.010163400002057,21.010163400002057,0.0,21.010163400002057,21.010163400002057
controlled_mutations_data_order_price_online,smt_smt,component_048_events_0011_objects_0007.jsonocel,,1,1,0,0,0,0,1,,fresh_offline_alignment,1,103.8982382000031,103.8982382000031,103.8982382000031,103.8982382000031,0.0,103.8982382000031,103.8982382000031,1,9.445294381818464,9.445294381818464,9.445294381818464,9.445294381818464,0.0,9.445294381818464,9.445294381818464,1,54.40235240000038,54.40235240000038,54.40235240000038,54.40235240000038,0.0,54.40235240000038,54.40235240000038,1,0.0,0.0,0.0,0.0,0.0,0.0,0.0,1,103.8982382000031,103.8982382000031,103.8982382000031,103.8982382000031,0.0,103.8982382000031,103.8982382000031,1,105.39490989999831,105.39490989999831,105.39490989999831,105.39490989999831,0.0,105.39490989999831,105.39490989999831
controlled_mutations_data_order_price_online,smt_smt,component_050_events_0008_objects_0004.jsonocel,,1,1,0,0,0,0,1,,fresh_offline_alignment,1,8.43177029999788,8.43177029999788,8.43177029999788,8.43177029999788,0.0,8.43177029999788,8.43177029999788,1,1.053971287499735,1.053971287499735,1.053971287499735,1.053971287499735,0.0,1.053971287499735,1.053971287499735,1,2.4697879000013927,2.4697879000013927,2.4697879000013927,2.4697879000013927,0.0,2.4697879000013927,2.4697879000013927,1,0.0,0.0,0.0,0.0,0.0,0.0,0.0,1,8.43177029999788,8.43177029999788,8.43177029999788,8.43177029999788,0.0,8.43177029999788,8.43177029999788,1,8.959008599998924,8.959008599998924,8.959008599998924,8.959008599998924,0.0,8.959008599998924,8.959008599998924
controlled_mutations_data_order_price_online,smt_smt,component_051_events_0011_objects_0007.jsonocel,,1,1,0,0,0,0,1,,fresh_offline_alignment,1,109.75781659999484,109.75781659999484,109.75781659999484,109.75781659999484,0.0,109.75781659999484,109.75781659999484,1,9.977983327272257,9.977983327272257,9.977983327272257,9.977983327272257,0.0,9.977983327272257,9.977983327272257,1,42.88725619999968,42.88725619999968,42.88725619999968,42.88725619999968,0.0,42.88725619999968,42.88725619999968,1,0.0,0.0,0.0,0.0,0.0,0.0,0.0,1,109.75781659999484,109.75781659999484,109.75781659999484,109.75781659999484,0.0,109.75781659999484,109.75781659999484,1,110.41204140000264,110.41204140000264,110.41204140000264,110.41204140000264,0.0,110.41204140000264,110.41204140000264
controlled_mutations_data_order_price_online,smt_smt,component_057_events_0011_objects_0005.jsonocel,,1,1,0,0,0,0,1,,fresh_offline_alignment,1,29.337039799997,29.337039799997,29.337039799997,29.337039799997,0.0,29.337039799997,29.337039799997,1,2.6670036181815457,2.6670036181815457,2.6670036181815457,2.6670036181815457,0.0,2.6670036181815457,2.6670036181815457,1,10.3768029999992,10.3768029999992,10.3768029999992,10.3768029999992,0.0,10.3768029999992,10.3768029999992,1,0.0,0.0,0.0,0.0,0.0,0.0,0.0,1,29.337039799997,29.337039799997,29.337039799997,29.337039799997,0.0,29.337039799997,29.337039799997,1,29.958766400002787,29.958766400002787,29.958766400002787,29.958766400002787,0.0,29.958766400002787,29.958766400002787
controlled_mutations_data_order_price_online,smt_smt,component_058_events_0009_objects_0005.jsonocel,,1,1,0,0,0,0,1,,fresh_offline_alignment,1,18.23363260000042,18.23363260000042,18.23363260000042,18.23363260000042,0.0,18.23363260000042,18.23363260000042,1,2.0259591777778243,2.0259591777778243,2.0259591777778243,2.0259591777778243,0.0,2.0259591777778243,2.0259591777778243,1,6.705535600001895,6.705535600001895,6.705535600001895,6.705535600001895,0.0,6.705535600001895,6.705535600001895,1,0.0,0.0,0.0,0.0,0.0,0.0,0.0,1,18.23363260000042,18.23363260000042,18.23363260000042,18.23363260000042,0.0,18.23363260000042,18.23363260000042,1,18.80469449999873,18.80469449999873,18.80469449999873,18.80469449999873,0.0,18.80469449999873,18.80469449999873
controlled_mutations_data_order_price_online,smt_smt,component_059_events_0010_objects_0006.jsonocel,,1,1,0,0,0,0,1,,fresh_offline_alignment,1,41.399508300008165,41.399508300008165,41.399508300008165,41.399508300008165,0.0,41.399508300008165,41.399508300008165,1,4.139950830000816,4.139950830000816,4.139950830000816,4.139950830000816,0.0,4.139950830000816,4.139950830000816,1,19.0717865000006,19.0717865000006,19.0717865000006,19.0717865000006,0.0,19.0717865000006,19.0717865000006,1,0.0,0.0,0.0,0.0,0.0,0.0,0.0,1,41.399508300008165,41.399508300008165,41.399508300008165,41.399508300008165,0.0,41.399508300008165,41.399508300008165,1,42.01091280000037,42.01091280000037,42.01091280000037,42.01091280000037,0.0,42.01091280000037,42.01091280000037
controlled_mutations_data_order_price_online,smt_smt,component_061_events_0007_objects_0003.jsonocel,,1,1,0,0,0,0,1,,fresh_offline_alignment,1,3.6103846000041813,3.6103846000041813,3.6103846000041813,3.6103846000041813,0.0,3.6103846000041813,3.6103846000041813,1,0.5157692285720259,0.5157692285720259,0.5157692285720259,0.5157692285720259,0.0,0.5157692285720259,0.5157692285720259,1,0.9224414000018442,0.9224414000018442,0.9224414000018442,0.9224414000018442,0.0,0.9224414000018442,0.9224414000018442,1,0.0,0.0,0.0,0.0,0.0,0.0,0.0,1,3.6103846000041813,3.6103846000041813,3.6103846000041813,3.6103846000041813,0.0,3.6103846000041813,3.6103846000041813,1,5.038419000000431,5.038419000000431,5.038419000000431,5.038419000000431,0.0,5.038419000000431,5.038419000000431
controlled_mutations_data_order_price_online,smt_smt,component_063_events_0035_objects_0019.jsonocel,,1,0,0,0,0,0,1,,fresh_offline_alignment,1,12.714510100002371,12.714510100002371,12.714510100002371,12.714510100002371,0.0,12.714510100002371,12.714510100002371,1,0.577932277272835,0.577932277272835,0.577932277272835,0.577932277272835,0.0,0.577932277272835,0.577932277272835,1,0.8885086000009323,0.8885086000009323,0.8885086000009323,0.8885086000009323,0.0,0.8885086000009323,0.8885086000009323,,,,,,,,,1,12.714510100002371,12.714510100002371,12.714510100002371,12.714510100002371,0.0,12.714510100002371,12.714510100002371,1,73.4424958999989,73.4424958999989,73.4424958999989,73.4424958999989,0.0,73.4424958999989,73.4424958999989
controlled_mutations_data_order_price_online,smt_smt,component_064_events_0116_objects_0055.jsonocel,,1,0,0,0,0,0,0,,fresh_offline_alignment,1,68.13024090000545,68.13024090000545,68.13024090000545,68.13024090000545,0.0,68.13024090000545,68.13024090000545,1,4.542016060000363,4.542016060000363,4.542016060000363,4.542016060000363,0.0,4.542016060000363,4.542016060000363,1,12.421175399998901,12.421175399998901,12.421175399998901,12.421175399998901,0.0,12.421175399998901,12.421175399998901,,,,,,,,,1,68.13024090000545,68.13024090000545,68.13024090000545,68.13024090000545,0.0,68.13024090000545,68.13024090000545,1,129.65702889999739,129.65702889999739,129.65702889999739,129.65702889999739,0.0,129.65702889999739,129.65702889999739
controlled_mutations_data_order_price_online,smt_smt,component_065_events_0098_objects_0050.jsonocel,,1,0,0,0,0,0,1,,fresh_offline_alignment,1,17.645439500014618,17.645439500014618,17.645439500014618,17.645439500014618,0.0,17.645439500014618,17.645439500014618,1,1.0379670294126246,1.0379670294126246,1.0379670294126246,1.0379670294126246,0.0,1.0379670294126246,1.0379670294126246,1,1.7438507000006211,1.7438507000006211,1.7438507000006211,1.7438507000006211,0.0,1.7438507000006211,1.7438507000006211,,,,,,,,,1,17.645439500014618,17.645439500014618,17.645439500014618,17.645439500014618,0.0,17.645439500014618,17.645439500014618,1,78.32230830000117,78.32230830000117,78.32230830000117,78.32230830000117,0.0,78.32230830000117,78.32230830000117
controlled_mutations_data_order_price_online,smt_smt,component_066_events_0011_objects_0006.jsonocel,,1,1,0,0,0,0,1,,fresh_offline_alignment,1,69.3527353999998,69.3527353999998,69.3527353999998,69.3527353999998,0.0,69.3527353999998,69.3527353999998,1,6.304794127272709,6.304794127272709,6.304794127272709,6.304794127272709,0.0,6.304794127272709,6.304794127272709,1,19.180103799997596,19.180103799997596,19.180103799997596,19.180103799997596,0.0,19.180103799997596,19.180103799997596,1,0.0,0.0,0.0,0.0,0.0,0.0,0.0,1,69.3527353999998,69.3527353999998,69.3527353999998,69.3527353999998,0.0,69.3527353999998,69.3527353999998,1,70.8914466999995,70.8914466999995,70.8914466999995,70.8914466999995,0.0,70.8914466999995,70.8914466999995
controlled_mutations_data_order_price_online,smt_smt,component_067_events_0063_objects_0031.jsonocel,,1,0,0,0,0,0,0,,fresh_offline_alignment,1,11.872675400012668,11.872675400012668,11.872675400012668,11.872675400012668,0.0,11.872675400012668,11.872675400012668,1,0.9132827230778975,0.9132827230778975,0.9132827230778975,0.9132827230778975,0.0,0.9132827230778975,0.9132827230778975,1,1.5851228999999876,1.5851228999999876,1.5851228999999876,1.5851228999999876,0.0,1.5851228999999876,1.5851228999999876,,,,,,,,,1,11.872675400012668,11.872675400012668,11.872675400012668,11.872675400012668,0.0,11.872675400012668,11.872675400012668,1,72.48633320000226,72.48633320000226,72.48633320000226,72.48633320000226,0.0,72.48633320000226,72.48633320000226
controlled_mutations_data_order_price_online,smt_smt,component_068_events_0009_objects_0005.jsonocel,,1,1,0,0,0,0,1,,fresh_offline_alignment,1,15.966638499994588,15.966638499994588,15.966638499994588,15.966638499994588,0.0,15.966638499994588,15.966638499994588,1,1.7740709444438432,1.7740709444438432,1.7740709444438432,1.7740709444438432,0.0,1.7740709444438432,1.7740709444438432,1,5.179851000000781,5.179851000000781,5.179851000000781,5.179851000000781,0.0,5.179851000000781,5.179851000000781,1,0.0,0.0,0.0,0.0,0.0,0.0,0.0,1,15.966638499994588,15.966638499994588,15.966638499994588,15.966638499994588,0.0,15.966638499994588,15.966638499994588,1,17.41636110000036,17.41636110000036,17.41636110000036,17.41636110000036,0.0,17.41636110000036,17.41636110000036
controlled_mutations_data_package_weight_online,smt_smt,component_001_events_0030_objects_0020.jsonocel,,1,0,0,0,0,0,0,,fresh_offline_alignment,1,35.08564670000851,35.08564670000851,35.08564670000851,35.08564670000851,0.0,35.08564670000851,35.08564670000851,1,1.3494479500003274,1.3494479500003274,1.3494479500003274,1.3494479500003274,0.0,1.3494479500003274,1.3494479500003274,1,4.789957300003152,4.789957300003152,4.789957300003152,4.789957300003152,0.0,4.789957300003152,4.789957300003152,,,,,,,,,1,35.08564670000851,35.08564670000851,35.08564670000851,35.08564670000851,0.0,35.08564670000851,35.08564670000851,1,95.90828820000024,95.90828820000024,95.90828820000024,95.90828820000024,0.0,95.90828820000024,95.90828820000024
controlled_mutations_data_package_weight_online,smt_smt,component_002_events_0028_objects_0013.jsonocel,,1,0,0,0,0,0,0,,fresh_offline_alignment,1,66.57767989999775,66.57767989999775,66.57767989999775,66.57767989999775,0.0,66.57767989999775,66.57767989999775,1,3.9163341117645736,3.9163341117645736,3.9163341117645736,3.9163341117645736,0.0,3.9163341117645736,3.9163341117645736,1,17.23663899999883,17.23663899999883,17.23663899999883,17.23663899999883,0.0,17.23663899999883,17.23663899999883,,,,,,,,,1,66.57767989999775,66.57767989999775,66.57767989999775,66.57767989999775,0.0,66.57767989999775,66.57767989999775,1,128.1832761000005,128.1832761000005,128.1832761000005,128.1832761000005,0.0,128.1832761000005,128.1832761000005
controlled_mutations_data_package_weight_online,smt_smt,component_003_events_0022_objects_0011.jsonocel,,1,0,0,0,0,0,0,,fresh_offline_alignment,1,112.93891520000034,112.93891520000034,112.93891520000034,112.93891520000034,0.0,112.93891520000034,112.93891520000034,1,10.26717410909094,10.26717410909094,10.26717410909094,10.26717410909094,0.0,10.26717410909094,10.26717410909094,1,42.106184100000974,42.106184100000974,42.106184100000974,42.106184100000974,0.0,42.106184100000974,42.106184100000974,,,,,,,,,1,112.93891520000034,112.93891520000034,112.93891520000034,112.93891520000034,0.0,112.93891520000034,112.93891520000034,1,173.56004830000165,173.56004830000165,173.56004830000165,173.56004830000165,0.0,173.56004830000165,173.56004830000165
controlled_mutations_data_package_weight_online,smt_smt,component_004_events_0013_objects_0009.jsonocel,,1,0,0,0,0,0,0,,fresh_offline_alignment,1,71.53884459999972,71.53884459999972,71.53884459999972,71.53884459999972,0.0,71.53884459999972,71.53884459999972,1,7.153884459999972,7.153884459999972,7.153884459999972,7.153884459999972,0.0,7.153884459999972,7.153884459999972,1,18.140093300000444,18.140093300000444,18.140093300000444,18.140093300000444,0.0,18.140093300000444,18.140093300000444,,,,,,,,,1,71.53884459999972,71.53884459999972,71.53884459999972,71.53884459999972,0.0,71.53884459999972,71.53884459999972,1,133.04198820000238,133.04198820000238,133.04198820000238,133.04198820000238,0.0,133.04198820000238,133.04198820000238
controlled_mutations_data_package_weight_online,smt_smt,component_005_events_0035_objects_0016.jsonocel,,1,0,0,0,0,0,0,,fresh_offline_alignment,1,135.87485620000007,135.87485620000007,135.87485620000007,135.87485620000007,0.0,135.87485620000007,135.87485620000007,1,11.32290468333334,11.32290468333334,11.32290468333334,11.32290468333334,0.0,11.32290468333334,11.32290468333334,1,56.363583800000924,56.363583800000924,56.363583800000924,56.363583800000924,0.0,56.363583800000924,56.363583800000924,,,,,,,,,1,135.87485620000007,135.87485620000007,135.87485620000007,135.87485620000007,0.0,135.87485620000007,135.87485620000007,1,196.53826449999906,196.53826449999906,196.53826449999906,196.53826449999906,0.0,196.53826449999906,196.53826449999906
controlled_mutations_data_package_weight_online,smt_smt,component_006_events_0031_objects_0015.jsonocel,,1,0,0,0,0,0,0,,fresh_offline_alignment,1,17.849695800003246,17.849695800003246,17.849695800003246,17.849695800003246,0.0,17.849695800003246,17.849695800003246,1,1.1899797200002165,1.1899797200002165,1.1899797200002165,1.1899797200002165,0.0,1.1899797200002165,1.1899797200002165,1,1.9670212000019092,1.9670212000019092,1.9670212000019092,1.9670212000019092,0.0,1.9670212000019092,1.9670212000019092,,,,,,,,,1,17.849695800003246,17.849695800003246,17.849695800003246,17.849695800003246,0.0,17.849695800003246,17.849695800003246,1,79.4169531999978,79.4169531999978,79.4169531999978,79.4169531999978,0.0,79.4169531999978,79.4169531999978
controlled_mutations_data_package_weight_online,smt_smt,component_009_events_0015_objects_0008.jsonocel,,1,0,0,0,0,0,1,,fresh_offline_alignment,1,89.09462430000349,89.09462430000349,89.09462430000349,89.09462430000349,0.0,89.09462430000349,89.09462430000349,1,8.099511300000318,8.099511300000318,8.099511300000318,8.099511300000318,0.0,8.099511300000318,8.099511300000318,1,41.23047620000216,41.23047620000216,41.23047620000216,41.23047620000216,0.0,41.23047620000216,41.23047620000216,,,,,,,,,1,89.09462430000349,89.09462430000349,89.09462430000349,89.09462430000349,0.0,89.09462430000349,89.09462430000349,1,149.63933339999858,149.63933339999858,149.63933339999858,149.63933339999858,0.0,149.63933339999858,149.63933339999858
controlled_mutations_data_package_weight_online,smt_smt,component_011_events_0028_objects_0017.jsonocel,,1,0,0,0,0,0,0,,fresh_offline_alignment,1,46.02490200000466,46.02490200000466,46.02490200000466,46.02490200000466,0.0,46.02490200000466,46.02490200000466,1,2.092041000000212,2.092041000000212,2.092041000000212,2.092041000000212,0.0,2.092041000000212,2.092041000000212,1,8.167686499997217,8.167686499997217,8.167686499997217,8.167686499997217,0.0,8.167686499997217,8.167686499997217,,,,,,,,,1,46.02490200000466,46.02490200000466,46.02490200000466,46.02490200000466,0.0,46.02490200000466,46.02490200000466,1,107.77338109999982,107.77338109999982,107.77338109999982,107.77338109999982,0.0,107.77338109999982,107.77338109999982
controlled_mutations_data_package_weight_online,smt_smt,component_014_events_0102_objects_0053.jsonocel,,1,0,0,0,0,0,0,,fresh_offline_alignment,1,8.302106200007984,8.302106200007984,8.302106200007984,8.302106200007984,0.0,8.302106200007984,8.302106200007984,1,0.7547369272734531,0.7547369272734531,0.7547369272734531,0.7547369272734531,0.0,0.7547369272734531,0.7547369272734531,1,0.9857234000010067,0.9857234000010067,0.9857234000010067,0.9857234000010067,0.0,0.9857234000010067,0.9857234000010067,,,,,,,,,1,8.302106200007984,8.302106200007984,8.302106200007984,8.302106200007984,0.0,8.302106200007984,8.302106200007984,1,68.90118289999737,68.90118289999737,68.90118289999737,68.90118289999737,0.0,68.90118289999737,68.90118289999737
controlled_mutations_data_package_weight_online,smt_smt,component_020_events_0022_objects_0009.jsonocel,,1,0,0,0,0,0,0,,fresh_offline_alignment,1,93.09621269999843,93.09621269999843,93.09621269999843,93.09621269999843,0.0,93.09621269999843,93.09621269999843,1,8.46329206363622,8.46329206363622,8.46329206363622,8.46329206363622,0.0,8.46329206363622,8.46329206363622,1,35.128691800000524,35.128691800000524,35.128691800000524,35.128691800000524,0.0,35.128691800000524,35.128691800000524,,,,,,,,,1,93.09621269999843,93.09621269999843,93.09621269999843,93.09621269999843,0.0,93.09621269999843,93.09621269999843,1,154.68299939999997,154.68299939999997,154.68299939999997,154.68299939999997,0.0,154.68299939999997,154.68299939999997
controlled_mutations_data_package_weight_online,smt_smt,component_021_events_0013_objects_0005.jsonocel,,1,1,0,0,0,0,1,,fresh_offline_alignment,1,52.06766470000366,52.06766470000366,52.06766470000366,52.06766470000366,0.0,52.06766470000366,52.06766470000366,1,4.005204976923358,4.005204976923358,4.005204976923358,4.005204976923358,0.0,4.005204976923358,4.005204976923358,1,17.88679029999912,17.88679029999912,17.88679029999912,17.88679029999912,0.0,17.88679029999912,17.88679029999912,1,0.0,0.0,0.0,0.0,0.0,0.0,0.0,1,52.06766470000366,52.06766470000366,52.06766470000366,52.06766470000366,0.0,52.06766470000366,52.06766470000366,1,52.74421019999863,52.74421019999863,52.74421019999863,52.74421019999863,0.0,52.74421019999863,52.74421019999863
controlled_mutations_data_package_weight_online,smt_smt,component_024_events_0010_objects_0005.jsonocel,,1,1,0,0,0,0,1,,fresh_offline_alignment,1,42.642300899991824,42.642300899991824,42.642300899991824,42.642300899991824,0.0,42.642300899991824,42.642300899991824,1,4.264230089999183,4.264230089999183,4.264230089999183,4.264230089999183,0.0,4.264230089999183,4.264230089999183,1,11.241091599997162,11.241091599997162,11.241091599997162,11.241091599997162,0.0,11.241091599997162,11.241091599997162,1,0.0,0.0,0.0,0.0,0.0,0.0,0.0,1,42.642300899991824,42.642300899991824,42.642300899991824,42.642300899991824,0.0,42.642300899991824,42.642300899991824,1,43.18532819999746,43.18532819999746,43.18532819999746,43.18532819999746,0.0,43.18532819999746,43.18532819999746
controlled_mutations_data_package_weight_online,smt_smt,component_028_events_0012_objects_0008.jsonocel,,1,0,0,0,0,0,1,,fresh_offline_alignment,1,70.05434920001062,70.05434920001062,70.05434920001062,70.05434920001062,0.0,70.05434920001062,70.05434920001062,1,7.005434920001062,7.005434920001062,7.005434920001062,7.005434920001062,0.0,7.005434920001062,7.005434920001062,1,34.88040660000115,34.88040660000115,34.88040660000115,34.88040660000115,0.0,34.88040660000115,34.88040660000115,,,,,,,,,1,70.05434920001062,70.05434920001062,70.05434920001062,70.05434920001062,0.0,70.05434920001062,70.05434920001062,1,131.58962809999866,131.58962809999866,131.58962809999866,131.58962809999866,0.0,131.58962809999866,131.58962809999866
controlled_mutations_data_package_weight_online,smt_smt,component_029_events_0021_objects_0010.jsonocel,,1,0,0,0,0,0,1,,fresh_offline_alignment,1,64.83251330000348,64.83251330000348,64.83251330000348,64.83251330000348,0.0,64.83251330000348,64.83251330000348,1,6.483251330000348,6.483251330000348,6.483251330000348,6.483251330000348,0.0,6.483251330000348,6.483251330000348,1,28.535096600000543,28.535096600000543,28.535096600000543,28.535096600000543,0.0,28.535096600000543,28.535096600000543,,,,,,,,,1,64.83251330000348,64.83251330000348,64.83251330000348,64.83251330000348,0.0,64.83251330000348,64.83251330000348,1,125.43556609999723,125.43556609999723,125.43556609999723,125.43556609999723,0.0,125.43556609999723,125.43556609999723
controlled_mutations_data_package_weight_online,smt_smt,component_030_events_0061_objects_0033.jsonocel,,1,0,0,0,0,0,0,,fresh_offline_alignment,1,14.975311200007127,14.975311200007127,14.975311200007127,14.975311200007127,0.0,14.975311200007127,14.975311200007127,1,1.4975311200007126,1.4975311200007126,1.4975311200007126,1.4975311200007126,0.0,1.4975311200007126,1.4975311200007126,1,3.2501986999996006,3.2501986999996006,3.2501986999996006,3.2501986999996006,0.0,3.2501986999996006,3.2501986999996006,,,,,,,,,1,14.975311200007127,14.975311200007127,14.975311200007127,14.975311200007127,0.0,14.975311200007127,14.975311200007127,1,76.45381569999881,76.45381569999881,76.45381569999881,76.45381569999881,0.0,76.45381569999881,76.45381569999881
controlled_mutations_data_package_weight_online,smt_smt,component_031_events_0009_objects_0005.jsonocel,,1,1,0,0,0,0,1,,fresh_offline_alignment,1,16.460373600006278,16.460373600006278,16.460373600006278,16.460373600006278,0.0,16.460373600006278,16.460373600006278,1,1.8289304000006976,1.8289304000006976,1.8289304000006976,1.8289304000006976,0.0,1.8289304000006976,1.8289304000006976,1,5.090591800002585,5.090591800002585,5.090591800002585,5.090591800002585,0.0,5.090591800002585,5.090591800002585,1,0.0,0.0,0.0,0.0,0.0,0.0,0.0,1,16.460373600006278,16.460373600006278,16.460373600006278,16.460373600006278,0.0,16.460373600006278,16.460373600006278,1,16.97718370000075,16.97718370000075,16.97718370000075,16.97718370000075,0.0,16.97718370000075,16.97718370000075
controlled_mutations_data_package_weight_online,smt_smt,component_032_events_0007_objects_0003.jsonocel,,1,1,0,0,0,0,1,,fresh_offline_alignment,1,3.8165257000036945,3.8165257000036945,3.8165257000036945,3.8165257000036945,0.0,3.8165257000036945,3.8165257000036945,1,0.545217957143385,0.545217957143385,0.545217957143385,0.545217957143385,0.0,0.545217957143385,0.545217957143385,1,1.1781507000014244,1.1781507000014244,1.1781507000014244,1.1781507000014244,0.0,1.1781507000014244,1.1781507000014244,1,0.0,0.0,0.0,0.0,0.0,0.0,0.0,1,3.8165257000036945,3.8165257000036945,3.8165257000036945,3.8165257000036945,0.0,3.8165257000036945,3.8165257000036945,1,4.206006000000343,4.206006000000343,4.206006000000343,4.206006000000343,0.0,4.206006000000343,4.206006000000343
controlled_mutations_data_package_weight_online,smt_smt,component_036_events_0017_objects_0008.jsonocel,,1,0,0,0,0,0,1,,fresh_offline_alignment,1,15.055597399998078,15.055597399998078,15.055597399998078,15.055597399998078,0.0,15.055597399998078,15.055597399998078,1,1.8819496749997597,1.8819496749997597,1.8819496749997597,1.8819496749997597,0.0,1.8819496749997597,1.8819496749997597,1,9.11410640000031,9.11410640000031,9.11410640000031,9.11410640000031,0.0,9.11410640000031,9.11410640000031,,,,,,,,,1,15.055597399998078,15.055597399998078,15.055597399998078,15.055597399998078,0.0,15.055597399998078,15.055597399998078,1,76.55308220000006,76.55308220000006,76.55308220000006,76.55308220000006,0.0,76.55308220000006,76.55308220000006
controlled_mutations_data_package_weight_online,smt_smt,component_037_events_0012_objects_0006.jsonocel,,1,1,0,0,0,0,1,,fresh_offline_alignment,1,98.0251062999996,98.0251062999996,98.0251062999996,98.0251062999996,0.0,98.0251062999996,98.0251062999996,1,8.1687588583333,8.1687588583333,8.1687588583333,8.1687588583333,0.0,8.1687588583333,8.1687588583333,1,37.80078489999869,37.80078489999869,37.80078489999869,37.80078489999869,0.0,37.80078489999869,37.80078489999869,1,0.0,0.0,0.0,0.0,0.0,0.0,0.0,1,98.0251062999996,98.0251062999996,98.0251062999996,98.0251062999996,0.0,98.0251062999996,98.0251062999996,1,98.55207599999994,98.55207599999994,98.55207599999994,98.55207599999994,0.0,98.55207599999994,98.55207599999994
controlled_mutations_data_package_weight_online,smt_smt,component_038_events_0008_objects_0004.jsonocel,,1,1,0,0,0,0,1,,fresh_offline_alignment,1,9.59124470000097,9.59124470000097,9.59124470000097,9.59124470000097,0.0,9.59124470000097,9.59124470000097,1,1.1989055875001213,1.1989055875001213,1.1989055875001213,1.1989055875001213,0.0,1.1989055875001213,1.1989055875001213,1,3.3500566000002436,3.3500566000002436,3.3500566000002436,3.3500566000002436,0.0,3.3500566000002436,3.3500566000002436,1,0.0,0.0,0.0,0.0,0.0,0.0,0.0,1,9.59124470000097,9.59124470000097,9.59124470000097,9.59124470000097,0.0,9.59124470000097,9.59124470000097,1,10.982441699998162,10.982441699998162,10.982441699998162,10.982441699998162,0.0,10.982441699998162,10.982441699998162
controlled_mutations_data_package_weight_online,smt_smt,component_042_events_0009_objects_0005.jsonocel,,1,1,0,0,0,0,1,,fresh_offline_alignment,1,18.978549799994653,18.978549799994653,18.978549799994653,18.978549799994653,0.0,18.978549799994653,18.978549799994653,1,2.1087277555549613,2.1087277555549613,2.1087277555549613,2.1087277555549613,0.0,2.1087277555549613,2.1087277555549613,1,5.890679399999499,5.890679399999499,5.890679399999499,5.890679399999499,0.0,5.890679399999499,5.890679399999499,1,0.0,0.0,0.0,0.0,0.0,0.0,0.0,1,18.978549799994653,18.978549799994653,18.978549799994653,18.978549799994653,0.0,18.978549799994653,18.978549799994653,1,19.473895600000105,19.473895600000105,19.473895600000105,19.473895600000105,0.0,19.473895600000105,19.473895600000105
controlled_mutations_data_package_weight_online,smt_smt,component_048_events_0011_objects_0007.jsonocel,,1,1,0,0,0,0,1,,fresh_offline_alignment,1,89.18278159999318,89.18278159999318,89.18278159999318,89.18278159999318,0.0,89.18278159999318,89.18278159999318,1,8.107525599999379,8.107525599999379,8.107525599999379,8.107525599999379,0.0,8.107525599999379,8.107525599999379,1,53.06798549999803,53.06798549999803,53.06798549999803,53.06798549999803,0.0,53.06798549999803,53.06798549999803,1,0.0,0.0,0.0,0.0,0.0,0.0,0.0,1,89.18278159999318,89.18278159999318,89.18278159999318,89.18278159999318,0.0,89.18278159999318,89.18278159999318,1,89.69987309999851,89.69987309999851,89.69987309999851,89.69987309999851,0.0,89.69987309999851,89.69987309999851
controlled_mutations_data_package_weight_online,smt_smt,component_050_events_0008_objects_0004.jsonocel,,1,1,0,0,0,0,1,,fresh_offline_alignment,1,7.806973700000526,7.806973700000526,7.806973700000526,7.806973700000526,0.0,7.806973700000526,7.806973700000526,1,0.9758717125000658,0.9758717125000658,0.9758717125000658,0.9758717125000658,0.0,0.9758717125000658,0.9758717125000658,1,2.083414900000207,2.083414900000207,2.083414900000207,2.083414900000207,0.0,2.083414900000207,2.083414900000207,1,0.0,0.0,0.0,0.0,0.0,0.0,0.0,1,7.806973700000526,7.806973700000526,7.806973700000526,7.806973700000526,0.0,7.806973700000526,7.806973700000526,1,9.265383699999802,9.265383699999802,9.265383699999802,9.265383699999802,0.0,9.265383699999802,9.265383699999802
controlled_mutations_data_package_weight_online,smt_smt,component_051_events_0011_objects_0007.jsonocel,,1,0,0,0,0,0,1,,fresh_offline_alignment,1,78.56548789999943,78.56548789999943,78.56548789999943,78.56548789999943,0.0,78.56548789999943,78.56548789999943,1,7.856548789999943,7.856548789999943,7.856548789999943,7.856548789999943,0.0,7.856548789999943,7.856548789999943,1,33.10578440000245,33.10578440000245,33.10578440000245,33.10578440000245,0.0,33.10578440000245,33.10578440000245,,,,,,,,,1,78.56548789999943,78.56548789999943,78.56548789999943,78.56548789999943,0.0,78.56548789999943,78.56548789999943,1,139.1198113999999,139.1198113999999,139.1198113999999,139.1198113999999,0.0,139.1198113999999,139.1198113999999
controlled_mutations_data_package_weight_online,smt_smt,component_057_events_0011_objects_0005.jsonocel,,1,1,0,0,0,0,1,,fresh_offline_alignment,1,30.85240149999663,30.85240149999663,30.85240149999663,30.85240149999663,0.0,30.85240149999663,30.85240149999663,1,2.8047637727269663,2.8047637727269663,2.8047637727269663,2.8047637727269663,0.0,2.8047637727269663,2.8047637727269663,1,11.514070699999138,11.514070699999138,11.514070699999138,11.514070699999138,0.0,11.514070699999138,11.514070699999138,1,0.0,0.0,0.0,0.0,0.0,0.0,0.0,1,30.85240149999663,30.85240149999663,30.85240149999663,30.85240149999663,0.0,30.85240149999663,30.85240149999663,1,32.36507029999848,32.36507029999848,32.36507029999848,32.36507029999848,0.0,32.36507029999848,32.36507029999848
controlled_mutations_data_package_weight_online,smt_smt,component_058_events_0009_objects_0005.jsonocel,,1,1,0,0,0,0,1,,fresh_offline_alignment,1,20.440331099995092,20.440331099995092,20.440331099995092,20.440331099995092,0.0,20.440331099995092,20.440331099995092,1,2.2711478999994545,2.2711478999994545,2.2711478999994545,2.2711478999994545,0.0,2.2711478999994545,2.2711478999994545,1,6.607949899997038,6.607949899997038,6.607949899997038,6.607949899997038,0.0,6.607949899997038,6.607949899997038,1,0.0,0.0,0.0,0.0,0.0,0.0,0.0,1,20.440331099995092,20.440331099995092,20.440331099995092,20.440331099995092,0.0,20.440331099995092,20.440331099995092,1,20.98069570000007,20.98069570000007,20.98069570000007,20.98069570000007,0.0,20.98069570000007,20.98069570000007
controlled_mutations_data_package_weight_online,smt_smt,component_059_events_0010_objects_0006.jsonocel,,1,1,0,0,0,0,1,,fresh_offline_alignment,1,43.58621299999868,43.58621299999868,43.58621299999868,43.58621299999868,0.0,43.58621299999868,43.58621299999868,1,4.358621299999868,4.358621299999868,4.358621299999868,4.358621299999868,0.0,4.358621299999868,4.358621299999868,1,13.247433599997748,13.247433599997748,13.247433599997748,13.247433599997748,0.0,13.247433599997748,13.247433599997748,1,0.0,0.0,0.0,0.0,0.0,0.0,0.0,1,43.58621299999868,43.58621299999868,43.58621299999868,43.58621299999868,0.0,43.58621299999868,43.58621299999868,1,44.18305260000125,44.18305260000125,44.18305260000125,44.18305260000125,0.0,44.18305260000125,44.18305260000125
controlled_mutations_data_package_weight_online,smt_smt,component_061_events_0007_objects_0003.jsonocel,,1,1,0,0,0,0,1,,fresh_offline_alignment,1,3.7616527000027418,3.7616527000027418,3.7616527000027418,3.7616527000027418,0.0,3.7616527000027418,3.7616527000027418,1,0.5373789571432488,0.5373789571432488,0.5373789571432488,0.5373789571432488,0.0,0.5373789571432488,0.5373789571432488,1,1.0534841000007873,1.0534841000007873,1.0534841000007873,1.0534841000007873,0.0,1.0534841000007873,1.0534841000007873,1,0.0,0.0,0.0,0.0,0.0,0.0,0.0,1,3.7616527000027418,3.7616527000027418,3.7616527000027418,3.7616527000027418,0.0,3.7616527000027418,3.7616527000027418,1,4.207072699999117,4.207072699999117,4.207072699999117,4.207072699999117,0.0,4.207072699999117,4.207072699999117
controlled_mutations_data_package_weight_online,smt_smt,component_063_events_0035_objects_0019.jsonocel,,1,0,0,0,0,0,0,,fresh_offline_alignment,1,12.889429999995627,12.889429999995627,12.889429999995627,12.889429999995627,0.0,12.889429999995627,12.889429999995627,1,0.585883181817983,0.585883181817983,0.585883181817983,0.585883181817983,0.0,0.585883181817983,0.585883181817983,1,0.910009600000194,0.910009600000194,0.910009600000194,0.910009600000194,0.0,0.910009600000194,0.910009600000194,,,,,,,,,1,12.889429999995627,12.889429999995627,12.889429999995627,12.889429999995627,0.0,12.889429999995627,12.889429999995627,1,73.6446176999998,73.6446176999998,73.6446176999998,73.6446176999998,0.0,73.6446176999998,73.6446176999998
controlled_mutations_data_package_weight_online,smt_smt,component_064_events_0116_objects_0055.jsonocel,,1,0,0,0,0,0,0,,fresh_offline_alignment,1,64.73225339999044,64.73225339999044,64.73225339999044,64.73225339999044,0.0,64.73225339999044,64.73225339999044,1,4.623732385713603,4.623732385713603,4.623732385713603,4.623732385713603,0.0,4.623732385713603,4.623732385713603,1,19.292509300001257,19.292509300001257,19.292509300001257,19.292509300001257,0.0,19.292509300001257,19.292509300001257,,,,,,,,,1,64.73225339999044,64.73225339999044,64.73225339999044,64.73225339999044,0.0,64.73225339999044,64.73225339999044,1,126.34631369999988,126.34631369999988,126.34631369999988,126.34631369999988,0.0,126.34631369999988,126.34631369999988
controlled_mutations_data_package_weight_online,smt_smt,component_065_events_0098_objects_0050.jsonocel,,1,0,0,0,0,0,0,,fresh_offline_alignment,1,19.251741000007314,19.251741000007314,19.251741000007314,19.251741000007314,0.0,19.251741000007314,19.251741000007314,1,1.1324553529416068,1.1324553529416068,1.1324553529416068,1.1324553529416068,0.0,1.1324553529416068,1.1324553529416068,1,2.109014499998011,2.109014499998011,2.109014499998011,2.109014499998011,0.0,2.109014499998011,2.109014499998011,,,,,,,,,1,19.251741000007314,19.251741000007314,19.251741000007314,19.251741000007314,0.0,19.251741000007314,19.251741000007314,1,79.9161196999994,79.9161196999994,79.9161196999994,79.9161196999994,0.0,79.9161196999994,79.9161196999994
controlled_mutations_data_package_weight_online,smt_smt,component_066_events_0011_objects_0006.jsonocel,,1,1,0,0,0,0,1,,fresh_offline_alignment,1,84.88733989999673,84.88733989999673,84.88733989999673,84.88733989999673,0.0,84.88733989999673,84.88733989999673,1,7.717030899999703,7.717030899999703,7.717030899999703,7.717030899999703,0.0,7.717030899999703,7.717030899999703,1,27.58804819999932,27.58804819999932,27.58804819999932,27.58804819999932,0.0,27.58804819999932,27.58804819999932,1,0.0,0.0,0.0,0.0,0.0,0.0,0.0,1,84.88733989999673,84.88733989999673,84.88733989999673,84.88733989999673,0.0,84.88733989999673,84.88733989999673,1,86.42216620000181,86.42216620000181,86.42216620000181,86.42216620000181,0.0,86.42216620000181,86.42216620000181
controlled_mutations_data_package_weight_online,smt_smt,component_067_events_0063_objects_0031.jsonocel,,1,0,0,0,0,0,0,,fresh_offline_alignment,1,11.948310800005856,11.948310800005856,11.948310800005856,11.948310800005856,0.0,11.948310800005856,11.948310800005856,1,0.9191008307696813,0.9191008307696813,0.9191008307696813,0.9191008307696813,0.0,0.9191008307696813,0.9191008307696813,1,1.3923986999980116,1.3923986999980116,1.3923986999980116,1.3923986999980116,0.0,1.3923986999980116,1.3923986999980116,,,,,,,,,1,11.948310800005856,11.948310800005856,11.948310800005856,11.948310800005856,0.0,11.948310800005856,11.948310800005856,1,72.57412139999724,72.57412139999724,72.57412139999724,72.57412139999724,0.0,72.57412139999724,72.57412139999724
controlled_mutations_data_package_weight_online,smt_smt,component_068_events_0009_objects_0005.jsonocel,,1,1,0,0,0,0,1,,fresh_offline_alignment,1,16.461466400010977,16.461466400010977,16.461466400010977,16.461466400010977,0.0,16.461466400010977,16.461466400010977,1,1.829051822223442,1.829051822223442,1.829051822223442,1.829051822223442,0.0,1.829051822223442,1.829051822223442,1,5.063667700000224,5.063667700000224,5.063667700000224,5.063667700000224,0.0,5.063667700000224,5.063667700000224,1,0.0,0.0,0.0,0.0,0.0,0.0,0.0,1,16.461466400010977,16.461466400010977,16.461466400010977,16.461466400010977,0.0,16.461466400010977,16.461466400010977,1,18.010825500001374,18.010825500001374,18.010825500001374,18.010825500001374,0.0,18.010825500001374,18.010825500001374
controlled_mutations_fit_online,smt_smt,component_001_events_0030_objects_0020.jsonocel,,1,0,0,0,0,0,0,,fresh_offline_alignment,1,33.95043420000002,33.95043420000002,33.95043420000002,33.95043420000002,0.0,33.95043420000002,33.95043420000002,1,1.3057859307692314,1.3057859307692314,1.3057859307692314,1.3057859307692314,0.0,1.3057859307692314,1.3057859307692314,1,3.40372380000008,3.40372380000008,3.40372380000008,3.40372380000008,0.0,3.40372380000008,3.40372380000008,,,,,,,,,1,33.95043420000002,33.95043420000002,33.95043420000002,33.95043420000002,0.0,33.95043420000002,33.95043420000002,1,94.68395349999992,94.68395349999992,94.68395349999992,94.68395349999992,0.0,94.68395349999992,94.68395349999992
controlled_mutations_fit_online,smt_smt,component_002_events_0028_objects_0013.jsonocel,,1,0,0,0,0,0,0,,fresh_offline_alignment,1,88.76636959999996,88.76636959999996,88.76636959999996,88.76636959999996,0.0,88.76636959999996,88.76636959999996,1,5.221551152941174,5.221551152941174,5.221551152941174,5.221551152941174,0.0,5.221551152941174,5.221551152941174,1,39.00826429999961,39.00826429999961,39.00826429999961,39.00826429999961,0.0,39.00826429999961,39.00826429999961,,,,,,,,,1,88.76636959999996,88.76636959999996,88.76636959999996,88.76636959999996,0.0,88.76636959999996,88.76636959999996,1,150.67538409999997,150.67538409999997,150.67538409999997,150.67538409999997,0.0,150.67538409999997,150.67538409999997
controlled_mutations_fit_online,smt_smt,component_003_events_0022_objects_0011.jsonocel,,1,0,0,0,0,0,0,,fresh_offline_alignment,1,166.58735030000025,166.58735030000025,166.58735030000025,166.58735030000025,0.0,166.58735030000025,166.58735030000025,1,13.882279191666688,13.882279191666688,13.882279191666688,13.882279191666688,0.0,13.882279191666688,13.882279191666688,1,51.28810169999997,51.28810169999997,51.28810169999997,51.28810169999997,0.0,51.28810169999997,51.28810169999997,,,,,,,,,1,166.58735030000025,166.58735030000025,166.58735030000025,166.58735030000025,0.0,166.58735030000025,166.58735030000025,1,227.16285890000017,227.16285890000017,227.16285890000017,227.16285890000017,0.0,227.16285890000017,227.16285890000017
controlled_mutations_fit_online,smt_smt,component_004_events_0013_objects_0009.jsonocel,,1,0,0,0,0,0,0,,fresh_offline_alignment,1,58.18896599999971,58.18896599999971,58.18896599999971,58.18896599999971,0.0,58.18896599999971,58.18896599999971,1,5.818896599999971,5.818896599999971,5.818896599999971,5.818896599999971,0.0,5.818896599999971,5.818896599999971,1,24.11158499999965,24.11158499999965,24.11158499999965,24.11158499999965,0.0,24.11158499999965,24.11158499999965,,,,,,,,,1,58.18896599999971,58.18896599999971,58.18896599999971,58.18896599999971,0.0,58.18896599999971,58.18896599999971,1,119.7220728000002,119.7220728000002,119.7220728000002,119.7220728000002,0.0,119.7220728000002,119.7220728000002
controlled_mutations_fit_online,smt_smt,component_005_events_0035_objects_0016.jsonocel,,1,0,0,0,0,0,0,,fresh_offline_alignment,1,95.58918760000142,95.58918760000142,95.58918760000142,95.58918760000142,0.0,95.58918760000142,95.58918760000142,1,8.689926145454676,8.689926145454676,8.689926145454676,8.689926145454676,0.0,8.689926145454676,8.689926145454676,1,31.886552500000107,31.886552500000107,31.886552500000107,31.886552500000107,0.0,31.886552500000107,31.886552500000107,,,,,,,,,1,95.58918760000142,95.58918760000142,95.58918760000142,95.58918760000142,0.0,95.58918760000142,95.58918760000142,1,156.13757989999976,156.13757989999976,156.13757989999976,156.13757989999976,0.0,156.13757989999976,156.13757989999976
controlled_mutations_fit_online,smt_smt,component_006_events_0031_objects_0015.jsonocel,,1,0,0,0,0,0,0,,fresh_offline_alignment,1,18.123966799998925,18.123966799998925,18.123966799998925,18.123966799998925,0.0,18.123966799998925,18.123966799998925,1,1.2082644533332616,1.2082644533332616,1.2082644533332616,1.2082644533332616,0.0,1.2082644533332616,1.2082644533332616,1,1.8239545999995244,1.8239545999995244,1.8239545999995244,1.8239545999995244,0.0,1.8239545999995244,1.8239545999995244,,,,,,,,,1,18.123966799998925,18.123966799998925,18.123966799998925,18.123966799998925,0.0,18.123966799998925,18.123966799998925,1,79.68586070000038,79.68586070000038,79.68586070000038,79.68586070000038,0.0,79.68586070000038,79.68586070000038
controlled_mutations_fit_online,smt_smt,component_009_events_0015_objects_0008.jsonocel,,1,0,0,0,0,0,0,,fresh_offline_alignment,1,94.80127230000016,94.80127230000016,94.80127230000016,94.80127230000016,0.0,94.80127230000016,94.80127230000016,1,8.618297481818196,8.618297481818196,8.618297481818196,8.618297481818196,0.0,8.618297481818196,8.618297481818196,1,48.36912089999987,48.36912089999987,48.36912089999987,48.36912089999987,0.0,48.36912089999987,48.36912089999987,,,,,,,,,1,94.80127230000016,94.80127230000016,94.80127230000016,94.80127230000016,0.0,94.80127230000016,94.80127230000016,1,155.39143499999955,155.39143499999955,155.39143499999955,155.39143499999955,0.0,155.39143499999955,155.39143499999955
controlled_mutations_fit_online,smt_smt,component_011_events_0028_objects_0017.jsonocel,,1,0,0,0,0,0,0,,fresh_offline_alignment,1,53.43842040000163,53.43842040000163,53.43842040000163,53.43842040000163,0.0,53.43842040000163,53.43842040000163,1,2.429019109090983,2.429019109090983,2.429019109090983,2.429019109090983,0.0,2.429019109090983,2.429019109090983,1,11.766836999999214,11.766836999999214,11.766836999999214,11.766836999999214,0.0,11.766836999999214,11.766836999999214,,,,,,,,,1,53.43842040000163,53.43842040000163,53.43842040000163,53.43842040000163,0.0,53.43842040000163,53.43842040000163,1,115.06001480000032,115.06001480000032,115.06001480000032,115.06001480000032,0.0,115.06001480000032,115.06001480000032
controlled_mutations_fit_online,smt_smt,component_014_events_0102_objects_0053.jsonocel,,1,0,0,0,0,0,0,,fresh_offline_alignment,1,8.125699300001543,8.125699300001543,8.125699300001543,8.125699300001543,0.0,8.125699300001543,8.125699300001543,1,0.7386999363637766,0.7386999363637766,0.7386999363637766,0.7386999363637766,0.0,0.7386999363637766,0.7386999363637766,1,0.8927935000001526,0.8927935000001526,0.8927935000001526,0.8927935000001526,0.0,0.8927935000001526,0.8927935000001526,,,,,,,,,1,8.125699300001543,8.125699300001543,8.125699300001543,8.125699300001543,0.0,8.125699300001543,8.125699300001543,1,68.72282050000013,68.72282050000013,68.72282050000013,68.72282050000013,0.0,68.72282050000013,68.72282050000013
controlled_mutations_fit_online,smt_smt,component_020_events_0022_objects_0009.jsonocel,,1,0,0,0,0,0,0,,fresh_offline_alignment,1,108.72076939999806,108.72076939999806,108.72076939999806,108.72076939999806,0.0,108.72076939999806,108.72076939999806,1,9.883706309090734,9.883706309090734,9.883706309090734,9.883706309090734,0.0,9.883706309090734,9.883706309090734,1,57.56794449999961,57.56794449999961,57.56794449999961,57.56794449999961,0.0,57.56794449999961,57.56794449999961,,,,,,,,,1,108.72076939999806,108.72076939999806,108.72076939999806,108.72076939999806,0.0,108.72076939999806,108.72076939999806,1,170.2274267999992,170.2274267999992,170.2274267999992,170.2274267999992,0.0,170.2274267999992,170.2274267999992
controlled_mutations_fit_online,smt_smt,component_021_events_0013_objects_0005.jsonocel,,1,1,0,0,0,0,0,,fresh_offline_alignment,1,39.69708090000131,39.69708090000131,39.69708090000131,39.69708090000131,0.0,39.69708090000131,39.69708090000131,1,3.0536216076924085,3.0536216076924085,3.0536216076924085,3.0536216076924085,0.0,3.0536216076924085,3.0536216076924085,1,11.986471299998811,11.986471299998811,11.986471299998811,11.986471299998811,0.0,11.986471299998811,11.986471299998811,1,0.0,0.0,0.0,0.0,0.0,0.0,0.0,1,39.69708090000131,39.69708090000131,39.69708090000131,39.69708090000131,0.0,39.69708090000131,39.69708090000131,1,40.2385503000005,40.2385503000005,40.2385503000005,40.2385503000005,0.0,40.2385503000005,40.2385503000005
controlled_mutations_fit_online,smt_smt,component_024_events_0010_objects_0005.jsonocel,,1,1,0,0,0,0,0,,fresh_offline_alignment,1,22.2187799000003,22.2187799000003,22.2187799000003,22.2187799000003,0.0,22.2187799000003,22.2187799000003,1,2.22187799000003,2.22187799000003,2.22187799000003,2.22187799000003,0.0,2.22187799000003,2.22187799000003,1,5.593055400000594,5.593055400000594,5.593055400000594,5.593055400000594,0.0,5.593055400000594,5.593055400000594,1,0.0,0.0,0.0,0.0,0.0,0.0,0.0,1,22.2187799000003,22.2187799000003,22.2187799000003,22.2187799000003,0.0,22.2187799000003,22.2187799000003,1,23.73231670000132,23.73231670000132,23.73231670000132,23.73231670000132,0.0,23.73231670000132,23.73231670000132
controlled_mutations_fit_online,smt_smt,component_028_events_0012_objects_0008.jsonocel,,1,0,0,0,0,0,0,,fresh_offline_alignment,1,107.11103739999635,107.11103739999635,107.11103739999635,107.11103739999635,0.0,107.11103739999635,107.11103739999635,1,10.711103739999634,10.711103739999634,10.711103739999634,10.711103739999634,0.0,10.711103739999634,10.711103739999634,1,47.771081400000185,47.771081400000185,47.771081400000185,47.771081400000185,0.0,47.771081400000185,47.771081400000185,,,,,,,,,1,107.11103739999635,107.11103739999635,107.11103739999635,107.11103739999635,0.0,107.11103739999635,107.11103739999635,1,167.65359200000057,167.65359200000057,167.65359200000057,167.65359200000057,0.0,167.65359200000057,167.65359200000057
controlled_mutations_fit_online,smt_smt,component_029_events_0021_objects_0010.jsonocel,,1,0,0,0,0,0,0,,fresh_offline_alignment,1,44.95546779999859,44.95546779999859,44.95546779999859,44.95546779999859,0.0,44.95546779999859,44.95546779999859,1,4.995051977777621,4.995051977777621,4.995051977777621,4.995051977777621,0.0,4.995051977777621,4.995051977777621,1,14.881464399999459,14.881464399999459,14.881464399999459,14.881464399999459,0.0,14.881464399999459,14.881464399999459,,,,,,,,,1,44.95546779999859,44.95546779999859,44.95546779999859,44.95546779999859,0.0,44.95546779999859,44.95546779999859,1,106.44730750000053,106.44730750000053,106.44730750000053,106.44730750000053,0.0,106.44730750000053,106.44730750000053
controlled_mutations_fit_online,smt_smt,component_030_events_0061_objects_0033.jsonocel,,1,0,0,0,0,0,0,,fresh_offline_alignment,1,14.527744099996198,14.527744099996198,14.527744099996198,14.527744099996198,0.0,14.527744099996198,14.527744099996198,1,1.4527744099996198,1.4527744099996198,1.4527744099996198,1.4527744099996198,0.0,1.4527744099996198,1.4527744099996198,1,3.134161899999526,3.134161899999526,3.134161899999526,3.134161899999526,0.0,3.134161899999526,3.134161899999526,,,,,,,,,1,14.527744099996198,14.527744099996198,14.527744099996198,14.527744099996198,0.0,14.527744099996198,14.527744099996198,1,75.04431610000029,75.04431610000029,75.04431610000029,75.04431610000029,0.0,75.04431610000029,75.04431610000029
controlled_mutations_fit_online,smt_smt,component_031_events_0009_objects_0005.jsonocel,,1,1,0,0,0,0,0,,fresh_offline_alignment,1,13.739916200001971,13.739916200001971,13.739916200001971,13.739916200001971,0.0,13.739916200001971,13.739916200001971,1,1.5266573555557745,1.5266573555557745,1.5266573555557745,1.5266573555557745,0.0,1.5266573555557745,1.5266573555557745,1,3.7565709999998944,3.7565709999998944,3.7565709999998944,3.7565709999998944,0.0,3.7565709999998944,3.7565709999998944,1,0.0,0.0,0.0,0.0,0.0,0.0,0.0,1,13.739916200001971,13.739916200001971,13.739916200001971,13.739916200001971,0.0,13.739916200001971,13.739916200001971,1,15.178464800001166,15.178464800001166,15.178464800001166,15.178464800001166,0.0,15.178464800001166,15.178464800001166
controlled_mutations_fit_online,smt_smt,component_032_events_0007_objects_0003.jsonocel,,1,1,0,0,0,0,0,,fresh_offline_alignment,1,3.6110559000007925,3.6110559000007925,3.6110559000007925,3.6110559000007925,0.0,3.6110559000007925,3.6110559000007925,1,0.5158651285715418,0.5158651285715418,0.5158651285715418,0.5158651285715418,0.0,0.5158651285715418,0.5158651285715418,1,0.9214684999988094,0.9214684999988094,0.9214684999988094,0.9214684999988094,0.0,0.9214684999988094,0.9214684999988094,1,0.0,0.0,0.0,0.0,0.0,0.0,0.0,1,3.6110559000007925,3.6110559000007925,3.6110559000007925,3.6110559000007925,0.0,3.6110559000007925,3.6110559000007925,1,4.288823400000183,4.288823400000183,4.288823400000183,4.288823400000183,0.0,4.288823400000183,4.288823400000183
controlled_mutations_fit_online,smt_smt,component_036_events_0017_objects_0008.jsonocel,,1,0,0,0,0,0,0,,fresh_offline_alignment,1,16.770357400004286,16.770357400004286,16.770357400004286,16.770357400004286,0.0,16.770357400004286,16.770357400004286,1,2.096294675000536,2.096294675000536,2.096294675000536,2.096294675000536,0.0,2.096294675000536,2.096294675000536,1,11.046868499999619,11.046868499999619,11.046868499999619,11.046868499999619,0.0,11.046868499999619,11.046868499999619,,,,,,,,,1,16.770357400004286,16.770357400004286,16.770357400004286,16.770357400004286,0.0,16.770357400004286,16.770357400004286,1,77.28211940000074,77.28211940000074,77.28211940000074,77.28211940000074,0.0,77.28211940000074,77.28211940000074
controlled_mutations_fit_online,smt_smt,component_037_events_0012_objects_0006.jsonocel,,1,1,0,0,0,0,0,,fresh_offline_alignment,1,94.23641979999957,94.23641979999957,94.23641979999957,94.23641979999957,0.0,94.23641979999957,94.23641979999957,1,7.8530349833332975,7.8530349833332975,7.8530349833332975,7.8530349833332975,0.0,7.8530349833332975,7.8530349833332975,1,38.80270089999976,38.80270089999976,38.80270089999976,38.80270089999976,0.0,38.80270089999976,38.80270089999976,1,0.0,0.0,0.0,0.0,0.0,0.0,0.0,1,94.23641979999957,94.23641979999957,94.23641979999957,94.23641979999957,0.0,94.23641979999957,94.23641979999957,1,95.65263709999999,95.65263709999999,95.65263709999999,95.65263709999999,0.0,95.65263709999999,95.65263709999999
controlled_mutations_fit_online,smt_smt,component_038_events_0008_objects_0004.jsonocel,,1,1,0,0,0,0,0,,fresh_offline_alignment,1,8.31874809999681,8.31874809999681,8.31874809999681,8.31874809999681,0.0,8.31874809999681,8.31874809999681,1,1.0398435124996013,1.0398435124996013,1.0398435124996013,1.0398435124996013,0.0,1.0398435124996013,1.0398435124996013,1,2.368347099998573,2.368347099998573,2.368347099998573,2.368347099998573,0.0,2.368347099998573,2.368347099998573,1,0.0,0.0,0.0,0.0,0.0,0.0,0.0,1,8.31874809999681,8.31874809999681,8.31874809999681,8.31874809999681,0.0,8.31874809999681,8.31874809999681,1,8.814182999998593,8.814182999998593,8.814182999998593,8.814182999998593,0.0,8.814182999998593,8.814182999998593
controlled_mutations_fit_online,smt_smt,component_042_events_0009_objects_0005.jsonocel,,1,1,0,0,0,0,0,,fresh_offline_alignment,1,17.83492599999954,17.83492599999954,17.83492599999954,17.83492599999954,0.0,17.83492599999954,17.83492599999954,1,1.9816584444443934,1.9816584444443934,1.9816584444443934,1.9816584444443934,0.0,1.9816584444443934,1.9816584444443934,1,5.260139600000912,5.260139600000912,5.260139600000912,5.260139600000912,0.0,5.260139600000912,5.260139600000912,1,0.0,0.0,0.0,0.0,0.0,0.0,0.0,1,17.83492599999954,17.83492599999954,17.83492599999954,17.83492599999954,0.0,17.83492599999954,17.83492599999954,1,18.255508599999303,18.255508599999303,18.255508599999303,18.255508599999303,0.0,18.255508599999303,18.255508599999303
controlled_mutations_fit_online,smt_smt,component_048_events_0011_objects_0007.jsonocel,,1,1,0,0,0,0,0,,fresh_offline_alignment,1,82.97403600000143,82.97403600000143,82.97403600000143,82.97403600000143,0.0,82.97403600000143,82.97403600000143,1,7.543094181818312,7.543094181818312,7.543094181818312,7.543094181818312,0.0,7.543094181818312,7.543094181818312,1,28.95906620000096,28.95906620000096,28.95906620000096,28.95906620000096,0.0,28.95906620000096,28.95906620000096,1,0.0,0.0,0.0,0.0,0.0,0.0,0.0,1,82.97403600000143,82.97403600000143,82.97403600000143,82.97403600000143,0.0,82.97403600000143,82.97403600000143,1,84.43955649999953,84.43955649999953,84.43955649999953,84.43955649999953,0.0,84.43955649999953,84.43955649999953
controlled_mutations_fit_online,smt_smt,component_050_events_0008_objects_0004.jsonocel,,1,1,0,0,0,0,0,,fresh_offline_alignment,1,7.854996400004893,7.854996400004893,7.854996400004893,7.854996400004893,0.0,7.854996400004893,7.854996400004893,1,0.9818745500006116,0.9818745500006116,0.9818745500006116,0.9818745500006116,0.0,0.9818745500006116,0.9818745500006116,1,2.518760300001304,2.518760300001304,2.518760300001304,2.518760300001304,0.0,2.518760300001304,2.518760300001304,1,0.0,0.0,0.0,0.0,0.0,0.0,0.0,1,7.854996400004893,7.854996400004893,7.854996400004893,7.854996400004893,0.0,7.854996400004893,7.854996400004893,1,8.310227599999052,8.310227599999052,8.310227599999052,8.310227599999052,0.0,8.310227599999052,8.310227599999052
controlled_mutations_fit_online,smt_smt,component_051_events_0011_objects_0007.jsonocel,,1,1,0,0,0,0,0,,fresh_offline_alignment,1,131.73405020000246,131.73405020000246,131.73405020000246,131.73405020000246,0.0,131.73405020000246,131.73405020000246,1,11.975822745454769,11.975822745454769,11.975822745454769,11.975822745454769,0.0,11.975822745454769,11.975822745454769,1,42.77381400000013,42.77381400000013,42.77381400000013,42.77381400000013,0.0,42.77381400000013,42.77381400000013,1,0.0,0.0,0.0,0.0,0.0,0.0,0.0,1,131.73405020000246,131.73405020000246,131.73405020000246,131.73405020000246,0.0,131.73405020000246,131.73405020000246,1,132.23415769999883,132.23415769999883,132.23415769999883,132.23415769999883,0.0,132.23415769999883,132.23415769999883
controlled_mutations_fit_online,smt_smt,component_057_events_0011_objects_0005.jsonocel,,1,1,0,0,0,0,0,,fresh_offline_alignment,1,29.2602382999994,29.2602382999994,29.2602382999994,29.2602382999994,0.0,29.2602382999994,29.2602382999994,1,2.660021663636309,2.660021663636309,2.660021663636309,2.660021663636309,0.0,2.660021663636309,2.660021663636309,1,9.073770299999524,9.073770299999524,9.073770299999524,9.073770299999524,0.0,9.073770299999524,9.073770299999524,1,0.0,0.0,0.0,0.0,0.0,0.0,0.0,1,29.2602382999994,29.2602382999994,29.2602382999994,29.2602382999994,0.0,29.2602382999994,29.2602382999994,1,29.82090000000062,29.82090000000062,29.82090000000062,29.82090000000062,0.0,29.82090000000062,29.82090000000062
controlled_mutations_fit_online,smt_smt,component_058_events_0009_objects_0005.jsonocel,,1,1,0,0,0,0,0,,fresh_offline_alignment,1,18.913761499998145,18.913761499998145,18.913761499998145,18.913761499998145,0.0,18.913761499998145,18.913761499998145,1,2.1015290555553494,2.1015290555553494,2.1015290555553494,2.1015290555553494,0.0,2.1015290555553494,2.1015290555553494,1,5.557506600000124,5.557506600000124,5.557506600000124,5.557506600000124,0.0,5.557506600000124,5.557506600000124,1,0.0,0.0,0.0,0.0,0.0,0.0,0.0,1,18.913761499998145,18.913761499998145,18.913761499998145,18.913761499998145,0.0,18.913761499998145,18.913761499998145,1,19.3696259999997,19.3696259999997,19.3696259999997,19.3696259999997,0.0,19.3696259999997,19.3696259999997
controlled_mutations_fit_online,smt_smt,component_059_events_0010_objects_0006.jsonocel,,1,1,0,0,0,0,0,,fresh_offline_alignment,1,38.63125779999973,38.63125779999973,38.63125779999973,38.63125779999973,0.0,38.63125779999973,38.63125779999973,1,3.863125779999973,3.863125779999973,3.863125779999973,3.863125779999973,0.0,3.863125779999973,3.863125779999973,1,13.285570300000472,13.285570300000472,13.285570300000472,13.285570300000472,0.0,13.285570300000472,13.285570300000472,1,0.0,0.0,0.0,0.0,0.0,0.0,0.0,1,38.63125779999973,38.63125779999973,38.63125779999973,38.63125779999973,0.0,38.63125779999973,38.63125779999973,1,40.18902370000069,40.18902370000069,40.18902370000069,40.18902370000069,0.0,40.18902370000069,40.18902370000069
controlled_mutations_fit_online,smt_smt,component_061_events_0007_objects_0003.jsonocel,,1,1,0,0,0,0,0,,fresh_offline_alignment,1,3.5161116999970545,3.5161116999970545,3.5161116999970545,3.5161116999970545,0.0,3.5161116999970545,3.5161116999970545,1,0.5023016714281506,0.5023016714281506,0.5023016714281506,0.5023016714281506,0.0,0.5023016714281506,0.5023016714281506,1,0.8989313999991282,0.8989313999991282,0.8989313999991282,0.8989313999991282,0.0,0.8989313999991282,0.8989313999991282,1,0.0,0.0,0.0,0.0,0.0,0.0,0.0,1,3.5161116999970545,3.5161116999970545,3.5161116999970545,3.5161116999970545,0.0,3.5161116999970545,3.5161116999970545,1,4.199099699999351,4.199099699999351,4.199099699999351,4.199099699999351,0.0,4.199099699999351,4.199099699999351
controlled_mutations_fit_online,smt_smt,component_063_events_0035_objects_0019.jsonocel,,1,0,0,0,0,0,0,,fresh_offline_alignment,1,12.862137099997199,12.862137099997199,12.862137099997199,12.862137099997199,0.0,12.862137099997199,12.862137099997199,1,0.5846425954544181,0.5846425954544181,0.5846425954544181,0.5846425954544181,0.0,0.5846425954544181,0.5846425954544181,1,0.9375555000005988,0.9375555000005988,0.9375555000005988,0.9375555000005988,0.0,0.9375555000005988,0.9375555000005988,,,,,,,,,1,12.862137099997199,12.862137099997199,12.862137099997199,12.862137099997199,0.0,12.862137099997199,12.862137099997199,1,73.57324340000014,73.57324340000014,73.57324340000014,73.57324340000014,0.0,73.57324340000014,73.57324340000014
controlled_mutations_fit_online,smt_smt,component_064_events_0116_objects_0055.jsonocel,,1,0,0,0,0,0,0,,fresh_offline_alignment,1,127.56058659999326,127.56058659999326,127.56058659999326,127.56058659999326,0.0,127.56058659999326,127.56058659999326,1,7.503563917646662,7.503563917646662,7.503563917646662,7.503563917646662,0.0,7.503563917646662,7.503563917646662,1,28.872832799999742,28.872832799999742,28.872832799999742,28.872832799999742,0.0,28.872832799999742,28.872832799999742,,,,,,,,,1,127.56058659999326,127.56058659999326,127.56058659999326,127.56058659999326,0.0,127.56058659999326,127.56058659999326,1,189.2098518999992,189.2098518999992,189.2098518999992,189.2098518999992,0.0,189.2098518999992,189.2098518999992
controlled_mutations_fit_online,smt_smt,component_065_events_0098_objects_0050.jsonocel,,1,0,0,0,0,0,0,,fresh_offline_alignment,1,17.46728940000139,17.46728940000139,17.46728940000139,17.46728940000139,0.0,17.46728940000139,17.46728940000139,1,1.0274876117647878,1.0274876117647878,1.0274876117647878,1.0274876117647878,0.0,1.0274876117647878,1.0274876117647878,1,1.6560207000002265,1.6560207000002265,1.6560207000002265,1.6560207000002265,0.0,1.6560207000002265,1.6560207000002265,,,,,,,,,1,17.46728940000139,17.46728940000139,17.46728940000139,17.46728940000139,0.0,17.46728940000139,17.46728940000139,1,78.08349099999941,78.08349099999941,78.08349099999941,78.08349099999941,0.0,78.08349099999941,78.08349099999941
controlled_mutations_fit_online,smt_smt,component_066_events_0011_objects_0006.jsonocel,,1,1,0,0,0,0,0,,fresh_offline_alignment,1,58.46002810000027,58.46002810000027,58.46002810000027,58.46002810000027,0.0,58.46002810000027,58.46002810000027,1,5.314548009090934,5.314548009090934,5.314548009090934,5.314548009090934,0.0,5.314548009090934,5.314548009090934,1,15.420729299999948,15.420729299999948,15.420729299999948,15.420729299999948,0.0,15.420729299999948,15.420729299999948,1,0.0,0.0,0.0,0.0,0.0,0.0,0.0,1,58.46002810000027,58.46002810000027,58.46002810000027,58.46002810000027,0.0,58.46002810000027,58.46002810000027,1,59.9040487000002,59.9040487000002,59.9040487000002,59.9040487000002,0.0,59.9040487000002,59.9040487000002
controlled_mutations_fit_online,smt_smt,component_067_events_0063_objects_0031.jsonocel,,1,0,0,0,0,0,0,,fresh_offline_alignment,1,11.425180500005808,11.425180500005808,11.425180500005808,11.425180500005808,0.0,11.425180500005808,11.425180500005808,1,0.8788600384619852,0.8788600384619852,0.8788600384619852,0.8788600384619852,0.0,0.8788600384619852,0.8788600384619852,1,1.5521891999997024,1.5521891999997024,1.5521891999997024,1.5521891999997024,0.0,1.5521891999997024,1.5521891999997024,,,,,,,,,1,11.425180500005808,11.425180500005808,11.425180500005808,11.425180500005808,0.0,11.425180500005808,11.425180500005808,1,72.08240000000114,72.08240000000114,72.08240000000114,72.08240000000114,0.0,72.08240000000114,72.08240000000114
controlled_mutations_fit_online,smt_smt,component_068_events_0009_objects_0005.jsonocel,,1,1,0,0,0,0,0,,fresh_offline_alignment,1,18.072701800001596,18.072701800001596,18.072701800001596,18.072701800001596,0.0,18.072701800001596,18.072701800001596,1,2.008077977777955,2.008077977777955,2.008077977777955,2.008077977777955,0.0,2.008077977777955,2.008077977777955,1,5.794939400000658,5.794939400000658,5.794939400000658,5.794939400000658,0.0,5.794939400000658,5.794939400000658,1,0.0,0.0,0.0,0.0,0.0,0.0,0.0,1,18.072701800001596,18.072701800001596,18.072701800001596,18.072701800001596,0.0,18.072701800001596,18.072701800001596,1,19.50921229999949,19.50921229999949,19.50921229999949,19.50921229999949,0.0,19.50921229999949,19.50921229999949
controlled_mutations_object_extra_item_relation_online,smt_smt,component_002_events_0028_objects_0013.jsonocel,,1,0,0,0,0,0,0,None,fresh_offline_alignment,1,61.52655370000866,61.52655370000866,61.52655370000866,61.52655370000866,0.0,61.52655370000866,61.52655370000866,1,3.61920904117698,3.61920904117698,3.61920904117698,3.61920904117698,0.0,3.61920904117698,3.61920904117698,1,14.970211500000005,14.970211500000005,14.970211500000005,14.970211500000005,0.0,14.970211500000005,14.970211500000005,,,,,,,,,1,61.52655370000866,61.52655370000866,61.52655370000866,61.52655370000866,0.0,61.52655370000866,61.52655370000866,1,122.21033389999866,122.21033389999866,122.21033389999866,122.21033389999866,0.0,122.21033389999866,122.21033389999866
controlled_mutations_object_extra_item_relation_online,smt_smt,component_003_events_0022_objects_0011.jsonocel,,1,0,0,0,0,0,0,None,fresh_offline_alignment,1,129.91245230000277,129.91245230000277,129.91245230000277,129.91245230000277,0.0,129.91245230000277,129.91245230000277,1,11.810222936363887,11.810222936363887,11.810222936363887,11.810222936363887,0.0,11.810222936363887,11.810222936363887,1,37.794982499999605,37.794982499999605,37.794982499999605,37.794982499999605,0.0,37.794982499999605,37.794982499999605,,,,,,,,,1,129.91245230000277,129.91245230000277,129.91245230000277,129.91245230000277,0.0,129.91245230000277,129.91245230000277,1,191.45952970000144,191.45952970000144,191.45952970000144,191.45952970000144,0.0,191.45952970000144,191.45952970000144
controlled_mutations_object_extra_item_relation_online,smt_smt,component_005_events_0035_objects_0016.jsonocel,,1,0,0,0,0,0,0,None,fresh_offline_alignment,1,138.34948049999366,138.34948049999366,138.34948049999366,138.34948049999366,0.0,138.34948049999366,138.34948049999366,1,11.529123374999472,11.529123374999472,11.529123374999472,11.529123374999472,0.0,11.529123374999472,11.529123374999472,1,46.095595499999035,46.095595499999035,46.095595499999035,46.095595499999035,0.0,46.095595499999035,46.095595499999035,,,,,,,,,1,138.34948049999366,138.34948049999366,138.34948049999366,138.34948049999366,0.0,138.34948049999366,138.34948049999366,1,198.97727360000135,198.97727360000135,198.97727360000135,198.97727360000135,0.0,198.97727360000135,198.97727360000135
controlled_mutations_object_extra_item_relation_online,smt_smt,component_006_events_0031_objects_0015.jsonocel,,1,0,0,0,0,0,0,None,fresh_offline_alignment,1,19.266728999995394,19.266728999995394,19.266728999995394,19.266728999995394,0.0,19.266728999995394,19.266728999995394,1,1.2844485999996929,1.2844485999996929,1.2844485999996929,1.2844485999996929,0.0,1.2844485999996929,1.2844485999996929,1,2.0202605000013136,2.0202605000013136,2.0202605000013136,2.0202605000013136,0.0,2.0202605000013136,2.0202605000013136,,,,,,,,,1,19.266728999995394,19.266728999995394,19.266728999995394,19.266728999995394,0.0,19.266728999995394,19.266728999995394,1,80.8823885999991,80.8823885999991,80.8823885999991,80.8823885999991,0.0,80.8823885999991,80.8823885999991
controlled_mutations_object_extra_item_relation_online,smt_smt,component_014_events_0102_objects_0053.jsonocel,,1,0,0,0,0,0,0,None,fresh_offline_alignment,1,8.308519900005194,8.308519900005194,8.308519900005194,8.308519900005194,0.0,8.308519900005194,8.308519900005194,1,0.7553199909095631,0.7553199909095631,0.7553199909095631,0.7553199909095631,0.0,0.7553199909095631,0.7553199909095631,1,1.02688660000058,1.02688660000058,1.02688660000058,1.02688660000058,0.0,1.02688660000058,1.02688660000058,,,,,,,,,1,8.308519900005194,8.308519900005194,8.308519900005194,8.308519900005194,0.0,8.308519900005194,8.308519900005194,1,68.94027229999847,68.94027229999847,68.94027229999847,68.94027229999847,0.0,68.94027229999847,68.94027229999847
controlled_mutations_object_extra_item_relation_online,smt_smt,component_021_events_0013_objects_0005.jsonocel,,1,0,0,0,0,0,5,None,fresh_offline_alignment,1,39.551191099999414,39.551191099999414,39.551191099999414,39.551191099999414,0.0,39.551191099999414,39.551191099999414,1,3.595562827272674,3.595562827272674,3.595562827272674,3.595562827272674,0.0,3.595562827272674,3.595562827272674,1,20.455188899999484,20.455188899999484,20.455188899999484,20.455188899999484,0.0,20.455188899999484,20.455188899999484,,,,,,,,,1,39.551191099999414,39.551191099999414,39.551191099999414,39.551191099999414,0.0,39.551191099999414,39.551191099999414,1,101.0890610000024,101.0890610000024,101.0890610000024,101.0890610000024,0.0,101.0890610000024,101.0890610000024
controlled_mutations_object_extra_item_relation_online,smt_smt,component_029_events_0021_objects_0010.jsonocel,,1,0,0,0,0,0,0,None,fresh_offline_alignment,1,49.58978869999919,49.58978869999919,49.58978869999919,49.58978869999919,0.0,49.58978869999919,49.58978869999919,1,5.509976522222132,5.509976522222132,5.509976522222132,5.509976522222132,0.0,5.509976522222132,5.509976522222132,1,12.729615500000364,12.729615500000364,12.729615500000364,12.729615500000364,0.0,12.729615500000364,12.729615500000364,,,,,,,,,1,49.58978869999919,49.58978869999919,49.58978869999919,49.58978869999919,0.0,49.58978869999919,49.58978869999919,1,110.13106479999988,110.13106479999988,110.13106479999988,110.13106479999988,0.0,110.13106479999988,110.13106479999988
controlled_mutations_object_extra_item_relation_online,smt_smt,component_030_events_0061_objects_0033.jsonocel,,1,0,0,0,0,0,0,None,fresh_offline_alignment,1,15.153627799994865,15.153627799994865,15.153627799994865,15.153627799994865,0.0,15.153627799994865,15.153627799994865,1,1.5153627799994864,1.5153627799994864,1.5153627799994864,1.5153627799994864,0.0,1.5153627799994864,1.5153627799994864,1,3.3371958999996423,3.3371958999996423,3.3371958999996423,3.3371958999996423,0.0,3.3371958999996423,3.3371958999996423,,,,,,,,,1,15.153627799994865,15.153627799994865,15.153627799994865,15.153627799994865,0.0,15.153627799994865,15.153627799994865,1,76.70642769999904,76.70642769999904,76.70642769999904,76.70642769999904,0.0,76.70642769999904,76.70642769999904
controlled_mutations_object_extra_item_relation_online,smt_smt,component_063_events_0035_objects_0019.jsonocel,,1,0,0,0,0,0,0,None,fresh_offline_alignment,1,12.676426300004096,12.676426300004096,12.676426300004096,12.676426300004096,0.0,12.676426300004096,12.676426300004096,1,0.5762011954547316,0.5762011954547316,0.5762011954547316,0.5762011954547316,0.0,0.5762011954547316,0.5762011954547316,1,0.9049443000003521,0.9049443000003521,0.9049443000003521,0.9049443000003521,0.0,0.9049443000003521,0.9049443000003521,,,,,,,,,1,12.676426300004096,12.676426300004096,12.676426300004096,12.676426300004096,0.0,12.676426300004096,12.676426300004096,1,73.37428350000118,73.37428350000118,73.37428350000118,73.37428350000118,0.0,73.37428350000118,73.37428350000118
controlled_mutations_object_extra_item_relation_online,smt_smt,component_064_events_0116_objects_0055.jsonocel,,1,0,0,0,0,0,0,None,fresh_offline_alignment,1,96.15299389999927,96.15299389999927,96.15299389999927,96.15299389999927,0.0,96.15299389999927,96.15299389999927,1,6.410199593333285,6.410199593333285,6.410199593333285,6.410199593333285,0.0,6.410199593333285,6.410199593333285,1,27.30791990000216,27.30791990000216,27.30791990000216,27.30791990000216,0.0,27.30791990000216,27.30791990000216,,,,,,,,,1,96.15299389999927,96.15299389999927,96.15299389999927,96.15299389999927,0.0,96.15299389999927,96.15299389999927,1,157.6968874000013,157.6968874000013,157.6968874000013,157.6968874000013,0.0,157.6968874000013,157.6968874000013
controlled_mutations_object_extra_item_relation_online,smt_smt,component_065_events_0098_objects_0050.jsonocel,,1,0,0,0,0,0,0,None,fresh_offline_alignment,1,19.99837350000962,19.99837350000962,19.99837350000962,19.99837350000962,0.0,19.99837350000962,19.99837350000962,1,1.1763749117652718,1.1763749117652718,1.1763749117652718,1.1763749117652718,0.0,1.1763749117652718,1.1763749117652718,1,2.1128626999998232,2.1128626999998232,2.1128626999998232,2.1128626999998232,0.0,2.1128626999998232,2.1128626999998232,,,,,,,,,1,19.99837350000962,19.99837350000962,19.99837350000962,19.99837350000962,0.0,19.99837350000962,19.99837350000962,1,80.68799040000158,80.68799040000158,80.68799040000158,80.68799040000158,0.0,80.68799040000158,80.68799040000158
controlled_mutations_object_extra_item_relation_online,smt_smt,component_067_events_0063_objects_0031.jsonocel,,1,0,0,0,0,0,0,None,fresh_offline_alignment,1,12.265917200005788,12.265917200005788,12.265917200005788,12.265917200005788,0.0,12.265917200005788,12.265917200005788,1,0.9435320923081375,0.9435320923081375,0.9435320923081375,0.9435320923081375,0.0,0.9435320923081375,0.9435320923081375,1,1.6144980000026408,1.6144980000026408,1.6144980000026408,1.6144980000026408,0.0,1.6144980000026408,1.6144980000026408,,,,,,,,,1,12.265917200005788,12.265917200005788,12.265917200005788,12.265917200005788,0.0,12.265917200005788,12.265917200005788,1,73.81729120000091,73.81729120000091,73.81729120000091,73.81729120000091,0.0,73.81729120000091,73.81729120000091
controlled_mutations_object_missing_item_relation_online,smt_smt,component_001_events_0030_objects_0020.jsonocel,,1,0,0,0,0,0,0,,fresh_offline_alignment,1,33.975598599994555,33.975598599994555,33.975598599994555,33.975598599994555,0.0,33.975598599994555,33.975598599994555,1,1.3067537923074828,1.3067537923074828,1.3067537923074828,1.3067537923074828,0.0,1.3067537923074828,1.3067537923074828,1,3.229389700001775,3.229389700001775,3.229389700001775,3.229389700001775,0.0,3.229389700001775,3.229389700001775,,,,,,,,,1,33.975598599994555,33.975598599994555,33.975598599994555,33.975598599994555,0.0,33.975598599994555,33.975598599994555,1,94.71093159999873,94.71093159999873,94.71093159999873,94.71093159999873,0.0,94.71093159999873,94.71093159999873
controlled_mutations_object_missing_item_relation_online,smt_smt,component_002_events_0028_objects_0013.jsonocel,,1,0,0,0,0,0,0,,fresh_offline_alignment,1,68.1374109999997,68.1374109999997,68.1374109999997,68.1374109999997,0.0,68.1374109999997,68.1374109999997,1,4.008082999999982,4.008082999999982,4.008082999999982,4.008082999999982,0.0,4.008082999999982,4.008082999999982,1,26.796650799999043,26.796650799999043,26.796650799999043,26.796650799999043,0.0,26.796650799999043,26.796650799999043,,,,,,,,,1,68.1374109999997,68.1374109999997,68.1374109999997,68.1374109999997,0.0,68.1374109999997,68.1374109999997,1,129.73874380000052,129.73874380000052,129.73874380000052,129.73874380000052,0.0,129.73874380000052,129.73874380000052
controlled_mutations_object_missing_item_relation_online,smt_smt,component_003_events_0022_objects_0011.jsonocel,,1,0,0,0,0,0,0,,fresh_offline_alignment,1,186.7920143999945,186.7920143999945,186.7920143999945,186.7920143999945,0.0,186.7920143999945,186.7920143999945,1,15.566001199999542,15.566001199999542,15.566001199999542,15.566001199999542,0.0,15.566001199999542,15.566001199999542,1,52.25167420000071,52.25167420000071,52.25167420000071,52.25167420000071,0.0,52.25167420000071,52.25167420000071,,,,,,,,,1,186.7920143999945,186.7920143999945,186.7920143999945,186.7920143999945,0.0,186.7920143999945,186.7920143999945,1,247.41359790000206,247.41359790000206,247.41359790000206,247.41359790000206,0.0,247.41359790000206,247.41359790000206
controlled_mutations_object_missing_item_relation_online,smt_smt,component_004_events_0013_objects_0009.jsonocel,,1,0,0,0,0,0,0,,fresh_offline_alignment,1,47.943670399996336,47.943670399996336,47.943670399996336,47.943670399996336,0.0,47.943670399996336,47.943670399996336,1,5.327074488888481,5.327074488888481,5.327074488888481,5.327074488888481,0.0,5.327074488888481,5.327074488888481,1,11.6683211999989,11.6683211999989,11.6683211999989,11.6683211999989,0.0,11.6683211999989,11.6683211999989,,,,,,,,,1,47.943670399996336,47.943670399996336,47.943670399996336,47.943670399996336,0.0,47.943670399996336,47.943670399996336,1,109.43908960000044,109.43908960000044,109.43908960000044,109.43908960000044,0.0,109.43908960000044,109.43908960000044
controlled_mutations_object_missing_item_relation_online,smt_smt,component_005_events_0035_objects_0016.jsonocel,,1,0,0,0,0,0,0,,fresh_offline_alignment,1,109.27807529999336,109.27807529999336,109.27807529999336,109.27807529999336,0.0,109.27807529999336,109.27807529999336,1,9.934370481817579,9.934370481817579,9.934370481817579,9.934370481817579,0.0,9.934370481817579,9.934370481817579,1,33.36797010000009,33.36797010000009,33.36797010000009,33.36797010000009,0.0,33.36797010000009,33.36797010000009,,,,,,,,,1,109.27807529999336,109.27807529999336,109.27807529999336,109.27807529999336,0.0,109.27807529999336,109.27807529999336,1,169.83878770000229,169.83878770000229,169.83878770000229,169.83878770000229,0.0,169.83878770000229,169.83878770000229
controlled_mutations_object_missing_item_relation_online,smt_smt,component_006_events_0031_objects_0015.jsonocel,,1,0,0,0,0,0,0,,fresh_offline_alignment,1,19.80148399999598,19.80148399999598,19.80148399999598,19.80148399999598,0.0,19.80148399999598,19.80148399999598,1,1.3200989333330653,1.3200989333330653,1.3200989333330653,1.3200989333330653,0.0,1.3200989333330653,1.3200989333330653,1,2.3709897000007913,2.3709897000007913,2.3709897000007913,2.3709897000007913,0.0,2.3709897000007913,2.3709897000007913,,,,,,,,,1,19.80148399999598,19.80148399999598,19.80148399999598,19.80148399999598,0.0,19.80148399999598,19.80148399999598,1,81.39094929999919,81.39094929999919,81.39094929999919,81.39094929999919,0.0,81.39094929999919,81.39094929999919
controlled_mutations_object_missing_item_relation_online,smt_smt,component_009_events_0015_objects_0008.jsonocel,,1,0,0,0,0,0,1,,fresh_offline_alignment,1,83.46177779999198,83.46177779999198,83.46177779999198,83.46177779999198,0.0,83.46177779999198,83.46177779999198,1,7.587434345453816,7.587434345453816,7.587434345453816,7.587434345453816,0.0,7.587434345453816,7.587434345453816,1,39.330766199997015,39.330766199997015,39.330766199997015,39.330766199997015,0.0,39.330766199997015,39.330766199997015,,,,,,,,,1,83.46177779999198,83.46177779999198,83.46177779999198,83.46177779999198,0.0,83.46177779999198,83.46177779999198,1,144.0108666999986,144.0108666999986,144.0108666999986,144.0108666999986,0.0,144.0108666999986,144.0108666999986
controlled_mutations_object_missing_item_relation_online,smt_smt,component_011_events_0028_objects_0017.jsonocel,,1,0,0,0,0,0,0,,fresh_offline_alignment,1,65.73239349999494,65.73239349999494,65.73239349999494,65.73239349999494,0.0,65.73239349999494,65.73239349999494,1,2.987836068181588,2.987836068181588,2.987836068181588,2.987836068181588,0.0,2.987836068181588,2.987836068181588,1,22.901246599998558,22.901246599998558,22.901246599998558,22.901246599998558,0.0,22.901246599998558,22.901246599998558,,,,,,,,,1,65.73239349999494,65.73239349999494,65.73239349999494,65.73239349999494,0.0,65.73239349999494,65.73239349999494,1,127.44496360000267,127.44496360000267,127.44496360000267,127.44496360000267,0.0,127.44496360000267,127.44496360000267
controlled_mutations_object_missing_item_relation_online,smt_smt,component_014_events_0102_objects_0053.jsonocel,,1,0,0,0,0,0,0,,fresh_offline_alignment,1,8.526344800000516,8.526344800000516,8.526344800000516,8.526344800000516,0.0,8.526344800000516,8.526344800000516,1,0.7751222545455014,0.7751222545455014,0.7751222545455014,0.7751222545455014,0.0,0.7751222545455014,0.7751222545455014,1,1.2096835999982432,1.2096835999982432,1.2096835999982432,1.2096835999982432,0.0,1.2096835999982432,1.2096835999982432,,,,,,,,,1,8.526344800000516,8.526344800000516,8.526344800000516,8.526344800000516,0.0,8.526344800000516,8.526344800000516,1,69.13362599999891,69.13362599999891,69.13362599999891,69.13362599999891,0.0,69.13362599999891,69.13362599999891
controlled_mutations_object_missing_item_relation_online,smt_smt,component_020_events_0022_objects_0009.jsonocel,,1,0,0,0,0,0,0,,fresh_offline_alignment,1,117.22478279999632,117.22478279999632,117.22478279999632,117.22478279999632,0.0,117.22478279999632,117.22478279999632,1,10.656798436363301,10.656798436363301,10.656798436363301,10.656798436363301,0.0,10.656798436363301,10.656798436363301,1,35.61647339999763,35.61647339999763,35.61647339999763,35.61647339999763,0.0,35.61647339999763,35.61647339999763,,,,,,,,,1,117.22478279999632,117.22478279999632,117.22478279999632,117.22478279999632,0.0,117.22478279999632,117.22478279999632,1,178.74410569999964,178.74410569999964,178.74410569999964,178.74410569999964,0.0,178.74410569999964,178.74410569999964
controlled_mutations_object_missing_item_relation_online,smt_smt,component_021_events_0013_objects_0005.jsonocel,,1,1,0,0,0,0,3,,fresh_offline_alignment,1,129.59690759999285,129.59690759999285,129.59690759999285,129.59690759999285,0.0,129.59690759999285,129.59690759999285,1,9.968992892307142,9.968992892307142,9.968992892307142,9.968992892307142,0.0,9.968992892307142,9.968992892307142,1,57.587949499997194,57.587949499997194,57.587949499997194,57.587949499997194,0.0,57.587949499997194,57.587949499997194,1,0.0,0.0,0.0,0.0,0.0,0.0,0.0,1,129.59690759999285,129.59690759999285,129.59690759999285,129.59690759999285,0.0,129.59690759999285,129.59690759999285,1,130.2177245999992,130.2177245999992,130.2177245999992,130.2177245999992,0.0,130.2177245999992,130.2177245999992
controlled_mutations_object_missing_item_relation_online,smt_smt,component_024_events_0010_objects_0005.jsonocel,,1,1,0,0,0,0,7,,fresh_offline_alignment,1,38.45257359999596,38.45257359999596,38.45257359999596,38.45257359999596,0.0,38.45257359999596,38.45257359999596,1,3.8452573599995956,3.8452573599995956,3.8452573599995956,3.8452573599995956,0.0,3.8452573599995956,3.8452573599995956,1,15.231942400001572,15.231942400001572,15.231942400001572,15.231942400001572,0.0,15.231942400001572,15.231942400001572,1,0.0,0.0,0.0,0.0,0.0,0.0,0.0,1,38.45257359999596,38.45257359999596,38.45257359999596,38.45257359999596,0.0,38.45257359999596,38.45257359999596,1,40.00394900000174,40.00394900000174,40.00394900000174,40.00394900000174,0.0,40.00394900000174,40.00394900000174
controlled_mutations_object_missing_item_relation_online,smt_smt,component_028_events_0012_objects_0008.jsonocel,,1,0,0,0,0,0,1,,fresh_offline_alignment,1,83.45163339999272,83.45163339999272,83.45163339999272,83.45163339999272,0.0,83.45163339999272,83.45163339999272,1,9.272403711110302,9.272403711110302,9.272403711110302,9.272403711110302,0.0,9.272403711110302,9.272403711110302,1,59.14815180000005,59.14815180000005,59.14815180000005,59.14815180000005,0.0,59.14815180000005,59.14815180000005,,,,,,,,,1,83.45163339999272,83.45163339999272,83.45163339999272,83.45163339999272,0.0,83.45163339999272,83.45163339999272,1,143.97865119999915,143.97865119999915,143.97865119999915,143.97865119999915,0.0,143.97865119999915,143.97865119999915
controlled_mutations_object_missing_item_relation_online,smt_smt,component_029_events_0021_objects_0010.jsonocel,,1,0,0,0,0,0,0,,fresh_offline_alignment,1,49.13495929999772,49.13495929999772,49.13495929999772,49.13495929999772,0.0,49.13495929999772,49.13495929999772,1,5.459439922221969,5.459439922221969,5.459439922221969,5.459439922221969,0.0,5.459439922221969,5.459439922221969,1,15.951601599997957,15.951601599997957,15.951601599997957,15.951601599997957,0.0,15.951601599997957,15.951601599997957,,,,,,,,,1,49.13495929999772,49.13495929999772,49.13495929999772,49.13495929999772,0.0,49.13495929999772,49.13495929999772,1,110.61015530000077,110.61015530000077,110.61015530000077,110.61015530000077,0.0,110.61015530000077,110.61015530000077
controlled_mutations_object_missing_item_relation_online,smt_smt,component_030_events_0061_objects_0033.jsonocel,,1,0,0,0,0,0,0,,fresh_offline_alignment,1,15.742447500004346,15.742447500004346,15.742447500004346,15.742447500004346,0.0,15.742447500004346,15.742447500004346,1,1.5742447500004346,1.5742447500004346,1.5742447500004346,1.5742447500004346,0.0,1.5742447500004346,1.5742447500004346,1,2.840691599998536,2.840691599998536,2.840691599998536,2.840691599998536,0.0,2.840691599998536,2.840691599998536,,,,,,,,,1,15.742447500004346,15.742447500004346,15.742447500004346,15.742447500004346,0.0,15.742447500004346,15.742447500004346,1,76.25641669999823,76.25641669999823,76.25641669999823,76.25641669999823,0.0,76.25641669999823,76.25641669999823
controlled_mutations_object_missing_item_relation_online,smt_smt,component_031_events_0009_objects_0005.jsonocel,,1,1,0,0,0,0,7,,fresh_offline_alignment,1,22.639832299999398,22.639832299999398,22.639832299999398,22.639832299999398,0.0,22.639832299999398,22.639832299999398,1,2.5155369222221555,2.5155369222221555,2.5155369222221555,2.5155369222221555,0.0,2.5155369222221555,2.5155369222221555,1,10.322018599999865,10.322018599999865,10.322018599999865,10.322018599999865,0.0,10.322018599999865,10.322018599999865,1,0.0,0.0,0.0,0.0,0.0,0.0,0.0,1,22.639832299999398,22.639832299999398,22.639832299999398,22.639832299999398,0.0,22.639832299999398,22.639832299999398,1,24.129458300001716,24.129458300001716,24.129458300001716,24.129458300001716,0.0,24.129458300001716,24.129458300001716
controlled_mutations_object_missing_item_relation_online,smt_smt,component_032_events_0007_objects_0003.jsonocel,,1,1,0,0,0,0,3,,fresh_offline_alignment,1,3.725656499998877,3.725656499998877,3.725656499998877,3.725656499998877,0.0,3.725656499998877,3.725656499998877,1,0.5322366428569824,0.5322366428569824,0.5322366428569824,0.5322366428569824,0.0,0.5322366428569824,0.5322366428569824,1,1.280045200001041,1.280045200001041,1.280045200001041,1.280045200001041,0.0,1.280045200001041,1.280045200001041,1,0.0,0.0,0.0,0.0,0.0,0.0,0.0,1,3.725656499998877,3.725656499998877,3.725656499998877,3.725656499998877,0.0,3.725656499998877,3.725656499998877,1,4.211124499997823,4.211124499997823,4.211124499997823,4.211124499997823,0.0,4.211124499997823,4.211124499997823
controlled_mutations_object_missing_item_relation_online,smt_smt,component_036_events_0017_objects_0008.jsonocel,,1,0,0,0,0,0,1,,fresh_offline_alignment,1,14.260859800000617,14.260859800000617,14.260859800000617,14.260859800000617,0.0,14.260859800000617,14.260859800000617,1,1.5845399777778464,1.5845399777778464,1.5845399777778464,1.5845399777778464,0.0,1.5845399777778464,1.5845399777778464,1,5.599947099999554,5.599947099999554,5.599947099999554,5.599947099999554,0.0,5.599947099999554,5.599947099999554,,,,,,,,,1,14.260859800000617,14.260859800000617,14.260859800000617,14.260859800000617,0.0,14.260859800000617,14.260859800000617,1,74.79641959999935,74.79641959999935,74.79641959999935,74.79641959999935,0.0,74.79641959999935,74.79641959999935
controlled_mutations_object_missing_item_relation_online,smt_smt,component_037_events_0012_objects_0006.jsonocel,,1,0,0,0,0,0,9,,fresh_offline_alignment,1,64.06513129999803,64.06513129999803,64.06513129999803,64.06513129999803,0.0,64.06513129999803,64.06513129999803,1,5.824102845454366,5.824102845454366,5.824102845454366,5.824102845454366,0.0,5.824102845454366,5.824102845454366,1,24.23010929999873,24.23010929999873,24.23010929999873,24.23010929999873,0.0,24.23010929999873,24.23010929999873,,,,,,,,,1,64.06513129999803,64.06513129999803,64.06513129999803,64.06513129999803,0.0,64.06513129999803,64.06513129999803,1,125.57179110000288,125.57179110000288,125.57179110000288,125.57179110000288,0.0,125.57179110000288,125.57179110000288
controlled_mutations_object_missing_item_relation_online,smt_smt,component_038_events_0008_objects_0004.jsonocel,,1,1,0,0,0,0,5,,fresh_offline_alignment,1,9.765628500004823,9.765628500004823,9.765628500004823,9.765628500004823,0.0,9.765628500004823,9.765628500004823,1,1.2207035625006029,1.2207035625006029,1.2207035625006029,1.2207035625006029,0.0,1.2207035625006029,1.2207035625006029,1,2.804443299999548,2.804443299999548,2.804443299999548,2.804443299999548,0.0,2.804443299999548,2.804443299999548,1,0.0,0.0,0.0,0.0,0.0,0.0,0.0,1,9.765628500004823,9.765628500004823,9.765628500004823,9.765628500004823,0.0,9.765628500004823,9.765628500004823,1,10.24079300000085,10.24079300000085,10.24079300000085,10.24079300000085,0.0,10.24079300000085,10.24079300000085
controlled_mutations_object_missing_item_relation_online,smt_smt,component_042_events_0009_objects_0005.jsonocel,,1,1,0,0,0,0,7,,fresh_offline_alignment,1,22.763674300000275,22.763674300000275,22.763674300000275,22.763674300000275,0.0,22.763674300000275,22.763674300000275,1,2.529297144444475,2.529297144444475,2.529297144444475,2.529297144444475,0.0,2.529297144444475,2.529297144444475,1,9.288177700000233,9.288177700000233,9.288177700000233,9.288177700000233,0.0,9.288177700000233,9.288177700000233,1,0.0,0.0,0.0,0.0,0.0,0.0,0.0,1,22.763674300000275,22.763674300000275,22.763674300000275,22.763674300000275,0.0,22.763674300000275,22.763674300000275,1,24.250652300001093,24.250652300001093,24.250652300001093,24.250652300001093,0.0,24.250652300001093,24.250652300001093
controlled_mutations_object_missing_item_relation_online,smt_smt,component_048_events_0011_objects_0007.jsonocel,,1,0,0,0,0,0,7,,fresh_offline_alignment,1,86.782333500003,86.782333500003,86.782333500003,86.782333500003,0.0,86.782333500003,86.782333500003,1,8.678233350000301,8.678233350000301,8.678233350000301,8.678233350000301,0.0,8.678233350000301,8.678233350000301,1,50.39465480000217,50.39465480000217,50.39465480000217,50.39465480000217,0.0,50.39465480000217,50.39465480000217,,,,,,,,,1,86.782333500003,86.782333500003,86.782333500003,86.782333500003,0.0,86.782333500003,86.782333500003,1,147.33964149999883,147.33964149999883,147.33964149999883,147.33964149999883,0.0,147.33964149999883,147.33964149999883
controlled_mutations_object_missing_item_relation_online,smt_smt,component_050_events_0008_objects_0004.jsonocel,,1,1,0,0,0,0,5,,fresh_offline_alignment,1,8.62011170000551,8.62011170000551,8.62011170000551,8.62011170000551,0.0,8.62011170000551,8.62011170000551,1,1.0775139625006886,1.0775139625006886,1.0775139625006886,1.0775139625006886,0.0,1.0775139625006886,1.0775139625006886,1,2.7525965999993787,2.7525965999993787,2.7525965999993787,2.7525965999993787,0.0,2.7525965999993787,2.7525965999993787,1,0.0,0.0,0.0,0.0,0.0,0.0,0.0,1,8.62011170000551,8.62011170000551,8.62011170000551,8.62011170000551,0.0,8.62011170000551,8.62011170000551,1,10.069517399999313,10.069517399999313,10.069517399999313,10.069517399999313,0.0,10.069517399999313,10.069517399999313
controlled_mutations_object_missing_item_relation_online,smt_smt,component_051_events_0011_objects_0007.jsonocel,,1,0,0,0,0,0,7,,fresh_offline_alignment,1,66.87503029999789,66.87503029999789,66.87503029999789,66.87503029999789,0.0,66.87503029999789,66.87503029999789,1,7.430558922221987,7.430558922221987,7.430558922221987,7.430558922221987,0.0,7.430558922221987,7.430558922221987,1,43.886863300002005,43.886863300002005,43.886863300002005,43.886863300002005,0.0,43.886863300002005,43.886863300002005,,,,,,,,,1,66.87503029999789,66.87503029999789,66.87503029999789,66.87503029999789,0.0,66.87503029999789,66.87503029999789,1,127.43192629999976,127.43192629999976,127.43192629999976,127.43192629999976,0.0,127.43192629999976,127.43192629999976
controlled_mutations_object_missing_item_relation_online,smt_smt,component_057_events_0011_objects_0005.jsonocel,,1,1,0,0,0,0,7,,fresh_offline_alignment,1,35.31674000000203,35.31674000000203,35.31674000000203,35.31674000000203,0.0,35.31674000000203,35.31674000000203,1,3.2106127272729115,3.2106127272729115,3.2106127272729115,3.2106127272729115,0.0,3.2106127272729115,3.2106127272729115,1,13.666569499997422,13.666569499997422,13.666569499997422,13.666569499997422,0.0,13.666569499997422,13.666569499997422,1,0.0,0.0,0.0,0.0,0.0,0.0,0.0,1,35.31674000000203,35.31674000000203,35.31674000000203,35.31674000000203,0.0,35.31674000000203,35.31674000000203,1,36.80683219999992,36.80683219999992,36.80683219999992,36.80683219999992,0.0,36.80683219999992,36.80683219999992
controlled_mutations_object_missing_item_relation_online,smt_smt,component_058_events_0009_objects_0005.jsonocel,,1,1,0,0,0,0,7,,fresh_offline_alignment,1,26.133912600002077,26.133912600002077,26.133912600002077,26.133912600002077,0.0,26.133912600002077,26.133912600002077,1,2.9037680666668972,2.9037680666668972,2.9037680666668972,2.9037680666668972,0.0,2.9037680666668972,2.9037680666668972,1,9.665381900002103,9.665381900002103,9.665381900002103,9.665381900002103,0.0,9.665381900002103,9.665381900002103,1,0.0,0.0,0.0,0.0,0.0,0.0,0.0,1,26.133912600002077,26.133912600002077,26.133912600002077,26.133912600002077,0.0,26.133912600002077,26.133912600002077,1,26.715978899999755,26.715978899999755,26.715978899999755,26.715978899999755,0.0,26.715978899999755,26.715978899999755
controlled_mutations_object_missing_item_relation_online,smt_smt,component_059_events_0010_objects_0006.jsonocel,,1,1,0,0,0,0,9,,fresh_offline_alignment,1,75.97070490000988,75.97070490000988,75.97070490000988,75.97070490000988,0.0,75.97070490000988,75.97070490000988,1,7.597070490000988,7.597070490000988,7.597070490000988,7.597070490000988,0.0,7.597070490000988,7.597070490000988,1,37.76273620000211,37.76273620000211,37.76273620000211,37.76273620000211,0.0,37.76273620000211,37.76273620000211,1,0.0,0.0,0.0,0.0,0.0,0.0,0.0,1,75.97070490000988,75.97070490000988,75.97070490000988,75.97070490000988,0.0,75.97070490000988,75.97070490000988,1,76.5258567000019,76.5258567000019,76.5258567000019,76.5258567000019,0.0,76.5258567000019,76.5258567000019
controlled_mutations_object_missing_item_relation_online,smt_smt,component_061_events_0007_objects_0003.jsonocel,,1,1,0,0,0,0,3,,fresh_offline_alignment,1,3.677665100000013,3.677665100000013,3.677665100000013,3.677665100000013,0.0,3.677665100000013,3.677665100000013,1,0.5253807285714304,0.5253807285714304,0.5253807285714304,0.5253807285714304,0.0,0.5253807285714304,0.5253807285714304,1,1.2300819999982195,1.2300819999982195,1.2300819999982195,1.2300819999982195,0.0,1.2300819999982195,1.2300819999982195,1,0.0,0.0,0.0,0.0,0.0,0.0,0.0,1,3.677665100000013,3.677665100000013,3.677665100000013,3.677665100000013,0.0,3.677665100000013,3.677665100000013,1,5.058369700000185,5.058369700000185,5.058369700000185,5.058369700000185,0.0,5.058369700000185,5.058369700000185
controlled_mutations_object_missing_item_relation_online,smt_smt,component_063_events_0035_objects_0019.jsonocel,,1,0,0,0,0,0,0,,fresh_offline_alignment,1,12.693224500006181,12.693224500006181,12.693224500006181,12.693224500006181,0.0,12.693224500006181,12.693224500006181,1,0.5769647500002809,0.5769647500002809,0.5769647500002809,0.5769647500002809,0.0,0.5769647500002809,0.5769647500002809,1,0.9204725999989023,0.9204725999989023,0.9204725999989023,0.9204725999989023,0.0,0.9204725999989023,0.9204725999989023,,,,,,,,,1,12.693224500006181,12.693224500006181,12.693224500006181,12.693224500006181,0.0,12.693224500006181,12.693224500006181,1,73.31056330000138,73.31056330000138,73.31056330000138,73.31056330000138,0.0,73.31056330000138,73.31056330000138
controlled_mutations_object_missing_item_relation_online,smt_smt,component_064_events_0116_objects_0055.jsonocel,,1,0,0,0,0,0,0,,fresh_offline_alignment,1,80.15181389999634,80.15181389999634,80.15181389999634,80.15181389999634,0.0,80.15181389999634,80.15181389999634,1,5.343454259999756,5.343454259999756,5.343454259999756,5.343454259999756,0.0,5.343454259999756,5.343454259999756,1,23.065603800001554,23.065603800001554,23.065603800001554,23.065603800001554,0.0,23.065603800001554,23.065603800001554,,,,,,,,,1,80.15181389999634,80.15181389999634,80.15181389999634,80.15181389999634,0.0,80.15181389999634,80.15181389999634,1,141.78139010000086,141.78139010000086,141.78139010000086,141.78139010000086,0.0,141.78139010000086,141.78139010000086
controlled_mutations_object_missing_item_relation_online,smt_smt,component_065_events_0098_objects_0050.jsonocel,,1,0,0,0,0,0,0,,fresh_offline_alignment,1,19.44856710000022,19.44856710000022,19.44856710000022,19.44856710000022,0.0,19.44856710000022,19.44856710000022,1,1.1440333588235423,1.1440333588235423,1.1440333588235423,1.1440333588235423,0.0,1.1440333588235423,1.1440333588235423,1,2.2968959999998333,2.2968959999998333,2.2968959999998333,2.2968959999998333,0.0,2.2968959999998333,2.2968959999998333,,,,,,,,,1,19.44856710000022,19.44856710000022,19.44856710000022,19.44856710000022,0.0,19.44856710000022,19.44856710000022,1,80.01381679999758,80.01381679999758,80.01381679999758,80.01381679999758,0.0,80.01381679999758,80.01381679999758
controlled_mutations_object_missing_item_relation_online,smt_smt,component_066_events_0011_objects_0006.jsonocel,,1,1,0,0,0,0,9,,fresh_offline_alignment,1,112.37543210000149,112.37543210000149,112.37543210000149,112.37543210000149,0.0,112.37543210000149,112.37543210000149,1,10.215948372727409,10.215948372727409,10.215948372727409,10.215948372727409,0.0,10.215948372727409,10.215948372727409,1,48.23842650000006,48.23842650000006,48.23842650000006,48.23842650000006,0.0,48.23842650000006,48.23842650000006,1,0.0,0.0,0.0,0.0,0.0,0.0,0.0,1,112.37543210000149,112.37543210000149,112.37543210000149,112.37543210000149,0.0,112.37543210000149,112.37543210000149,1,113.86407250000047,113.86407250000047,113.86407250000047,113.86407250000047,0.0,113.86407250000047,113.86407250000047
controlled_mutations_object_missing_item_relation_online,smt_smt,component_067_events_0063_objects_0031.jsonocel,,1,0,0,0,0,0,0,,fresh_offline_alignment,1,11.954335399994306,11.954335399994306,11.954335399994306,11.954335399994306,0.0,11.954335399994306,11.954335399994306,1,0.9195642615380236,0.9195642615380236,0.9195642615380236,0.9195642615380236,0.0,0.9195642615380236,0.9195642615380236,1,1.3434551999998803,1.3434551999998803,1.3434551999998803,1.3434551999998803,0.0,1.3434551999998803,1.3434551999998803,,,,,,,,,1,11.954335399994306,11.954335399994306,11.954335399994306,11.954335399994306,0.0,11.954335399994306,11.954335399994306,1,72.57527150000169,72.57527150000169,72.57527150000169,72.57527150000169,0.0,72.57527150000169,72.57527150000169
controlled_mutations_object_missing_item_relation_online,smt_smt,component_068_events_0009_objects_0005.jsonocel,,1,1,0,0,0,0,7,,fresh_offline_alignment,1,18.10373840000102,18.10373840000102,18.10373840000102,18.10373840000102,0.0,18.10373840000102,18.10373840000102,1,2.011526488889002,2.011526488889002,2.011526488889002,2.011526488889002,0.0,2.011526488889002,2.011526488889002,1,6.190988700000162,6.190988700000162,6.190988700000162,6.190988700000162,0.0,6.190988700000162,6.190988700000162,1,0.0,0.0,0.0,0.0,0.0,0.0,0.0,1,18.10373840000102,18.10373840000102,18.10373840000102,18.10373840000102,0.0,18.10373840000102,18.10373840000102,1,19.509130399997957,19.509130399997957,19.509130399997957,19.509130399997957,0.0,19.509130399997957,19.509130399997957
deviation_scale_extended_online,smt_smt,products_020_budget.jsonocel,20,1,0,0,0,0,0,,None,fresh_offline_alignment,1,0.0,0.0,0.0,0.0,0.0,0.0,0.0,1,0.0,0.0,0.0,0.0,0.0,0.0,0.0,1,0.0,0.0,0.0,0.0,0.0,0.0,0.0,,,,,,,,,1,0.0,0.0,0.0,0.0,0.0,0.0,0.0,1,60.330241200000046,60.330241200000046,60.330241200000046,60.330241200000046,0.0,60.330241200000046,60.330241200000046
deviation_scale_extended_online,smt_smt,products_020_cost.jsonocel,20,1,0,0,0,0,0,0,None,fresh_offline_alignment,1,58.561717700000145,58.561717700000145,58.561717700000145,58.561717700000145,0.0,58.561717700000145,58.561717700000145,1,29.280858850000072,29.280858850000072,29.280858850000072,29.280858850000072,0.0,29.280858850000072,29.280858850000072,1,30.72463400000015,30.72463400000015,30.72463400000015,30.72463400000015,0.0,30.72463400000015,30.72463400000015,,,,,,,,,1,58.561717700000145,58.561717700000145,58.561717700000145,58.561717700000145,0.0,58.561717700000145,58.561717700000145,1,118.94457450000004,118.94457450000004,118.94457450000004,118.94457450000004,0.0,118.94457450000004,118.94457450000004
deviation_scale_extended_online,smt_smt,products_020_early_place_data.jsonocel,20,1,0,0,0,0,0,1,None,fresh_offline_alignment,1,77.06189760000007,77.06189760000007,77.06189760000007,77.06189760000007,0.0,77.06189760000007,77.06189760000007,1,38.53094880000003,38.53094880000003,38.53094880000003,38.53094880000003,0.0,38.53094880000003,38.53094880000003,1,44.84576870000001,44.84576870000001,44.84576870000001,44.84576870000001,0.0,44.84576870000001,44.84576870000001,,,,,,,,,1,77.06189760000007,77.06189760000007,77.06189760000007,77.06189760000007,0.0,77.06189760000007,77.06189760000007,1,137.43955460000006,137.43955460000006,137.43955460000006,137.43955460000006,0.0,137.43955460000006,137.43955460000006
deviation_scale_extended_online,smt_smt,products_020_fit.jsonocel,20,1,0,0,0,0,0,0,None,fresh_offline_alignment,1,71.18949889999976,71.18949889999976,71.18949889999976,71.18949889999976,0.0,71.18949889999976,71.18949889999976,1,35.59474944999988,35.59474944999988,35.59474944999988,35.59474944999988,0.0,35.59474944999988,35.59474944999988,1,37.954327999999805,37.954327999999805,37.954327999999805,37.954327999999805,0.0,37.954327999999805,37.954327999999805,,,,,,,,,1,71.18949889999976,71.18949889999976,71.18949889999976,71.18949889999976,0.0,71.18949889999976,71.18949889999976,1,131.5927901,131.5927901,131.5927901,131.5927901,0.0,131.5927901,131.5927901
deviation_scale_extended_online,smt_smt,products_020_late_ship_data.jsonocel,20,1,0,0,0,0,0,0,None,fresh_offline_alignment,1,68.00412150000011,68.00412150000011,68.00412150000011,68.00412150000011,0.0,68.00412150000011,68.00412150000011,1,34.002060750000055,34.002060750000055,34.002060750000055,34.002060750000055,0.0,34.002060750000055,34.002060750000055,1,35.689689499999986,35.689689499999986,35.689689499999986,35.689689499999986,0.0,35.689689499999986,35.689689499999986,,,,,,,,,1,68.00412150000011,68.00412150000011,68.00412150000011,68.00412150000011,0.0,68.00412150000011,68.00412150000011,1,128.3896459,128.3896459,128.3896459,128.3896459,0.0,128.3896459,128.3896459
deviation_scale_extended_online,smt_smt,products_020_priority.jsonocel,20,1,0,0,0,0,0,0,None,fresh_offline_alignment,1,84.64207090000036,84.64207090000036,84.64207090000036,84.64207090000036,0.0,84.64207090000036,84.64207090000036,1,42.32103545000018,42.32103545000018,42.32103545000018,42.32103545000018,0.0,42.32103545000018,42.32103545000018,1,44.811114400000406,44.811114400000406,44.811114400000406,44.811114400000406,0.0,44.811114400000406,44.811114400000406,,,,,,,,,1,84.64207090000036,84.64207090000036,84.64207090000036,84.64207090000036,0.0,84.64207090000036,84.64207090000036,1,145.08234600000014,145.08234600000014,145.08234600000014,145.08234600000014,0.0,145.08234600000014,145.08234600000014
deviation_scale_extended_online,smt_smt,products_020_vip.jsonocel,20,1,0,0,0,0,0,1,None,fresh_offline_alignment,1,33.89127150000013,33.89127150000013,33.89127150000013,33.89127150000013,0.0,33.89127150000013,33.89127150000013,1,33.89127150000013,33.89127150000013,33.89127150000013,33.89127150000013,0.0,33.89127150000013,33.89127150000013,1,33.89127150000013,33.89127150000013,33.89127150000013,33.89127150000013,0.0,33.89127150000013,33.89127150000013,,,,,,,,,1,33.89127150000013,33.89127150000013,33.89127150000013,33.89127150000013,0.0,33.89127150000013,33.89127150000013,1,94.32941299999993,94.32941299999993,94.32941299999993,94.32941299999993,0.0,94.32941299999993,94.32941299999993
deviation_scale_online,smt_smt,products_001_budget.jsonocel,1,1,1,0,0,0,0,1,,fresh_offline_alignment,1,1.1561092999999971,1.1561092999999971,1.1561092999999971,1.1561092999999971,0.0,1.1561092999999971,1.1561092999999971,1,0.2890273249999993,0.2890273249999993,0.2890273249999993,0.2890273249999993,0.0,0.2890273249999993,0.2890273249999993,1,0.328838300000001,0.328838300000001,0.328838300000001,0.328838300000001,0.0,0.328838300000001,0.328838300000001,1,0.0,0.0,0.0,0.0,0.0,0.0,0.0,1,1.1561092999999971,1.1561092999999971,1.1561092999999971,1.1561092999999971,0.0,1.1561092999999971,1.1561092999999971,1,1.523978100000022,1.523978100000022,1.523978100000022,1.523978100000022,0.0,1.523978100000022,1.523978100000022
deviation_scale_online,smt_smt,products_001_cost.jsonocel,1,1,1,0,0,0,0,1,,fresh_offline_alignment,1,1.1240515000000073,1.1240515000000073,1.1240515000000073,1.1240515000000073,0.0,1.1240515000000073,1.1240515000000073,1,0.2810128750000018,0.2810128750000018,0.2810128750000018,0.2810128750000018,0.0,0.2810128750000018,0.2810128750000018,1,0.33966380000001095,0.33966380000001095,0.33966380000001095,0.33966380000001095,0.0,0.33966380000001095,0.33966380000001095,1,0.0,0.0,0.0,0.0,0.0,0.0,0.0,1,1.1240515000000073,1.1240515000000073,1.1240515000000073,1.1240515000000073,0.0,1.1240515000000073,1.1240515000000073,1,1.420706899999999,1.420706899999999,1.420706899999999,1.420706899999999,0.0,1.420706899999999,1.420706899999999
deviation_scale_online,smt_smt,products_001_early_place_data.jsonocel,1,1,1,0,0,0,0,1,,fresh_offline_alignment,1,1.1629312999999968,1.1629312999999968,1.1629312999999968,1.1629312999999968,0.0,1.1629312999999968,1.1629312999999968,1,0.2907328249999992,0.2907328249999992,0.2907328249999992,0.2907328249999992,0.0,0.2907328249999992,0.2907328249999992,1,0.3407612000000029,0.3407612000000029,0.3407612000000029,0.3407612000000029,0.0,0.3407612000000029,0.3407612000000029,1,0.0,0.0,0.0,0.0,0.0,0.0,0.0,1,1.1629312999999968,1.1629312999999968,1.1629312999999968,1.1629312999999968,0.0,1.1629312999999968,1.1629312999999968,1,1.418274700000012,1.418274700000012,1.418274700000012,1.418274700000012,0.0,1.418274700000012,1.418274700000012
deviation_scale_online,smt_smt,products_001_fit.jsonocel,1,1,1,0,0,0,0,0,,fresh_offline_alignment,1,1.106640399999975,1.106640399999975,1.106640399999975,1.106640399999975,0.0,1.106640399999975,1.106640399999975,1,0.27666009999999375,0.27666009999999375,0.27666009999999375,0.27666009999999375,0.0,0.27666009999999375,0.27666009999999375,1,0.3131102000000112,0.3131102000000112,0.3131102000000112,0.3131102000000112,0.0,0.3131102000000112,0.3131102000000112,1,0.0,0.0,0.0,0.0,0.0,0.0,0.0,1,1.106640399999975,1.106640399999975,1.106640399999975,1.106640399999975,0.0,1.106640399999975,1.106640399999975,1,1.4174718999999811,1.4174718999999811,1.4174718999999811,1.4174718999999811,0.0,1.4174718999999811,1.4174718999999811
deviation_scale_online,smt_smt,products_001_late_ship_data.jsonocel,1,1,1,0,0,0,0,1,,fresh_offline_alignment,1,1.1160357999999917,1.1160357999999917,1.1160357999999917,1.1160357999999917,0.0,1.1160357999999917,1.1160357999999917,1,0.2790089499999979,0.2790089499999979,0.2790089499999979,0.2790089499999979,0.0,0.2790089499999979,0.2790089499999979,1,0.31134629999999675,0.31134629999999675,0.31134629999999675,0.31134629999999675,0.0,0.31134629999999675,0.31134629999999675,1,0.0,0.0,0.0,0.0,0.0,0.0,0.0,1,1.1160357999999917,1.1160357999999917,1.1160357999999917,1.1160357999999917,0.0,1.1160357999999917,1.1160357999999917,1,1.4179731000000118,1.4179731000000118,1.4179731000000118,1.4179731000000118,0.0,1.4179731000000118,1.4179731000000118
deviation_scale_online,smt_smt,products_001_priority.jsonocel,1,1,1,0,0,0,0,1,,fresh_offline_alignment,1,1.1379590999999891,1.1379590999999891,1.1379590999999891,1.1379590999999891,0.0,1.1379590999999891,1.1379590999999891,1,0.2844897749999973,0.2844897749999973,0.2844897749999973,0.2844897749999973,0.0,0.2844897749999973,0.2844897749999973,1,0.32662690000000794,0.32662690000000794,0.32662690000000794,0.32662690000000794,0.0,0.32662690000000794,0.32662690000000794,1,0.0,0.0,0.0,0.0,0.0,0.0,0.0,1,1.1379590999999891,1.1379590999999891,1.1379590999999891,1.1379590999999891,0.0,1.1379590999999891,1.1379590999999891,1,1.4198935000000006,1.4198935000000006,1.4198935000000006,1.4198935000000006,0.0,1.4198935000000006,1.4198935000000006
deviation_scale_online,smt_smt,products_001_vip.jsonocel,1,1,1,0,0,0,0,1,,fresh_offline_alignment,1,1.1455080000000066,1.1455080000000066,1.1455080000000066,1.1455080000000066,0.0,1.1455080000000066,1.1455080000000066,1,0.28637700000000166,0.28637700000000166,0.28637700000000166,0.28637700000000166,0.0,0.28637700000000166,0.28637700000000166,1,0.34610870000000205,0.34610870000000205,0.34610870000000205,0.34610870000000205,0.0,0.34610870000000205,0.34610870000000205,1,0.0,0.0,0.0,0.0,0.0,0.0,0.0,1,1.1455080000000066,1.1455080000000066,1.1455080000000066,1.1455080000000066,0.0,1.1455080000000066,1.1455080000000066,1,1.4189374999999984,1.4189374999999984,1.4189374999999984,1.4189374999999984,0.0,1.4189374999999984,1.4189374999999984
deviation_scale_online,smt_smt,products_002_budget.jsonocel,2,1,1,0,0,0,0,1,,fresh_offline_alignment,1,2.388697699999966,2.388697699999966,2.388697699999966,2.388697699999966,0.0,2.388697699999966,2.388697699999966,1,0.4777395399999932,0.4777395399999932,0.4777395399999932,0.4777395399999932,0.0,0.4777395399999932,0.4777395399999932,1,0.5990033999999866,0.5990033999999866,0.5990033999999866,0.5990033999999866,0.0,0.5990033999999866,0.5990033999999866,1,0.0,0.0,0.0,0.0,0.0,0.0,0.0,1,2.388697699999966,2.388697699999966,2.388697699999966,2.388697699999966,0.0,2.388697699999966,2.388697699999966,1,2.7252414999999814,2.7252414999999814,2.7252414999999814,2.7252414999999814,0.0,2.7252414999999814,2.7252414999999814
deviation_scale_online,smt_smt,products_002_cost.jsonocel,2,1,1,0,0,0,0,1,,fresh_offline_alignment,1,2.3118621000000417,2.3118621000000417,2.3118621000000417,2.3118621000000417,0.0,2.3118621000000417,2.3118621000000417,1,0.46237242000000833,0.46237242000000833,0.46237242000000833,0.46237242000000833,0.0,0.46237242000000833,0.46237242000000833,1,0.593633600000004,0.593633600000004,0.593633600000004,0.593633600000004,0.0,0.593633600000004,0.593633600000004,1,0.0,0.0,0.0,0.0,0.0,0.0,0.0,1,2.3118621000000417,2.3118621000000417,2.3118621000000417,2.3118621000000417,0.0,2.3118621000000417,2.3118621000000417,1,2.623106699999994,2.623106699999994,2.623106699999994,2.623106699999994,0.0,2.623106699999994,2.623106699999994
deviation_scale_online,smt_smt,products_002_early_place_data.jsonocel,2,1,1,0,0,0,0,1,,fresh_offline_alignment,1,2.3950073999999972,2.3950073999999972,2.3950073999999972,2.3950073999999972,0.0,2.3950073999999972,2.3950073999999972,1,0.4790014799999994,0.4790014799999994,0.4790014799999994,0.4790014799999994,0.0,0.4790014799999994,0.4790014799999994,1,0.5466590000000053,0.5466590000000053,0.5466590000000053,0.5466590000000053,0.0,0.5466590000000053,0.5466590000000053,1,0.0,0.0,0.0,0.0,0.0,0.0,0.0,1,2.3950073999999972,2.3950073999999972,2.3950073999999972,2.3950073999999972,0.0,2.3950073999999972,2.3950073999999972,1,2.723473399999989,2.723473399999989,2.723473399999989,2.723473399999989,0.0,2.723473399999989,2.723473399999989
deviation_scale_online,smt_smt,products_002_fit.jsonocel,2,1,1,0,0,0,0,0,,fresh_offline_alignment,1,2.214500499999957,2.214500499999957,2.214500499999957,2.214500499999957,0.0,2.214500499999957,2.214500499999957,1,0.4429000999999914,0.4429000999999914,0.4429000999999914,0.4429000999999914,0.0,0.4429000999999914,0.4429000999999914,1,0.5330313000000046,0.5330313000000046,0.5330313000000046,0.5330313000000046,0.0,0.5330313000000046,0.5330313000000046,1,0.0,0.0,0.0,0.0,0.0,0.0,0.0,1,2.214500499999957,2.214500499999957,2.214500499999957,2.214500499999957,0.0,2.214500499999957,2.214500499999957,1,2.5240605999999843,2.5240605999999843,2.5240605999999843,2.5240605999999843,0.0,2.5240605999999843,2.5240605999999843
deviation_scale_online,smt_smt,products_002_late_ship_data.jsonocel,2,1,1,0,0,0,0,1,,fresh_offline_alignment,1,2.2943064999999763,2.2943064999999763,2.2943064999999763,2.2943064999999763,0.0,2.2943064999999763,2.2943064999999763,1,0.45886129999999525,0.45886129999999525,0.45886129999999525,0.45886129999999525,0.0,0.45886129999999525,0.45886129999999525,1,0.5096154999999953,0.5096154999999953,0.5096154999999953,0.5096154999999953,0.0,0.5096154999999953,0.5096154999999953,1,0.0,0.0,0.0,0.0,0.0,0.0,0.0,1,2.2943064999999763,2.2943064999999763,2.2943064999999763,2.2943064999999763,0.0,2.2943064999999763,2.2943064999999763,1,2.627272099999999,2.627272099999999,2.627272099999999,2.627272099999999,0.0,2.627272099999999,2.627272099999999
deviation_scale_online,smt_smt,products_002_priority.jsonocel,2,1,1,0,0,0,0,1,,fresh_offline_alignment,1,2.3834779999999967,2.3834779999999967,2.3834779999999967,2.3834779999999967,0.0,2.3834779999999967,2.3834779999999967,1,0.47669559999999933,0.47669559999999933,0.47669559999999933,0.47669559999999933,0.0,0.47669559999999933,0.47669559999999933,1,0.6042118000000016,0.6042118000000016,0.6042118000000016,0.6042118000000016,0.0,0.6042118000000016,0.6042118000000016,1,0.0,0.0,0.0,0.0,0.0,0.0,0.0,1,2.3834779999999967,2.3834779999999967,2.3834779999999967,2.3834779999999967,0.0,2.3834779999999967,2.3834779999999967,1,2.7304096000000015,2.7304096000000015,2.7304096000000015,2.7304096000000015,0.0,2.7304096000000015,2.7304096000000015
deviation_scale_online,smt_smt,products_002_vip.jsonocel,2,1,1,0,0,0,0,1,,fresh_offline_alignment,1,2.3469284000000243,2.3469284000000243,2.3469284000000243,2.3469284000000243,0.0,2.3469284000000243,2.3469284000000243,1,0.46938568000000486,0.46938568000000486,0.46938568000000486,0.46938568000000486,0.0,0.46938568000000486,0.46938568000000486,1,0.6119561000000147,0.6119561000000147,0.6119561000000147,0.6119561000000147,0.0,0.6119561000000147,0.6119561000000147,1,0.0,0.0,0.0,0.0,0.0,0.0,0.0,1,2.3469284000000243,2.3469284000000243,2.3469284000000243,2.3469284000000243,0.0,2.3469284000000243,2.3469284000000243,1,2.7296129000000064,2.7296129000000064,2.7296129000000064,2.7296129000000064,0.0,2.7296129000000064,2.7296129000000064
deviation_scale_online,smt_smt,products_005_budget.jsonocel,5,1,1,0,0,0,0,1,,fresh_offline_alignment,1,25.440402399999982,25.440402399999982,25.440402399999982,25.440402399999982,0.0,25.440402399999982,25.440402399999982,1,3.1800502999999978,3.1800502999999978,3.1800502999999978,3.1800502999999978,0.0,3.1800502999999978,3.1800502999999978,1,9.364324900000014,9.364324900000014,9.364324900000014,9.364324900000014,0.0,9.364324900000014,9.364324900000014,1,0.0,0.0,0.0,0.0,0.0,0.0,0.0,1,25.440402399999982,25.440402399999982,25.440402399999982,25.440402399999982,0.0,25.440402399999982,25.440402399999982,1,25.837707100000017,25.837707100000017,25.837707100000017,25.837707100000017,0.0,25.837707100000017,25.837707100000017
deviation_scale_online,smt_smt,products_005_cost.jsonocel,5,1,1,0,0,0,0,1,,fresh_offline_alignment,1,21.601104799999973,21.601104799999973,21.601104799999973,21.601104799999973,0.0,21.601104799999973,21.601104799999973,1,2.7001380999999967,2.7001380999999967,2.7001380999999967,2.7001380999999967,0.0,2.7001380999999967,2.7001380999999967,1,7.374706199999991,7.374706199999991,7.374706199999991,7.374706199999991,0.0,7.374706199999991,7.374706199999991,1,0.0,0.0,0.0,0.0,0.0,0.0,0.0,1,21.601104799999973,21.601104799999973,21.601104799999973,21.601104799999973,0.0,21.601104799999973,21.601104799999973,1,22.00559599999997,22.00559599999997,22.00559599999997,22.00559599999997,0.0,22.00559599999997,22.00559599999997
deviation_scale_online,smt_smt,products_005_early_place_data.jsonocel,5,1,1,0,0,0,0,1,,fresh_offline_alignment,1,34.125416199999904,34.125416199999904,34.125416199999904,34.125416199999904,0.0,34.125416199999904,34.125416199999904,1,4.265677024999988,4.265677024999988,4.265677024999988,4.265677024999988,0.0,4.265677024999988,4.265677024999988,1,10.861306899999988,10.861306899999988,10.861306899999988,10.861306899999988,0.0,10.861306899999988,10.861306899999988,1,0.0,0.0,0.0,0.0,0.0,0.0,0.0,1,34.125416199999904,34.125416199999904,34.125416199999904,34.125416199999904,0.0,34.125416199999904,34.125416199999904,1,34.474109999999996,34.474109999999996,34.474109999999996,34.474109999999996,0.0,34.474109999999996,34.474109999999996
deviation_scale_online,smt_smt,products_005_fit.jsonocel,5,1,1,0,0,0,0,0,,fresh_offline_alignment,1,21.90527780000008,21.90527780000008,21.90527780000008,21.90527780000008,0.0,21.90527780000008,21.90527780000008,1,2.73815972500001,2.73815972500001,2.73815972500001,2.73815972500001,0.0,2.73815972500001,2.73815972500001,1,5.452697499999999,5.452697499999999,5.452697499999999,5.452697499999999,0.0,5.452697499999999,5.452697499999999,1,0.0,0.0,0.0,0.0,0.0,0.0,0.0,1,21.90527780000008,21.90527780000008,21.90527780000008,21.90527780000008,0.0,21.90527780000008,21.90527780000008,1,22.31099710000001,22.31099710000001,22.31099710000001,22.31099710000001,0.0,22.31099710000001,22.31099710000001
deviation_scale_online,smt_smt,products_005_late_ship_data.jsonocel,5,1,1,0,0,0,0,1,,fresh_offline_alignment,1,23.61969099999999,23.61969099999999,23.61969099999999,23.61969099999999,0.0,23.61969099999999,23.61969099999999,1,2.9524613749999986,2.9524613749999986,2.9524613749999986,2.9524613749999986,0.0,2.9524613749999986,2.9524613749999986,1,8.464882399999965,8.464882399999965,8.464882399999965,8.464882399999965,0.0,8.464882399999965,8.464882399999965,1,0.0,0.0,0.0,0.0,0.0,0.0,0.0,1,23.61969099999999,23.61969099999999,23.61969099999999,23.61969099999999,0.0,23.61969099999999,23.61969099999999,1,24.026569199999983,24.026569199999983,24.026569199999983,24.026569199999983,0.0,24.026569199999983,24.026569199999983
deviation_scale_online,smt_smt,products_005_priority.jsonocel,5,1,1,0,0,0,0,1,,fresh_offline_alignment,1,24.848900699999888,24.848900699999888,24.848900699999888,24.848900699999888,0.0,24.848900699999888,24.848900699999888,1,3.106112587499986,3.106112587499986,3.106112587499986,3.106112587499986,0.0,3.106112587499986,3.106112587499986,1,9.718198299999983,9.718198299999983,9.718198299999983,9.718198299999983,0.0,9.718198299999983,9.718198299999983,1,0.0,0.0,0.0,0.0,0.0,0.0,0.0,1,24.848900699999888,24.848900699999888,24.848900699999888,24.848900699999888,0.0,24.848900699999888,24.848900699999888,1,25.21134569999998,25.21134569999998,25.21134569999998,25.21134569999998,0.0,25.21134569999998,25.21134569999998
deviation_scale_online,smt_smt,products_005_vip.jsonocel,5,1,1,0,0,0,0,1,,fresh_offline_alignment,1,24.684800699999982,24.684800699999982,24.684800699999982,24.684800699999982,0.0,24.684800699999982,24.684800699999982,1,3.085600087499998,3.085600087499998,3.085600087499998,3.085600087499998,0.0,3.085600087499998,3.085600087499998,1,10.321772099999976,10.321772099999976,10.321772099999976,10.321772099999976,0.0,10.321772099999976,10.321772099999976,1,0.0,0.0,0.0,0.0,0.0,0.0,0.0,1,24.684800699999982,24.684800699999982,24.684800699999982,24.684800699999982,0.0,24.684800699999982,24.684800699999982,1,25.08136589999998,25.08136589999998,25.08136589999998,25.08136589999998,0.0,25.08136589999998,25.08136589999998
deviation_scale_online,smt_smt,products_010_budget.jsonocel,10,1,0,0,0,0,0,0,,fresh_offline_alignment,1,67.75573519999995,67.75573519999995,67.75573519999995,67.75573519999995,0.0,67.75573519999995,67.75573519999995,1,11.292622533333324,11.292622533333324,11.292622533333324,11.292622533333324,0.0,11.292622533333324,11.292622533333324,1,34.19623789999997,34.19623789999997,34.19623789999997,34.19623789999997,0.0,34.19623789999997,34.19623789999997,,,,,,,,,1,67.75573519999995,67.75573519999995,67.75573519999995,67.75573519999995,0.0,67.75573519999995,67.75573519999995,1,128.17621180000003,128.17621180000003,128.17621180000003,128.17621180000003,0.0,128.17621180000003,128.17621180000003
deviation_scale_online,smt_smt,products_010_cost.jsonocel,10,1,0,0,0,0,0,0,,fresh_offline_alignment,1,61.28333860000009,61.28333860000009,61.28333860000009,61.28333860000009,0.0,61.28333860000009,61.28333860000009,1,10.213889766666682,10.213889766666682,10.213889766666682,10.213889766666682,0.0,10.213889766666682,10.213889766666682,1,18.199788000000012,18.199788000000012,18.199788000000012,18.199788000000012,0.0,18.199788000000012,18.199788000000012,,,,,,,,,1,61.28333860000009,61.28333860000009,61.28333860000009,61.28333860000009,0.0,61.28333860000009,61.28333860000009,1,122.75638189999995,122.75638189999995,122.75638189999995,122.75638189999995,0.0,122.75638189999995,122.75638189999995
deviation_scale_online,smt_smt,products_010_early_place_data.jsonocel,10,1,0,0,0,0,0,1,,fresh_offline_alignment,1,80.43189340000015,80.43189340000015,80.43189340000015,80.43189340000015,0.0,80.43189340000015,80.43189340000015,1,16.08637868000003,16.08637868000003,16.08637868000003,16.08637868000003,0.0,16.08637868000003,16.08637868000003,1,32.62731489999999,32.62731489999999,32.62731489999999,32.62731489999999,0.0,32.62731489999999,32.62731489999999,,,,,,,,,1,80.43189340000015,80.43189340000015,80.43189340000015,80.43189340000015,0.0,80.43189340000015,80.43189340000015,1,141.0271748,141.0271748,141.0271748,141.0271748,0.0,141.0271748,141.0271748
deviation_scale_online,smt_smt,products_010_fit.jsonocel,10,1,0,0,0,0,0,0,,fresh_offline_alignment,1,136.73973660000024,136.73973660000024,136.73973660000024,136.73973660000024,0.0,136.73973660000024,136.73973660000024,1,22.78995610000004,22.78995610000004,22.78995610000004,22.78995610000004,0.0,22.78995610000004,22.78995610000004,1,56.764592600000014,56.764592600000014,56.764592600000014,56.764592600000014,0.0,56.764592600000014,56.764592600000014,,,,,,,,,1,136.73973660000024,136.73973660000024,136.73973660000024,136.73973660000024,0.0,136.73973660000024,136.73973660000024,1,198.22282199999995,198.22282199999995,198.22282199999995,198.22282199999995,0.0,198.22282199999995,198.22282199999995
deviation_scale_online,smt_smt,products_010_late_ship_data.jsonocel,10,1,0,0,0,0,0,0,,fresh_offline_alignment,1,132.8842858999999,132.8842858999999,132.8842858999999,132.8842858999999,0.0,132.8842858999999,132.8842858999999,1,18.9834694142857,18.9834694142857,18.9834694142857,18.9834694142857,0.0,18.9834694142857,18.9834694142857,1,47.8444121,47.8444121,47.8444121,47.8444121,0.0,47.8444121,47.8444121,,,,,,,,,1,132.8842858999999,132.8842858999999,132.8842858999999,132.8842858999999,0.0,132.8842858999999,132.8842858999999,1,193.3689839,193.3689839,193.3689839,193.3689839,0.0,193.3689839,193.3689839
deviation_scale_online,smt_smt,products_010_priority.jsonocel,10,1,0,0,0,0,0,0,,fresh_offline_alignment,1,126.33981619999986,126.33981619999986,126.33981619999986,126.33981619999986,0.0,126.33981619999986,126.33981619999986,1,15.792477024999982,15.792477024999982,15.792477024999982,15.792477024999982,0.0,15.792477024999982,15.792477024999982,1,32.937785000000076,32.937785000000076,32.937785000000076,32.937785000000076,0.0,32.937785000000076,32.937785000000076,,,,,,,,,1,126.33981619999986,126.33981619999986,126.33981619999986,126.33981619999986,0.0,126.33981619999986,126.33981619999986,1,187.82738270000004,187.82738270000004,187.82738270000004,187.82738270000004,0.0,187.82738270000004,187.82738270000004
deviation_scale_online,smt_smt,products_010_vip.jsonocel,10,1,0,0,0,0,0,1,,fresh_offline_alignment,1,3.6858022000001256,3.6858022000001256,3.6858022000001256,3.6858022000001256,0.0,3.6858022000001256,3.6858022000001256,1,3.6858022000001256,3.6858022000001256,3.6858022000001256,3.6858022000001256,0.0,3.6858022000001256,3.6858022000001256,1,3.6858022000001256,3.6858022000001256,3.6858022000001256,3.6858022000001256,0.0,3.6858022000001256,3.6858022000001256,,,,,,,,,1,3.6858022000001256,3.6858022000001256,3.6858022000001256,3.6858022000001256,0.0,3.6858022000001256,3.6858022000001256,1,64.17112259999999,64.17112259999999,64.17112259999999,64.17112259999999,0.0,64.17112259999999,64.17112259999999
guard_complexity_complex_online,smt_smt,fit_20_products.jsonocel,,1,0,0,0,0,0,0,None,fresh_offline_alignment,1,111.24107249999997,111.24107249999997,111.24107249999997,111.24107249999997,0.0,111.24107249999997,111.24107249999997,1,37.08035749999999,37.08035749999999,37.08035749999999,37.08035749999999,0.0,37.08035749999999,37.08035749999999,1,52.98815300000024,52.98815300000024,52.98815300000024,52.98815300000024,0.0,52.98815300000024,52.98815300000024,,,,,,,,,1,111.24107249999997,111.24107249999997,111.24107249999997,111.24107249999997,0.0,111.24107249999997,111.24107249999997,1,171.72946109999975,171.72946109999975,171.72946109999975,171.72946109999975,0.0,171.72946109999975,171.72946109999975
guard_complexity_complex_online,smt_smt,violate_budget_20_products.jsonocel,,1,0,0,0,0,0,,None,fresh_offline_alignment,1,0.0,0.0,0.0,0.0,0.0,0.0,0.0,1,0.0,0.0,0.0,0.0,0.0,0.0,0.0,1,0.0,0.0,0.0,0.0,0.0,0.0,0.0,,,,,,,,,1,0.0,0.0,0.0,0.0,0.0,0.0,0.0,1,61.33287740000014,61.33287740000014,61.33287740000014,61.33287740000014,0.0,61.33287740000014,61.33287740000014
guard_complexity_medium_online,smt_smt,fit_20_products.jsonocel,,1,0,0,0,0,0,0,None,fresh_offline_alignment,1,95.07469159999982,95.07469159999982,95.07469159999982,95.07469159999982,0.0,95.07469159999982,95.07469159999982,1,47.53734579999991,47.53734579999991,47.53734579999991,47.53734579999991,0.0,47.53734579999991,47.53734579999991,1,53.27127369999971,53.27127369999971,53.27127369999971,53.27127369999971,0.0,53.27127369999971,53.27127369999971,,,,,,,,,1,95.07469159999982,95.07469159999982,95.07469159999982,95.07469159999982,0.0,95.07469159999982,95.07469159999982,1,155.5151267000001,155.5151267000001,155.5151267000001,155.5151267000001,0.0,155.5151267000001,155.5151267000001
guard_complexity_medium_online,smt_smt,violate_budget_20_products.jsonocel,,1,0,0,0,0,0,0,None,fresh_offline_alignment,1,74.53436300000021,74.53436300000021,74.53436300000021,74.53436300000021,0.0,74.53436300000021,74.53436300000021,1,37.267181500000106,37.267181500000106,37.267181500000106,37.267181500000106,0.0,37.267181500000106,37.267181500000106,1,48.2064934,48.2064934,48.2064934,48.2064934,0.0,48.2064934,48.2064934,,,,,,,,,1,74.53436300000021,74.53436300000021,74.53436300000021,74.53436300000021,0.0,74.53436300000021,74.53436300000021,1,136.3378606000001,136.3378606000001,136.3378606000001,136.3378606000001,0.0,136.3378606000001,136.3378606000001
guard_complexity_simple_online,smt_smt,fit_20_products.jsonocel,,1,0,0,0,0,0,0,None,fresh_offline_alignment,1,62.290276199999425,62.290276199999425,62.290276199999425,62.290276199999425,0.0,62.290276199999425,62.290276199999425,1,31.145138099999713,31.145138099999713,31.145138099999713,31.145138099999713,0.0,31.145138099999713,31.145138099999713,1,36.573840599999585,36.573840599999585,36.573840599999585,36.573840599999585,0.0,36.573840599999585,36.573840599999585,,,,,,,,,1,62.290276199999425,62.290276199999425,62.290276199999425,62.290276199999425,0.0,62.290276199999425,62.290276199999425,1,122.83340420000013,122.83340420000013,122.83340420000013,122.83340420000013,0.0,122.83340420000013,122.83340420000013
guard_complexity_simple_online,smt_smt,violate_budget_20_products.jsonocel,,1,0,0,0,0,0,0,None,fresh_offline_alignment,1,48.24794810000003,48.24794810000003,48.24794810000003,48.24794810000003,0.0,48.24794810000003,48.24794810000003,1,48.24794810000003,48.24794810000003,48.24794810000003,48.24794810000003,0.0,48.24794810000003,48.24794810000003,1,48.24794810000003,48.24794810000003,48.24794810000003,48.24794810000003,0.0,48.24794810000003,48.24794810000003,,,,,,,,,1,48.24794810000003,48.24794810000003,48.24794810000003,48.24794810000003,0.0,48.24794810000003,48.24794810000003,1,109.86530900000025,109.86530900000025,109.86530900000025,109.86530900000025,0.0,109.86530900000025,109.86530900000025
length_scale_online,smt_smt,products_001_events_004.jsonocel,1,1,1,0,0,0,0,0,,fresh_offline_alignment,1,1.1683993999999984,1.1683993999999984,1.1683993999999984,1.1683993999999984,0.0,1.1683993999999984,1.1683993999999984,1,0.2920998499999996,0.2920998499999996,0.2920998499999996,0.2920998499999996,0.0,0.2920998499999996,0.2920998499999996,1,0.35496969999985595,0.35496969999985595,0.35496969999985595,0.35496969999985595,0.0,0.35496969999985595,0.35496969999985595,1,0.0,0.0,0.0,0.0,0.0,0.0,0.0,1,1.1683993999999984,1.1683993999999984,1.1683993999999984,1.1683993999999984,0.0,1.1683993999999984,1.1683993999999984,1,1.5240386000000399,1.5240386000000399,1.5240386000000399,1.5240386000000399,0.0,1.5240386000000399,1.5240386000000399
length_scale_online,smt_smt,products_002_events_005.jsonocel,2,1,1,0,0,0,0,0,,fresh_offline_alignment,1,2.365312300000369,2.365312300000369,2.365312300000369,2.365312300000369,0.0,2.365312300000369,2.365312300000369,1,0.4730624600000738,0.4730624600000738,0.4730624600000738,0.4730624600000738,0.0,0.4730624600000738,0.4730624600000738,1,0.5756597000004149,0.5756597000004149,0.5756597000004149,0.5756597000004149,0.0,0.5756597000004149,0.5756597000004149,1,0.0,0.0,0.0,0.0,0.0,0.0,0.0,1,2.365312300000369,2.365312300000369,2.365312300000369,2.365312300000369,0.0,2.365312300000369,2.365312300000369,1,2.7259493000001385,2.7259493000001385,2.7259493000001385,2.7259493000001385,0.0,2.7259493000001385,2.7259493000001385
length_scale_online,smt_smt,products_005_events_008.jsonocel,5,1,1,0,0,0,0,0,,fresh_offline_alignment,1,19.434415000000172,19.434415000000172,19.434415000000172,19.434415000000172,0.0,19.434415000000172,19.434415000000172,1,2.4293018750000215,2.4293018750000215,2.4293018750000215,2.4293018750000215,0.0,2.4293018750000215,2.4293018750000215,1,5.114071800000147,5.114071800000147,5.114071800000147,5.114071800000147,0.0,5.114071800000147,5.114071800000147,1,0.0,0.0,0.0,0.0,0.0,0.0,0.0,1,19.434415000000172,19.434415000000172,19.434415000000172,19.434415000000172,0.0,19.434415000000172,19.434415000000172,1,19.795265799999925,19.795265799999925,19.795265799999925,19.795265799999925,0.0,19.795265799999925,19.795265799999925
length_scale_online,smt_smt,products_010_events_013.jsonocel,10,1,0,0,0,0,0,0,,fresh_offline_alignment,1,168.79846119999956,168.79846119999956,168.79846119999956,168.79846119999956,0.0,168.79846119999956,168.79846119999956,1,21.099807649999946,21.099807649999946,21.099807649999946,21.099807649999946,0.0,21.099807649999946,21.099807649999946,1,58.3462169999998,58.3462169999998,58.3462169999998,58.3462169999998,0.0,58.3462169999998,58.3462169999998,,,,,,,,,1,168.79846119999956,168.79846119999956,168.79846119999956,168.79846119999956,0.0,168.79846119999956,168.79846119999956,1,229.23244449999993,229.23244449999993,229.23244449999993,229.23244449999993,0.0,229.23244449999993,229.23244449999993
length_scale_online,smt_smt,products_020_events_023.jsonocel,20,1,0,0,0,0,0,0,,fresh_offline_alignment,1,40.38431900000023,40.38431900000023,40.38431900000023,40.38431900000023,0.0,40.38431900000023,40.38431900000023,1,40.38431900000023,40.38431900000023,40.38431900000023,40.38431900000023,0.0,40.38431900000023,40.38431900000023,1,40.38431900000023,40.38431900000023,40.38431900000023,40.38431900000023,0.0,40.38431900000023,40.38431900000023,,,,,,,,,1,40.38431900000023,40.38431900000023,40.38431900000023,40.38431900000023,0.0,40.38431900000023,40.38431900000023,1,100.86087150000003,100.86087150000003,100.86087150000003,100.86087150000003,0.0,100.86087150000003,100.86087150000003
length_scale_online,smt_smt,products_050_events_053.jsonocel,50,1,0,0,0,0,0,,,fresh_offline_alignment,1,0.0,0.0,0.0,0.0,0.0,0.0,0.0,1,0.0,0.0,0.0,0.0,0.0,0.0,0.0,1,0.0,0.0,0.0,0.0,0.0,0.0,0.0,,,,,,,,,1,0.0,0.0,0.0,0.0,0.0,0.0,0.0,1,61.402004099999886,61.402004099999886,61.402004099999886,61.402004099999886,0.0,61.402004099999886,61.402004099999886
length_scale_online,smt_smt,products_100_events_103.jsonocel,100,1,0,0,0,0,0,,,fresh_offline_alignment,1,0.0,0.0,0.0,0.0,0.0,0.0,0.0,1,0.0,0.0,0.0,0.0,0.0,0.0,0.0,1,0.0,0.0,0.0,0.0,0.0,0.0,0.0,,,,,,,,,1,0.0,0.0,0.0,0.0,0.0,0.0,0.0,1,60.398291099999824,60.398291099999824,60.398291099999824,60.398291099999824,0.0,60.398291099999824,60.398291099999824
merge_scale_extended_online,smt_smt,merge_c02_p05.jsonocel,,1,0,0,0,0,0,0,None,fresh_offline_alignment,1,42.91949099999965,42.91949099999965,42.91949099999965,42.91949099999965,0.0,42.91949099999965,42.91949099999965,1,2.6824681874999783,2.6824681874999783,2.6824681874999783,2.6824681874999783,0.0,2.6824681874999783,2.6824681874999783,1,8.69060460000037,8.69060460000037,8.69060460000037,8.69060460000037,0.0,8.69060460000037,8.69060460000037,,,,,,,,,1,42.91949099999965,42.91949099999965,42.91949099999965,42.91949099999965,0.0,42.91949099999965,42.91949099999965,1,103.50717929999973,103.50717929999973,103.50717929999973,103.50717929999973,0.0,103.50717929999973,103.50717929999973
merge_scale_extended_online,smt_smt,merge_c03_p02.jsonocel,,1,0,0,0,0,0,0,None,fresh_offline_alignment,1,6.9301580999999715,6.9301580999999715,6.9301580999999715,6.9301580999999715,0.0,6.9301580999999715,6.9301580999999715,1,0.4620105399999981,0.4620105399999981,0.4620105399999981,0.4620105399999981,0.0,0.4620105399999981,0.4620105399999981,1,0.6088463000000957,0.6088463000000957,0.6088463000000957,0.6088463000000957,0.0,0.6088463000000957,0.6088463000000957,,,,,,,,,1,6.9301580999999715,6.9301580999999715,6.9301580999999715,6.9301580999999715,0.0,6.9301580999999715,6.9301580999999715,1,68.40437169999996,68.40437169999996,68.40437169999996,68.40437169999996,0.0,68.40437169999996,68.40437169999996
merge_scale_extended_online,smt_smt,merge_c03_p05.jsonocel,,1,0,0,0,0,0,0,None,fresh_offline_alignment,1,66.29963439999938,66.29963439999938,66.29963439999938,66.29963439999938,0.0,66.29963439999938,66.29963439999938,1,2.7624847666666406,2.7624847666666406,2.7624847666666406,2.7624847666666406,0.0,2.7624847666666406,2.7624847666666406,1,9.118973799999821,9.118973799999821,9.118973799999821,9.118973799999821,0.0,9.118973799999821,9.118973799999821,,,,,,,,,1,66.29963439999938,66.29963439999938,66.29963439999938,66.29963439999938,0.0,66.29963439999938,66.29963439999938,1,127.00511050000023,127.00511050000023,127.00511050000023,127.00511050000023,0.0,127.00511050000023,127.00511050000023
merge_scale_extended_online,smt_smt,merge_c05_p01.jsonocel,,1,0,0,0,0,0,0,None,fresh_offline_alignment,1,5.82983829999921,5.82983829999921,5.82983829999921,5.82983829999921,0.0,5.82983829999921,5.82983829999921,1,0.2914919149999605,0.2914919149999605,0.2914919149999605,0.2914919149999605,0.0,0.2914919149999605,0.2914919149999605,1,0.3810454999998001,0.3810454999998001,0.3810454999998001,0.3810454999998001,0.0,0.3810454999998001,0.3810454999998001,,,,,,,,,1,5.82983829999921,5.82983829999921,5.82983829999921,5.82983829999921,0.0,5.82983829999921,5.82983829999921,1,67.61631209999996,67.61631209999996,67.61631209999996,67.61631209999996,0.0,67.61631209999996,67.61631209999996
merge_scale_extended_online,smt_smt,merge_c05_p02.jsonocel,,1,0,0,0,0,0,0,None,fresh_offline_alignment,1,12.4224196999985,12.4224196999985,12.4224196999985,12.4224196999985,0.0,12.4224196999985,12.4224196999985,1,0.49689678799993997,0.49689678799993997,0.49689678799993997,0.49689678799993997,0.0,0.49689678799993997,0.49689678799993997,1,0.7196268999996391,0.7196268999996391,0.7196268999996391,0.7196268999996391,0.0,0.7196268999996391,0.7196268999996391,,,,,,,,,1,12.4224196999985,12.4224196999985,12.4224196999985,12.4224196999985,0.0,12.4224196999985,12.4224196999985,1,73.12938110000005,73.12938110000005,73.12938110000005,73.12938110000005,0.0,73.12938110000005,73.12938110000005
merge_scale_extended_online,smt_smt,merge_c05_p05.jsonocel,,1,0,0,0,0,0,0,None,fresh_offline_alignment,1,113.0777221999997,113.0777221999997,113.0777221999997,113.0777221999997,0.0,113.0777221999997,113.0777221999997,1,2.8269430549999925,2.8269430549999925,2.8269430549999925,2.8269430549999925,0.0,2.8269430549999925,2.8269430549999925,1,9.827035599999817,9.827035599999817,9.827035599999817,9.827035599999817,0.0,9.827035599999817,9.827035599999817,,,,,,,,,1,113.0777221999997,113.0777221999997,113.0777221999997,113.0777221999997,0.0,113.0777221999997,113.0777221999997,1,175.22292620000007,175.22292620000007,175.22292620000007,175.22292620000007,0.0,175.22292620000007,175.22292620000007
merge_scale_online,smt_smt,merge_c02_p01.jsonocel,,1,1,0,0,0,0,10,,fresh_offline_alignment,1,15.90751470000032,15.90751470000032,15.90751470000032,15.90751470000032,0.0,15.90751470000032,15.90751470000032,1,1.7675016333333688,1.7675016333333688,1.7675016333333688,1.7675016333333688,0.0,1.7675016333333688,1.7675016333333688,1,13.512937299999976,13.512937299999976,13.512937299999976,13.512937299999976,0.0,13.512937299999976,13.512937299999976,1,0.0,0.0,0.0,0.0,0.0,0.0,0.0,1,15.90751470000032,15.90751470000032,15.90751470000032,15.90751470000032,0.0,15.90751470000032,15.90751470000032,1,16.36571720000029,16.36571720000029,16.36571720000029,16.36571720000029,0.0,16.36571720000029,16.36571720000029
merge_scale_online,smt_smt,merge_c02_p02.jsonocel,,1,0,0,0,0,0,0,,fresh_offline_alignment,1,4.896896400000969,4.896896400000969,4.896896400000969,4.896896400000969,0.0,4.896896400000969,4.896896400000969,1,0.4896896400000969,0.4896896400000969,0.4896896400000969,0.4896896400000969,0.0,0.4896896400000969,0.4896896400000969,1,0.6962272999999186,0.6962272999999186,0.6962272999999186,0.6962272999999186,0.0,0.6962272999999186,0.6962272999999186,,,,,,,,,1,4.896896400000969,4.896896400000969,4.896896400000969,4.896896400000969,0.0,4.896896400000969,4.896896400000969,1,66.37753840000005,66.37753840000005,66.37753840000005,66.37753840000005,0.0,66.37753840000005,66.37753840000005
merge_scale_online,smt_smt,merge_c03_p01.jsonocel,,1,0,0,0,0,0,0,,fresh_offline_alignment,1,3.568927000000258,3.568927000000258,3.568927000000258,3.568927000000258,0.0,3.568927000000258,3.568927000000258,1,0.29741058333335485,0.29741058333335485,0.29741058333335485,0.29741058333335485,0.0,0.29741058333335485,0.29741058333335485,1,0.3409765999999763,0.3409765999999763,0.3409765999999763,0.3409765999999763,0.0,0.3409765999999763,0.3409765999999763,,,,,,,,,1,3.568927000000258,3.568927000000258,3.568927000000258,3.568927000000258,0.0,3.568927000000258,3.568927000000258,1,64.04557690000001,64.04557690000001,64.04557690000001,64.04557690000001,0.0,64.04557690000001,64.04557690000001
multi_deviation_benchmark_stress_4_5_online,smt_smt,component_002_events_0028_objects_0013__stress_4_5_072.jsonocel,,1,0,0,0,0,0,1,,fresh_offline_alignment,1,61.77643420000095,61.77643420000095,61.77643420000095,61.77643420000095,0.0,61.77643420000095,61.77643420000095,1,3.6339078941177028,3.6339078941177028,3.6339078941177028,3.6339078941177028,0.0,3.6339078941177028,3.6339078941177028,1,15.062290100002429,15.062290100002429,15.062290100002429,15.062290100002429,0.0,15.062290100002429,15.062290100002429,,,,,,,,,1,61.77643420000095,61.77643420000095,61.77643420000095,61.77643420000095,0.0,61.77643420000095,61.77643420000095,1,122.40624689999822,122.40624689999822,122.40624689999822,122.40624689999822,0.0,122.40624689999822,122.40624689999822
multi_deviation_benchmark_stress_4_5_online,smt_smt,component_003_events_0022_objects_0011__stress_4_5_071.jsonocel,,1,0,0,0,0,0,1,,fresh_offline_alignment,1,160.16334089999873,160.16334089999873,160.16334089999873,160.16334089999873,0.0,160.16334089999873,160.16334089999873,1,14.560303718181702,14.560303718181702,14.560303718181702,14.560303718181702,0.0,14.560303718181702,14.560303718181702,1,43.418261200000416,43.418261200000416,43.418261200000416,43.418261200000416,0.0,43.418261200000416,43.418261200000416,,,,,,,,,1,160.16334089999873,160.16334089999873,160.16334089999873,160.16334089999873,0.0,160.16334089999873,160.16334089999873,1,221.71037830000205,221.71037830000205,221.71037830000205,221.71037830000205,0.0,221.71037830000205,221.71037830000205
multi_deviation_benchmark_stress_4_5_online,smt_smt,component_004_events_0013_objects_0009__stress_4_5_069.jsonocel,,1,0,0,0,0,0,0,,fresh_offline_alignment,1,33.29127529999823,33.29127529999823,33.29127529999823,33.29127529999823,0.0,33.29127529999823,33.29127529999823,1,4.161409412499779,4.161409412499779,4.161409412499779,4.161409412499779,0.0,4.161409412499779,4.161409412499779,1,10.510848899997654,10.510848899997654,10.510848899997654,10.510848899997654,0.0,10.510848899997654,10.510848899997654,,,,,,,,,1,33.29127529999823,33.29127529999823,33.29127529999823,33.29127529999823,0.0,33.29127529999823,33.29127529999823,1,93.8897418000015,93.8897418000015,93.8897418000015,93.8897418000015,0.0,93.8897418000015,93.8897418000015
multi_deviation_benchmark_stress_4_5_online,smt_smt,component_006_events_0031_objects_0015__stress_4_5_073.jsonocel,,1,0,0,0,0,0,0,,fresh_offline_alignment,1,17.309198800008744,17.309198800008744,17.309198800008744,17.309198800008744,0.0,17.309198800008744,17.309198800008744,1,1.2363713428577674,1.2363713428577674,1.2363713428577674,1.2363713428577674,0.0,1.2363713428577674,1.2363713428577674,1,2.1862570000012056,2.1862570000012056,2.1862570000012056,2.1862570000012056,0.0,2.1862570000012056,2.1862570000012056,,,,,,,,,1,17.309198800008744,17.309198800008744,17.309198800008744,17.309198800008744,0.0,17.309198800008744,17.309198800008744,1,78.8670103000004,78.8670103000004,78.8670103000004,78.8670103000004,0.0,78.8670103000004,78.8670103000004
multi_deviation_benchmark_stress_4_5_online,smt_smt,component_009_events_0015_objects_0008__stress_4_5_070.jsonocel,,1,0,0,0,0,0,2,,fresh_offline_alignment,1,85.81448120000641,85.81448120000641,85.81448120000641,85.81448120000641,0.0,85.81448120000641,85.81448120000641,1,7.801316472727856,7.801316472727856,7.801316472727856,7.801316472727856,0.0,7.801316472727856,7.801316472727856,1,33.126365899999655,33.126365899999655,33.126365899999655,33.126365899999655,0.0,33.126365899999655,33.126365899999655,,,,,,,,,1,85.81448120000641,85.81448120000641,85.81448120000641,85.81448120000641,0.0,85.81448120000641,85.81448120000641,1,146.43788790000326,146.43788790000326,146.43788790000326,146.43788790000326,0.0,146.43788790000326,146.43788790000326
multi_deviation_benchmark_stress_4_5_online,smt_smt,component_051_events_0011_objects_0007__stress_4_5_067.jsonocel,,1,0,0,0,0,0,9,,fresh_offline_alignment,1,86.83257189999131,86.83257189999131,86.83257189999131,86.83257189999131,0.0,86.83257189999131,86.83257189999131,1,9.64806354444348,9.64806354444348,9.64806354444348,9.64806354444348,0.0,9.64806354444348,9.64806354444348,1,53.42516350000005,53.42516350000005,53.42516350000005,53.42516350000005,0.0,53.42516350000005,53.42516350000005,,,,,,,,,1,86.83257189999131,86.83257189999131,86.83257189999131,86.83257189999131,0.0,86.83257189999131,86.83257189999131,1,148.36986070000057,148.36986070000057,148.36986070000057,148.36986070000057,0.0,148.36986070000057,148.36986070000057
multi_deviation_benchmark_stress_4_5_online,smt_smt,component_063_events_0035_objects_0019__stress_4_5_074.jsonocel,,1,0,0,0,0,0,1,,fresh_offline_alignment,1,14.679188099991734,14.679188099991734,14.679188099991734,14.679188099991734,0.0,14.679188099991734,14.679188099991734,1,0.6116328374996556,0.6116328374996556,0.6116328374996556,0.6116328374996556,0.0,0.6116328374996556,0.6116328374996556,1,1.2424496000021463,1.2424496000021463,1.2424496000021463,1.2424496000021463,0.0,1.2424496000021463,1.2424496000021463,,,,,,,,,1,14.679188099991734,14.679188099991734,14.679188099991734,14.679188099991734,0.0,14.679188099991734,14.679188099991734,1,75.38568959999975,75.38568959999975,75.38568959999975,75.38568959999975,0.0,75.38568959999975,75.38568959999975
multi_deviation_benchmark_stress_4_5_online,smt_smt,component_064_events_0116_objects_0055__stress_4_5_076.jsonocel,,1,0,0,0,0,0,0,,fresh_offline_alignment,1,96.95678559999942,96.95678559999942,96.95678559999942,96.95678559999942,0.0,96.95678559999942,96.95678559999942,1,6.463785706666628,6.463785706666628,6.463785706666628,6.463785706666628,0.0,6.463785706666628,6.463785706666628,1,33.56552290000036,33.56552290000036,33.56552290000036,33.56552290000036,0.0,33.56552290000036,33.56552290000036,,,,,,,,,1,96.95678559999942,96.95678559999942,96.95678559999942,96.95678559999942,0.0,96.95678559999942,96.95678559999942,1,158.48746910000045,158.48746910000045,158.48746910000045,158.48746910000045,0.0,158.48746910000045,158.48746910000045
multi_deviation_benchmark_stress_4_5_online,smt_smt,component_065_events_0098_objects_0050__stress_4_5_075.jsonocel,,1,0,0,0,0,0,0,,fresh_offline_alignment,1,18.837221900022996,18.837221900022996,18.837221900022996,18.837221900022996,0.0,18.837221900022996,18.837221900022996,1,1.108071876471941,1.108071876471941,1.108071876471941,1.108071876471941,0.0,1.108071876471941,1.108071876471941,1,1.9250966000035987,1.9250966000035987,1.9250966000035987,1.9250966000035987,0.0,1.9250966000035987,1.9250966000035987,,,,,,,,,1,18.837221900022996,18.837221900022996,18.837221900022996,18.837221900022996,0.0,18.837221900022996,18.837221900022996,1,79.49769809999998,79.49769809999998,79.49769809999998,79.49769809999998,0.0,79.49769809999998,79.49769809999998
multi_deviation_benchmark_stress_4_5_online,smt_smt,component_066_events_0011_objects_0006__stress_4_5_068.jsonocel,,1,1,0,0,0,0,13,,fresh_offline_alignment,1,107.50640459999704,107.50640459999704,107.50640459999704,107.50640459999704,0.0,107.50640459999704,107.50640459999704,1,11.945156066666337,11.945156066666337,11.945156066666337,11.945156066666337,0.0,11.945156066666337,11.945156066666337,1,33.995382599998266,33.995382599998266,33.995382599998266,33.995382599998266,0.0,33.995382599998266,33.995382599998266,1,0.0,0.0,0.0,0.0,0.0,0.0,0.0,1,107.50640459999704,107.50640459999704,107.50640459999704,107.50640459999704,0.0,107.50640459999704,107.50640459999704,1,109.05144970000401,109.05144970000401,109.05144970000401,109.05144970000401,0.0,109.05144970000401,109.05144970000401
multi_deviation_benchmark_three_mixed_online,smt_smt,component_002_events_0028_objects_0013__three_mixed_060.jsonocel,,1,0,0,0,0,0,1,,fresh_offline_alignment,1,81.9748288999981,81.9748288999981,81.9748288999981,81.9748288999981,0.0,81.9748288999981,81.9748288999981,1,4.554157161111005,4.554157161111005,4.554157161111005,4.554157161111005,0.0,4.554157161111005,4.554157161111005,1,21.251308199996856,21.251308199996856,21.251308199996856,21.251308199996856,0.0,21.251308199996856,21.251308199996856,,,,,,,,,1,81.9748288999981,81.9748288999981,81.9748288999981,81.9748288999981,0.0,81.9748288999981,81.9748288999981,1,142.70432280000023,142.70432280000023,142.70432280000023,142.70432280000023,0.0,142.70432280000023,142.70432280000023
multi_deviation_benchmark_three_mixed_online,smt_smt,component_003_events_0022_objects_0011__three_mixed_059.jsonocel,,1,0,0,0,0,0,0,,fresh_offline_alignment,1,89.51272069999686,89.51272069999686,89.51272069999686,89.51272069999686,0.0,89.51272069999686,89.51272069999686,1,8.951272069999685,8.951272069999685,8.951272069999685,8.951272069999685,0.0,8.951272069999685,8.951272069999685,1,33.965792999999394,33.965792999999394,33.965792999999394,33.965792999999394,0.0,33.965792999999394,33.965792999999394,,,,,,,,,1,89.51272069999686,89.51272069999686,89.51272069999686,89.51272069999686,0.0,89.51272069999686,89.51272069999686,1,151.08452930000203,151.08452930000203,151.08452930000203,151.08452930000203,0.0,151.08452930000203,151.08452930000203
multi_deviation_benchmark_three_mixed_online,smt_smt,component_004_events_0013_objects_0009__three_mixed_056.jsonocel,,1,0,0,0,0,0,1,,fresh_offline_alignment,1,69.0610450000022,69.0610450000022,69.0610450000022,69.0610450000022,0.0,69.0610450000022,69.0610450000022,1,6.90610450000022,6.90610450000022,6.90610450000022,6.90610450000022,0.0,6.90610450000022,6.90610450000022,1,17.9199535000007,17.9199535000007,17.9199535000007,17.9199535000007,0.0,17.9199535000007,17.9199535000007,,,,,,,,,1,69.0610450000022,69.0610450000022,69.0610450000022,69.0610450000022,0.0,69.0610450000022,69.0610450000022,1,129.71368449999864,129.71368449999864,129.71368449999864,129.71368449999864,0.0,129.71368449999864,129.71368449999864
multi_deviation_benchmark_three_mixed_online,smt_smt,component_006_events_0031_objects_0015__three_mixed_062.jsonocel,,1,0,0,0,0,0,0,,fresh_offline_alignment,1,22.08022990000609,22.08022990000609,22.08022990000609,22.08022990000609,0.0,22.08022990000609,22.08022990000609,1,1.3800143687503805,1.3800143687503805,1.3800143687503805,1.3800143687503805,0.0,1.3800143687503805,1.3800143687503805,1,3.6714979999997013,3.6714979999997013,3.6714979999997013,3.6714979999997013,0.0,3.6714979999997013,3.6714979999997013,,,,,,,,,1,22.08022990000609,22.08022990000609,22.08022990000609,22.08022990000609,0.0,22.08022990000609,22.08022990000609,1,83.63693179999973,83.63693179999973,83.63693179999973,83.63693179999973,0.0,83.63693179999973,83.63693179999973
multi_deviation_benchmark_three_mixed_online,smt_smt,component_011_events_0028_objects_0017__three_mixed_061.jsonocel,,1,0,0,0,0,0,0,,fresh_offline_alignment,1,44.95571669998753,44.95571669998753,44.95571669998753,44.95571669998753,0.0,44.95571669998753,44.95571669998753,1,2.1407484142851207,2.1407484142851207,2.1407484142851207,2.1407484142851207,0.0,2.1407484142851207,2.1407484142851207,1,11.790839299999789,11.790839299999789,11.790839299999789,11.790839299999789,0.0,11.790839299999789,11.790839299999789,,,,,,,,,1,44.95571669998753,44.95571669998753,44.95571669998753,44.95571669998753,0.0,44.95571669998753,44.95571669998753,1,105.75018430000273,105.75018430000273,105.75018430000273,105.75018430000273,0.0,105.75018430000273,105.75018430000273
multi_deviation_benchmark_three_mixed_online,smt_smt,component_021_events_0013_objects_0005__three_mixed_057.jsonocel,,1,0,0,0,0,0,6,,fresh_offline_alignment,1,68.01437709999664,68.01437709999664,68.01437709999664,68.01437709999664,0.0,68.01437709999664,68.01437709999664,1,6.8014377099996635,6.8014377099996635,6.8014377099996635,6.8014377099996635,0.0,6.8014377099996635,6.8014377099996635,1,51.48400489999767,51.48400489999767,51.48400489999767,51.48400489999767,0.0,51.48400489999767,51.48400489999767,,,,,,,,,1,68.01437709999664,68.01437709999664,68.01437709999664,68.01437709999664,0.0,68.01437709999664,68.01437709999664,1,129.48764120000124,129.48764120000124,129.48764120000124,129.48764120000124,0.0,129.48764120000124,129.48764120000124
multi_deviation_benchmark_three_mixed_online,smt_smt,component_028_events_0012_objects_0008__three_mixed_055.jsonocel,,1,0,0,0,0,0,1,,fresh_offline_alignment,1,35.87438649999967,35.87438649999967,35.87438649999967,35.87438649999967,0.0,35.87438649999967,35.87438649999967,1,3.9860429444444083,3.9860429444444083,3.9860429444444083,3.9860429444444083,0.0,3.9860429444444083,3.9860429444444083,1,11.382697400000325,11.382697400000325,11.382697400000325,11.382697400000325,0.0,11.382697400000325,11.382697400000325,,,,,,,,,1,35.87438649999967,35.87438649999967,35.87438649999967,35.87438649999967,0.0,35.87438649999967,35.87438649999967,1,96.51827540000158,96.51827540000158,96.51827540000158,96.51827540000158,0.0,96.51827540000158,96.51827540000158
multi_deviation_benchmark_three_mixed_online,smt_smt,component_032_events_0007_objects_0003__three_mixed_047.jsonocel,,1,1,0,0,0,0,5,,fresh_offline_alignment,1,5.202650899998844,5.202650899998844,5.202650899998844,5.202650899998844,0.0,5.202650899998844,5.202650899998844,1,0.6503313624998555,0.6503313624998555,0.6503313624998555,0.6503313624998555,0.0,0.6503313624998555,0.6503313624998555,1,1.8177568999999494,1.8177568999999494,1.8177568999999494,1.8177568999999494,0.0,1.8177568999999494,1.8177568999999494,1,0.0,0.0,0.0,0.0,0.0,0.0,0.0,1,5.202650899998844,5.202650899998844,5.202650899998844,5.202650899998844,0.0,5.202650899998844,5.202650899998844,1,6.655931100001908,6.655931100001908,6.655931100001908,6.655931100001908,0.0,6.655931100001908,6.655931100001908
multi_deviation_benchmark_three_mixed_online,smt_smt,component_036_events_0017_objects_0008__three_mixed_058.jsonocel,,1,0,0,0,0,0,2,,fresh_offline_alignment,1,23.175461099996028,23.175461099996028,23.175461099996028,23.175461099996028,0.0,23.175461099996028,23.175461099996028,1,2.317546109999603,2.317546109999603,2.317546109999603,2.317546109999603,0.0,2.317546109999603,2.317546109999603,1,7.819882399999187,7.819882399999187,7.819882399999187,7.819882399999187,0.0,7.819882399999187,7.819882399999187,,,,,,,,,1,23.175461099996028,23.175461099996028,23.175461099996028,23.175461099996028,0.0,23.175461099996028,23.175461099996028,1,83.75728629999867,83.75728629999867,83.75728629999867,83.75728629999867,0.0,83.75728629999867,83.75728629999867
multi_deviation_benchmark_three_mixed_online,smt_smt,component_038_events_0008_objects_0004__three_mixed_048.jsonocel,,1,1,0,0,0,0,7,,fresh_offline_alignment,1,16.06740539999737,16.06740539999737,16.06740539999737,16.06740539999737,0.0,16.06740539999737,16.06740539999737,1,1.7852672666663745,1.7852672666663745,1.7852672666663745,1.7852672666663745,0.0,1.7852672666663745,1.7852672666663745,1,6.183204099997965,6.183204099997965,6.183204099997965,6.183204099997965,0.0,6.183204099997965,6.183204099997965,1,0.0,0.0,0.0,0.0,0.0,0.0,0.0,1,16.06740539999737,16.06740539999737,16.06740539999737,16.06740539999737,0.0,16.06740539999737,16.06740539999737,1,17.510267899997416,17.510267899997416,17.510267899997416,17.510267899997416,0.0,17.510267899997416,17.510267899997416
multi_deviation_benchmark_three_mixed_online,smt_smt,component_042_events_0009_objects_0005__three_mixed_050.jsonocel,,1,1,0,0,0,0,9,,fresh_offline_alignment,1,43.63379889999851,43.63379889999851,43.63379889999851,43.63379889999851,0.0,43.63379889999851,43.63379889999851,1,4.363379889999851,4.363379889999851,4.363379889999851,4.363379889999851,0.0,4.363379889999851,4.363379889999851,1,21.466812999999092,21.466812999999092,21.466812999999092,21.466812999999092,0.0,21.466812999999092,21.466812999999092,1,0.0,0.0,0.0,0.0,0.0,0.0,0.0,1,43.63379889999851,43.63379889999851,43.63379889999851,43.63379889999851,0.0,43.63379889999851,43.63379889999851,1,44.20830220000062,44.20830220000062,44.20830220000062,44.20830220000062,0.0,44.20830220000062,44.20830220000062
multi_deviation_benchmark_three_mixed_online,smt_smt,component_048_events_0011_objects_0007__three_mixed_053.jsonocel,,1,0,0,0,0,0,9,,fresh_offline_alignment,1,85.26726790000248,85.26726790000248,85.26726790000248,85.26726790000248,0.0,85.26726790000248,85.26726790000248,1,9.474140877778053,9.474140877778053,9.474140877778053,9.474140877778053,0.0,9.474140877778053,9.474140877778053,1,47.90433439999833,47.90433439999833,47.90433439999833,47.90433439999833,0.0,47.90433439999833,47.90433439999833,,,,,,,,,1,85.26726790000248,85.26726790000248,85.26726790000248,85.26726790000248,0.0,85.26726790000248,85.26726790000248,1,145.83292520000032,145.83292520000032,145.83292520000032,145.83292520000032,0.0,145.83292520000032,145.83292520000032
multi_deviation_benchmark_three_mixed_online,smt_smt,component_050_events_0008_objects_0004__three_mixed_049.jsonocel,,1,1,0,0,0,0,9,,fresh_offline_alignment,1,8.73539620000156,8.73539620000156,8.73539620000156,8.73539620000156,0.0,8.73539620000156,8.73539620000156,1,1.2479137428573657,1.2479137428573657,1.2479137428573657,1.2479137428573657,0.0,1.2479137428573657,1.2479137428573657,1,3.2695583999993687,3.2695583999993687,3.2695583999993687,3.2695583999993687,0.0,3.2695583999993687,3.2695583999993687,1,0.0,0.0,0.0,0.0,0.0,0.0,0.0,1,8.73539620000156,8.73539620000156,8.73539620000156,8.73539620000156,0.0,8.73539620000156,8.73539620000156,1,10.16875599999912,10.16875599999912,10.16875599999912,10.16875599999912,0.0,10.16875599999912,10.16875599999912
multi_deviation_benchmark_three_mixed_online,smt_smt,component_057_events_0011_objects_0005__three_mixed_054.jsonocel,,1,1,0,0,0,0,9,,fresh_offline_alignment,1,85.86387359999935,85.86387359999935,85.86387359999935,85.86387359999935,0.0,85.86387359999935,85.86387359999935,1,7.155322799999946,7.155322799999946,7.155322799999946,7.155322799999946,0.0,7.155322799999946,7.155322799999946,1,52.74774460000117,52.74774460000117,52.74774460000117,52.74774460000117,0.0,52.74774460000117,52.74774460000117,1,0.0,0.0,0.0,0.0,0.0,0.0,0.0,1,85.86387359999935,85.86387359999935,85.86387359999935,85.86387359999935,0.0,85.86387359999935,85.86387359999935,1,86.51474960000269,86.51474960000269,86.51474960000269,86.51474960000269,0.0,86.51474960000269,86.51474960000269
multi_deviation_benchmark_three_mixed_online,smt_smt,component_059_events_0010_objects_0006__three_mixed_052.jsonocel,,1,0,0,0,0,0,10,,fresh_offline_alignment,1,86.37215720000313,86.37215720000313,86.37215720000313,86.37215720000313,0.0,86.37215720000313,86.37215720000313,1,8.637215720000313,8.637215720000313,8.637215720000313,8.637215720000313,0.0,8.637215720000313,8.637215720000313,1,42.21427689999837,42.21427689999837,42.21427689999837,42.21427689999837,0.0,42.21427689999837,42.21427689999837,,,,,,,,,1,86.37215720000313,86.37215720000313,86.37215720000313,86.37215720000313,0.0,86.37215720000313,86.37215720000313,1,146.9780213999984,146.9780213999984,146.9780213999984,146.9780213999984,0.0,146.9780213999984,146.9780213999984
multi_deviation_benchmark_three_mixed_online,smt_smt,component_063_events_0035_objects_0019__three_mixed_063.jsonocel,,1,0,0,0,0,0,0,,fresh_offline_alignment,1,12.560470600001281,12.560470600001281,12.560470600001281,12.560470600001281,0.0,12.560470600001281,12.560470600001281,1,0.5981176476191086,0.5981176476191086,0.5981176476191086,0.5981176476191086,0.0,0.5981176476191086,0.5981176476191086,1,0.9291316000017105,0.9291316000017105,0.9291316000017105,0.9291316000017105,0.0,0.9291316000017105,0.9291316000017105,,,,,,,,,1,12.560470600001281,12.560470600001281,12.560470600001281,12.560470600001281,0.0,12.560470600001281,12.560470600001281,1,74.18313259999923,74.18313259999923,74.18313259999923,74.18313259999923,0.0,74.18313259999923,74.18313259999923
multi_deviation_benchmark_three_mixed_online,smt_smt,component_064_events_0116_objects_0055__three_mixed_066.jsonocel,,1,0,0,0,0,0,0,,fresh_offline_alignment,1,101.00221419999798,101.00221419999798,101.00221419999798,101.00221419999798,0.0,101.00221419999798,101.00221419999798,1,5.94130671764694,5.94130671764694,5.94130671764694,5.94130671764694,0.0,5.94130671764694,5.94130671764694,1,25.830854000003455,25.830854000003455,25.830854000003455,25.830854000003455,0.0,25.830854000003455,25.830854000003455,,,,,,,,,1,101.00221419999798,101.00221419999798,101.00221419999798,101.00221419999798,0.0,101.00221419999798,101.00221419999798,1,161.7147487000002,161.7147487000002,161.7147487000002,161.7147487000002,0.0,161.7147487000002,161.7147487000002
multi_deviation_benchmark_three_mixed_online,smt_smt,component_065_events_0098_objects_0050__three_mixed_065.jsonocel,,1,0,0,0,0,0,1,,fresh_offline_alignment,1,19.7319376000014,19.7319376000014,19.7319376000014,19.7319376000014,0.0,19.7319376000014,19.7319376000014,1,1.1607022117647883,1.1607022117647883,1.1607022117647883,1.1607022117647883,0.0,1.1607022117647883,1.1607022117647883,1,2.1882419000030495,2.1882419000030495,2.1882419000030495,2.1882419000030495,0.0,2.1882419000030495,2.1882419000030495,,,,,,,,,1,19.7319376000014,19.7319376000014,19.7319376000014,19.7319376000014,0.0,19.7319376000014,19.7319376000014,1,81.29240129999744,81.29240129999744,81.29240129999744,81.29240129999744,0.0,81.29240129999744,81.29240129999744
multi_deviation_benchmark_three_mixed_online,smt_smt,component_067_events_0063_objects_0031__three_mixed_064.jsonocel,,1,0,0,0,0,0,0,,fresh_offline_alignment,1,12.3517070000089,12.3517070000089,12.3517070000089,12.3517070000089,0.0,12.3517070000089,12.3517070000089,1,0.9501313076929924,0.9501313076929924,0.9501313076929924,0.9501313076929924,0.0,0.9501313076929924,0.9501313076929924,1,1.4691937000025064,1.4691937000025064,1.4691937000025064,1.4691937000025064,0.0,1.4691937000025064,1.4691937000025064,,,,,,,,,1,12.3517070000089,12.3517070000089,12.3517070000089,12.3517070000089,0.0,12.3517070000089,12.3517070000089,1,72.98060119999718,72.98060119999718,72.98060119999718,72.98060119999718,0.0,72.98060119999718,72.98060119999718
multi_deviation_benchmark_three_mixed_online,smt_smt,component_068_events_0009_objects_0005__three_mixed_051.jsonocel,,1,1,0,0,0,0,9,,fresh_offline_alignment,1,47.989567299991904,47.989567299991904,47.989567299991904,47.989567299991904,0.0,47.989567299991904,47.989567299991904,1,4.79895672999919,4.79895672999919,4.79895672999919,4.79895672999919,0.0,4.79895672999919,4.79895672999919,1,26.246866699999373,26.246866699999373,26.246866699999373,26.246866699999373,0.0,26.246866699999373,26.246866699999373,1,0.0,0.0,0.0,0.0,0.0,0.0,0.0,1,47.989567299991904,47.989567299991904,47.989567299991904,47.989567299991904,0.0,47.989567299991904,47.989567299991904,1,49.53494430000137,49.53494430000137,49.53494430000137,49.53494430000137,0.0,49.53494430000137,49.53494430000137
multi_deviation_benchmark_two_mixed_online,smt_smt,component_001_events_0030_objects_0020__two_mixed_026.jsonocel,,1,0,0,0,0,0,0,,fresh_offline_alignment,1,35.99377889998868,35.99377889998868,35.99377889998868,35.99377889998868,0.0,35.99377889998868,35.99377889998868,1,1.3843761115380262,1.3843761115380262,1.3843761115380262,1.3843761115380262,0.0,1.3843761115380262,1.3843761115380262,1,4.0746431999978086,4.0746431999978086,4.0746431999978086,4.0746431999978086,0.0,4.0746431999978086,4.0746431999978086,,,,,,,,,1,35.99377889998868,35.99377889998868,35.99377889998868,35.99377889998868,0.0,35.99377889998868,35.99377889998868,1,96.72967989999961,96.72967989999961,96.72967989999961,96.72967989999961,0.0,96.72967989999961,96.72967989999961
multi_deviation_benchmark_two_mixed_online,smt_smt,component_002_events_0028_objects_0013__two_mixed_024.jsonocel,,1,0,0,0,0,0,1,,fresh_offline_alignment,1,86.2559613999947,86.2559613999947,86.2559613999947,86.2559613999947,0.0,86.2559613999947,86.2559613999947,1,4.791997855555262,4.791997855555262,4.791997855555262,4.791997855555262,0.0,4.791997855555262,4.791997855555262,1,24.753651600000012,24.753651600000012,24.753651600000012,24.753651600000012,0.0,24.753651600000012,24.753651600000012,,,,,,,,,1,86.2559613999947,86.2559613999947,86.2559613999947,86.2559613999947,0.0,86.2559613999947,86.2559613999947,1,147.88518029999977,147.88518029999977,147.88518029999977,147.88518029999977,0.0,147.88518029999977,147.88518029999977
multi_deviation_benchmark_two_mixed_online,smt_smt,component_003_events_0022_objects_0011__two_mixed_022.jsonocel,,1,0,0,0,0,0,0,,fresh_offline_alignment,1,99.84254230000442,99.84254230000442,99.84254230000442,99.84254230000442,0.0,99.84254230000442,99.84254230000442,1,9.984254230000442,9.984254230000442,9.984254230000442,9.984254230000442,0.0,9.984254230000442,9.984254230000442,1,30.082536699999764,30.082536699999764,30.082536699999764,30.082536699999764,0.0,30.082536699999764,30.082536699999764,,,,,,,,,1,99.84254230000442,99.84254230000442,99.84254230000442,99.84254230000442,0.0,99.84254230000442,99.84254230000442,1,160.4209471000031,160.4209471000031,160.4209471000031,160.4209471000031,0.0,160.4209471000031,160.4209471000031
multi_deviation_benchmark_two_mixed_online,smt_smt,component_004_events_0013_objects_0009__two_mixed_017.jsonocel,,1,0,0,0,0,0,1,,fresh_offline_alignment,1,104.97359339999821,104.97359339999821,104.97359339999821,104.97359339999821,0.0,104.97359339999821,104.97359339999821,1,9.543053945454382,9.543053945454382,9.543053945454382,9.543053945454382,0.0,9.543053945454382,9.543053945454382,1,41.77473380000083,41.77473380000083,41.77473380000083,41.77473380000083,0.0,41.77473380000083,41.77473380000083,,,,,,,,,1,104.97359339999821,104.97359339999821,104.97359339999821,104.97359339999821,0.0,104.97359339999821,104.97359339999821,1,166.46473170000172,166.46473170000172,166.46473170000172,166.46473170000172,0.0,166.46473170000172,166.46473170000172
multi_deviation_benchmark_two_mixed_online,smt_smt,component_005_events_0035_objects_0016__two_mixed_028.jsonocel,,1,0,0,0,0,0,0,,fresh_offline_alignment,1,126.02136589999645,126.02136589999645,126.02136589999645,126.02136589999645,0.0,126.02136589999645,126.02136589999645,1,11.456487809090588,11.456487809090588,11.456487809090588,11.456487809090588,0.0,11.456487809090588,11.456487809090588,1,58.2132832999996,58.2132832999996,58.2132832999996,58.2132832999996,0.0,58.2132832999996,58.2132832999996,,,,,,,,,1,126.02136589999645,126.02136589999645,126.02136589999645,126.02136589999645,0.0,126.02136589999645,126.02136589999645,1,186.61065360000066,186.61065360000066,186.61065360000066,186.61065360000066,0.0,186.61065360000066,186.61065360000066
multi_deviation_benchmark_two_mixed_online,smt_smt,component_006_events_0031_objects_0015__two_mixed_027.jsonocel,,1,0,0,0,0,0,0,,fresh_offline_alignment,1,18.386238200000662,18.386238200000662,18.386238200000662,18.386238200000662,0.0,18.386238200000662,18.386238200000662,1,1.2257492133333774,1.2257492133333774,1.2257492133333774,1.2257492133333774,0.0,1.2257492133333774,1.2257492133333774,1,2.346000699999422,2.346000699999422,2.346000699999422,2.346000699999422,0.0,2.346000699999422,2.346000699999422,,,,,,,,,1,18.386238200000662,18.386238200000662,18.386238200000662,18.386238200000662,0.0,18.386238200000662,18.386238200000662,1,79.8973189999997,79.8973189999997,79.8973189999997,79.8973189999997,0.0,79.8973189999997,79.8973189999997
multi_deviation_benchmark_two_mixed_online,smt_smt,component_009_events_0015_objects_0008__two_mixed_019.jsonocel,,1,0,0,0,0,0,0,,fresh_offline_alignment,1,29.42526230000294,29.42526230000294,29.42526230000294,29.42526230000294,0.0,29.42526230000294,29.42526230000294,1,3.2694735888892157,3.2694735888892157,3.2694735888892157,3.2694735888892157,0.0,3.2694735888892157,3.2694735888892157,1,8.011663299999782,8.011663299999782,8.011663299999782,8.011663299999782,0.0,8.011663299999782,8.011663299999782,,,,,,,,,1,29.42526230000294,29.42526230000294,29.42526230000294,29.42526230000294,0.0,29.42526230000294,29.42526230000294,1,89.93708450000122,89.93708450000122,89.93708450000122,89.93708450000122,0.0,89.93708450000122,89.93708450000122
multi_deviation_benchmark_two_mixed_online,smt_smt,component_011_events_0028_objects_0017__two_mixed_025.jsonocel,,1,0,0,0,0,0,0,,fresh_offline_alignment,1,46.83581190001132,46.83581190001132,46.83581190001132,46.83581190001132,0.0,46.83581190001132,46.83581190001132,1,2.2302767571433963,2.2302767571433963,2.2302767571433963,2.2302767571433963,0.0,2.2302767571433963,2.2302767571433963,1,12.694737099998747,12.694737099998747,12.694737099998747,12.694737099998747,0.0,12.694737099998747,12.694737099998747,,,,,,,,,1,46.83581190001132,46.83581190001132,46.83581190001132,46.83581190001132,0.0,46.83581190001132,46.83581190001132,1,108.54888270000083,108.54888270000083,108.54888270000083,108.54888270000083,0.0,108.54888270000083,108.54888270000083
multi_deviation_benchmark_two_mixed_online,smt_smt,component_014_events_0102_objects_0053__two_mixed_033.jsonocel,,1,0,0,0,0,0,0,,fresh_offline_alignment,1,8.766883300002519,8.766883300002519,8.766883300002519,8.766883300002519,0.0,8.766883300002519,8.766883300002519,1,0.7969893909093199,0.7969893909093199,0.7969893909093199,0.7969893909093199,0.0,0.7969893909093199,0.7969893909093199,1,1.259090899999137,1.259090899999137,1.259090899999137,1.259090899999137,0.0,1.259090899999137,1.259090899999137,,,,,,,,,1,8.766883300002519,8.766883300002519,8.766883300002519,8.766883300002519,0.0,8.766883300002519,8.766883300002519,1,69.35909430000174,69.35909430000174,69.35909430000174,69.35909430000174,0.0,69.35909430000174,69.35909430000174
multi_deviation_benchmark_two_mixed_online,smt_smt,component_020_events_0022_objects_0009__two_mixed_023.jsonocel,,1,0,0,0,0,0,1,,fresh_offline_alignment,1,163.0834723999942,163.0834723999942,163.0834723999942,163.0834723999942,0.0,163.0834723999942,163.0834723999942,1,13.590289366666184,13.590289366666184,13.590289366666184,13.590289366666184,0.0,13.590289366666184,13.590289366666184,1,58.16871639999954,58.16871639999954,58.16871639999954,58.16871639999954,0.0,58.16871639999954,58.16871639999954,,,,,,,,,1,163.0834723999942,163.0834723999942,163.0834723999942,163.0834723999942,0.0,163.0834723999942,163.0834723999942,1,224.59517609999966,224.59517609999966,224.59517609999966,224.59517609999966,0.0,224.59517609999966,224.59517609999966
multi_deviation_benchmark_two_mixed_online,smt_smt,component_021_events_0013_objects_0005__two_mixed_018.jsonocel,,1,1,0,0,0,0,2,,fresh_offline_alignment,1,108.19001510000089,108.19001510000089,108.19001510000089,108.19001510000089,0.0,108.19001510000089,108.19001510000089,1,7.727858221428635,7.727858221428635,7.727858221428635,7.727858221428635,0.0,7.727858221428635,7.727858221428635,1,40.864605999999185,40.864605999999185,40.864605999999185,40.864605999999185,0.0,40.864605999999185,40.864605999999185,1,0.0,0.0,0.0,0.0,0.0,0.0,0.0,1,108.19001510000089,108.19001510000089,108.19001510000089,108.19001510000089,0.0,108.19001510000089,108.19001510000089,1,108.81230430000141,108.81230430000141,108.81230430000141,108.81230430000141,0.0,108.81230430000141,108.81230430000141
multi_deviation_benchmark_two_mixed_online,smt_smt,component_024_events_0010_objects_0005__two_mixed_009.jsonocel,,1,1,0,0,0,0,8,,fresh_offline_alignment,1,43.322025399997074,43.322025399997074,43.322025399997074,43.322025399997074,0.0,43.322025399997074,43.322025399997074,1,4.332202539999708,4.332202539999708,4.332202539999708,4.332202539999708,0.0,4.332202539999708,4.332202539999708,1,14.583743099999992,14.583743099999992,14.583743099999992,14.583743099999992,0.0,14.583743099999992,14.583743099999992,1,0.0,0.0,0.0,0.0,0.0,0.0,0.0,1,43.322025399997074,43.322025399997074,43.322025399997074,43.322025399997074,0.0,43.322025399997074,43.322025399997074,1,43.905960799998866,43.905960799998866,43.905960799998866,43.905960799998866,0.0,43.905960799998866,43.905960799998866
multi_deviation_benchmark_two_mixed_online,smt_smt,component_028_events_0012_objects_0008__two_mixed_015.jsonocel,,1,0,0,0,0,0,1,,fresh_offline_alignment,1,81.37733869999647,81.37733869999647,81.37733869999647,81.37733869999647,0.0,81.37733869999647,81.37733869999647,1,9.04192652222183,9.04192652222183,9.04192652222183,9.04192652222183,0.0,9.04192652222183,9.04192652222183,1,57.08789629999956,57.08789629999956,57.08789629999956,57.08789629999956,0.0,57.08789629999956,57.08789629999956,,,,,,,,,1,81.37733869999647,81.37733869999647,81.37733869999647,81.37733869999647,0.0,81.37733869999647,81.37733869999647,1,141.90168189999895,141.90168189999895,141.90168189999895,141.90168189999895,0.0,141.90168189999895,141.90168189999895
multi_deviation_benchmark_two_mixed_online,smt_smt,component_029_events_0021_objects_0010__two_mixed_021.jsonocel,,1,0,0,0,0,0,0,,fresh_offline_alignment,1,44.891608399997494,44.891608399997494,44.891608399997494,44.891608399997494,0.0,44.891608399997494,44.891608399997494,1,4.98795648888861,4.98795648888861,4.98795648888861,4.98795648888861,0.0,4.98795648888861,4.98795648888861,1,11.25695529999939,11.25695529999939,11.25695529999939,11.25695529999939,0.0,11.25695529999939,11.25695529999939,,,,,,,,,1,44.891608399997494,44.891608399997494,44.891608399997494,44.891608399997494,0.0,44.891608399997494,44.891608399997494,1,106.45276720000038,106.45276720000038,106.45276720000038,106.45276720000038,0.0,106.45276720000038,106.45276720000038
multi_deviation_benchmark_two_mixed_online,smt_smt,component_030_events_0061_objects_0033__two_mixed_030.jsonocel,,1,0,0,0,0,0,0,,fresh_offline_alignment,1,14.675659399999859,14.675659399999859,14.675659399999859,14.675659399999859,0.0,14.675659399999859,14.675659399999859,1,1.4675659399999859,1.4675659399999859,1.4675659399999859,1.4675659399999859,0.0,1.4675659399999859,1.4675659399999859,1,2.693594199998188,2.693594199998188,2.693594199998188,2.693594199998188,0.0,2.693594199998188,2.693594199998188,,,,,,,,,1,14.675659399999859,14.675659399999859,14.675659399999859,14.675659399999859,0.0,14.675659399999859,14.675659399999859,1,75.19458140000279,75.19458140000279,75.19458140000279,75.19458140000279,0.0,75.19458140000279,75.19458140000279
multi_deviation_benchmark_two_mixed_online,smt_smt,component_031_events_0009_objects_0005__two_mixed_005.jsonocel,,1,1,0,0,0,0,2,,fresh_offline_alignment,1,21.886659999996482,21.886659999996482,21.886659999996482,21.886659999996482,0.0,21.886659999996482,21.886659999996482,1,2.1886659999996483,2.1886659999996483,2.1886659999996483,2.1886659999996483,0.0,2.1886659999996483,2.1886659999996483,1,7.60790740000084,7.60790740000084,7.60790740000084,7.60790740000084,0.0,7.60790740000084,7.60790740000084,1,0.0,0.0,0.0,0.0,0.0,0.0,0.0,1,21.886659999996482,21.886659999996482,21.886659999996482,21.886659999996482,0.0,21.886659999996482,21.886659999996482,1,23.337310000002617,23.337310000002617,23.337310000002617,23.337310000002617,0.0,23.337310000002617,23.337310000002617
multi_deviation_benchmark_two_mixed_online,smt_smt,component_032_events_0007_objects_0003__two_mixed_001.jsonocel,,1,1,0,0,0,0,4,,fresh_offline_alignment,1,3.2049484999915876,3.2049484999915876,3.2049484999915876,3.2049484999915876,0.0,3.2049484999915876,3.2049484999915876,1,0.5341580833319313,0.5341580833319313,0.5341580833319313,0.5341580833319313,0.0,0.5341580833319313,0.5341580833319313,1,0.8581027999971411,0.8581027999971411,0.8581027999971411,0.8581027999971411,0.0,0.8581027999971411,0.8581027999971411,1,0.0,0.0,0.0,0.0,0.0,0.0,0.0,1,3.2049484999915876,3.2049484999915876,3.2049484999915876,3.2049484999915876,0.0,3.2049484999915876,3.2049484999915876,1,3.6092217000004894,3.6092217000004894,3.6092217000004894,3.6092217000004894,0.0,3.6092217000004894,3.6092217000004894
multi_deviation_benchmark_two_mixed_online,smt_smt,component_036_events_0017_objects_0008__two_mixed_020.jsonocel,,1,0,0,0,0,0,1,,fresh_offline_alignment,1,12.633171800003765,12.633171800003765,12.633171800003765,12.633171800003765,0.0,12.633171800003765,12.633171800003765,1,1.4036857555559739,1.4036857555559739,1.4036857555559739,1.4036857555559739,0.0,1.4036857555559739,1.4036857555559739,1,3.872907100001612,3.872907100001612,3.872907100001612,3.872907100001612,0.0,3.872907100001612,3.872907100001612,,,,,,,,,1,12.633171800003765,12.633171800003765,12.633171800003765,12.633171800003765,0.0,12.633171800003765,12.633171800003765,1,74.12741869999809,74.12741869999809,74.12741869999809,74.12741869999809,0.0,74.12741869999809,74.12741869999809
multi_deviation_benchmark_two_mixed_online,smt_smt,component_037_events_0012_objects_0006__two_mixed_016.jsonocel,,1,0,0,0,0,0,2,,fresh_offline_alignment,1,100.3026080999989,100.3026080999989,100.3026080999989,100.3026080999989,0.0,100.3026080999989,100.3026080999989,1,8.35855067499991,8.35855067499991,8.35855067499991,8.35855067499991,0.0,8.35855067499991,8.35855067499991,1,41.4630846,41.4630846,41.4630846,41.4630846,0.0,41.4630846,41.4630846,,,,,,,,,1,100.3026080999989,100.3026080999989,100.3026080999989,100.3026080999989,0.0,100.3026080999989,100.3026080999989,1,160.9309088000009,160.9309088000009,160.9309088000009,160.9309088000009,0.0,160.9309088000009,160.9309088000009
multi_deviation_benchmark_two_mixed_online,smt_smt,component_038_events_0008_objects_0004__two_mixed_003.jsonocel,,1,1,0,0,0,0,6,,fresh_offline_alignment,1,11.558930999995937,11.558930999995937,11.558930999995937,11.558930999995937,0.0,11.558930999995937,11.558930999995937,1,1.444866374999492,1.444866374999492,1.444866374999492,1.444866374999492,0.0,1.444866374999492,1.444866374999492,1,5.012677999999141,5.012677999999141,5.012677999999141,5.012677999999141,0.0,5.012677999999141,5.012677999999141,1,0.0,0.0,0.0,0.0,0.0,0.0,0.0,1,11.558930999995937,11.558930999995937,11.558930999995937,11.558930999995937,0.0,11.558930999995937,11.558930999995937,1,12.982057000001078,12.982057000001078,12.982057000001078,12.982057000001078,0.0,12.982057000001078,12.982057000001078
multi_deviation_benchmark_two_mixed_online,smt_smt,component_042_events_0009_objects_0005__two_mixed_006.jsonocel,,1,1,0,0,0,0,2,,fresh_offline_alignment,1,27.263831699994626,27.263831699994626,27.263831699994626,27.263831699994626,0.0,27.263831699994626,27.263831699994626,1,2.7263831699994627,2.7263831699994627,2.7263831699994627,2.7263831699994627,0.0,2.7263831699994627,2.7263831699994627,1,9.534632899998542,9.534632899998542,9.534632899998542,9.534632899998542,0.0,9.534632899998542,9.534632899998542,1,0.0,0.0,0.0,0.0,0.0,0.0,0.0,1,27.263831699994626,27.263831699994626,27.263831699994626,27.263831699994626,0.0,27.263831699994626,27.263831699994626,1,27.809779700000945,27.809779700000945,27.809779700000945,27.809779700000945,0.0,27.809779700000945,27.809779700000945
multi_deviation_benchmark_two_mixed_online,smt_smt,component_048_events_0011_objects_0007__two_mixed_011.jsonocel,,1,0,0,0,0,0,2,,fresh_offline_alignment,1,70.08200039998701,70.08200039998701,70.08200039998701,70.08200039998701,0.0,70.08200039998701,70.08200039998701,1,6.371090945453364,6.371090945453364,6.371090945453364,6.371090945453364,0.0,6.371090945453364,6.371090945453364,1,29.48460449999766,29.48460449999766,29.48460449999766,29.48460449999766,0.0,29.48460449999766,29.48460449999766,,,,,,,,,1,70.08200039998701,70.08200039998701,70.08200039998701,70.08200039998701,0.0,70.08200039998701,70.08200039998701,1,130.69725540000218,130.69725540000218,130.69725540000218,130.69725540000218,0.0,130.69725540000218,130.69725540000218
multi_deviation_benchmark_two_mixed_online,smt_smt,component_050_events_0008_objects_0004__two_mixed_004.jsonocel,,1,1,0,0,0,0,2,,fresh_offline_alignment,1,11.402996699995128,11.402996699995128,11.402996699995128,11.402996699995128,0.0,11.402996699995128,11.402996699995128,1,1.266999633332792,1.266999633332792,1.266999633332792,1.266999633332792,0.0,1.266999633332792,1.266999633332792,1,3.7756265999996685,3.7756265999996685,3.7756265999996685,3.7756265999996685,0.0,3.7756265999996685,3.7756265999996685,1,0.0,0.0,0.0,0.0,0.0,0.0,0.0,1,11.402996699995128,11.402996699995128,11.402996699995128,11.402996699995128,0.0,11.402996699995128,11.402996699995128,1,12.90163770000072,12.90163770000072,12.90163770000072,12.90163770000072,0.0,12.90163770000072,12.90163770000072
multi_deviation_benchmark_two_mixed_online,smt_smt,component_051_events_0011_objects_0007__two_mixed_012.jsonocel,,1,0,0,0,0,0,1,,fresh_offline_alignment,1,114.77067509999688,114.77067509999688,114.77067509999688,114.77067509999688,0.0,114.77067509999688,114.77067509999688,1,10.433697736363353,10.433697736363353,10.433697736363353,10.433697736363353,0.0,10.433697736363353,10.433697736363353,1,45.325236500000756,45.325236500000756,45.325236500000756,45.325236500000756,0.0,45.325236500000756,45.325236500000756,,,,,,,,,1,114.77067509999688,114.77067509999688,114.77067509999688,114.77067509999688,0.0,114.77067509999688,114.77067509999688,1,175.35744349999732,175.35744349999732,175.35744349999732,175.35744349999732,0.0,175.35744349999732,175.35744349999732
multi_deviation_benchmark_two_mixed_online,smt_smt,component_057_events_0011_objects_0005__two_mixed_013.jsonocel,,1,1,0,0,0,0,4,,fresh_offline_alignment,1,35.32367240000167,35.32367240000167,35.32367240000167,35.32367240000167,0.0,35.32367240000167,35.32367240000167,1,3.532367240000167,3.532367240000167,3.532367240000167,3.532367240000167,0.0,3.532367240000167,3.532367240000167,1,15.699485100001766,15.699485100001766,15.699485100001766,15.699485100001766,0.0,15.699485100001766,15.699485100001766,1,0.0,0.0,0.0,0.0,0.0,0.0,0.0,1,35.32367240000167,35.32367240000167,35.32367240000167,35.32367240000167,0.0,35.32367240000167,35.32367240000167,1,36.800613300001714,36.800613300001714,36.800613300001714,36.800613300001714,0.0,36.800613300001714,36.800613300001714
multi_deviation_benchmark_two_mixed_online,smt_smt,component_058_events_0009_objects_0005__two_mixed_007.jsonocel,,1,1,0,0,0,0,6,,fresh_offline_alignment,1,20.15832159999991,20.15832159999991,20.15832159999991,20.15832159999991,0.0,20.15832159999991,20.15832159999991,1,2.5197901999999885,2.5197901999999885,2.5197901999999885,2.5197901999999885,0.0,2.5197901999999885,2.5197901999999885,1,7.482582100001309,7.482582100001309,7.482582100001309,7.482582100001309,0.0,7.482582100001309,7.482582100001309,1,0.0,0.0,0.0,0.0,0.0,0.0,0.0,1,20.15832159999991,20.15832159999991,20.15832159999991,20.15832159999991,0.0,20.15832159999991,20.15832159999991,1,20.68461109999771,20.68461109999771,20.68461109999771,20.68461109999771,0.0,20.68461109999771,20.68461109999771
multi_deviation_benchmark_two_mixed_online,smt_smt,component_059_events_0010_objects_0006__two_mixed_010.jsonocel,,1,1,0,0,0,0,2,,fresh_offline_alignment,1,83.28404100000262,83.28404100000262,83.28404100000262,83.28404100000262,0.0,83.28404100000262,83.28404100000262,1,7.571276454545693,7.571276454545693,7.571276454545693,7.571276454545693,0.0,7.571276454545693,7.571276454545693,1,28.59023789999992,28.59023789999992,28.59023789999992,28.59023789999992,0.0,28.59023789999992,28.59023789999992,1,0.0,0.0,0.0,0.0,0.0,0.0,0.0,1,83.28404100000262,83.28404100000262,83.28404100000262,83.28404100000262,0.0,83.28404100000262,83.28404100000262,1,83.87367950000043,83.87367950000043,83.87367950000043,83.87367950000043,0.0,83.87367950000043,83.87367950000043
multi_deviation_benchmark_two_mixed_online,smt_smt,component_061_events_0007_objects_0003__two_mixed_002.jsonocel,,1,1,0,0,0,0,4,,fresh_offline_alignment,1,3.5907248000039544,3.5907248000039544,3.5907248000039544,3.5907248000039544,0.0,3.5907248000039544,3.5907248000039544,1,0.5129606857148507,0.5129606857148507,0.5129606857148507,0.5129606857148507,0.0,0.5129606857148507,0.5129606857148507,1,1.1622231000001193,1.1622231000001193,1.1622231000001193,1.1622231000001193,0.0,1.1622231000001193,1.1622231000001193,1,0.0,0.0,0.0,0.0,0.0,0.0,0.0,1,3.5907248000039544,3.5907248000039544,3.5907248000039544,3.5907248000039544,0.0,3.5907248000039544,3.5907248000039544,1,4.957290700000158,4.957290700000158,4.957290700000158,4.957290700000158,0.0,4.957290700000158,4.957290700000158
multi_deviation_benchmark_two_mixed_online,smt_smt,component_063_events_0035_objects_0019__two_mixed_029.jsonocel,,1,0,0,0,0,0,0,,fresh_offline_alignment,1,14.126908199992613,14.126908199992613,14.126908199992613,14.126908199992613,0.0,14.126908199992613,14.126908199992613,1,0.6142133999996788,0.6142133999996788,0.6142133999996788,0.6142133999996788,0.0,0.6142133999996788,0.6142133999996788,1,1.060605200000282,1.060605200000282,1.060605200000282,1.060605200000282,0.0,1.060605200000282,1.060605200000282,,,,,,,,,1,14.126908199992613,14.126908199992613,14.126908199992613,14.126908199992613,0.0,14.126908199992613,14.126908199992613,1,74.77553170000101,74.77553170000101,74.77553170000101,74.77553170000101,0.0,74.77553170000101,74.77553170000101
multi_deviation_benchmark_two_mixed_online,smt_smt,component_064_events_0116_objects_0055__two_mixed_034.jsonocel,,1,0,0,0,0,0,0,,fresh_offline_alignment,1,182.82919350001248,182.82919350001248,182.82919350001248,182.82919350001248,0.0,182.82919350001248,182.82919350001248,1,10.15717741666736,10.15717741666736,10.15717741666736,10.15717741666736,0.0,10.15717741666736,10.15717741666736,1,38.885730400001194,38.885730400001194,38.885730400001194,38.885730400001194,0.0,38.885730400001194,38.885730400001194,,,,,,,,,1,182.82919350001248,182.82919350001248,182.82919350001248,182.82919350001248,0.0,182.82919350001248,182.82919350001248,1,244.44047359999968,244.44047359999968,244.44047359999968,244.44047359999968,0.0,244.44047359999968,244.44047359999968
multi_deviation_benchmark_two_mixed_online,smt_smt,component_065_events_0098_objects_0050__two_mixed_032.jsonocel,,1,0,0,0,0,0,0,,fresh_offline_alignment,1,18.87020200000552,18.87020200000552,18.87020200000552,18.87020200000552,0.0,18.87020200000552,18.87020200000552,1,1.1100118823532659,1.1100118823532659,1.1100118823532659,1.1100118823532659,0.0,1.1100118823532659,1.1100118823532659,1,2.2916764999972656,2.2916764999972656,2.2916764999972656,2.2916764999972656,0.0,2.2916764999972656,2.2916764999972656,,,,,,,,,1,18.87020200000552,18.87020200000552,18.87020200000552,18.87020200000552,0.0,18.87020200000552,18.87020200000552,1,79.5595504999983,79.5595504999983,79.5595504999983,79.5595504999983,0.0,79.5595504999983,79.5595504999983
multi_deviation_benchmark_two_mixed_online,smt_smt,component_066_events_0011_objects_0006__two_mixed_014.jsonocel,,1,0,0,0,0,0,9,,fresh_offline_alignment,1,74.11112250000588,74.11112250000588,74.11112250000588,74.11112250000588,0.0,74.11112250000588,74.11112250000588,1,7.4111122500005875,7.4111122500005875,7.4111122500005875,7.4111122500005875,0.0,7.4111122500005875,7.4111122500005875,1,30.048773500002426,30.048773500002426,30.048773500002426,30.048773500002426,0.0,30.048773500002426,30.048773500002426,,,,,,,,,1,74.11112250000588,74.11112250000588,74.11112250000588,74.11112250000588,0.0,74.11112250000588,74.11112250000588,1,135.62742459999936,135.62742459999936,135.62742459999936,135.62742459999936,0.0,135.62742459999936,135.62742459999936
multi_deviation_benchmark_two_mixed_online,smt_smt,component_067_events_0063_objects_0031__two_mixed_031.jsonocel,,1,0,0,0,0,0,0,,fresh_offline_alignment,1,11.814373000004707,11.814373000004707,11.814373000004707,11.814373000004707,0.0,11.814373000004707,11.814373000004707,1,0.9087979230772851,0.9087979230772851,0.9087979230772851,0.9087979230772851,0.0,0.9087979230772851,0.9087979230772851,1,1.5186559000030684,1.5186559000030684,1.5186559000030684,1.5186559000030684,0.0,1.5186559000030684,1.5186559000030684,,,,,,,,,1,11.814373000004707,11.814373000004707,11.814373000004707,11.814373000004707,0.0,11.814373000004707,11.814373000004707,1,72.32599169999958,72.32599169999958,72.32599169999958,72.32599169999958,0.0,72.32599169999958,72.32599169999958
multi_deviation_benchmark_two_mixed_online,smt_smt,component_068_events_0009_objects_0005__two_mixed_008.jsonocel,,1,1,0,0,0,0,8,,fresh_offline_alignment,1,23.836786799995025,23.836786799995025,23.836786799995025,23.836786799995025,0.0,23.836786799995025,23.836786799995025,1,2.6485318666661137,2.6485318666661137,2.6485318666661137,2.6485318666661137,0.0,2.6485318666661137,2.6485318666661137,1,10.161946699998225,10.161946699998225,10.161946699998225,10.161946699998225,0.0,10.161946699998225,10.161946699998225,1,0.0,0.0,0.0,0.0,0.0,0.0,0.0,1,23.836786799995025,23.836786799995025,23.836786799995025,23.836786799995025,0.0,23.836786799995025,23.836786799995025,1,25.349333500002103,25.349333500002103,25.349333500002103,25.349333500002103,0.0,25.349333500002103,25.349333500002103
multi_deviation_benchmark_two_same_dimension_online,smt_smt,component_003_events_0022_objects_0011__two_same_dimension_042.jsonocel,,1,0,0,0,0,0,0,,fresh_offline_alignment,1,146.11680930000875,146.11680930000875,146.11680930000875,146.11680930000875,0.0,146.11680930000875,146.11680930000875,1,12.17640077500073,12.17640077500073,12.17640077500073,12.17640077500073,0.0,12.17640077500073,12.17640077500073,1,52.33260230000087,52.33260230000087,52.33260230000087,52.33260230000087,0.0,52.33260230000087,52.33260230000087,,,,,,,,,1,146.11680930000875,146.11680930000875,146.11680930000875,146.11680930000875,0.0,146.11680930000875,146.11680930000875,1,206.72981489999802,206.72981489999802,206.72981489999802,206.72981489999802,0.0,206.72981489999802,206.72981489999802
multi_deviation_benchmark_two_same_dimension_online,smt_smt,component_005_events_0035_objects_0016__two_same_dimension_044.jsonocel,,1,0,0,0,0,0,0,,fresh_offline_alignment,1,150.22849240000141,150.22849240000141,150.22849240000141,150.22849240000141,0.0,150.22849240000141,150.22849240000141,1,12.519041033333451,12.519041033333451,12.519041033333451,12.519041033333451,0.0,12.519041033333451,12.519041033333451,1,41.69327239999984,41.69327239999984,41.69327239999984,41.69327239999984,0.0,41.69327239999984,41.69327239999984,,,,,,,,,1,150.22849240000141,150.22849240000141,150.22849240000141,150.22849240000141,0.0,150.22849240000141,150.22849240000141,1,211.74014250000255,211.74014250000255,211.74014250000255,211.74014250000255,0.0,211.74014250000255,211.74014250000255
multi_deviation_benchmark_two_same_dimension_online,smt_smt,component_009_events_0015_objects_0008__two_same_dimension_041.jsonocel,,1,0,0,0,0,0,2,,fresh_offline_alignment,1,100.29578989999573,100.29578989999573,100.29578989999573,100.29578989999573,0.0,100.29578989999573,100.29578989999573,1,9.117799081817793,9.117799081817793,9.117799081817793,9.117799081817793,0.0,9.117799081817793,9.117799081817793,1,46.15165619999971,46.15165619999971,46.15165619999971,46.15165619999971,0.0,46.15165619999971,46.15165619999971,,,,,,,,,1,100.29578989999573,100.29578989999573,100.29578989999573,100.29578989999573,0.0,100.29578989999573,100.29578989999573,1,160.8842966000011,160.8842966000011,160.8842966000011,160.8842966000011,0.0,160.8842966000011,160.8842966000011
multi_deviation_benchmark_two_same_dimension_online,smt_smt,component_011_events_0028_objects_0017__two_same_dimension_043.jsonocel,,1,0,0,0,0,0,0,,fresh_offline_alignment,1,57.335781900004804,57.335781900004804,57.335781900004804,57.335781900004804,0.0,57.335781900004804,57.335781900004804,1,2.606171904545673,2.606171904545673,2.606171904545673,2.606171904545673,0.0,2.606171904545673,2.606171904545673,1,13.306381600003078,13.306381600003078,13.306381600003078,13.306381600003078,0.0,13.306381600003078,13.306381600003078,,,,,,,,,1,57.335781900004804,57.335781900004804,57.335781900004804,57.335781900004804,0.0,57.335781900004804,57.335781900004804,1,119.04763599999933,119.04763599999933,119.04763599999933,119.04763599999933,0.0,119.04763599999933,119.04763599999933
multi_deviation_benchmark_two_same_dimension_online,smt_smt,component_032_events_0007_objects_0003__two_same_dimension_035.jsonocel,,1,1,0,0,0,0,2,,fresh_offline_alignment,1,7.1498457999987295,7.1498457999987295,7.1498457999987295,7.1498457999987295,0.0,7.1498457999987295,7.1498457999987295,1,0.79442731111097,0.79442731111097,0.79442731111097,0.79442731111097,0.0,0.79442731111097,0.79442731111097,1,2.2341211999992083,2.2341211999992083,2.2341211999992083,2.2341211999992083,0.0,2.2341211999992083,2.2341211999992083,1,0.0,0.0,0.0,0.0,0.0,0.0,0.0,1,7.1498457999987295,7.1498457999987295,7.1498457999987295,7.1498457999987295,0.0,7.1498457999987295,7.1498457999987295,1,7.651124399999389,7.651124399999389,7.651124399999389,7.651124399999389,0.0,7.651124399999389,7.651124399999389
multi_deviation_benchmark_two_same_dimension_online,smt_smt,component_037_events_0012_objects_0006__two_same_dimension_040.jsonocel,,1,1,0,0,0,0,4,,fresh_offline_alignment,1,82.38053220000074,82.38053220000074,82.38053220000074,82.38053220000074,0.0,82.38053220000074,82.38053220000074,1,8.238053220000074,8.238053220000074,8.238053220000074,8.238053220000074,0.0,8.238053220000074,8.238053220000074,1,30.35712290000083,30.35712290000083,30.35712290000083,30.35712290000083,0.0,30.35712290000083,30.35712290000083,1,0.0,0.0,0.0,0.0,0.0,0.0,0.0,1,82.38053220000074,82.38053220000074,82.38053220000074,82.38053220000074,0.0,82.38053220000074,82.38053220000074,1,82.9743475000032,82.9743475000032,82.9743475000032,82.9743475000032,0.0,82.9743475000032,82.9743475000032
multi_deviation_benchmark_two_same_dimension_online,smt_smt,component_050_events_0008_objects_0004__two_same_dimension_036.jsonocel,,1,1,0,0,0,0,2,,fresh_offline_alignment,1,16.00719379999282,16.00719379999282,16.00719379999282,16.00719379999282,0.0,16.00719379999282,16.00719379999282,1,1.600719379999282,1.600719379999282,1.600719379999282,1.600719379999282,0.0,1.600719379999282,1.600719379999282,1,5.65563370000018,5.65563370000018,5.65563370000018,5.65563370000018,0.0,5.65563370000018,5.65563370000018,1,0.0,0.0,0.0,0.0,0.0,0.0,0.0,1,16.00719379999282,16.00719379999282,16.00719379999282,16.00719379999282,0.0,16.00719379999282,16.00719379999282,1,17.49268299999676,17.49268299999676,17.49268299999676,17.49268299999676,0.0,17.49268299999676,17.49268299999676
multi_deviation_benchmark_two_same_dimension_online,smt_smt,component_057_events_0011_objects_0005__two_same_dimension_039.jsonocel,,1,1,0,0,0,0,4,,fresh_offline_alignment,1,27.355091199995513,27.355091199995513,27.355091199995513,27.355091199995513,0.0,27.355091199995513,27.355091199995513,1,3.0394545777772795,3.0394545777772795,3.0394545777772795,3.0394545777772795,0.0,3.0394545777772795,3.0394545777772795,1,10.030218799998693,10.030218799998693,10.030218799998693,10.030218799998693,0.0,10.030218799998693,10.030218799998693,1,0.0,0.0,0.0,0.0,0.0,0.0,0.0,1,27.355091199995513,27.355091199995513,27.355091199995513,27.355091199995513,0.0,27.355091199995513,27.355091199995513,1,27.93577109999751,27.93577109999751,27.93577109999751,27.93577109999751,0.0,27.93577109999751,27.93577109999751
multi_deviation_benchmark_two_same_dimension_online,smt_smt,component_058_events_0009_objects_0005__two_same_dimension_037.jsonocel,,1,1,0,0,0,0,2,,fresh_offline_alignment,1,20.182131300003675,20.182131300003675,20.182131300003675,20.182131300003675,0.0,20.182131300003675,20.182131300003675,1,2.2424590333337417,2.2424590333337417,2.2424590333337417,2.2424590333337417,0.0,2.2424590333337417,2.2424590333337417,1,6.578296400002728,6.578296400002728,6.578296400002728,6.578296400002728,0.0,6.578296400002728,6.578296400002728,1,0.0,0.0,0.0,0.0,0.0,0.0,0.0,1,20.182131300003675,20.182131300003675,20.182131300003675,20.182131300003675,0.0,20.182131300003675,20.182131300003675,1,20.710026500000822,20.710026500000822,20.710026500000822,20.710026500000822,0.0,20.710026500000822,20.710026500000822
multi_deviation_benchmark_two_same_dimension_online,smt_smt,component_059_events_0010_objects_0006__two_same_dimension_038.jsonocel,,1,1,0,0,0,0,8,,fresh_offline_alignment,1,67.99049420000301,67.99049420000301,67.99049420000301,67.99049420000301,0.0,67.99049420000301,67.99049420000301,1,6.799049420000301,6.799049420000301,6.799049420000301,6.799049420000301,0.0,6.799049420000301,6.799049420000301,1,21.489322499997797,21.489322499997797,21.489322499997797,21.489322499997797,0.0,21.489322499997797,21.489322499997797,1,0.0,0.0,0.0,0.0,0.0,0.0,0.0,1,67.99049420000301,67.99049420000301,67.99049420000301,67.99049420000301,0.0,67.99049420000301,67.99049420000301,1,69.56027339999855,69.56027339999855,69.56027339999855,69.56027339999855,0.0,69.56027339999855,69.56027339999855
multi_deviation_benchmark_two_same_dimension_online,smt_smt,component_064_events_0116_objects_0055__two_same_dimension_046.jsonocel,,1,0,0,0,0,0,0,,fresh_offline_alignment,1,240.97156110001742,240.97156110001742,240.97156110001742,240.97156110001742,0.0,240.97156110001742,240.97156110001742,1,9.268136965385285,9.268136965385285,9.268136965385285,9.268136965385285,0.0,9.268136965385285,9.268136965385285,1,59.708124699998734,59.708124699998734,59.708124699998734,59.708124699998734,0.0,59.708124699998734,59.708124699998734,,,,,,,,,1,240.97156110001742,240.97156110001742,240.97156110001742,240.97156110001742,0.0,240.97156110001742,240.97156110001742,1,301.8167097000005,301.8167097000005,301.8167097000005,301.8167097000005,0.0,301.8167097000005,301.8167097000005
multi_deviation_benchmark_two_same_dimension_online,smt_smt,component_067_events_0063_objects_0031__two_same_dimension_045.jsonocel,,1,0,0,0,0,0,0,,fresh_offline_alignment,1,12.09538369999791,12.09538369999791,12.09538369999791,12.09538369999791,0.0,12.09538369999791,12.09538369999791,1,0.93041413076907,0.93041413076907,0.93041413076907,0.93041413076907,0.0,0.93041413076907,0.93041413076907,1,1.46174670000255,1.46174670000255,1.46174670000255,1.46174670000255,0.0,1.46174670000255,1.46174670000255,,,,,,,,,1,12.09538369999791,12.09538369999791,12.09538369999791,12.09538369999791,0.0,12.09538369999791,12.09538369999791,1,73.56156220000048,73.56156220000048,73.56156220000048,73.56156220000048,0.0,73.56156220000048,73.56156220000048
object_attributes_online,smt_smt,00_fit_all_object_guards.jsonocel,,1,1,0,0,0,0,0,,fresh_offline_alignment,1,2.2958862000000124,2.2958862000000124,2.2958862000000124,2.2958862000000124,0.0,2.2958862000000124,2.2958862000000124,1,0.4591772400000025,0.4591772400000025,0.4591772400000025,0.4591772400000025,0.0,0.4591772400000025,0.4591772400000025,1,0.5553668999999957,0.5553668999999957,0.5553668999999957,0.5553668999999957,0.0,0.5553668999999957,0.5553668999999957,1,0.0,0.0,0.0,0.0,0.0,0.0,0.0,1,2.2958862000000124,2.2958862000000124,2.2958862000000124,2.2958862000000124,0.0,2.2958862000000124,2.2958862000000124,1,2.6267476000000016,2.6267476000000016,2.6267476000000016,2.6267476000000016,0.0,2.6267476000000016,2.6267476000000016
object_attributes_online,smt_smt,01_violate_order_vip.jsonocel,,1,1,0,0,0,0,1,,fresh_offline_alignment,1,2.496107699999982,2.496107699999982,2.496107699999982,2.496107699999982,0.0,2.496107699999982,2.496107699999982,1,0.49922153999999636,0.49922153999999636,0.49922153999999636,0.49922153999999636,0.0,0.49922153999999636,0.49922153999999636,1,0.5440083999999956,0.5440083999999956,0.5440083999999956,0.5440083999999956,0.0,0.5440083999999956,0.5440083999999956,1,0.0,0.0,0.0,0.0,0.0,0.0,0.0,1,2.496107699999982,2.496107699999982,2.496107699999982,2.496107699999982,0.0,2.496107699999982,2.496107699999982,1,2.8264699000000064,2.8264699000000064,2.8264699000000064,2.8264699000000064,0.0,2.8264699000000064,2.8264699000000064
object_attributes_online,smt_smt,02_violate_order_budget.jsonocel,,1,1,0,0,0,0,1,,fresh_offline_alignment,1,2.304567999999989,2.304567999999989,2.304567999999989,2.304567999999989,0.0,2.304567999999989,2.304567999999989,1,0.4609135999999978,0.4609135999999978,0.4609135999999978,0.4609135999999978,0.0,0.4609135999999978,0.4609135999999978,1,0.5654560999999916,0.5654560999999916,0.5654560999999916,0.5654560999999916,0.0,0.5654560999999916,0.5654560999999916,1,0.0,0.0,0.0,0.0,0.0,0.0,0.0,1,2.304567999999989,2.304567999999989,2.304567999999989,2.304567999999989,0.0,2.304567999999989,2.304567999999989,1,2.627761899999996,2.627761899999996,2.627761899999996,2.627761899999996,0.0,2.627761899999996,2.627761899999996
object_attributes_online,smt_smt,03_violate_order_priority.jsonocel,,1,1,0,0,0,0,1,,fresh_offline_alignment,1,2.383111200000002,2.383111200000002,2.383111200000002,2.383111200000002,0.0,2.383111200000002,2.383111200000002,1,0.47662224000000036,0.47662224000000036,0.47662224000000036,0.47662224000000036,0.0,0.47662224000000036,0.47662224000000036,1,0.5725903000000017,0.5725903000000017,0.5725903000000017,0.5725903000000017,0.0,0.5725903000000017,0.5725903000000017,1,0.0,0.0,0.0,0.0,0.0,0.0,0.0,1,2.383111200000002,2.383111200000002,2.383111200000002,2.383111200000002,0.0,2.383111200000002,2.383111200000002,1,2.7267968999999965,2.7267968999999965,2.7267968999999965,2.7267968999999965,0.0,2.7267968999999965,2.7267968999999965
object_attributes_online,smt_smt,04_violate_product_cost_sum.jsonocel,,1,1,0,0,0,0,1,,fresh_offline_alignment,1,2.472240499999998,2.472240499999998,2.472240499999998,2.472240499999998,0.0,2.472240499999998,2.472240499999998,1,0.4944480999999996,0.4944480999999996,0.4944480999999996,0.4944480999999996,0.0,0.4944480999999996,0.4944480999999996,1,0.7160085000000009,0.7160085000000009,0.7160085000000009,0.7160085000000009,0.0,0.7160085000000009,0.7160085000000009,1,0.0,0.0,0.0,0.0,0.0,0.0,0.0,1,2.472240499999998,2.472240499999998,2.472240499999998,2.472240499999998,0.0,2.472240499999998,2.472240499999998,1,2.8246895999999992,2.8246895999999992,2.8246895999999992,2.8246895999999992,0.0,2.8246895999999992,2.8246895999999992
object_attributes_online,smt_smt,05_fit_credit_card_despite_high_product_cost.jsonocel,,1,1,0,0,0,0,0,,fresh_offline_alignment,1,2.3100002000000046,2.3100002000000046,2.3100002000000046,2.3100002000000046,0.0,2.3100002000000046,2.3100002000000046,1,0.46200004000000094,0.46200004000000094,0.46200004000000094,0.46200004000000094,0.0,0.46200004000000094,0.46200004000000094,1,0.5881418000000025,0.5881418000000025,0.5881418000000025,0.5881418000000025,0.0,0.5881418000000025,0.5881418000000025,1,0.0,0.0,0.0,0.0,0.0,0.0,0.0,1,2.3100002000000046,2.3100002000000046,2.3100002000000046,2.3100002000000046,0.0,2.3100002000000046,2.3100002000000046,1,2.620959499999998,2.620959499999998,2.620959499999998,2.620959499999998,0.0,2.620959499999998,2.620959499999998
object_attributes_online,smt_smt,06_violate_event_and_object_data.jsonocel,,1,1,0,0,0,0,2,,fresh_offline_alignment,1,2.437642399999987,2.437642399999987,2.437642399999987,2.437642399999987,0.0,2.437642399999987,2.437642399999987,1,0.48752847999999743,0.48752847999999743,0.48752847999999743,0.48752847999999743,0.0,0.48752847999999743,0.48752847999999743,1,0.6110522000000032,0.6110522000000032,0.6110522000000032,0.6110522000000032,0.0,0.6110522000000032,0.6110522000000032,1,0.0,0.0,0.0,0.0,0.0,0.0,0.0,1,2.437642399999987,2.437642399999987,2.437642399999987,2.437642399999987,0.0,2.437642399999987,2.437642399999987,1,2.728431900000004,2.728431900000004,2.728431900000004,2.728431900000004,0.0,2.728431900000004,2.728431900000004
object_attributes_online,smt_smt,07_violate_place_event_and_object_guard.jsonocel,,1,1,0,0,0,0,2,,fresh_offline_alignment,1,2.5457740000000086,2.5457740000000086,2.5457740000000086,2.5457740000000086,0.0,2.5457740000000086,2.5457740000000086,1,0.5091548000000017,0.5091548000000017,0.5091548000000017,0.5091548000000017,0.0,0.5091548000000017,0.5091548000000017,1,0.740692800000005,0.740692800000005,0.740692800000005,0.740692800000005,0.0,0.740692800000005,0.740692800000005,1,0.0,0.0,0.0,0.0,0.0,0.0,0.0,1,2.5457740000000086,2.5457740000000086,2.5457740000000086,2.5457740000000086,0.0,2.5457740000000086,2.5457740000000086,1,2.9305583000000013,2.9305583000000013,2.9305583000000013,2.9305583000000013,0.0,2.9305583000000013,2.9305583000000013
