file,result_file,returncode,online_status,offline_status,offline_semantics,native_crash_retry_count,native_crash_attempts,prefix_feasible,prefix_total,prefix_control_flow,prefix_data,prefix_object,prefix_encode_seconds,prefix_solve_seconds,offline_feasible,offline_total,offline_control_flow,offline_data,offline_object,offline_encode_seconds,offline_solve_seconds,online_updates,online_total_seconds,online_avg_seconds,online_max_seconds,offline_total_seconds,conformance_total_seconds,prefix_timing_count,wall_seconds,experiment,combo,repetition,observation_timeout,observation_timeout_seconds,observation_elapsed_seconds,timeout_update,timeout_stream_position,timeout_component,timeout_event_id,timeout_activity,timeout_event_objects,timeout_component_events,timeout_component_objects,prefix_count,partial_result_saved,completed_stream_units,total_stream_units,completed_online_updates,last_completed_stream_position,error_file
orders_01_interleaved.jsonocel,C:\Users\User\Documents\odacc\experiment_runs\20260920_083355\component_scale_online\smt_smt\run_001\orders_01_interleaved.json,0,ONLINE_OK,NOT_RUN,fresh_offline_alignment,0,0,True,0,0,0,0,0.2351118999999926,0.21926039999999603,,,,,,,,5,2.2940531000000135,0.4588106200000027,0.5464807000000036,0,2.2940531000000135,5,2.6261815000000013,component_scale_online,smt_smt,1,,,,,,,,,,,,,,,,,,
orders_02_interleaved.jsonocel,C:\Users\User\Documents\odacc\experiment_runs\20260920_083355\component_scale_online\smt_smt\run_001\orders_02_interleaved.json,0,ONLINE_OK,NOT_RUN,fresh_offline_alignment,0,0,True,0,0,0,0,0.2364103999999969,0.2889204000000092,,,,,,,,10,4.796760800000001,0.4796760800000001,0.6361657000000065,0,4.796760800000001,10,5.139389899999998,component_scale_online,smt_smt,1,,,,,,,,,,,,,,,,,,
orders_05_interleaved.jsonocel,C:\Users\User\Documents\odacc\experiment_runs\20260920_083355\component_scale_online\smt_smt\run_001\orders_05_interleaved.json,0,ONLINE_OK,NOT_RUN,fresh_offline_alignment,0,0,True,0,0,0,0,0.2420573999999931,0.340811599999995,,,,,,,,25,12.47298010000003,0.49891920400000117,0.7328318999999794,0,12.47298010000003,25,12.967507400000002,component_scale_online,smt_smt,1,,,,,,,,,,,,,,,,,,
orders_10_interleaved.jsonocel,C:\Users\User\Documents\odacc\experiment_runs\20260920_083355\component_scale_online\smt_smt\run_001\orders_10_interleaved.json,0,ONLINE_OK,NOT_RUN,fresh_offline_alignment,0,0,True,0,0,0,0,0.23526219999999398,0.25378420000001256,,,,,,,,50,26.044813000000005,0.5208962600000001,0.6526238000000149,0,26.044813000000005,50,26.82025299999998,component_scale_online,smt_smt,1,,,,,,,,,,,,,,,,,,
orders_20_interleaved.jsonocel,C:\Users\User\Documents\odacc\experiment_runs\20260920_083355\component_scale_online\smt_smt\run_001\orders_20_interleaved.json,0,ONLINE_OK,NOT_RUN,fresh_offline_alignment,0,0,True,0,0,0,0,0.22693440000000464,0.294321100000019,,,,,,,,100,48.43674299999992,0.4843674299999992,0.7633804000000168,0,48.43674299999992,100,50.129545199999995,component_scale_online,smt_smt,1,,,,,,,,,,,,,,,,,,
00_fit.jsonocel,C:\Users\User\Documents\odacc\experiment_runs\20260920_083355\comprehensive_online\smt_smt\run_001\00_fit.json,0,ONLINE_OK,NOT_RUN,fresh_offline_alignment,0,0,True,0,0,0,0,0.13523500000000865,0.05132460000000094,,,,,,,,2,0.515010000000018,0.257505000000009,0.27898090000000764,0,0.515010000000018,2,0.8173256999999978,comprehensive_online,smt_smt,1,,,,,,,,,,,,,,,,,,
01_data_place_order_guard_violation.jsonocel,C:\Users\User\Documents\odacc\experiment_runs\20260920_083355\comprehensive_online\smt_smt\run_001\01_data_place_order_guard_violation.json,0,ONLINE_OK,NOT_RUN,fresh_offline_alignment,0,0,True,1,0,1,0,0.1335072999999909,0.06556829999999536,,,,,,,,2,0.4613067000000086,0.2306533500000043,0.24800090000000807,0,0.4613067000000086,2,0.7168925000000002,comprehensive_online,smt_smt,1,,,,,,,,,,,,,,,,,,
02_data_ship_guard_violation.jsonocel,C:\Users\User\Documents\odacc\experiment_runs\20260920_083355\comprehensive_online\smt_smt\run_001\02_data_ship_guard_violation.json,0,ONLINE_OK,NOT_RUN,fresh_offline_alignment,0,0,True,1,0,1,0,0.1339777999999967,0.06384880000000237,,,,,,,,2,0.4713400000000121,0.23567000000000604,0.24787220000000332,0,0.4713400000000121,2,0.8369105000000019,comprehensive_online,smt_smt,1,,,,,,,,,,,,,,,,,,
03_data_ship_combined_guard_violation.jsonocel,C:\Users\User\Documents\odacc\experiment_runs\20260920_083355\comprehensive_online\smt_smt\run_001\03_data_ship_combined_guard_violation.json,0,ONLINE_OK,NOT_RUN,fresh_offline_alignment,0,0,True,1,0,1,0,0.13387519999999142,0.06489770000000306,,,,,,,,2,0.47613400000000183,0.23806700000000092,0.2495080999999999,0,0.47613400000000183,2,0.7148305999999991,comprehensive_online,smt_smt,1,,,,,,,,,,,,,,,,,,
04_object_missing_product_at_ship.jsonocel,C:\Users\User\Documents\odacc\experiment_runs\20260920_083355\comprehensive_online\smt_smt\run_001\04_object_missing_product_at_ship.json,0,ONLINE_OK,NOT_RUN,fresh_offline_alignment,0,0,True,0,0,0,0,0.13739359999999579,0.07143759999999588,,,,,,,,2,0.4789329999999836,0.2394664999999918,0.26143309999999076,0,0.4789329999999836,2,0.7160101000000054,comprehensive_online,smt_smt,1,,,,,,,,,,,,,,,,,,
05_object_extra_product_at_ship.jsonocel,C:\Users\User\Documents\odacc\experiment_runs\20260920_083355\comprehensive_online\smt_smt\run_001\05_object_extra_product_at_ship.json,0,ONLINE_OK,NOT_RUN,fresh_offline_alignment,0,0,True,4,4,0,0,0.19982240000000218,0.1335807000000102,,,,,,,,2,0.6698145000000153,0.33490725000000765,0.40137950000000444,0,0.6698145000000153,2,1.0163089999999926,comprehensive_online,smt_smt,1,,,,,,,,,,,,,,,,,,
06_incomplete_after_place_order.jsonocel,C:\Users\User\Documents\odacc\experiment_runs\20260920_083355\comprehensive_online\smt_smt\run_001\06_incomplete_after_place_order.json,0,ONLINE_OK,NOT_RUN,fresh_offline_alignment,0,0,True,0,0,0,0,0.12206709999999532,0.0413120000000049,,,,,,,,1,0.2147965000000056,0.2147965000000056,0.2147965000000056,0,0.2147965000000056,1,0.5136105999999927,comprehensive_online,smt_smt,1,,,,,,,,,,,,,,,,,,
07_extra_ship_event.jsonocel,C:\Users\User\Documents\odacc\experiment_runs\20260920_083355\comprehensive_online\smt_smt\run_001\07_extra_ship_event.json,0,ONLINE_OK,NOT_RUN,fresh_offline_alignment,0,0,True,3,3,0,0,0.1445469000000088,0.07792640000000972,,,,,,,,3,0.7299419,0.2433139666666667,0.27178499999999417,0,0.7299419,3,1.0172061999999897,comprehensive_online,smt_smt,1,,,,,,,,,,,,,,,,,,
08_wrong_order_ship_before_place_order.jsonocel,C:\Users\User\Documents\odacc\experiment_runs\20260920_083355\comprehensive_online\smt_smt\run_001\08_wrong_order_ship_before_place_order.json,0,ONLINE_OK,NOT_RUN,fresh_offline_alignment,0,0,True,3,3,0,0,0.1355132999999995,0.08492329999999981,,,,,,,,2,0.5082410999999922,0.2541205499999961,0.27466889999999466,0,0.5082410999999922,2,0.8184911000000028,comprehensive_online,smt_smt,1,,,,,,,,,,,,,,,,,,
09_unmodeled_cancel_event.jsonocel,C:\Users\User\Documents\odacc\experiment_runs\20260920_083355\comprehensive_online\smt_smt\run_001\09_unmodeled_cancel_event.json,0,ONLINE_OK,NOT_RUN,fresh_offline_alignment,0,0,True,1,1,0,0,0.15200299999999345,0.0677082999999925,,,,,,,,3,0.715662800000004,0.238554266666668,0.2688418000000041,0,0.715662800000004,3,1.0168014000000056,comprehensive_online,smt_smt,1,,,,,,,,,,,,,,,,,,
10_object_attributes_and_unreferenced_object.jsonocel,C:\Users\User\Documents\odacc\experiment_runs\20260920_083355\comprehensive_online\smt_smt\run_001\10_object_attributes_and_unreferenced_object.json,0,ONLINE_OK,NOT_RUN,fresh_offline_alignment,0,0,True,0,0,0,0,0.14090369999999552,0.06720659999999157,,,,,,,,2,0.5158084999999915,0.2579042499999957,0.2648406999999935,0,0.5158084999999915,2,0.8156005999999962,comprehensive_online,smt_smt,1,,,,,,,,,,,,,,,,,,
11_two_independent_components.jsonocel,C:\Users\User\Documents\odacc\experiment_runs\20260920_083355\comprehensive_online\smt_smt\run_001\11_two_independent_components.json,0,ONLINE_OK,NOT_RUN,fresh_offline_alignment,0,0,True,0,0,0,0,0.09077829999999665,0.03885760000000005,,,,,,,,4,0.8024263000000076,0.2006065750000019,0.24755919999999776,0,0.8024263000000076,4,1.1193377999999967,comprehensive_online,smt_smt,1,,,,,,,,,,,,,,,,,,
12_component_merge_stress.jsonocel,C:\Users\User\Documents\odacc\experiment_runs\20260920_083355\comprehensive_online\smt_smt\run_001\12_component_merge_stress.json,0,ONLINE_OK,NOT_RUN,fresh_offline_alignment,0,0,True,4,4,0,0,0.23582459999998662,0.172770799999995,,,,,,,,3,0.7959853999999922,0.26532846666666404,0.47511670000000095,0,0.7959853999999922,3,1.1182796000000081,comprehensive_online,smt_smt,1,,,,,,,,,,,,,,,,,,
products_020_budget.jsonocel,C:\Users\User\Documents\odacc\experiment_runs\20260920_083355\deviation_scale_extended_online\smt_smt\run_001\products_020_budget.json,124,OBSERVATION_TIMEOUT,NOT_RUN,fresh_offline_alignment,0,0,,,,,,,,,,,,,,,0,0,0.0,0.0,,0,0,60.330241200000046,deviation_scale_extended_online,smt_smt,1,True,60.0,60.04354409999996,1,1,1,0,place order,21,1,21,0,True,0,23,0,,C:\Users\User\Documents\odacc\experiment_runs\20260920_083355\deviation_scale_extended_online\smt_smt\run_001\products_020_budget.error.txt
products_020_cost.jsonocel,C:\Users\User\Documents\odacc\experiment_runs\20260920_083355\deviation_scale_extended_online\smt_smt\run_001\products_020_cost.json,124,OBSERVATION_TIMEOUT,NOT_RUN,fresh_offline_alignment,0,0,True,0,0,0,0,6.554216099999849,19.359982400000035,,,,,,,,2,58.561717700000145,29.280858850000072,30.72463400000015,,58.561717700000145,2,118.94457450000004,deviation_scale_extended_online,smt_smt,1,True,60.0,60.02744740000003,3,3,1,2,pick item,2,3,21,2,True,2,23,2,2,C:\Users\User\Documents\odacc\experiment_runs\20260920_083355\deviation_scale_extended_online\smt_smt\run_001\products_020_cost.error.txt
products_020_early_place_data.jsonocel,C:\Users\User\Documents\odacc\experiment_runs\20260920_083355\deviation_scale_extended_online\smt_smt\run_001\products_020_early_place_data.json,124,OBSERVATION_TIMEOUT,NOT_RUN,fresh_offline_alignment,0,0,True,1,0,1,0,6.587252900000067,36.5543090000001,,,,,,,,2,77.06189760000007,38.53094880000003,44.84576870000001,,77.06189760000007,2,137.43955460000006,deviation_scale_extended_online,smt_smt,1,True,60.0,60.021591400000034,3,3,1,2,pick item,2,3,21,2,True,2,23,2,2,C:\Users\User\Documents\odacc\experiment_runs\20260920_083355\deviation_scale_extended_online\smt_smt\run_001\products_020_early_place_data.error.txt
products_020_fit.jsonocel,C:\Users\User\Documents\odacc\experiment_runs\20260920_083355\deviation_scale_extended_online\smt_smt\run_001\products_020_fit.json,124,OBSERVATION_TIMEOUT,NOT_RUN,fresh_offline_alignment,0,0,True,0,0,0,0,6.602586999999858,30.12122599999998,,,,,,,,2,71.18949889999976,35.59474944999988,37.954327999999805,,71.18949889999976,2,131.5927901,deviation_scale_extended_online,smt_smt,1,True,60.0,60.05232950000004,3,3,1,2,pick item,2,3,21,2,True,2,23,2,2,C:\Users\User\Documents\odacc\experiment_runs\20260920_083355\deviation_scale_extended_online\smt_smt\run_001\products_020_fit.error.txt
products_020_late_ship_data.jsonocel,C:\Users\User\Documents\odacc\experiment_runs\20260920_083355\deviation_scale_extended_online\smt_smt\run_001\products_020_late_ship_data.json,124,OBSERVATION_TIMEOUT,NOT_RUN,fresh_offline_alignment,0,0,True,0,0,0,0,6.634409700000106,27.937043899999935,,,,,,,,2,68.00412150000011,34.002060750000055,35.689689499999986,,68.00412150000011,2,128.3896459,deviation_scale_extended_online,smt_smt,1,True,60.0,60.014608499999895,3,3,1,2,pick item,2,3,21,2,True,2,23,2,2,C:\Users\User\Documents\odacc\experiment_runs\20260920_083355\deviation_scale_extended_online\smt_smt\run_001\products_020_late_ship_data.error.txt
products_020_priority.jsonocel,C:\Users\User\Documents\odacc\experiment_runs\20260920_083355\deviation_scale_extended_online\smt_smt\run_001\products_020_priority.json,124,OBSERVATION_TIMEOUT,NOT_RUN,fresh_offline_alignment,0,0,True,0,0,0,0,6.5541644999998425,37.136457000000064,,,,,,,,2,84.64207090000036,42.32103545000018,44.811114400000406,,84.64207090000036,2,145.08234600000014,deviation_scale_extended_online,smt_smt,1,True,60.0,60.08818610000026,3,3,1,2,pick item,2,3,21,2,True,2,23,2,2,C:\Users\User\Documents\odacc\experiment_runs\20260920_083355\deviation_scale_extended_online\smt_smt\run_001\products_020_priority.error.txt
products_020_vip.jsonocel,C:\Users\User\Documents\odacc\experiment_runs\20260920_083355\deviation_scale_extended_online\smt_smt\run_001\products_020_vip.json,124,OBSERVATION_TIMEOUT,NOT_RUN,fresh_offline_alignment,0,0,True,1,0,1,0,6.483659200000147,25.48857709999993,,,,,,,,1,33.89127150000013,33.89127150000013,33.89127150000013,,33.89127150000013,1,94.32941299999993,deviation_scale_extended_online,smt_smt,1,True,60.0,60.0941014,2,2,1,1,pick item,2,2,21,1,True,1,23,1,1,C:\Users\User\Documents\odacc\experiment_runs\20260920_083355\deviation_scale_extended_online\smt_smt\run_001\products_020_vip.error.txt
products_001_budget.jsonocel,C:\Users\User\Documents\odacc\experiment_runs\20260920_083355\deviation_scale_online\smt_smt\run_001\products_001_budget.json,0,ONLINE_OK,NOT_RUN,fresh_offline_alignment,0,0,True,1,0,1,0,0.14807230000002392,0.10846440000000257,,,,,,,,4,1.1561092999999971,0.2890273249999993,0.328838300000001,0,1.1561092999999971,4,1.523978100000022,deviation_scale_online,smt_smt,1,,,,,,,,,,,,,,,,,,
products_001_cost.jsonocel,C:\Users\User\Documents\odacc\experiment_runs\20260920_083355\deviation_scale_online\smt_smt\run_001\products_001_cost.json,0,ONLINE_OK,NOT_RUN,fresh_offline_alignment,0,0,True,1,0,1,0,0.14626530000001026,0.12041450000000964,,,,,,,,4,1.1240515000000073,0.2810128750000018,0.33966380000001095,0,1.1240515000000073,4,1.420706899999999,deviation_scale_online,smt_smt,1,,,,,,,,,,,,,,,,,,
products_001_early_place_data.jsonocel,C:\Users\User\Documents\odacc\experiment_runs\20260920_083355\deviation_scale_online\smt_smt\run_001\products_001_early_place_data.json,0,ONLINE_OK,NOT_RUN,fresh_offline_alignment,0,0,True,1,0,1,0,0.1514286000000027,0.11469629999999142,,,,,,,,4,1.1629312999999968,0.2907328249999992,0.3407612000000029,0,1.1629312999999968,4,1.418274700000012,deviation_scale_online,smt_smt,1,,,,,,,,,,,,,,,,,,
products_001_fit.jsonocel,C:\Users\User\Documents\odacc\experiment_runs\20260920_083355\deviation_scale_online\smt_smt\run_001\products_001_fit.json,0,ONLINE_OK,NOT_RUN,fresh_offline_alignment,0,0,True,0,0,0,0,0.14931110000000558,0.08949240000001168,,,,,,,,4,1.106640399999975,0.27666009999999375,0.3131102000000112,0,1.106640399999975,4,1.4174718999999811,deviation_scale_online,smt_smt,1,,,,,,,,,,,,,,,,,,
products_001_late_ship_data.jsonocel,C:\Users\User\Documents\odacc\experiment_runs\20260920_083355\deviation_scale_online\smt_smt\run_001\products_001_late_ship_data.json,0,ONLINE_OK,NOT_RUN,fresh_offline_alignment,0,0,True,1,0,1,0,0.14760499999999865,0.09152420000000916,,,,,,,,4,1.1160357999999917,0.2790089499999979,0.31134629999999675,0,1.1160357999999917,4,1.4179731000000118,deviation_scale_online,smt_smt,1,,,,,,,,,,,,,,,,,,
products_001_priority.jsonocel,C:\Users\User\Documents\odacc\experiment_runs\20260920_083355\deviation_scale_online\smt_smt\run_001\products_001_priority.json,0,ONLINE_OK,NOT_RUN,fresh_offline_alignment,0,0,True,1,0,1,0,0.14763820000001715,0.1058140000000094,,,,,,,,4,1.1379590999999891,0.2844897749999973,0.32662690000000794,0,1.1379590999999891,4,1.4198935000000006,deviation_scale_online,smt_smt,1,,,,,,,,,,,,,,,,,,
products_001_vip.jsonocel,C:\Users\User\Documents\odacc\experiment_runs\20260920_083355\deviation_scale_online\smt_smt\run_001\products_001_vip.json,0,ONLINE_OK,NOT_RUN,fresh_offline_alignment,0,0,True,1,0,1,0,0.148026399999992,0.12613170000000196,,,,,,,,4,1.1455080000000066,0.28637700000000166,0.34610870000000205,0,1.1455080000000066,4,1.4189374999999984,deviation_scale_online,smt_smt,1,,,,,,,,,,,,,,,,,,
products_002_budget.jsonocel,C:\Users\User\Documents\odacc\experiment_runs\20260920_083355\deviation_scale_online\smt_smt\run_001\products_002_budget.json,0,ONLINE_OK,NOT_RUN,fresh_offline_alignment,0,0,True,1,0,1,0,0.2327130999999838,0.27518929999999386,,,,,,,,5,2.388697699999966,0.4777395399999932,0.5990033999999866,0,2.388697699999966,5,2.7252414999999814,deviation_scale_online,smt_smt,1,,,,,,,,,,,,,,,,,,
products_002_cost.jsonocel,C:\Users\User\Documents\odacc\experiment_runs\20260920_083355\deviation_scale_online\smt_smt\run_001\products_002_cost.json,0,ONLINE_OK,NOT_RUN,fresh_offline_alignment,0,0,True,1,0,1,0,0.23363240000000474,0.2622558000000197,,,,,,,,5,2.3118621000000417,0.46237242000000833,0.593633600000004,0,2.3118621000000417,5,2.623106699999994,deviation_scale_online,smt_smt,1,,,,,,,,,,,,,,,,,,
products_002_early_place_data.jsonocel,C:\Users\User\Documents\odacc\experiment_runs\20260920_083355\deviation_scale_online\smt_smt\run_001\products_002_early_place_data.json,0,ONLINE_OK,NOT_RUN,fresh_offline_alignment,0,0,True,1,0,1,0,0.23355679999997392,0.22094260000000077,,,,,,,,5,2.3950073999999972,0.4790014799999994,0.5466590000000053,0,2.3950073999999972,5,2.723473399999989,deviation_scale_online,smt_smt,1,,,,,,,,,,,,,,,,,,
products_002_fit.jsonocel,C:\Users\User\Documents\odacc\experiment_runs\20260920_083355\deviation_scale_online\smt_smt\run_001\products_002_fit.json,0,ONLINE_OK,NOT_RUN,fresh_offline_alignment,0,0,True,0,0,0,0,0.23355060000000094,0.14836879999998587,,,,,,,,5,2.214500499999957,0.4429000999999914,0.5330313000000046,0,2.214500499999957,5,2.5240605999999843,deviation_scale_online,smt_smt,1,,,,,,,,,,,,,,,,,,
products_002_late_ship_data.jsonocel,C:\Users\User\Documents\odacc\experiment_runs\20260920_083355\deviation_scale_online\smt_smt\run_001\products_002_late_ship_data.json,0,ONLINE_OK,NOT_RUN,fresh_offline_alignment,0,0,True,1,0,1,0,0.23432079999997768,0.1839031000000091,,,,,,,,5,2.2943064999999763,0.45886129999999525,0.5096154999999953,0,2.2943064999999763,5,2.627272099999999,deviation_scale_online,smt_smt,1,,,,,,,,,,,,,,,,,,
products_002_priority.jsonocel,C:\Users\User\Documents\odacc\experiment_runs\20260920_083355\deviation_scale_online\smt_smt\run_001\products_002_priority.json,0,ONLINE_OK,NOT_RUN,fresh_offline_alignment,0,0,True,1,0,1,0,0.2323942999999815,0.27660750000001144,,,,,,,,5,2.3834779999999967,0.47669559999999933,0.6042118000000016,0,2.3834779999999967,5,2.7304096000000015,deviation_scale_online,smt_smt,1,,,,,,,,,,,,,,,,,,
products_002_vip.jsonocel,C:\Users\User\Documents\odacc\experiment_runs\20260920_083355\deviation_scale_online\smt_smt\run_001\products_002_vip.json,0,ONLINE_OK,NOT_RUN,fresh_offline_alignment,0,0,True,1,0,1,0,0.23357470000001967,0.28262789999999427,,,,,,,,5,2.3469284000000243,0.46938568000000486,0.6119561000000147,0,2.3469284000000243,5,2.7296129000000064,deviation_scale_online,smt_smt,1,,,,,,,,,,,,,,,,,,
products_005_budget.jsonocel,C:\Users\User\Documents\odacc\experiment_runs\20260920_083355\deviation_scale_online\smt_smt\run_001\products_005_budget.json,0,ONLINE_OK,NOT_RUN,fresh_offline_alignment,0,0,True,1,0,1,0,0.7731216000000245,3.3988652999999545,,,,,,,,8,25.440402399999982,3.1800502999999978,9.364324900000014,0,25.440402399999982,8,25.837707100000017,deviation_scale_online,smt_smt,1,,,,,,,,,,,,,,,,,,
products_005_cost.jsonocel,C:\Users\User\Documents\odacc\experiment_runs\20260920_083355\deviation_scale_online\smt_smt\run_001\products_005_cost.json,0,ONLINE_OK,NOT_RUN,fresh_offline_alignment,0,0,True,1,0,1,0,0.7597076000000129,6.31666580000001,,,,,,,,8,21.601104799999973,2.7001380999999967,7.374706199999991,0,21.601104799999973,8,22.00559599999997,deviation_scale_online,smt_smt,1,,,,,,,,,,,,,,,,,,
products_005_early_place_data.jsonocel,C:\Users\User\Documents\odacc\experiment_runs\20260920_083355\deviation_scale_online\smt_smt\run_001\products_005_early_place_data.json,0,ONLINE_OK,NOT_RUN,fresh_offline_alignment,0,0,True,1,0,1,0,0.7684424000000263,9.86386570000002,,,,,,,,8,34.125416199999904,4.265677024999988,10.861306899999988,0,34.125416199999904,8,34.474109999999996,deviation_scale_online,smt_smt,1,,,,,,,,,,,,,,,,,,
products_005_fit.jsonocel,C:\Users\User\Documents\odacc\experiment_runs\20260920_083355\deviation_scale_online\smt_smt\run_001\products_005_fit.json,0,ONLINE_OK,NOT_RUN,fresh_offline_alignment,0,0,True,0,0,0,0,0.7640463000000182,4.188057599999979,,,,,,,,8,21.90527780000008,2.73815972500001,5.452697499999999,0,21.90527780000008,8,22.31099710000001,deviation_scale_online,smt_smt,1,,,,,,,,,,,,,,,,,,
products_005_late_ship_data.jsonocel,C:\Users\User\Documents\odacc\experiment_runs\20260920_083355\deviation_scale_online\smt_smt\run_001\products_005_late_ship_data.json,0,ONLINE_OK,NOT_RUN,fresh_offline_alignment,0,0,True,1,0,1,0,0.7791760999999724,7.420768500000008,,,,,,,,8,23.61969099999999,2.9524613749999986,8.464882399999965,0,23.61969099999999,8,24.026569199999983,deviation_scale_online,smt_smt,1,,,,,,,,,,,,,,,,,,
products_005_priority.jsonocel,C:\Users\User\Documents\odacc\experiment_runs\20260920_083355\deviation_scale_online\smt_smt\run_001\products_005_priority.json,0,ONLINE_OK,NOT_RUN,fresh_offline_alignment,0,0,True,1,0,1,0,0.7721791999999823,8.615552900000012,,,,,,,,8,24.848900699999888,3.106112587499986,9.718198299999983,0,24.848900699999888,8,25.21134569999998,deviation_scale_online,smt_smt,1,,,,,,,,,,,,,,,,,,
products_005_vip.jsonocel,C:\Users\User\Documents\odacc\experiment_runs\20260920_083355\deviation_scale_online\smt_smt\run_001\products_005_vip.json,0,ONLINE_OK,NOT_RUN,fresh_offline_alignment,0,0,True,1,0,1,0,0.7695393000000195,9.289821600000039,,,,,,,,8,24.684800699999982,3.085600087499998,10.321772099999976,0,24.684800699999982,8,25.08136589999998,deviation_scale_online,smt_smt,1,,,,,,,,,,,,,,,,,,
products_010_budget.jsonocel,C:\Users\User\Documents\odacc\experiment_runs\20260920_083355\deviation_scale_online\smt_smt\run_001\products_010_budget.json,124,OBSERVATION_TIMEOUT,NOT_RUN,fresh_offline_alignment,0,0,True,0,0,0,0,1.769142899999963,31.94564360000004,,,,,,,,6,67.75573519999995,11.292622533333324,34.19623789999997,,67.75573519999995,6,128.17621180000003,deviation_scale_online,smt_smt,1,True,60.0,60.04018910000002,7,7,1,6,pick item,2,7,11,6,True,6,13,6,6,C:\Users\User\Documents\odacc\experiment_runs\20260920_083355\deviation_scale_online\smt_smt\run_001\products_010_budget.error.txt
products_010_cost.jsonocel,C:\Users\User\Documents\odacc\experiment_runs\20260920_083355\deviation_scale_online\smt_smt\run_001\products_010_cost.json,124,OBSERVATION_TIMEOUT,NOT_RUN,fresh_offline_alignment,0,0,True,0,0,0,0,1.786802400000056,15.91132749999997,,,,,,,,6,61.28333860000009,10.213889766666682,18.199788000000012,,61.28333860000009,6,122.75638189999995,deviation_scale_online,smt_smt,1,True,60.0,60.0748420000001,7,7,1,6,pick item,2,7,11,6,True,6,13,6,6,C:\Users\User\Documents\odacc\experiment_runs\20260920_083355\deviation_scale_online\smt_smt\run_001\products_010_cost.error.txt
products_010_early_place_data.jsonocel,C:\Users\User\Documents\odacc\experiment_runs\20260920_083355\deviation_scale_online\smt_smt\run_001\products_010_early_place_data.json,124,OBSERVATION_TIMEOUT,NOT_RUN,fresh_offline_alignment,0,0,True,1,0,1,0,2.16504580000003,21.048556499999904,,,,,,,,5,80.43189340000015,16.08637868000003,32.62731489999999,,80.43189340000015,5,141.0271748,deviation_scale_online,smt_smt,1,True,60.0,60.04109949999997,6,6,1,5,pick item,2,6,11,5,True,5,13,5,5,C:\Users\User\Documents\odacc\experiment_runs\20260920_083355\deviation_scale_online\smt_smt\run_001\products_010_early_place_data.error.txt
products_010_fit.jsonocel,C:\Users\User\Documents\odacc\experiment_runs\20260920_083355\deviation_scale_online\smt_smt\run_001\products_010_fit.json,124,OBSERVATION_TIMEOUT,NOT_RUN,fresh_offline_alignment,0,0,True,0,0,0,0,1.8562393000000839,54.35644650000006,,,,,,,,6,136.73973660000024,22.78995610000004,56.764592600000014,,136.73973660000024,6,198.22282199999995,deviation_scale_online,smt_smt,1,True,60.0,60.062704499999995,7,7,1,6,pick item,2,7,11,6,True,6,13,6,6,C:\Users\User\Documents\odacc\experiment_runs\20260920_083355\deviation_scale_online\smt_smt\run_001\products_010_fit.error.txt
products_010_late_ship_data.jsonocel,C:\Users\User\Documents\odacc\experiment_runs\20260920_083355\deviation_scale_online\smt_smt\run_001\products_010_late_ship_data.json,124,OBSERVATION_TIMEOUT,NOT_RUN,fresh_offline_alignment,0,0,True,0,0,0,0,1.951875599999994,45.41291849999993,,,,,,,,7,132.8842858999999,18.9834694142857,47.8444121,,132.8842858999999,7,193.3689839,deviation_scale_online,smt_smt,1,True,60.0,60.061753499999895,8,8,1,7,pick item,2,8,11,7,True,7,13,7,7,C:\Users\User\Documents\odacc\experiment_runs\20260920_083355\deviation_scale_online\smt_smt\run_001\products_010_late_ship_data.error.txt
products_010_priority.jsonocel,C:\Users\User\Documents\odacc\experiment_runs\20260920_083355\deviation_scale_online\smt_smt\run_001\products_010_priority.json,124,OBSERVATION_TIMEOUT,NOT_RUN,fresh_offline_alignment,0,0,True,0,0,0,0,2.0677565999999388,30.306394700000055,,,,,,,,8,126.33981619999986,15.792477024999982,32.937785000000076,,126.33981619999986,8,187.82738270000004,deviation_scale_online,smt_smt,1,True,60.0,60.08302270000013,9,9,1,8,pick item,2,9,11,8,True,8,13,8,8,C:\Users\User\Documents\odacc\experiment_runs\20260920_083355\deviation_scale_online\smt_smt\run_001\products_010_priority.error.txt
products_010_vip.jsonocel,C:\Users\User\Documents\odacc\experiment_runs\20260920_083355\deviation_scale_online\smt_smt\run_001\products_010_vip.json,124,OBSERVATION_TIMEOUT,NOT_RUN,fresh_offline_alignment,0,0,True,1,0,1,0,1.6328240999998798,1.6836581000000024,,,,,,,,1,3.6858022000001256,3.6858022000001256,3.6858022000001256,,3.6858022000001256,1,64.17112259999999,deviation_scale_online,smt_smt,1,True,60.0,60.094843500000025,2,2,1,1,pick item,2,2,11,1,True,1,13,1,1,C:\Users\User\Documents\odacc\experiment_runs\20260920_083355\deviation_scale_online\smt_smt\run_001\products_010_vip.error.txt
fit_20_products.jsonocel,C:\Users\User\Documents\odacc\experiment_runs\20260920_083355\guard_complexity_complex_online\smt_smt\run_001\fit_20_products.json,124,OBSERVATION_TIMEOUT,NOT_RUN,fresh_offline_alignment,0,0,True,0,0,0,0,7.836038899999949,43.842745200000536,,,,,,,,3,111.24107249999997,37.08035749999999,52.98815300000024,,111.24107249999997,3,171.72946109999975,guard_complexity_complex_online,smt_smt,1,True,60.0,60.00357520000034,4,4,1,3,pick item,2,4,21,3,True,3,23,3,3,C:\Users\User\Documents\odacc\experiment_runs\20260920_083355\guard_complexity_complex_online\smt_smt\run_001\fit_20_products.error.txt
violate_budget_20_products.jsonocel,C:\Users\User\Documents\odacc\experiment_runs\20260920_083355\guard_complexity_complex_online\smt_smt\run_001\violate_budget_20_products.json,124,OBSERVATION_TIMEOUT,NOT_RUN,fresh_offline_alignment,0,0,,,,,,,,,,,,,,,0,0,0.0,0.0,,0,0,61.33287740000014,guard_complexity_complex_online,smt_smt,1,True,60.0,60.01534840000022,1,1,1,0,place order,21,1,21,0,True,0,23,0,,C:\Users\User\Documents\odacc\experiment_runs\20260920_083355\guard_complexity_complex_online\smt_smt\run_001\violate_budget_20_products.error.txt
fit_20_products.jsonocel,C:\Users\User\Documents\odacc\experiment_runs\20260920_083355\guard_complexity_medium_online\smt_smt\run_001\fit_20_products.json,124,OBSERVATION_TIMEOUT,NOT_RUN,fresh_offline_alignment,0,0,True,0,0,0,0,6.533624400000008,33.9654031,,,,,,,,2,95.07469159999982,47.53734579999991,53.27127369999971,,95.07469159999982,2,155.5151267000001,guard_complexity_medium_online,smt_smt,1,True,60.0,60.01978959999997,3,3,1,2,pick item,2,3,21,2,True,2,23,2,2,C:\Users\User\Documents\odacc\experiment_runs\20260920_083355\guard_complexity_medium_online\smt_smt\run_001\fit_20_products.error.txt
violate_budget_20_products.jsonocel,C:\Users\User\Documents\odacc\experiment_runs\20260920_083355\guard_complexity_medium_online\smt_smt\run_001\violate_budget_20_products.json,124,OBSERVATION_TIMEOUT,NOT_RUN,fresh_offline_alignment,0,0,True,0,0,0,0,6.492756099999951,40.56357340000022,,,,,,,,2,74.53436300000021,37.267181500000106,48.2064934,,74.53436300000021,2,136.3378606000001,guard_complexity_medium_online,smt_smt,1,True,60.0,60.05177279999998,3,3,1,2,pick item,2,3,21,2,True,2,23,2,2,C:\Users\User\Documents\odacc\experiment_runs\20260920_083355\guard_complexity_medium_online\smt_smt\run_001\violate_budget_20_products.error.txt
fit_20_products.jsonocel,C:\Users\User\Documents\odacc\experiment_runs\20260920_083355\guard_complexity_simple_online\smt_smt\run_001\fit_20_products.json,124,OBSERVATION_TIMEOUT,NOT_RUN,fresh_offline_alignment,0,0,True,0,0,0,0,6.441616999999951,18.194348799999716,,,,,,,,2,62.290276199999425,31.145138099999713,36.573840599999585,,62.290276199999425,2,122.83340420000013,guard_complexity_simple_online,smt_smt,1,True,60.0,60.0689696999998,3,3,1,2,pick item,2,3,21,2,True,2,23,2,2,C:\Users\User\Documents\odacc\experiment_runs\20260920_083355\guard_complexity_simple_online\smt_smt\run_001\fit_20_products.error.txt
violate_budget_20_products.jsonocel,C:\Users\User\Documents\odacc\experiment_runs\20260920_083355\guard_complexity_simple_online\smt_smt\run_001\violate_budget_20_products.json,124,OBSERVATION_TIMEOUT,NOT_RUN,fresh_offline_alignment,0,0,True,0,0,0,0,6.399391899999955,40.34651969999959,,,,,,,,1,48.24794810000003,48.24794810000003,48.24794810000003,,48.24794810000003,1,109.86530900000025,guard_complexity_simple_online,smt_smt,1,True,60.0,60.00753110000005,2,2,1,1,pick item,2,2,21,1,True,1,23,1,1,C:\Users\User\Documents\odacc\experiment_runs\20260920_083355\guard_complexity_simple_online\smt_smt\run_001\violate_budget_20_products.error.txt
products_001_events_004.jsonocel,C:\Users\User\Documents\odacc\experiment_runs\20260920_083355\length_scale_online\smt_smt\run_001\products_001_events_004.json,0,ONLINE_OK,NOT_RUN,fresh_offline_alignment,0,0,True,0,0,0,0,0.14701900000000023,0.13567049999983283,,,,,,,,4,1.1683993999999984,0.2920998499999996,0.35496969999985595,0,1.1683993999999984,4,1.5240386000000399,length_scale_online,smt_smt,1,,,,,,,,,,,,,,,,,,
products_002_events_005.jsonocel,C:\Users\User\Documents\odacc\experiment_runs\20260920_083355\length_scale_online\smt_smt\run_001\products_002_events_005.json,0,ONLINE_OK,NOT_RUN,fresh_offline_alignment,0,0,True,0,0,0,0,0.237398100000064,0.24953580000010334,,,,,,,,5,2.365312300000369,0.4730624600000738,0.5756597000004149,0,2.365312300000369,5,2.7259493000001385,length_scale_online,smt_smt,1,,,,,,,,,,,,,,,,,,
products_005_events_008.jsonocel,C:\Users\User\Documents\odacc\experiment_runs\20260920_083355\length_scale_online\smt_smt\run_001\products_005_events_008.json,0,ONLINE_OK,NOT_RUN,fresh_offline_alignment,0,0,True,0,0,0,0,0.7894676999999319,4.030773399999816,,,,,,,,8,19.434415000000172,2.4293018750000215,5.114071800000147,0,19.434415000000172,8,19.795265799999925,length_scale_online,smt_smt,1,,,,,,,,,,,,,,,,,,
products_010_events_013.jsonocel,C:\Users\User\Documents\odacc\experiment_runs\20260920_083355\length_scale_online\smt_smt\run_001\products_010_events_013.json,124,OBSERVATION_TIMEOUT,NOT_RUN,fresh_offline_alignment,0,0,True,0,0,0,0,2.076212299999952,55.62791829999969,,,,,,,,8,168.79846119999956,21.099807649999946,58.3462169999998,,168.79846119999956,8,229.23244449999993,length_scale_online,smt_smt,1,True,60.0,60.02040110000007,9,9,1,8,pick item,2,9,11,8,True,8,13,8,8,C:\Users\User\Documents\odacc\experiment_runs\20260920_083355\length_scale_online\smt_smt\run_001\products_010_events_013.error.txt
products_020_events_023.jsonocel,C:\Users\User\Documents\odacc\experiment_runs\20260920_083355\length_scale_online\smt_smt\run_001\products_020_events_023.json,124,OBSERVATION_TIMEOUT,NOT_RUN,fresh_offline_alignment,0,0,True,0,0,0,0,6.803197400000045,28.567750900000192,,,,,,,,1,40.38431900000023,40.38431900000023,40.38431900000023,,40.38431900000023,1,100.86087150000003,length_scale_online,smt_smt,1,True,60.0,60.013486900000316,2,2,1,1,pick item,2,2,21,1,True,1,23,1,1,C:\Users\User\Documents\odacc\experiment_runs\20260920_083355\length_scale_online\smt_smt\run_001\products_020_events_023.error.txt
products_050_events_053.jsonocel,C:\Users\User\Documents\odacc\experiment_runs\20260920_083355\length_scale_online\smt_smt\run_001\products_050_events_053.json,124,OBSERVATION_TIMEOUT,NOT_RUN,fresh_offline_alignment,0,0,,,,,,,,,,,,,,,0,0,0.0,0.0,,0,0,61.402004099999886,length_scale_online,smt_smt,1,True,60.0,60.02523079999992,1,1,1,0,place order,51,1,51,0,True,0,53,0,,C:\Users\User\Documents\odacc\experiment_runs\20260920_083355\length_scale_online\smt_smt\run_001\products_050_events_053.error.txt
products_100_events_103.jsonocel,C:\Users\User\Documents\odacc\experiment_runs\20260920_083355\length_scale_online\smt_smt\run_001\products_100_events_103.json,124,OBSERVATION_TIMEOUT,NOT_RUN,fresh_offline_alignment,0,0,,,,,,,,,,,,,,,0,0,0.0,0.0,,0,0,60.398291099999824,length_scale_online,smt_smt,1,True,60.0,60.04939550000017,1,1,1,0,place order,101,1,101,0,True,0,103,0,,C:\Users\User\Documents\odacc\experiment_runs\20260920_083355\length_scale_online\smt_smt\run_001\products_100_events_103.error.txt
merge_c02_p05.jsonocel,C:\Users\User\Documents\odacc\experiment_runs\20260920_083355\merge_scale_extended_online\smt_smt\run_001\merge_c02_p05.json,124,OBSERVATION_TIMEOUT,NOT_RUN,fresh_offline_alignment,0,0,True,0,0,0,0,0.7427032999999028,7.154102599999987,,,,,,,,16,42.91949099999965,2.6824681874999783,8.69060460000037,,42.91949099999965,16,103.50717929999973,merge_scale_extended_online,smt_smt,1,True,60.0,60.02413579999984,17,17,3,16,ship,4,17,12,16,True,16,17,16,16,C:\Users\User\Documents\odacc\experiment_runs\20260920_083355\merge_scale_extended_online\smt_smt\run_001\merge_c02_p05.error.txt
merge_c03_p02.jsonocel,C:\Users\User\Documents\odacc\experiment_runs\20260920_083355\merge_scale_extended_online\smt_smt\run_001\merge_c03_p02.json,124,OBSERVATION_TIMEOUT,NOT_RUN,fresh_offline_alignment,0,0,True,0,0,0,0,0.23585179999963657,0.21530110000003333,,,,,,,,15,6.9301580999999715,0.4620105399999981,0.6088463000000957,,6.9301580999999715,15,68.40437169999996,merge_scale_extended_online,smt_smt,1,True,60.0,60.03221249999979,16,16,4,15,ship,6,16,9,15,True,15,16,15,15,C:\Users\User\Documents\odacc\experiment_runs\20260920_083355\merge_scale_extended_online\smt_smt\run_001\merge_c03_p02.error.txt
merge_c03_p05.jsonocel,C:\Users\User\Documents\odacc\experiment_runs\20260920_083355\merge_scale_extended_online\smt_smt\run_001\merge_c03_p05.json,124,OBSERVATION_TIMEOUT,NOT_RUN,fresh_offline_alignment,0,0,True,0,0,0,0,0.8566995999999563,8.03312089999963,,,,,,,,24,66.29963439999938,2.7624847666666406,9.118973799999821,,66.29963439999938,24,127.00511050000023,merge_scale_extended_online,smt_smt,1,True,60.0,60.067316599999685,25,25,4,24,ship,6,25,18,24,True,24,25,24,24,C:\Users\User\Documents\odacc\experiment_runs\20260920_083355\merge_scale_extended_online\smt_smt\run_001\merge_c03_p05.error.txt
merge_c05_p01.jsonocel,C:\Users\User\Documents\odacc\experiment_runs\20260920_083355\merge_scale_extended_online\smt_smt\run_001\merge_c05_p01.json,124,OBSERVATION_TIMEOUT,NOT_RUN,fresh_offline_alignment,0,0,True,0,0,0,0,0.14635760000010123,0.10069659999999203,,,,,,,,20,5.82983829999921,0.2914919149999605,0.3810454999998001,,5.82983829999921,20,67.61631209999996,merge_scale_extended_online,smt_smt,1,True,60.0,60.00536319999992,21,21,6,20,ship,10,21,10,20,True,20,21,20,20,C:\Users\User\Documents\odacc\experiment_runs\20260920_083355\merge_scale_extended_online\smt_smt\run_001\merge_c05_p01.error.txt
merge_c05_p02.jsonocel,C:\Users\User\Documents\odacc\experiment_runs\20260920_083355\merge_scale_extended_online\smt_smt\run_001\merge_c05_p02.json,124,OBSERVATION_TIMEOUT,NOT_RUN,fresh_offline_alignment,0,0,True,0,0,0,0,0.23190840000006574,0.3911633000002439,,,,,,,,25,12.4224196999985,0.49689678799993997,0.7196268999996391,,12.4224196999985,25,73.12938110000005,merge_scale_extended_online,smt_smt,1,True,60.0,60.07409069999994,26,26,6,25,ship,10,26,15,25,True,25,26,25,25,C:\Users\User\Documents\odacc\experiment_runs\20260920_083355\merge_scale_extended_online\smt_smt\run_001\merge_c05_p02.error.txt
merge_c05_p05.jsonocel,C:\Users\User\Documents\odacc\experiment_runs\20260920_083355\merge_scale_extended_online\smt_smt\run_001\merge_c05_p05.json,124,OBSERVATION_TIMEOUT,NOT_RUN,fresh_offline_alignment,0,0,True,0,0,0,0,0.7516081999997368,8.738889899999776,,,,,,,,40,113.0777221999997,2.8269430549999925,9.827035599999817,,113.0777221999997,40,175.22292620000007,merge_scale_extended_online,smt_smt,1,True,60.0,60.006581500000266,41,41,6,40,ship,10,41,30,40,True,40,41,40,40,C:\Users\User\Documents\odacc\experiment_runs\20260920_083355\merge_scale_extended_online\smt_smt\run_001\merge_c05_p05.error.txt
merge_c02_p01.jsonocel,C:\Users\User\Documents\odacc\experiment_runs\20260920_083355\merge_scale_online\smt_smt\run_001\merge_c02_p01.json,0,ONLINE_OK,NOT_RUN,fresh_offline_alignment,0,0,True,10,10,0,0,0.578732399999808,12.693915199999992,,,,,,,,9,15.90751470000032,1.7675016333333688,13.512937299999976,0,15.90751470000032,9,16.36571720000029,merge_scale_online,smt_smt,1,,,,,,,,,,,,,,,,,,
merge_c02_p02.jsonocel,C:\Users\User\Documents\odacc\experiment_runs\20260920_083355\merge_scale_online\smt_smt\run_001\merge_c02_p02.json,124,OBSERVATION_TIMEOUT,NOT_RUN,fresh_offline_alignment,0,0,True,0,0,0,0,0.23988330000020142,0.27142940000021554,,,,,,,,10,4.896896400000969,0.4896896400000969,0.6962272999999186,,4.896896400000969,10,66.37753840000005,merge_scale_online,smt_smt,1,True,60.0,60.06725720000031,11,11,3,10,ship,4,11,6,10,True,10,11,10,10,C:\Users\User\Documents\odacc\experiment_runs\20260920_083355\merge_scale_online\smt_smt\run_001\merge_c02_p02.error.txt
merge_c03_p01.jsonocel,C:\Users\User\Documents\odacc\experiment_runs\20260920_083355\merge_scale_online\smt_smt\run_001\merge_c03_p01.json,124,OBSERVATION_TIMEOUT,NOT_RUN,fresh_offline_alignment,0,0,True,0,0,0,0,0.1483871000000363,0.1113442999999279,,,,,,,,12,3.568927000000258,0.29741058333335485,0.3409765999999763,,3.568927000000258,12,64.04557690000001,merge_scale_online,smt_smt,1,True,60.0,60.01990019999994,13,13,4,12,ship,6,13,6,12,True,12,13,12,12,C:\Users\User\Documents\odacc\experiment_runs\20260920_083355\merge_scale_online\smt_smt\run_001\merge_c03_p01.error.txt
00_fit_all_object_guards.jsonocel,C:\Users\User\Documents\odacc\experiment_runs\20260920_083355\object_attributes_online\smt_smt\run_001\00_fit_all_object_guards.json,0,ONLINE_OK,NOT_RUN,fresh_offline_alignment,0,0,True,0,0,0,0,0.24088690000000668,0.22412640000000295,,,,,,,,5,2.2958862000000124,0.4591772400000025,0.5553668999999957,0,2.2958862000000124,5,2.6267476000000016,object_attributes_online,smt_smt,1,,,,,,,,,,,,,,,,,,
01_violate_order_vip.jsonocel,C:\Users\User\Documents\odacc\experiment_runs\20260920_083355\object_attributes_online\smt_smt\run_001\01_violate_order_vip.json,0,ONLINE_OK,NOT_RUN,fresh_offline_alignment,0,0,True,1,0,1,0,0.23706830000000423,0.21557490000000712,,,,,,,,5,2.496107699999982,0.49922153999999636,0.5440083999999956,0,2.496107699999982,5,2.8264699000000064,object_attributes_online,smt_smt,1,,,,,,,,,,,,,,,,,,
02_violate_order_budget.jsonocel,C:\Users\User\Documents\odacc\experiment_runs\20260920_083355\object_attributes_online\smt_smt\run_001\02_violate_order_budget.json,0,ONLINE_OK,NOT_RUN,fresh_offline_alignment,0,0,True,1,0,1,0,0.2483378000000016,0.22163940000000082,,,,,,,,5,2.304567999999989,0.4609135999999978,0.5654560999999916,0,2.304567999999989,5,2.627761899999996,object_attributes_online,smt_smt,1,,,,,,,,,,,,,,,,,,
03_violate_order_priority.jsonocel,C:\Users\User\Documents\odacc\experiment_runs\20260920_083355\object_attributes_online\smt_smt\run_001\03_violate_order_priority.json,0,ONLINE_OK,NOT_RUN,fresh_offline_alignment,0,0,True,1,0,1,0,0.2399137999999965,0.23998550000000307,,,,,,,,5,2.383111200000002,0.47662224000000036,0.5725903000000017,0,2.383111200000002,5,2.7267968999999965,object_attributes_online,smt_smt,1,,,,,,,,,,,,,,,,,,
04_violate_product_cost_sum.jsonocel,C:\Users\User\Documents\odacc\experiment_runs\20260920_083355\object_attributes_online\smt_smt\run_001\04_violate_product_cost_sum.json,0,ONLINE_OK,NOT_RUN,fresh_offline_alignment,0,0,True,1,0,1,0,0.2352671000000015,0.3903649000000087,,,,,,,,5,2.472240499999998,0.4944480999999996,0.7160085000000009,0,2.472240499999998,5,2.8246895999999992,object_attributes_online,smt_smt,1,,,,,,,,,,,,,,,,,,
05_fit_credit_card_despite_high_product_cost.jsonocel,C:\Users\User\Documents\odacc\experiment_runs\20260920_083355\object_attributes_online\smt_smt\run_001\05_fit_credit_card_despite_high_product_cost.json,0,ONLINE_OK,NOT_RUN,fresh_offline_alignment,0,0,True,0,0,0,0,0.23641219999998953,0.2620358000000067,,,,,,,,5,2.3100002000000046,0.46200004000000094,0.5881418000000025,0,2.3100002000000046,5,2.620959499999998,object_attributes_online,smt_smt,1,,,,,,,,,,,,,,,,,,
06_violate_event_and_object_data.jsonocel,C:\Users\User\Documents\odacc\experiment_runs\20260920_083355\object_attributes_online\smt_smt\run_001\06_violate_event_and_object_data.json,0,ONLINE_OK,NOT_RUN,fresh_offline_alignment,0,0,True,2,0,2,0,0.23793709999999635,0.28161599999999964,,,,,,,,5,2.437642399999987,0.48752847999999743,0.6110522000000032,0,2.437642399999987,5,2.728431900000004,object_attributes_online,smt_smt,1,,,,,,,,,,,,,,,,,,
07_violate_place_event_and_object_guard.jsonocel,C:\Users\User\Documents\odacc\experiment_runs\20260920_083355\object_attributes_online\smt_smt\run_001\07_violate_place_event_and_object_guard.json,0,ONLINE_OK,NOT_RUN,fresh_offline_alignment,0,0,True,2,0,2,0,0.23446630000000823,0.41262509999999963,,,,,,,,5,2.5457740000000086,0.5091548000000017,0.740692800000005,0,2.5457740000000086,5,2.9305583000000013,object_attributes_online,smt_smt,1,,,,,,,,,,,,,,,,,,
component_001_events_0030_objects_0020.jsonocel,C:\Users\User\Documents\odacc\experiment_runs\20260920_104921\components_online\smt_smt\run_001\component_001_events_0030_objects_0020.json,124,OBSERVATION_TIMEOUT,NOT_RUN,fresh_offline_alignment,0,0,True,0,0,0,0,0.6200381999997262,1.05720139999994,,,,,,,,26,35.93603990000065,1.3821553807692557,3.9094724000001406,,35.93603990000065,26,96.73916809999992,components_online,smt_smt,1,True,60.0,60.04365600000028,27,27,5,create_p-660001,create package,16,27,20,26,True,26,30,26,26,C:\Users\User\Documents\odacc\experiment_runs\20260920_104921\components_online\smt_smt\run_001\component_001_events_0030_objects_0020.error.txt
component_002_events_0028_objects_0013.jsonocel,C:\Users\User\Documents\odacc\experiment_runs\20260920_104921\components_online\smt_smt\run_001\component_002_events_0028_objects_0013.json,124,OBSERVATION_TIMEOUT,NOT_RUN,fresh_offline_alignment,0,0,True,0,0,0,0,0.3968667000003734,0.3488397000000987,,,,,,,,17,69.50408590000006,4.088475641176474,19.480875600000218,,69.50408590000006,17,131.0850833999998,components_online,smt_smt,1,True,60.0,60.00670080000009,18,18,3,create_p-660003,create package,8,18,12,17,True,17,28,17,17,C:\Users\User\Documents\odacc\experiment_runs\20260920_104921\components_online\smt_smt\run_001\component_002_events_0028_objects_0013.error.txt
component_003_events_0022_objects_0011.jsonocel,C:\Users\User\Documents\odacc\experiment_runs\20260920_104921\components_online\smt_smt\run_001\component_003_events_0022_objects_0011.json,124,OBSERVATION_TIMEOUT,NOT_RUN,fresh_offline_alignment,0,0,True,0,0,0,0,2.3223791000000347,46.8286522999997,,,,,,,,12,180.80001309999898,15.066667758333248,49.87993869999991,,180.80001309999898,12,241.4820451000005,components_online,smt_smt,1,True,60.0,60.04232769999999,13,13,1,create_p-660002,create package,7,13,10,12,True,12,22,12,12,C:\Users\User\Documents\odacc\experiment_runs\20260920_104921\components_online\smt_smt\run_001\component_003_events_0022_objects_0011.error.txt
component_004_events_0013_objects_0009.jsonocel,C:\Users\User\Documents\odacc\experiment_runs\20260920_104921\components_online\smt_smt\run_001\component_004_events_0013_objects_0009.json,124,OBSERVATION_TIMEOUT,NOT_RUN,fresh_offline_alignment,0,0,True,0,0,0,0,1.736127000000124,15.4432754999998,,,,,,,,10,60.81539460000022,6.081539460000021,17.66439840000021,,60.81539460000022,10,122.44826030000058,components_online,smt_smt,1,True,60.0,60.06964860000062,11,11,1,create_p-660004,create package,8,11,9,10,True,10,13,10,10,C:\Users\User\Documents\odacc\experiment_runs\20260920_104921\components_online\smt_smt\run_001\component_004_events_0013_objects_0009.error.txt
component_005_events_0035_objects_0016.jsonocel,C:\Users\User\Documents\odacc\experiment_runs\20260920_104921\components_online\smt_smt\run_001\component_005_events_0035_objects_0016.json,124,OBSERVATION_TIMEOUT,NOT_RUN,fresh_offline_alignment,0,0,True,0,0,0,0,2.1863376999999673,49.83712300000025,,,,,,,,14,239.93752699999914,17.138394785714222,59.38674540000011,,239.93752699999914,14,300.60563509999974,components_online,smt_smt,1,True,60.0,60.008961000000454,15,15,1,reorder_i-880036,reorder item,1,15,8,14,True,14,35,14,14,C:\Users\User\Documents\odacc\experiment_runs\20260920_104921\components_online\smt_smt\run_001\component_005_events_0035_objects_0016.error.txt
component_006_events_0031_objects_0015.jsonocel,C:\Users\User\Documents\odacc\experiment_runs\20260920_104921\components_online\smt_smt\run_001\component_006_events_0031_objects_0015.json,124,OBSERVATION_TIMEOUT,NOT_RUN,fresh_offline_alignment,0,0,True,0,0,0,0,0.2270343000000139,0.09905750000052649,,,,,,,,15,19.007421699999213,1.2671614466666141,2.4659392999992633,,19.007421699999213,15,80.65111160000015,components_online,smt_smt,1,True,60.0,60.049485900000036,16,16,4,create_p-660006,create package,7,15,11,15,True,15,31,15,15,C:\Users\User\Documents\odacc\experiment_runs\20260920_104921\components_online\smt_smt\run_001\component_006_events_0031_objects_0015.error.txt
component_009_events_0015_objects_0008.jsonocel,C:\Users\User\Documents\odacc\experiment_runs\20260920_104921\components_online\smt_smt\run_001\component_009_events_0015_objects_0008.json,124,OBSERVATION_TIMEOUT,NOT_RUN,fresh_offline_alignment,0,0,True,0,0,0,0,2.0861213999996835,39.865499999999884,,,,,,,,11,86.30068340000162,7.8455166727274195,42.63177360000009,,86.30068340000162,11,146.9574080000002,components_online,smt_smt,1,True,60.0,60.04712599999948,12,12,1,send_p-660009,send package,7,12,8,11,True,11,15,11,11,C:\Users\User\Documents\odacc\experiment_runs\20260920_104921\components_online\smt_smt\run_001\component_009_events_0015_objects_0008.error.txt
component_011_events_0028_objects_0017.jsonocel,C:\Users\User\Documents\odacc\experiment_runs\20260920_104921\components_online\smt_smt\run_001\component_011_events_0028_objects_0017.json,124,OBSERVATION_TIMEOUT,NOT_RUN,fresh_offline_alignment,0,0,True,0,0,0,0,0.5550185000001875,0.6401053999998112,,,,,,,,22,56.39309129999674,2.563322331818034,15.011369699999705,,56.39309129999674,22,118.1891044999993,components_online,smt_smt,1,True,60.0,60.056570900000224,23,23,4,create_p-660011,create package,14,23,17,22,True,22,28,22,22,C:\Users\User\Documents\odacc\experiment_runs\20260920_104921\components_online\smt_smt\run_001\component_011_events_0028_objects_0017.error.txt
component_014_events_0102_objects_0053.jsonocel,C:\Users\User\Documents\odacc\experiment_runs\20260920_104921\components_online\smt_smt\run_001\component_014_events_0102_objects_0053.json,124,OBSERVATION_TIMEOUT,NOT_RUN,fresh_offline_alignment,0,0,True,0,0,0,0,0.38891509999939444,0.47418110000035085,,,,,,,,11,8.469147199999497,0.769922472727227,0.9963250000000698,,8.469147199999497,11,69.13317000000006,components_online,smt_smt,1,True,60.0,60.078734200000326,12,12,3,create_p-660015,create package,5,12,9,11,True,11,102,11,11,C:\Users\User\Documents\odacc\experiment_runs\20260920_104921\components_online\smt_smt\run_001\component_014_events_0102_objects_0053.error.txt
component_020_events_0022_objects_0009.jsonocel,C:\Users\User\Documents\odacc\experiment_runs\20260920_104921\components_online\smt_smt\run_001\component_020_events_0022_objects_0009.json,124,OBSERVATION_TIMEOUT,NOT_RUN,fresh_offline_alignment,0,0,True,0,0,0,0,2.7334636999994473,53.867556199999854,,,,,,,,12,187.75916629999938,15.646597191666615,57.79111760000069,,187.75916629999938,12,249.4055774999997,components_online,smt_smt,1,True,60.0,60.04667270000027,13,13,1,send_p-660027,send package,8,13,9,12,True,12,22,12,12,C:\Users\User\Documents\odacc\experiment_runs\20260920_104921\components_online\smt_smt\run_001\component_020_events_0022_objects_0009.error.txt
component_021_events_0013_objects_0005.jsonocel,C:\Users\User\Documents\odacc\experiment_runs\20260920_104921\components_online\smt_smt\run_001\component_021_events_0013_objects_0005.json,0,ONLINE_OK,NOT_RUN,fresh_offline_alignment,0,0,True,0,0,0,0,0.9966348000007201,13.433350499999506,,,,,,,,13,44.90430579999884,3.45417736923068,15.174894499999937,0,44.90430579999884,13,45.52182789999915,components_online,smt_smt,1,,,,,,,,,,,,,,,,,,
component_024_events_0010_objects_0005.jsonocel,C:\Users\User\Documents\odacc\experiment_runs\20260920_104921\components_online\smt_smt\run_001\component_024_events_0010_objects_0005.json,0,ONLINE_OK,NOT_RUN,fresh_offline_alignment,0,0,True,0,0,0,0,0.885533900000155,5.995310000000245,,,,,,,,10,25.1763751999988,2.51763751999988,7.2520204000002195,0,25.1763751999988,10,26.765909499999907,components_online,smt_smt,1,,,,,,,,,,,,,,,,,,
component_028_events_0012_objects_0008.jsonocel,C:\Users\User\Documents\odacc\experiment_runs\20260920_104921\components_online\smt_smt\run_001\component_028_events_0012_objects_0008.json,124,OBSERVATION_TIMEOUT,NOT_RUN,fresh_offline_alignment,0,0,True,0,0,0,0,2.082715499999722,34.480199799999355,,,,,,,,10,76.64202250000108,7.664202250000107,37.1975523000001,,76.64202250000108,10,137.2882896000001,components_online,smt_smt,1,True,60.0,60.0941415999996,11,11,1,deliver_p-660133,package delivered,7,11,8,10,True,10,12,10,10,C:\Users\User\Documents\odacc\experiment_runs\20260920_104921\components_online\smt_smt\run_001\component_028_events_0012_objects_0008.error.txt
component_029_events_0021_objects_0010.jsonocel,C:\Users\User\Documents\odacc\experiment_runs\20260920_104921\components_online\smt_smt\run_001\component_029_events_0021_objects_0010.json,124,OBSERVATION_TIMEOUT,NOT_RUN,fresh_offline_alignment,0,0,True,0,0,0,0,2.558726100000058,44.067230099999506,,,,,,,,11,144.1239712000015,13.102179200000137,50.833622600000126,,144.1239712000015,11,205.7484901000007,components_online,smt_smt,1,True,60.0,60.069986399999834,12,12,1,send_p-660144,send package,7,12,9,11,True,11,21,11,11,C:\Users\User\Documents\odacc\experiment_runs\20260920_104921\components_online\smt_smt\run_001\component_029_events_0021_objects_0010.error.txt
component_030_events_0061_objects_0033.jsonocel,C:\Users\User\Documents\odacc\experiment_runs\20260920_104921\components_online\smt_smt\run_001\component_030_events_0061_objects_0033.json,124,OBSERVATION_TIMEOUT,NOT_RUN,fresh_offline_alignment,0,0,True,0,0,0,0,0.38438480000058917,0.3865845000000263,,,,,,,,10,14.354945300001418,1.4354945300001418,2.524733500000366,,14.354945300001418,10,74.86497630000031,components_online,smt_smt,1,True,60.0,60.00957700000072,11,11,3,create_p-660186,create package,5,11,12,10,True,10,61,10,10,C:\Users\User\Documents\odacc\experiment_runs\20260920_104921\components_online\smt_smt\run_001\component_030_events_0061_objects_0033.error.txt
component_031_events_0009_objects_0005.jsonocel,C:\Users\User\Documents\odacc\experiment_runs\20260920_104921\components_online\smt_smt\run_001\component_031_events_0009_objects_0005.json,0,ONLINE_OK,NOT_RUN,fresh_offline_alignment,0,0,True,0,0,0,0,0.7872802000001684,4.323774999999841,,,,,,,,9,16.675842499998907,1.8528713888887676,5.414770599999429,0,16.675842499998907,9,18.10704589999932,components_online,smt_smt,1,,,,,,,,,,,,,,,,,,
component_032_events_0007_objects_0003.jsonocel,C:\Users\User\Documents\odacc\experiment_runs\20260920_104921\components_online\smt_smt\run_001\component_032_events_0007_objects_0003.json,0,ONLINE_OK,NOT_RUN,fresh_offline_alignment,0,0,True,0,0,0,0,0.26160110000000714,0.32632919999923615,,,,,,,,7,3.403536300000269,0.48621947142860983,0.7280579999996917,0,3.403536300000269,7,3.815929999999753,components_online,smt_smt,1,,,,,,,,,,,,,,,,,,
component_036_events_0017_objects_0008.jsonocel,C:\Users\User\Documents\odacc\experiment_runs\20260920_104921\components_online\smt_smt\run_001\component_036_events_0017_objects_0008.json,124,OBSERVATION_TIMEOUT,NOT_RUN,fresh_offline_alignment,0,0,True,0,0,0,0,1.7272632000003796,8.419173400000545,,,,,,,,8,16.89157620000333,2.111447025000416,10.668292700000165,,16.89157620000333,8,78.42660460000025,components_online,smt_smt,1,True,60.0,60.09732720000011,9,9,3,confirm_o-990534,confirm order,5,9,8,8,True,8,17,8,8,C:\Users\User\Documents\odacc\experiment_runs\20260920_104921\components_online\smt_smt\run_001\component_036_events_0017_objects_0008.error.txt
component_037_events_0012_objects_0006.jsonocel,C:\Users\User\Documents\odacc\experiment_runs\20260920_104921\components_online\smt_smt\run_001\component_037_events_0012_objects_0006.json,0,ONLINE_OK,NOT_RUN,fresh_offline_alignment,0,0,True,0,0,0,0,1.4846278999993956,48.280918599999495,,,,,,,,12,109.39163930000086,9.115969941666739,50.39792490000036,0,109.39163930000086,12,109.90758110000024,components_online,smt_smt,1,,,,,,,,,,,,,,,,,,
component_038_events_0008_objects_0004.jsonocel,C:\Users\User\Documents\odacc\experiment_runs\20260920_104921\components_online\smt_smt\run_001\component_038_events_0008_objects_0004.json,0,ONLINE_OK,NOT_RUN,fresh_offline_alignment,0,0,True,0,0,0,0,0.4805882999999085,1.9877119000002494,,,,,,,,8,8.961460099999385,1.1201825124999232,2.6732302999998865,0,8.961460099999385,8,10.389436899999964,components_online,smt_smt,1,,,,,,,,,,,,,,,,,,
component_042_events_0009_objects_0005.jsonocel,C:\Users\User\Documents\odacc\experiment_runs\20260920_104921\components_online\smt_smt\run_001\component_042_events_0009_objects_0005.json,0,ONLINE_OK,NOT_RUN,fresh_offline_alignment,0,0,True,0,0,0,0,0.7864144999994096,3.465968700000303,,,,,,,,9,15.707784400001401,1.7453093777779334,4.58833070000037,0,15.707784400001401,9,16.1667494000003,components_online,smt_smt,1,,,,,,,,,,,,,,,,,,
component_048_events_0011_objects_0007.jsonocel,C:\Users\User\Documents\odacc\experiment_runs\20260920_104921\components_online\smt_smt\run_001\component_048_events_0011_objects_0007.json,0,ONLINE_OK,NOT_RUN,fresh_offline_alignment,0,0,True,0,0,0,0,1.707576899999367,30.32599610000034,,,,,,,,11,75.48665450000044,6.8624231363636765,32.894406599999456,0,75.48665450000044,11,76.9837948000004,components_online,smt_smt,1,,,,,,,,,,,,,,,,,,
component_050_events_0008_objects_0004.jsonocel,C:\Users\User\Documents\odacc\experiment_runs\20260920_104921\components_online\smt_smt\run_001\component_050_events_0008_objects_0004.json,0,ONLINE_OK,NOT_RUN,fresh_offline_alignment,0,0,True,0,0,0,0,0.5071115000000646,2.8797646000002715,,,,,,,,8,9.248109299999669,1.1560136624999586,3.597947600000225,0,9.248109299999669,8,9.745714900000166,components_online,smt_smt,1,,,,,,,,,,,,,,,,,,
component_051_events_0011_objects_0007.jsonocel,C:\Users\User\Documents\odacc\experiment_runs\20260920_104921\components_online\smt_smt\run_001\component_051_events_0011_objects_0007.json,124,OBSERVATION_TIMEOUT,NOT_RUN,fresh_offline_alignment,0,0,True,0,0,0,0,1.6701340999998138,24.27163399999972,,,,,,,,10,69.81138270000156,6.981138270000156,26.522990400000708,,69.81138270000156,10,131.41918760000044,components_online,smt_smt,1,True,60.0,60.05224499999986,11,11,1,pay_o-991324,pay order,6,11,7,10,True,10,11,10,10,C:\Users\User\Documents\odacc\experiment_runs\20260920_104921\components_online\smt_smt\run_001\component_051_events_0011_objects_0007.error.txt
component_057_events_0011_objects_0005.jsonocel,C:\Users\User\Documents\odacc\experiment_runs\20260920_104921\components_online\smt_smt\run_001\component_057_events_0011_objects_0005.json,0,ONLINE_OK,NOT_RUN,fresh_offline_alignment,0,0,True,0,0,0,0,0.9554004000001441,14.15023519999977,,,,,,,,11,33.3001202000014,3.027283654545582,15.526120300000002,0,33.3001202000014,11,33.845001599999705,components_online,smt_smt,1,,,,,,,,,,,,,,,,,,
component_058_events_0009_objects_0005.jsonocel,C:\Users\User\Documents\odacc\experiment_runs\20260920_104921\components_online\smt_smt\run_001\component_058_events_0009_objects_0005.json,0,ONLINE_OK,NOT_RUN,fresh_offline_alignment,0,0,True,0,0,0,0,0.8029152999997677,4.326197099999263,,,,,,,,9,19.01854959999764,2.113172177777516,5.443082599999798,0,19.01854959999764,9,20.60143280000011,components_online,smt_smt,1,,,,,,,,,,,,,,,,,,
component_059_events_0010_objects_0006.jsonocel,C:\Users\User\Documents\odacc\experiment_runs\20260920_104921\components_online\smt_smt\run_001\component_059_events_0010_objects_0006.json,0,ONLINE_OK,NOT_RUN,fresh_offline_alignment,0,0,True,0,0,0,0,1.2201728000000003,8.862067199999728,,,,,,,,10,36.155458800000815,3.6155458800000817,10.480779399999847,0,36.155458800000815,10,36.76383050000004,components_online,smt_smt,1,,,,,,,,,,,,,,,,,,
component_061_events_0007_objects_0003.jsonocel,C:\Users\User\Documents\odacc\experiment_runs\20260920_104921\components_online\smt_smt\run_001\component_061_events_0007_objects_0003.json,0,ONLINE_OK,NOT_RUN,fresh_offline_alignment,0,0,True,0,0,0,0,0.2761255000004894,0.348786000000473,,,,,,,,7,3.4250076999996963,0.4892868142856709,0.7658065999994506,0,3.4250076999996963,7,3.918018899999879,components_online,smt_smt,1,,,,,,,,,,,,,,,,,,
component_063_events_0035_objects_0019.jsonocel,C:\Users\User\Documents\odacc\experiment_runs\20260920_104921\components_online\smt_smt\run_001\component_063_events_0035_objects_0019.json,124,OBSERVATION_TIMEOUT,NOT_RUN,fresh_offline_alignment,0,0,True,0,0,0,0,0.17155920000004699,0.14043949999995675,,,,,,,,22,12.810180199999195,0.5822809181817816,0.8735250999998243,,12.810180199999195,22,73.49236010000004,components_online,smt_smt,1,True,60.0,60.05115930000011,23,23,6,create_p-661003,create package,10,23,18,22,True,22,35,22,22,C:\Users\User\Documents\odacc\experiment_runs\20260920_104921\components_online\smt_smt\run_001\component_063_events_0035_objects_0019.error.txt
component_064_events_0116_objects_0055.jsonocel,C:\Users\User\Documents\odacc\experiment_runs\20260920_104921\components_online\smt_smt\run_001\component_064_events_0116_objects_0055.json,124,OBSERVATION_TIMEOUT,NOT_RUN,fresh_offline_alignment,0,0,True,0,0,0,0,2.5005332999999155,33.878029100000276,,,,,,,,15,107.60022199999821,7.1733481333332145,36.92799070000001,,107.60022199999821,15,169.42373150000003,components_online,smt_smt,1,True,60.0,60.07821310000054,16,16,3,pick_i-887156,pick item,1,9,11,15,True,15,116,15,15,C:\Users\User\Documents\odacc\experiment_runs\20260920_104921\components_online\smt_smt\run_001\component_064_events_0116_objects_0055.error.txt
component_065_events_0098_objects_0050.jsonocel,C:\Users\User\Documents\odacc\experiment_runs\20260920_104921\components_online\smt_smt\run_001\component_065_events_0098_objects_0050.json,124,OBSERVATION_TIMEOUT,NOT_RUN,fresh_offline_alignment,0,0,True,0,0,0,0,0.6073954000003141,1.0477518999996391,,,,,,,,17,18.451901099997485,1.0854059470586757,1.950343999999859,,18.451901099997485,17,79.0837988000003,components_online,smt_smt,1,True,60.0,60.049837800000205,18,18,4,create_p-661073,create package,8,18,15,17,True,17,98,17,17,C:\Users\User\Documents\odacc\experiment_runs\20260920_104921\components_online\smt_smt\run_001\component_065_events_0098_objects_0050.error.txt
component_066_events_0011_objects_0006.jsonocel,C:\Users\User\Documents\odacc\experiment_runs\20260920_104921\components_online\smt_smt\run_001\component_066_events_0011_objects_0006.json,0,ONLINE_OK,NOT_RUN,fresh_offline_alignment,0,0,True,0,0,0,0,1.3388648000000103,23.15541260000009,,,,,,,,11,64.14585879999868,5.831441709090789,24.983775599999717,0,64.14585879999868,11,65.8089530999996,components_online,smt_smt,1,,,,,,,,,,,,,,,,,,
component_067_events_0063_objects_0031.jsonocel,C:\Users\User\Documents\odacc\experiment_runs\20260920_104921\components_online\smt_smt\run_001\component_067_events_0063_objects_0031.json,124,OBSERVATION_TIMEOUT,NOT_RUN,fresh_offline_alignment,0,0,True,0,0,0,0,0.13946109999960754,0.055528099999719416,,,,,,,,13,11.787788999999066,0.9067529999999281,1.4574697999996715,,11.787788999999066,13,72.38991179999994,components_online,smt_smt,1,True,60.0,60.04512599999998,14,14,4,create_p-661091,create package,6,13,10,13,True,13,63,13,13,C:\Users\User\Documents\odacc\experiment_runs\20260920_104921\components_online\smt_smt\run_001\component_067_events_0063_objects_0031.error.txt
component_068_events_0009_objects_0005.jsonocel,C:\Users\User\Documents\odacc\experiment_runs\20260920_104921\components_online\smt_smt\run_001\component_068_events_0009_objects_0005.json,0,ONLINE_OK,NOT_RUN,fresh_offline_alignment,0,0,True,0,0,0,0,0.764066499999899,3.542373299999781,,,,,,,,9,14.94619970000167,1.6606888555557413,4.602649800000108,0,14.94619970000167,9,16.589033799999925,components_online,smt_smt,1,,,,,,,,,,,,,,,,,,
component_001_events_0030_objects_0020.jsonocel,C:\Users\User\Documents\odacc\experiment_runs\20260920_104921\controlled_mutations_cf_extra_pick_online\smt_smt\run_001\component_001_events_0030_objects_0020.json,124,OBSERVATION_TIMEOUT,NOT_RUN,fresh_offline_alignment,0,0,True,0,0,0,0,0.6196788000015658,1.5035053999999946,,,,,,,,27,33.78629140000339,1.2513441259260516,2.4019915999997465,,33.78629140000339,27,94.613032199999,controlled_mutations_cf_extra_pick_online,smt_smt,1,True,60.0,60.05199270000048,28,28,5,create_p-660001,create package,16,28,20,27,True,27,31,27,27,C:\Users\User\Documents\odacc\experiment_runs\20260920_104921\controlled_mutations_cf_extra_pick_online\smt_smt\run_001\component_001_events_0030_objects_0020.error.txt
component_002_events_0028_objects_0013.jsonocel,C:\Users\User\Documents\odacc\experiment_runs\20260920_104921\controlled_mutations_cf_extra_pick_online\smt_smt\run_001\component_002_events_0028_objects_0013.json,124,OBSERVATION_TIMEOUT,NOT_RUN,fresh_offline_alignment,0,0,True,0,0,0,0,0.3943034000003536,0.5464322999996511,,,,,,,,18,88.44290710000314,4.913494838889063,20.053145399999266,,88.44290710000314,18,150.07639930000005,controlled_mutations_cf_extra_pick_online,smt_smt,1,True,60.0,60.07974839999952,19,19,3,create_p-660003,create package,8,19,12,18,True,18,29,18,18,C:\Users\User\Documents\odacc\experiment_runs\20260920_104921\controlled_mutations_cf_extra_pick_online\smt_smt\run_001\component_002_events_0028_objects_0013.error.txt
component_003_events_0022_objects_0011.jsonocel,C:\Users\User\Documents\odacc\experiment_runs\20260920_104921\controlled_mutations_cf_extra_pick_online\smt_smt\run_001\component_003_events_0022_objects_0011.json,124,OBSERVATION_TIMEOUT,NOT_RUN,fresh_offline_alignment,0,0,True,1,1,0,0,2.2196242999998503,57.10520919999908,,,,,,,,12,180.07650350000222,15.006375291666851,60.091401900001074,,180.07650350000222,12,180.59464579999985,controlled_mutations_cf_extra_pick_online,smt_smt,1,True,60.0,60.03972109999995,12,13,1,reorder_i-880018,reorder item,1,13,9,12,True,12,23,12,12,C:\Users\User\Documents\odacc\experiment_runs\20260920_104921\controlled_mutations_cf_extra_pick_online\smt_smt\run_001\component_003_events_0022_objects_0011.error.txt
component_004_events_0013_objects_0009.jsonocel,C:\Users\User\Documents\odacc\experiment_runs\20260920_104921\controlled_mutations_cf_extra_pick_online\smt_smt\run_001\component_004_events_0013_objects_0009.json,124,OBSERVATION_TIMEOUT,NOT_RUN,fresh_offline_alignment,0,0,True,1,1,0,0,1.7431040999999823,26.413094599998658,,,,,,,,11,106.68567370000528,9.69869760909139,28.70085520000066,,106.68567370000528,11,168.2780899999998,controlled_mutations_cf_extra_pick_online,smt_smt,1,True,60.0,60.074149100000795,12,12,1,create_p-660004,create package,8,12,9,11,True,11,14,11,11,C:\Users\User\Documents\odacc\experiment_runs\20260920_104921\controlled_mutations_cf_extra_pick_online\smt_smt\run_001\component_004_events_0013_objects_0009.error.txt
component_005_events_0035_objects_0016.jsonocel,C:\Users\User\Documents\odacc\experiment_runs\20260920_104921\controlled_mutations_cf_extra_pick_online\smt_smt\run_001\component_005_events_0035_objects_0016.json,124,OBSERVATION_TIMEOUT,NOT_RUN,fresh_offline_alignment,0,0,True,0,0,0,0,2.113602000001265,48.50963310000043,,,,,,,,14,239.9403816000031,17.138598685714506,54.79962720000003,,239.9403816000031,14,300.67537599999923,controlled_mutations_cf_extra_pick_online,smt_smt,1,True,60.0,60.08747649999896,15,15,1,reorder_i-880036,reorder item,1,15,8,14,True,14,36,14,14,C:\Users\User\Documents\odacc\experiment_runs\20260920_104921\controlled_mutations_cf_extra_pick_online\smt_smt\run_001\component_005_events_0035_objects_0016.error.txt
component_006_events_0031_objects_0015.jsonocel,C:\Users\User\Documents\odacc\experiment_runs\20260920_104921\controlled_mutations_cf_extra_pick_online\smt_smt\run_001\component_006_events_0031_objects_0015.json,124,OBSERVATION_TIMEOUT,NOT_RUN,fresh_offline_alignment,0,0,True,0,0,0,0,0.26786559999891324,0.14348289999907138,,,,,,,,16,22.60602689999905,1.4128766812499407,3.3828099999991537,,22.60602689999905,16,84.19064070000059,controlled_mutations_cf_extra_pick_online,smt_smt,1,True,60.0,60.045005999998466,17,17,4,create_p-660006,create package,7,16,11,16,True,16,32,16,16,C:\Users\User\Documents\odacc\experiment_runs\20260920_104921\controlled_mutations_cf_extra_pick_online\smt_smt\run_001\component_006_events_0031_objects_0015.error.txt
component_009_events_0015_objects_0008.jsonocel,C:\Users\User\Documents\odacc\experiment_runs\20260920_104921\controlled_mutations_cf_extra_pick_online\smt_smt\run_001\component_009_events_0015_objects_0008.json,124,OBSERVATION_TIMEOUT,NOT_RUN,fresh_offline_alignment,0,0,True,1,1,0,0,1.4047620000001189,43.06033759999991,,,,,,,,11,105.96009220000269,9.6327356545457,44.89098279999962,,105.96009220000269,11,166.6284932999988,controlled_mutations_cf_extra_pick_online,smt_smt,1,True,60.0,60.08508579999943,12,12,1,create_p-660009,create package,7,12,8,11,True,11,16,11,11,C:\Users\User\Documents\odacc\experiment_runs\20260920_104921\controlled_mutations_cf_extra_pick_online\smt_smt\run_001\component_009_events_0015_objects_0008.error.txt
component_011_events_0028_objects_0017.jsonocel,C:\Users\User\Documents\odacc\experiment_runs\20260920_104921\controlled_mutations_cf_extra_pick_online\smt_smt\run_001\component_011_events_0028_objects_0017.json,124,OBSERVATION_TIMEOUT,NOT_RUN,fresh_offline_alignment,0,0,True,0,0,0,0,0.5442354000006162,0.6335039000005054,,,,,,,,23,65.23587730000327,2.8363424913044897,13.558454100000745,,65.23587730000327,23,126.94346039999982,controlled_mutations_cf_extra_pick_online,smt_smt,1,True,60.0,60.058934700000464,24,24,4,create_p-660011,create package,14,24,17,23,True,23,29,23,23,C:\Users\User\Documents\odacc\experiment_runs\20260920_104921\controlled_mutations_cf_extra_pick_online\smt_smt\run_001\component_011_events_0028_objects_0017.error.txt
component_014_events_0102_objects_0053.jsonocel,C:\Users\User\Documents\odacc\experiment_runs\20260920_104921\controlled_mutations_cf_extra_pick_online\smt_smt\run_001\component_014_events_0102_objects_0053.json,124,OBSERVATION_TIMEOUT,NOT_RUN,fresh_offline_alignment,0,0,True,0,0,0,0,0.39433869999993476,0.5830688999994891,,,,,,,,11,8.517710999998599,0.7743373636362363,1.107618400001229,,8.517710999998599,11,69.08238079999865,controlled_mutations_cf_extra_pick_online,smt_smt,1,True,60.0,60.02241519999916,12,12,3,create_p-660015,create package,5,12,9,11,True,11,103,11,11,C:\Users\User\Documents\odacc\experiment_runs\20260920_104921\controlled_mutations_cf_extra_pick_online\smt_smt\run_001\component_014_events_0102_objects_0053.error.txt
component_020_events_0022_objects_0009.jsonocel,C:\Users\User\Documents\odacc\experiment_runs\20260920_104921\controlled_mutations_cf_extra_pick_online\smt_smt\run_001\component_020_events_0022_objects_0009.json,124,OBSERVATION_TIMEOUT,NOT_RUN,fresh_offline_alignment,0,0,True,1,1,0,0,1.8679675000003044,15.844995199999175,,,,,,,,11,73.62948769999821,6.693589790908928,18.296878600000127,,73.62948769999821,11,135.1975112,controlled_mutations_cf_extra_pick_online,smt_smt,1,True,60.0,60.058100500000364,12,12,1,pick_i-880186,pick item,1,12,8,11,True,11,23,11,11,C:\Users\User\Documents\odacc\experiment_runs\20260920_104921\controlled_mutations_cf_extra_pick_online\smt_smt\run_001\component_020_events_0022_objects_0009.error.txt
component_021_events_0013_objects_0005.jsonocel,C:\Users\User\Documents\odacc\experiment_runs\20260920_104921\controlled_mutations_cf_extra_pick_online\smt_smt\run_001\component_021_events_0013_objects_0005.json,0,ONLINE_OK,NOT_RUN,fresh_offline_alignment,0,0,True,1,1,0,0,1.0889609999994718,20.934170300000915,,,,,,,,14,73.9953495000027,5.28538210714305,22.731416999999055,0,73.9953495000027,14,74.52348399999937,controlled_mutations_cf_extra_pick_online,smt_smt,1,,,,,,,,,,,,,,,,,,
component_024_events_0010_objects_0005.jsonocel,C:\Users\User\Documents\odacc\experiment_runs\20260920_104921\controlled_mutations_cf_extra_pick_online\smt_smt\run_001\component_024_events_0010_objects_0005.json,0,ONLINE_OK,NOT_RUN,fresh_offline_alignment,0,0,True,1,1,0,0,0.9132258000008733,12.702864500000942,,,,,,,,11,35.110707199997705,3.1918824727270643,14.020089100000405,0,35.110707199997705,11,36.6140362999995,controlled_mutations_cf_extra_pick_online,smt_smt,1,,,,,,,,,,,,,,,,,,
component_028_events_0012_objects_0008.jsonocel,C:\Users\User\Documents\odacc\experiment_runs\20260920_104921\controlled_mutations_cf_extra_pick_online\smt_smt\run_001\component_028_events_0012_objects_0008.json,124,OBSERVATION_TIMEOUT,NOT_RUN,fresh_offline_alignment,0,0,True,1,1,0,0,1.9516647000000376,24.662132599998586,,,,,,,,10,56.44573650000166,5.644573650000166,27.382582700000057,,56.44573650000166,10,117.02504230000159,controlled_mutations_cf_extra_pick_online,smt_smt,1,True,60.0,60.03340810000009,11,11,1,send_p-660133,send package,7,11,8,10,True,10,13,10,10,C:\Users\User\Documents\odacc\experiment_runs\20260920_104921\controlled_mutations_cf_extra_pick_online\smt_smt\run_001\component_028_events_0012_objects_0008.error.txt
component_029_events_0021_objects_0010.jsonocel,C:\Users\User\Documents\odacc\experiment_runs\20260920_104921\controlled_mutations_cf_extra_pick_online\smt_smt\run_001\component_029_events_0021_objects_0010.json,124,OBSERVATION_TIMEOUT,NOT_RUN,fresh_offline_alignment,0,0,True,1,1,0,0,1.6121098000003258,25.237816900000325,,,,,,,,10,72.67321469999479,7.267321469999478,27.281023799998366,,72.67321469999479,10,134.2092491000003,controlled_mutations_cf_extra_pick_online,smt_smt,1,True,60.0,60.06086609999875,11,11,1,create_p-660144,create package,7,11,9,10,True,10,22,10,10,C:\Users\User\Documents\odacc\experiment_runs\20260920_104921\controlled_mutations_cf_extra_pick_online\smt_smt\run_001\component_029_events_0021_objects_0010.error.txt
component_030_events_0061_objects_0033.jsonocel,C:\Users\User\Documents\odacc\experiment_runs\20260920_104921\controlled_mutations_cf_extra_pick_online\smt_smt\run_001\component_030_events_0061_objects_0033.json,124,OBSERVATION_TIMEOUT,NOT_RUN,fresh_offline_alignment,0,0,True,0,0,0,0,0.3865162000001874,0.5052330999988044,,,,,,,,10,14.164155400003438,1.4164155400003438,2.6387919999997393,,14.164155400003438,10,74.7779515000002,controlled_mutations_cf_extra_pick_online,smt_smt,1,True,60.0,60.082732799999576,11,11,3,create_p-660186,create package,5,11,12,10,True,10,62,10,10,C:\Users\User\Documents\odacc\experiment_runs\20260920_104921\controlled_mutations_cf_extra_pick_online\smt_smt\run_001\component_030_events_0061_objects_0033.error.txt
component_031_events_0009_objects_0005.jsonocel,C:\Users\User\Documents\odacc\experiment_runs\20260920_104921\controlled_mutations_cf_extra_pick_online\smt_smt\run_001\component_031_events_0009_objects_0005.json,0,ONLINE_OK,NOT_RUN,fresh_offline_alignment,0,0,True,1,1,0,0,0.8427362999991601,6.569645300000047,,,,,,,,10,21.378163499999573,2.1378163499999574,7.755690799998774,0,21.378163499999573,10,22.830050200000187,controlled_mutations_cf_extra_pick_online,smt_smt,1,,,,,,,,,,,,,,,,,,
component_032_events_0007_objects_0003.jsonocel,C:\Users\User\Documents\odacc\experiment_runs\20260920_104921\controlled_mutations_cf_extra_pick_online\smt_smt\run_001\component_032_events_0007_objects_0003.json,0,ONLINE_OK,NOT_RUN,fresh_offline_alignment,0,0,True,1,1,0,0,0.3006341000000248,0.47600580000107584,,,,,,,,8,4.303993100002117,0.5379991375002646,0.9698535000006814,0,4.303993100002117,8,4.723697400000674,controlled_mutations_cf_extra_pick_online,smt_smt,1,,,,,,,,,,,,,,,,,,
component_036_events_0017_objects_0008.jsonocel,C:\Users\User\Documents\odacc\experiment_runs\20260920_104921\controlled_mutations_cf_extra_pick_online\smt_smt\run_001\component_036_events_0017_objects_0008.json,124,OBSERVATION_TIMEOUT,NOT_RUN,fresh_offline_alignment,0,0,True,1,1,0,0,1.8108054999993328,31.79291430000012,,,,,,,,9,42.71191370000088,4.745768188888986,34.17541469999924,,42.71191370000088,9,104.18503580000106,controlled_mutations_cf_extra_pick_online,smt_smt,1,True,60.0,60.00058230000104,10,10,3,confirm_o-990534,confirm order,5,10,8,9,True,9,18,9,9,C:\Users\User\Documents\odacc\experiment_runs\20260920_104921\controlled_mutations_cf_extra_pick_online\smt_smt\run_001\component_036_events_0017_objects_0008.error.txt
component_037_events_0012_objects_0006.jsonocel,C:\Users\User\Documents\odacc\experiment_runs\20260920_104921\controlled_mutations_cf_extra_pick_online\smt_smt\run_001\component_037_events_0012_objects_0006.json,0,ONLINE_OK,NOT_RUN,fresh_offline_alignment,0,0,True,1,1,0,0,1.4149706999996852,42.005991599999106,,,,,,,,13,106.26742819999708,8.17441755384593,44.07637069999873,0,106.26742819999708,13,106.87658869999905,controlled_mutations_cf_extra_pick_online,smt_smt,1,,,,,,,,,,,,,,,,,,
component_038_events_0008_objects_0004.jsonocel,C:\Users\User\Documents\odacc\experiment_runs\20260920_104921\controlled_mutations_cf_extra_pick_online\smt_smt\run_001\component_038_events_0008_objects_0004.json,0,ONLINE_OK,NOT_RUN,fresh_offline_alignment,0,0,True,1,1,0,0,0.5306213999992906,2.7589831999994203,,,,,,,,9,11.662352199999077,1.2958169111110085,3.485915199998999,0,11.662352199999077,9,12.148162600000433,controlled_mutations_cf_extra_pick_online,smt_smt,1,,,,,,,,,,,,,,,,,,
component_042_events_0009_objects_0005.jsonocel,C:\Users\User\Documents\odacc\experiment_runs\20260920_104921\controlled_mutations_cf_extra_pick_online\smt_smt\run_001\component_042_events_0009_objects_0005.json,0,ONLINE_OK,NOT_RUN,fresh_offline_alignment,0,0,True,1,1,0,0,0.841176900001301,7.262897999999041,,,,,,,,10,24.911316999996416,2.4911316999996416,8.412260199998855,0,24.911316999996416,10,25.490412099999958,controlled_mutations_cf_extra_pick_online,smt_smt,1,,,,,,,,,,,,,,,,,,
component_048_events_0011_objects_0007.jsonocel,C:\Users\User\Documents\odacc\experiment_runs\20260920_104921\controlled_mutations_cf_extra_pick_online\smt_smt\run_001\component_048_events_0011_objects_0007.json,124,OBSERVATION_TIMEOUT,NOT_RUN,fresh_offline_alignment,0,0,True,1,1,0,0,1.7063323999991553,45.88714760000039,,,,,,,,11,89.3912500999977,8.126477281817973,48.31674540000131,,89.3912500999977,11,149.97476219999953,controlled_mutations_cf_extra_pick_online,smt_smt,1,True,60.0,60.00305870000011,12,12,1,deliver_p-660649,package delivered,6,12,7,11,True,11,12,11,11,C:\Users\User\Documents\odacc\experiment_runs\20260920_104921\controlled_mutations_cf_extra_pick_online\smt_smt\run_001\component_048_events_0011_objects_0007.error.txt
component_050_events_0008_objects_0004.jsonocel,C:\Users\User\Documents\odacc\experiment_runs\20260920_104921\controlled_mutations_cf_extra_pick_online\smt_smt\run_001\component_050_events_0008_objects_0004.json,0,ONLINE_OK,NOT_RUN,fresh_offline_alignment,0,0,True,1,1,0,0,0.5311404999993101,2.4907124000001204,,,,,,,,9,9.948668999999427,1.105407666666603,3.2532649000004312,0,9.948668999999427,9,11.387423900001522,controlled_mutations_cf_extra_pick_online,smt_smt,1,,,,,,,,,,,,,,,,,,
component_051_events_0011_objects_0007.jsonocel,C:\Users\User\Documents\odacc\experiment_runs\20260920_104921\controlled_mutations_cf_extra_pick_online\smt_smt\run_001\component_051_events_0011_objects_0007.json,124,OBSERVATION_TIMEOUT,NOT_RUN,fresh_offline_alignment,0,0,True,1,1,0,0,1.5821209999994608,35.287674699999116,,,,,,,,11,94.25616790000095,8.568742536363722,37.6926784999996,,94.25616790000095,11,154.87306480000007,controlled_mutations_cf_extra_pick_online,smt_smt,1,True,60.0,60.07090629999948,12,12,1,pay_o-991324,pay order,6,12,7,11,True,11,12,11,11,C:\Users\User\Documents\odacc\experiment_runs\20260920_104921\controlled_mutations_cf_extra_pick_online\smt_smt\run_001\component_051_events_0011_objects_0007.error.txt
component_057_events_0011_objects_0005.jsonocel,C:\Users\User\Documents\odacc\experiment_runs\20260920_104921\controlled_mutations_cf_extra_pick_online\smt_smt\run_001\component_057_events_0011_objects_0005.json,0,ONLINE_OK,NOT_RUN,fresh_offline_alignment,0,0,True,1,1,0,0,0.9788561999994272,8.404729699999734,,,,,,,,12,38.658456100001786,3.221538008333482,12.584175000001778,0,38.658456100001786,12,40.21446740000101,controlled_mutations_cf_extra_pick_online,smt_smt,1,,,,,,,,,,,,,,,,,,
component_058_events_0009_objects_0005.jsonocel,C:\Users\User\Documents\odacc\experiment_runs\20260920_104921\controlled_mutations_cf_extra_pick_online\smt_smt\run_001\component_058_events_0009_objects_0005.json,0,ONLINE_OK,NOT_RUN,fresh_offline_alignment,0,0,True,1,1,0,0,0.8492787000013777,7.557706399999006,,,,,,,,10,27.617475300001388,2.7617475300001386,8.758530500001143,0,27.617475300001388,10,28.124366300000474,controlled_mutations_cf_extra_pick_online,smt_smt,1,,,,,,,,,,,,,,,,,,
component_059_events_0010_objects_0006.jsonocel,C:\Users\User\Documents\odacc\experiment_runs\20260920_104921\controlled_mutations_cf_extra_pick_online\smt_smt\run_001\component_059_events_0010_objects_0006.json,0,ONLINE_OK,NOT_RUN,fresh_offline_alignment,0,0,True,1,1,0,0,1.5567731999999523,19.234969200000705,,,,,,,,11,56.73577050000131,5.157797318181937,21.41501960000096,0,56.73577050000131,11,58.28135959999963,controlled_mutations_cf_extra_pick_online,smt_smt,1,,,,,,,,,,,,,,,,,,
component_061_events_0007_objects_0003.jsonocel,C:\Users\User\Documents\odacc\experiment_runs\20260920_104921\controlled_mutations_cf_extra_pick_online\smt_smt\run_001\component_061_events_0007_objects_0003.json,0,ONLINE_OK,NOT_RUN,fresh_offline_alignment,0,0,True,1,1,0,0,0.3009105000001,1.0376722000000882,,,,,,,,8,4.714988500001709,0.5893735625002137,1.4876681000005192,0,4.714988500001709,8,5.221992299999329,controlled_mutations_cf_extra_pick_online,smt_smt,1,,,,,,,,,,,,,,,,,,
component_063_events_0035_objects_0019.jsonocel,C:\Users\User\Documents\odacc\experiment_runs\20260920_104921\controlled_mutations_cf_extra_pick_online\smt_smt\run_001\component_063_events_0035_objects_0019.json,124,OBSERVATION_TIMEOUT,NOT_RUN,fresh_offline_alignment,0,0,True,0,0,0,0,0.17293770000105724,0.1523449000014807,,,,,,,,23,14.824156100004984,0.6445285260871733,1.126618000000235,,14.824156100004984,23,75.4928345999997,controlled_mutations_cf_extra_pick_online,smt_smt,1,True,60.0,60.02638979999938,24,24,6,create_p-661003,create package,10,24,18,23,True,23,36,23,23,C:\Users\User\Documents\odacc\experiment_runs\20260920_104921\controlled_mutations_cf_extra_pick_online\smt_smt\run_001\component_063_events_0035_objects_0019.error.txt
component_064_events_0116_objects_0055.jsonocel,C:\Users\User\Documents\odacc\experiment_runs\20260920_104921\controlled_mutations_cf_extra_pick_online\smt_smt\run_001\component_064_events_0116_objects_0055.json,124,OBSERVATION_TIMEOUT,NOT_RUN,fresh_offline_alignment,0,0,True,0,0,0,0,2.4886649000000034,25.39053530000092,,,,,,,,15,97.26876450000054,6.484584300000036,28.446199699999852,,97.26876450000054,15,158.90846109999984,controlled_mutations_cf_extra_pick_online,smt_smt,1,True,60.0,60.08470420000049,16,16,3,pick_i-887156,pick item,1,9,11,15,True,15,117,15,15,C:\Users\User\Documents\odacc\experiment_runs\20260920_104921\controlled_mutations_cf_extra_pick_online\smt_smt\run_001\component_064_events_0116_objects_0055.error.txt
component_065_events_0098_objects_0050.jsonocel,C:\Users\User\Documents\odacc\experiment_runs\20260920_104921\controlled_mutations_cf_extra_pick_online\smt_smt\run_001\component_065_events_0098_objects_0050.json,124,OBSERVATION_TIMEOUT,NOT_RUN,fresh_offline_alignment,0,0,True,0,0,0,0,0.6239461000004667,1.1910563000001275,,,,,,,,17,18.786397800005943,1.1050822235297613,2.0161755999997695,,18.786397800005943,17,79.40376220000144,controlled_mutations_cf_extra_pick_online,smt_smt,1,True,60.0,60.05069149999872,18,18,4,create_p-661073,create package,8,18,15,17,True,17,99,17,17,C:\Users\User\Documents\odacc\experiment_runs\20260920_104921\controlled_mutations_cf_extra_pick_online\smt_smt\run_001\component_065_events_0098_objects_0050.error.txt
component_066_events_0011_objects_0006.jsonocel,C:\Users\User\Documents\odacc\experiment_runs\20260920_104921\controlled_mutations_cf_extra_pick_online\smt_smt\run_001\component_066_events_0011_objects_0006.json,0,ONLINE_OK,NOT_RUN,fresh_offline_alignment,0,0,True,1,1,0,0,1.4356573000004573,34.916927600001145,,,,,,,,12,122.55431360000148,10.21285946666679,37.171345400000064,0,122.55431360000148,12,124.03792260000046,controlled_mutations_cf_extra_pick_online,smt_smt,1,,,,,,,,,,,,,,,,,,
component_067_events_0063_objects_0031.jsonocel,C:\Users\User\Documents\odacc\experiment_runs\20260920_104921\controlled_mutations_cf_extra_pick_online\smt_smt\run_001\component_067_events_0063_objects_0031.json,124,OBSERVATION_TIMEOUT,NOT_RUN,fresh_offline_alignment,0,0,True,0,0,0,0,0.14102979999915988,0.053106000001207576,,,,,,,,13,11.569862000005742,0.8899893846158263,1.380954099999144,,11.569862000005742,13,72.1851931000001,controlled_mutations_cf_extra_pick_online,smt_smt,1,True,60.0,60.033181500000865,14,14,4,create_p-661091,create package,6,13,10,13,True,13,64,13,13,C:\Users\User\Documents\odacc\experiment_runs\20260920_104921\controlled_mutations_cf_extra_pick_online\smt_smt\run_001\component_067_events_0063_objects_0031.error.txt
component_068_events_0009_objects_0005.jsonocel,C:\Users\User\Documents\odacc\experiment_runs\20260920_104921\controlled_mutations_cf_extra_pick_online\smt_smt\run_001\component_068_events_0009_objects_0005.json,0,ONLINE_OK,NOT_RUN,fresh_offline_alignment,0,0,True,1,1,0,0,0.841987000001609,7.914355299999443,,,,,,,,10,25.344720499995674,2.534472049999567,9.08753439999964,0,25.344720499995674,10,26.750954199998887,controlled_mutations_cf_extra_pick_online,smt_smt,1,,,,,,,,,,,,,,,,,,
component_001_events_0030_objects_0020.jsonocel,C:\Users\User\Documents\odacc\experiment_runs\20260920_104921\controlled_mutations_cf_missing_pick_online\smt_smt\run_001\component_001_events_0030_objects_0020.json,124,OBSERVATION_TIMEOUT,NOT_RUN,fresh_offline_alignment,0,0,True,0,0,0,0,0.6095839999998134,0.8607608000002074,,,,,,,,25,35.04783849999694,1.4019135399998777,4.870887900000525,,35.04783849999694,25,95.89353899999878,controlled_mutations_cf_missing_pick_online,smt_smt,1,True,60.0,60.0952455000006,26,26,5,create_p-660001,create package,16,26,20,25,True,25,29,25,25,C:\Users\User\Documents\odacc\experiment_runs\20260920_104921\controlled_mutations_cf_missing_pick_online\smt_smt\run_001\component_001_events_0030_objects_0020.error.txt
component_002_events_0028_objects_0013.jsonocel,C:\Users\User\Documents\odacc\experiment_runs\20260920_104921\controlled_mutations_cf_missing_pick_online\smt_smt\run_001\component_002_events_0028_objects_0013.json,124,OBSERVATION_TIMEOUT,NOT_RUN,fresh_offline_alignment,0,0,True,0,0,0,0,0.47867670000050566,0.5073604000008345,,,,,,,,16,46.179544100001294,2.886221506250081,11.90847070000018,,46.179544100001294,16,107.78603029999977,controlled_mutations_cf_missing_pick_online,smt_smt,1,True,60.0,60.084547000000384,17,17,3,create_p-660003,create package,8,17,12,16,True,16,27,16,16,C:\Users\User\Documents\odacc\experiment_runs\20260920_104921\controlled_mutations_cf_missing_pick_online\smt_smt\run_001\component_002_events_0028_objects_0013.error.txt
component_003_events_0022_objects_0011.jsonocel,C:\Users\User\Documents\odacc\experiment_runs\20260920_104921\controlled_mutations_cf_missing_pick_online\smt_smt\run_001\component_003_events_0022_objects_0011.json,124,OBSERVATION_TIMEOUT,NOT_RUN,fresh_offline_alignment,0,0,True,0,0,0,0,2.077254300000277,27.588128000001234,,,,,,,,11,122.6094637999995,11.146314890909046,31.992638399999123,,122.6094637999995,11,183.2344731000012,controlled_mutations_cf_missing_pick_online,smt_smt,1,True,60.0,60.07122789999994,12,12,1,create_p-660002,create package,7,12,10,11,True,11,21,11,11,C:\Users\User\Documents\odacc\experiment_runs\20260920_104921\controlled_mutations_cf_missing_pick_online\smt_smt\run_001\component_003_events_0022_objects_0011.error.txt
component_004_events_0013_objects_0009.jsonocel,C:\Users\User\Documents\odacc\experiment_runs\20260920_104921\controlled_mutations_cf_missing_pick_online\smt_smt\run_001\component_004_events_0013_objects_0009.json,124,OBSERVATION_TIMEOUT,NOT_RUN,fresh_offline_alignment,0,0,True,0,0,0,0,1.62512119999883,21.90439510000033,,,,,,,,9,50.55974089999836,5.617748988888707,23.94572429999971,,50.55974089999836,9,112.12337190000108,controlled_mutations_cf_missing_pick_online,smt_smt,1,True,60.0,60.066683200000625,10,10,1,create_p-660004,create package,8,10,9,9,True,9,12,9,9,C:\Users\User\Documents\odacc\experiment_runs\20260920_104921\controlled_mutations_cf_missing_pick_online\smt_smt\run_001\component_004_events_0013_objects_0009.error.txt
component_005_events_0035_objects_0016.jsonocel,C:\Users\User\Documents\odacc\experiment_runs\20260920_104921\controlled_mutations_cf_missing_pick_online\smt_smt\run_001\component_005_events_0035_objects_0016.json,124,OBSERVATION_TIMEOUT,NOT_RUN,fresh_offline_alignment,0,0,True,0,0,0,0,2.256410500000129,53.09892099999888,,,,,,,,13,200.17850020000515,15.398346169231164,56.30118510000102,,200.17850020000515,13,260.7501132999987,controlled_mutations_cf_missing_pick_online,smt_smt,1,True,60.0,60.01056949999838,14,14,1,pick_i-880033,pick item,1,14,8,13,True,13,34,13,13,C:\Users\User\Documents\odacc\experiment_runs\20260920_104921\controlled_mutations_cf_missing_pick_online\smt_smt\run_001\component_005_events_0035_objects_0016.error.txt
component_006_events_0031_objects_0015.jsonocel,C:\Users\User\Documents\odacc\experiment_runs\20260920_104921\controlled_mutations_cf_missing_pick_online\smt_smt\run_001\component_006_events_0031_objects_0015.json,124,OBSERVATION_TIMEOUT,NOT_RUN,fresh_offline_alignment,0,0,True,0,0,0,0,0.22855630000049132,0.11257400000067719,,,,,,,,14,15.620316300000923,1.1157368785714945,1.4947926000004372,,15.620316300000923,14,77.14977050000016,controlled_mutations_cf_missing_pick_online,smt_smt,1,True,60.0,60.047981300000174,15,15,4,create_p-660006,create package,7,14,11,14,True,14,30,14,14,C:\Users\User\Documents\odacc\experiment_runs\20260920_104921\controlled_mutations_cf_missing_pick_online\smt_smt\run_001\component_006_events_0031_objects_0015.error.txt
component_009_events_0015_objects_0008.jsonocel,C:\Users\User\Documents\odacc\experiment_runs\20260920_104921\controlled_mutations_cf_missing_pick_online\smt_smt\run_001\component_009_events_0015_objects_0008.json,124,OBSERVATION_TIMEOUT,NOT_RUN,fresh_offline_alignment,0,0,True,0,0,0,0,1.2537004999994679,5.966781399998581,,,,,,,,9,31.46905489999881,3.496561655555423,7.559621200000038,,31.46905489999881,9,92.01708340000005,controlled_mutations_cf_missing_pick_online,smt_smt,1,True,60.0,60.02357680000023,10,10,1,create_p-660009,create package,7,10,8,9,True,9,14,9,9,C:\Users\User\Documents\odacc\experiment_runs\20260920_104921\controlled_mutations_cf_missing_pick_online\smt_smt\run_001\component_009_events_0015_objects_0008.error.txt
component_011_events_0028_objects_0017.jsonocel,C:\Users\User\Documents\odacc\experiment_runs\20260920_104921\controlled_mutations_cf_missing_pick_online\smt_smt\run_001\component_011_events_0028_objects_0017.json,124,OBSERVATION_TIMEOUT,NOT_RUN,fresh_offline_alignment,0,0,True,0,0,0,0,0.5566471999991336,0.8653903999984323,,,,,,,,21,55.837508500000695,2.6589289761905093,12.030205099999876,,55.837508500000695,21,117.45044359999883,controlled_mutations_cf_missing_pick_online,smt_smt,1,True,60.0,60.000861700000314,22,22,4,create_p-660011,create package,14,22,17,21,True,21,27,21,21,C:\Users\User\Documents\odacc\experiment_runs\20260920_104921\controlled_mutations_cf_missing_pick_online\smt_smt\run_001\component_011_events_0028_objects_0017.error.txt
component_014_events_0102_objects_0053.jsonocel,C:\Users\User\Documents\odacc\experiment_runs\20260920_104921\controlled_mutations_cf_missing_pick_online\smt_smt\run_001\component_014_events_0102_objects_0053.json,124,OBSERVATION_TIMEOUT,NOT_RUN,fresh_offline_alignment,0,0,True,0,0,0,0,0.4024405000000115,0.3543121999991854,,,,,,,,11,8.303381299998364,0.7548528454543967,0.931607399999848,,8.303381299998364,11,68.81989590000012,controlled_mutations_cf_missing_pick_online,smt_smt,1,True,60.0,60.02238150000085,12,12,3,create_p-660015,create package,5,12,9,11,True,11,101,11,11,C:\Users\User\Documents\odacc\experiment_runs\20260920_104921\controlled_mutations_cf_missing_pick_online\smt_smt\run_001\component_014_events_0102_objects_0053.error.txt
component_020_events_0022_objects_0009.jsonocel,C:\Users\User\Documents\odacc\experiment_runs\20260920_104921\controlled_mutations_cf_missing_pick_online\smt_smt\run_001\component_020_events_0022_objects_0009.json,124,OBSERVATION_TIMEOUT,NOT_RUN,fresh_offline_alignment,0,0,True,0,0,0,0,1.607751700001245,25.58097749999979,,,,,,,,10,70.61875619999773,7.061875619999773,27.63534769999933,,70.61875619999773,10,132.19439650000095,controlled_mutations_cf_missing_pick_online,smt_smt,1,True,60.0,60.07746539999971,11,11,1,create_p-660027,create package,8,11,9,10,True,10,21,10,10,C:\Users\User\Documents\odacc\experiment_runs\20260920_104921\controlled_mutations_cf_missing_pick_online\smt_smt\run_001\component_020_events_0022_objects_0009.error.txt
component_021_events_0013_objects_0005.jsonocel,C:\Users\User\Documents\odacc\experiment_runs\20260920_104921\controlled_mutations_cf_missing_pick_online\smt_smt\run_001\component_021_events_0013_objects_0005.json,0,ONLINE_OK,NOT_RUN,fresh_offline_alignment,0,0,True,3,3,0,0,0.9300058000007994,17.759856700000455,,,,,,,,12,58.47093610000411,4.872578008333676,22.654567499999757,0,58.47093610000411,12,59.073292500001116,controlled_mutations_cf_missing_pick_online,smt_smt,1,,,,,,,,,,,,,,,,,,
component_024_events_0010_objects_0005.jsonocel,C:\Users\User\Documents\odacc\experiment_runs\20260920_104921\controlled_mutations_cf_missing_pick_online\smt_smt\run_001\component_024_events_0010_objects_0005.json,0,ONLINE_OK,NOT_RUN,fresh_offline_alignment,0,0,True,5,5,0,0,0.777801800000816,8.377552800000558,,,,,,,,9,29.173261800000546,3.241473533333394,9.451758900000641,0,29.173261800000546,9,29.707976800000324,controlled_mutations_cf_missing_pick_online,smt_smt,1,,,,,,,,,,,,,,,,,,
component_028_events_0012_objects_0008.jsonocel,C:\Users\User\Documents\odacc\experiment_runs\20260920_104921\controlled_mutations_cf_missing_pick_online\smt_smt\run_001\component_028_events_0012_objects_0008.json,124,OBSERVATION_TIMEOUT,NOT_RUN,fresh_offline_alignment,0,0,True,0,0,0,0,1.0266929999997956,2.466358699999546,,,,,,,,7,17.832811500002208,2.5475445000003156,3.7458194000009826,,17.832811500002208,7,78.41302200000064,controlled_mutations_cf_missing_pick_online,smt_smt,1,True,60.0,60.09782819999964,8,8,1,create_p-660133,create package,7,8,8,7,True,7,11,7,7,C:\Users\User\Documents\odacc\experiment_runs\20260920_104921\controlled_mutations_cf_missing_pick_online\smt_smt\run_001\component_028_events_0012_objects_0008.error.txt
component_029_events_0021_objects_0010.jsonocel,C:\Users\User\Documents\odacc\experiment_runs\20260920_104921\controlled_mutations_cf_missing_pick_online\smt_smt\run_001\component_029_events_0021_objects_0010.json,124,OBSERVATION_TIMEOUT,NOT_RUN,fresh_offline_alignment,0,0,True,0,0,0,0,1.4727353999987827,9.578946499999802,,,,,,,,8,33.15425689999756,4.144282112499695,11.515646999998353,,33.15425689999756,8,94.62536790000013,controlled_mutations_cf_missing_pick_online,smt_smt,1,True,60.0,60.01576959999875,9,9,1,create_p-660144,create package,7,9,9,8,True,8,20,8,8,C:\Users\User\Documents\odacc\experiment_runs\20260920_104921\controlled_mutations_cf_missing_pick_online\smt_smt\run_001\component_029_events_0021_objects_0010.error.txt
component_030_events_0061_objects_0033.jsonocel,C:\Users\User\Documents\odacc\experiment_runs\20260920_104921\controlled_mutations_cf_missing_pick_online\smt_smt\run_001\component_030_events_0061_objects_0033.json,124,OBSERVATION_TIMEOUT,NOT_RUN,fresh_offline_alignment,0,0,True,0,0,0,0,0.4031695000012405,0.4047788000007131,,,,,,,,10,16.303683099999034,1.6303683099999033,3.114773499999501,,16.303683099999034,10,76.84544630000164,controlled_mutations_cf_missing_pick_online,smt_smt,1,True,60.0,60.092420900000434,11,11,3,create_p-660186,create package,5,11,12,10,True,10,60,10,10,C:\Users\User\Documents\odacc\experiment_runs\20260920_104921\controlled_mutations_cf_missing_pick_online\smt_smt\run_001\component_030_events_0061_objects_0033.error.txt
component_031_events_0009_objects_0005.jsonocel,C:\Users\User\Documents\odacc\experiment_runs\20260920_104921\controlled_mutations_cf_missing_pick_online\smt_smt\run_001\component_031_events_0009_objects_0005.json,0,ONLINE_OK,NOT_RUN,fresh_offline_alignment,0,0,True,5,5,0,0,1.1699646000015491,8.179397199999585,,,,,,,,8,29.87004739999793,3.733755924999741,9.796287299999676,0,29.87004739999793,8,31.348567799999728,controlled_mutations_cf_missing_pick_online,smt_smt,1,,,,,,,,,,,,,,,,,,
component_032_events_0007_objects_0003.jsonocel,C:\Users\User\Documents\odacc\experiment_runs\20260920_104921\controlled_mutations_cf_missing_pick_online\smt_smt\run_001\component_032_events_0007_objects_0003.json,0,ONLINE_OK,NOT_RUN,fresh_offline_alignment,0,0,True,3,3,0,0,0.23261300000012852,0.6358877000002394,,,,,,,,6,3.1011627999996563,0.5168604666666093,0.9792756000006193,0,3.1011627999996563,6,3.498158499998681,controlled_mutations_cf_missing_pick_online,smt_smt,1,,,,,,,,,,,,,,,,,,
component_036_events_0017_objects_0008.jsonocel,C:\Users\User\Documents\odacc\experiment_runs\20260920_104921\controlled_mutations_cf_missing_pick_online\smt_smt\run_001\component_036_events_0017_objects_0008.json,124,OBSERVATION_TIMEOUT,NOT_RUN,fresh_offline_alignment,0,0,True,0,0,0,0,0.8541080000013608,0.7367764999999054,,,,,,,,6,5.509282600001825,0.9182137666669709,1.8128274000009696,,5.509282600001825,6,66.94205870000042,controlled_mutations_cf_missing_pick_online,smt_smt,1,True,60.0,60.00160320000032,7,7,3,create_p-660296,create package,6,7,8,6,True,6,16,6,6,C:\Users\User\Documents\odacc\experiment_runs\20260920_104921\controlled_mutations_cf_missing_pick_online\smt_smt\run_001\component_036_events_0017_objects_0008.error.txt
component_037_events_0012_objects_0006.jsonocel,C:\Users\User\Documents\odacc\experiment_runs\20260920_104921\controlled_mutations_cf_missing_pick_online\smt_smt\run_001\component_037_events_0012_objects_0006.json,0,ONLINE_OK,NOT_RUN,fresh_offline_alignment,0,0,True,3,3,0,0,1.2157294999997248,25.59934659999999,,,,,,,,11,96.19790509999802,8.74526409999982,27.261366900000212,0,96.19790509999802,11,96.75790250000136,controlled_mutations_cf_missing_pick_online,smt_smt,1,,,,,,,,,,,,,,,,,,
component_038_events_0008_objects_0004.jsonocel,C:\Users\User\Documents\odacc\experiment_runs\20260920_104921\controlled_mutations_cf_missing_pick_online\smt_smt\run_001\component_038_events_0008_objects_0004.json,0,ONLINE_OK,NOT_RUN,fresh_offline_alignment,0,0,True,4,4,0,0,0.4301408999999694,1.6706595999985439,,,,,,,,7,7.445697799999834,1.0636711142856907,2.2597236999990855,0,7.445697799999834,7,8.881475599999249,controlled_mutations_cf_missing_pick_online,smt_smt,1,,,,,,,,,,,,,,,,,,
component_042_events_0009_objects_0005.jsonocel,C:\Users\User\Documents\odacc\experiment_runs\20260920_104921\controlled_mutations_cf_missing_pick_online\smt_smt\run_001\component_042_events_0009_objects_0005.json,0,ONLINE_OK,NOT_RUN,fresh_offline_alignment,0,0,True,5,5,0,0,0.6933031999997183,3.620765900001061,,,,,,,,8,15.824806599997828,1.9781008249997285,4.825887999999395,0,15.824806599997828,8,16.35493089999909,controlled_mutations_cf_missing_pick_online,smt_smt,1,,,,,,,,,,,,,,,,,,
component_048_events_0011_objects_0007.jsonocel,C:\Users\User\Documents\odacc\experiment_runs\20260920_104921\controlled_mutations_cf_missing_pick_online\smt_smt\run_001\component_048_events_0011_objects_0007.json,124,OBSERVATION_TIMEOUT,NOT_RUN,fresh_offline_alignment,0,0,True,7,7,0,0,1.3659432999993442,46.45251450000069,,,,,,,,9,94.13677070000267,10.459641188889186,48.31745570000021,,94.13677070000267,9,154.71785459999955,controlled_mutations_cf_missing_pick_online,smt_smt,1,True,60.0,60.06022799999846,10,10,1,deliver_p-660649,package delivered,6,10,7,9,True,9,10,9,9,C:\Users\User\Documents\odacc\experiment_runs\20260920_104921\controlled_mutations_cf_missing_pick_online\smt_smt\run_001\component_048_events_0011_objects_0007.error.txt
component_050_events_0008_objects_0004.jsonocel,C:\Users\User\Documents\odacc\experiment_runs\20260920_104921\controlled_mutations_cf_missing_pick_online\smt_smt\run_001\component_050_events_0008_objects_0004.json,0,ONLINE_OK,NOT_RUN,fresh_offline_alignment,0,0,True,4,4,0,0,0.4247854000004736,1.6345726000017748,,,,,,,,7,6.890105099999346,0.9843007285713351,2.235334299999522,0,6.890105099999346,7,8.46089000000029,controlled_mutations_cf_missing_pick_online,smt_smt,1,,,,,,,,,,,,,,,,,,
component_051_events_0011_objects_0007.jsonocel,C:\Users\User\Documents\odacc\experiment_runs\20260920_104921\controlled_mutations_cf_missing_pick_online\smt_smt\run_001\component_051_events_0011_objects_0007.json,124,OBSERVATION_TIMEOUT,NOT_RUN,fresh_offline_alignment,0,0,True,6,6,0,0,1.1635458000000654,40.9707656999999,,,,,,,,7,51.65862310000011,7.379803300000016,42.487996400001066,,51.65862310000011,7,112.17037870000058,controlled_mutations_cf_missing_pick_online,smt_smt,1,True,60.0,60.04010350000135,8,8,1,send_p-660751,send package,6,8,7,7,True,7,10,7,7,C:\Users\User\Documents\odacc\experiment_runs\20260920_104921\controlled_mutations_cf_missing_pick_online\smt_smt\run_001\component_051_events_0011_objects_0007.error.txt
component_057_events_0011_objects_0005.jsonocel,C:\Users\User\Documents\odacc\experiment_runs\20260920_104921\controlled_mutations_cf_missing_pick_online\smt_smt\run_001\component_057_events_0011_objects_0005.json,0,ONLINE_OK,NOT_RUN,fresh_offline_alignment,0,0,True,3,3,0,0,0.8314670999989175,9.059006200001022,,,,,,,,10,25.718012900004396,2.5718012900004394,10.228184899999178,0,25.718012900004396,10,27.37136090000058,controlled_mutations_cf_missing_pick_online,smt_smt,1,,,,,,,,,,,,,,,,,,
component_058_events_0009_objects_0005.jsonocel,C:\Users\User\Documents\odacc\experiment_runs\20260920_104921\controlled_mutations_cf_missing_pick_online\smt_smt\run_001\component_058_events_0009_objects_0005.json,0,ONLINE_OK,NOT_RUN,fresh_offline_alignment,0,0,True,5,5,0,0,0.698434099998849,3.522219899999982,,,,,,,,8,17.41552519999823,2.1769406499997785,4.48775360000036,0,17.41552519999823,8,17.854155799999717,controlled_mutations_cf_missing_pick_online,smt_smt,1,,,,,,,,,,,,,,,,,,
component_059_events_0010_objects_0006.jsonocel,C:\Users\User\Documents\odacc\experiment_runs\20260920_104921\controlled_mutations_cf_missing_pick_online\smt_smt\run_001\component_059_events_0010_objects_0006.json,0,ONLINE_OK,NOT_RUN,fresh_offline_alignment,0,0,True,6,6,0,0,1.0556399000015517,20.371523900001193,,,,,,,,9,79.59355009999854,8.843727788888726,24.790389799998593,0,79.59355009999854,9,80.16251779999948,controlled_mutations_cf_missing_pick_online,smt_smt,1,,,,,,,,,,,,,,,,,,
component_061_events_0007_objects_0003.jsonocel,C:\Users\User\Documents\odacc\experiment_runs\20260920_104921\controlled_mutations_cf_missing_pick_online\smt_smt\run_001\component_061_events_0007_objects_0003.json,0,ONLINE_OK,NOT_RUN,fresh_offline_alignment,0,0,True,3,3,0,0,0.2406862000007095,0.5818194000003132,,,,,,,,6,3.0672691999989183,0.5112115333331531,0.9385966999998345,0,3.0672691999989183,6,3.4975955999998405,controlled_mutations_cf_missing_pick_online,smt_smt,1,,,,,,,,,,,,,,,,,,
component_063_events_0035_objects_0019.jsonocel,C:\Users\User\Documents\odacc\experiment_runs\20260920_104921\controlled_mutations_cf_missing_pick_online\smt_smt\run_001\component_063_events_0035_objects_0019.json,124,OBSERVATION_TIMEOUT,NOT_RUN,fresh_offline_alignment,0,0,True,0,0,0,0,0.1812078000002657,0.15091620000021067,,,,,,,,21,11.96097770000597,0.5695703666669509,0.972982299999785,,11.96097770000597,21,72.66289550000147,controlled_mutations_cf_missing_pick_online,smt_smt,1,True,60.0,60.067050700001346,22,22,6,create_p-661003,create package,10,22,18,21,True,21,34,21,21,C:\Users\User\Documents\odacc\experiment_runs\20260920_104921\controlled_mutations_cf_missing_pick_online\smt_smt\run_001\component_063_events_0035_objects_0019.error.txt
component_064_events_0116_objects_0055.jsonocel,C:\Users\User\Documents\odacc\experiment_runs\20260920_104921\controlled_mutations_cf_missing_pick_online\smt_smt\run_001\component_064_events_0116_objects_0055.json,124,OBSERVATION_TIMEOUT,NOT_RUN,fresh_offline_alignment,0,0,True,0,0,0,0,0.2496728999994957,0.13775259999965783,,,,,,,,17,139.10504539999965,8.182649729411745,39.51461219999874,,139.10504539999965,17,200.96756259999893,controlled_mutations_cf_missing_pick_online,smt_smt,1,True,60.0,60.08999909999875,18,18,3,out_of_stock_i-887154,item out of stock,1,10,11,17,True,17,115,17,17,C:\Users\User\Documents\odacc\experiment_runs\20260920_104921\controlled_mutations_cf_missing_pick_online\smt_smt\run_001\component_064_events_0116_objects_0055.error.txt
component_065_events_0098_objects_0050.jsonocel,C:\Users\User\Documents\odacc\experiment_runs\20260920_104921\controlled_mutations_cf_missing_pick_online\smt_smt\run_001\component_065_events_0098_objects_0050.json,124,OBSERVATION_TIMEOUT,NOT_RUN,fresh_offline_alignment,0,0,True,0,0,0,0,0.6153702000010526,1.339890600000217,,,,,,,,17,19.120736599999873,1.1247492117646984,2.1534300000002986,,19.120736599999873,17,79.71126840000034,controlled_mutations_cf_missing_pick_online,smt_smt,1,True,60.0,60.0921959999996,18,18,4,create_p-661073,create package,8,18,15,17,True,17,97,17,17,C:\Users\User\Documents\odacc\experiment_runs\20260920_104921\controlled_mutations_cf_missing_pick_online\smt_smt\run_001\component_065_events_0098_objects_0050.error.txt
component_066_events_0011_objects_0006.jsonocel,C:\Users\User\Documents\odacc\experiment_runs\20260920_104921\controlled_mutations_cf_missing_pick_online\smt_smt\run_001\component_066_events_0011_objects_0006.json,0,ONLINE_OK,NOT_RUN,fresh_offline_alignment,0,0,True,6,6,0,0,1.1554034000000684,26.14132729999983,,,,,,,,10,81.90341489999628,8.190341489999629,27.72340660000009,0,81.90341489999628,10,83.4941318000001,controlled_mutations_cf_missing_pick_online,smt_smt,1,,,,,,,,,,,,,,,,,,
component_067_events_0063_objects_0031.jsonocel,C:\Users\User\Documents\odacc\experiment_runs\20260920_104921\controlled_mutations_cf_missing_pick_online\smt_smt\run_001\component_067_events_0063_objects_0031.json,124,OBSERVATION_TIMEOUT,NOT_RUN,fresh_offline_alignment,0,0,True,0,0,0,0,0.13980409999930998,0.06124439999985043,,,,,,,,13,11.63906059999681,0.8953123538459085,1.4534110000004148,,11.63906059999681,13,72.1812205999995,controlled_mutations_cf_missing_pick_online,smt_smt,1,True,60.0,60.039358699999866,14,14,4,create_p-661091,create package,6,13,10,13,True,13,62,13,13,C:\Users\User\Documents\odacc\experiment_runs\20260920_104921\controlled_mutations_cf_missing_pick_online\smt_smt\run_001\component_067_events_0063_objects_0031.error.txt
component_068_events_0009_objects_0005.jsonocel,C:\Users\User\Documents\odacc\experiment_runs\20260920_104921\controlled_mutations_cf_missing_pick_online\smt_smt\run_001\component_068_events_0009_objects_0005.json,0,ONLINE_OK,NOT_RUN,fresh_offline_alignment,0,0,True,5,5,0,0,0.7066735000007611,4.883708900000784,,,,,,,,8,18.764016199998878,2.3455020249998597,5.8431724999991275,0,18.764016199998878,8,20.21013429999948,controlled_mutations_cf_missing_pick_online,smt_smt,1,,,,,,,,,,,,,,,,,,
component_001_events_0030_objects_0020.jsonocel,C:\Users\User\Documents\odacc\experiment_runs\20260920_104921\controlled_mutations_data_order_price_online\smt_smt\run_001\component_001_events_0030_objects_0020.json,124,OBSERVATION_TIMEOUT,NOT_RUN,fresh_offline_alignment,0,0,True,0,0,0,0,0.6023389000001771,1.0600653999990755,,,,,,,,26,36.62835720000112,1.4087829692308123,4.125937400000112,,36.62835720000112,26,97.43734419999964,controlled_mutations_data_order_price_online,smt_smt,1,True,60.0,60.074898299999404,27,27,5,create_p-660001,create package,16,27,20,26,True,26,30,26,26,C:\Users\User\Documents\odacc\experiment_runs\20260920_104921\controlled_mutations_data_order_price_online\smt_smt\run_001\component_001_events_0030_objects_0020.error.txt
component_002_events_0028_objects_0013.jsonocel,C:\Users\User\Documents\odacc\experiment_runs\20260920_104921\controlled_mutations_data_order_price_online\smt_smt\run_001\component_002_events_0028_objects_0013.json,124,OBSERVATION_TIMEOUT,NOT_RUN,fresh_offline_alignment,0,0,True,1,0,1,0,0.3941934000013134,0.37753019999945536,,,,,,,,17,68.42254839999623,4.024855788235072,22.439713499999925,,68.42254839999623,17,129.98756589999903,controlled_mutations_data_order_price_online,smt_smt,1,True,60.0,60.01935770000091,18,18,3,create_p-660003,create package,8,18,12,17,True,17,28,17,17,C:\Users\User\Documents\odacc\experiment_runs\20260920_104921\controlled_mutations_data_order_price_online\smt_smt\run_001\component_002_events_0028_objects_0013.error.txt
component_003_events_0022_objects_0011.jsonocel,C:\Users\User\Documents\odacc\experiment_runs\20260920_104921\controlled_mutations_data_order_price_online\smt_smt\run_001\component_003_events_0022_objects_0011.json,124,OBSERVATION_TIMEOUT,NOT_RUN,fresh_offline_alignment,0,0,True,0,0,0,0,2.067596599999888,43.76973960000032,,,,,,,,11,137.69185280000056,12.517441163636414,46.708714400001554,,137.69185280000056,11,198.30397950000042,controlled_mutations_data_order_price_online,smt_smt,1,True,60.0,60.06531580000046,12,12,1,reorder_i-880018,reorder item,1,12,9,11,True,11,22,11,11,C:\Users\User\Documents\odacc\experiment_runs\20260920_104921\controlled_mutations_data_order_price_online\smt_smt\run_001\component_003_events_0022_objects_0011.error.txt
component_004_events_0013_objects_0009.jsonocel,C:\Users\User\Documents\odacc\experiment_runs\20260920_104921\controlled_mutations_data_order_price_online\smt_smt\run_001\component_004_events_0013_objects_0009.json,124,OBSERVATION_TIMEOUT,NOT_RUN,fresh_offline_alignment,0,0,True,1,0,1,0,1.620883599998706,23.516369800001485,,,,,,,,10,72.67935759999637,7.267935759999636,25.652718399998776,,72.67935759999637,10,134.14200189999974,controlled_mutations_data_order_price_online,smt_smt,1,True,60.0,60.01410340000075,11,11,1,create_p-660004,create package,8,11,9,10,True,10,13,10,10,C:\Users\User\Documents\odacc\experiment_runs\20260920_104921\controlled_mutations_data_order_price_online\smt_smt\run_001\component_004_events_0013_objects_0009.error.txt
component_005_events_0035_objects_0016.jsonocel,C:\Users\User\Documents\odacc\experiment_runs\20260920_104921\controlled_mutations_data_order_price_online\smt_smt\run_001\component_005_events_0035_objects_0016.json,124,OBSERVATION_TIMEOUT,NOT_RUN,fresh_offline_alignment,0,0,True,0,0,0,0,1.6251011000003928,15.176565900001151,,,,,,,,10,70.43024830000468,7.043024830000467,18.27812450000056,,70.43024830000468,10,131.0735480000003,controlled_mutations_data_order_price_online,smt_smt,1,True,60.0,60.07412219999969,11,11,1,pick_i-880034,pick item,1,11,8,10,True,10,35,10,10,C:\Users\User\Documents\odacc\experiment_runs\20260920_104921\controlled_mutations_data_order_price_online\smt_smt\run_001\component_005_events_0035_objects_0016.error.txt
component_006_events_0031_objects_0015.jsonocel,C:\Users\User\Documents\odacc\experiment_runs\20260920_104921\controlled_mutations_data_order_price_online\smt_smt\run_001\component_006_events_0031_objects_0015.json,124,OBSERVATION_TIMEOUT,NOT_RUN,fresh_offline_alignment,0,0,True,0,0,0,0,0.22359429999960412,0.09697309999864956,,,,,,,,15,18.760014299999966,1.2506676199999978,2.432611400001406,,18.760014299999966,15,80.24188180000056,controlled_mutations_data_order_price_online,smt_smt,1,True,60.0,60.00383060000058,16,16,4,create_p-660006,create package,7,15,11,15,True,15,31,15,15,C:\Users\User\Documents\odacc\experiment_runs\20260920_104921\controlled_mutations_data_order_price_online\smt_smt\run_001\component_006_events_0031_objects_0015.error.txt
component_009_events_0015_objects_0008.jsonocel,C:\Users\User\Documents\odacc\experiment_runs\20260920_104921\controlled_mutations_data_order_price_online\smt_smt\run_001\component_009_events_0015_objects_0008.json,124,OBSERVATION_TIMEOUT,NOT_RUN,fresh_offline_alignment,0,0,True,0,0,0,0,1.995440900001995,32.73932409999907,,,,,,,,11,89.53277750000234,8.139343409091122,35.443852600001264,,89.53277750000234,11,150.18982380000125,controlled_mutations_data_order_price_online,smt_smt,1,True,60.0,60.0969855000003,12,12,1,send_p-660009,send package,7,12,8,11,True,11,15,11,11,C:\Users\User\Documents\odacc\experiment_runs\20260920_104921\controlled_mutations_data_order_price_online\smt_smt\run_001\component_009_events_0015_objects_0008.error.txt
component_011_events_0028_objects_0017.jsonocel,C:\Users\User\Documents\odacc\experiment_runs\20260920_104921\controlled_mutations_data_order_price_online\smt_smt\run_001\component_011_events_0028_objects_0017.json,124,OBSERVATION_TIMEOUT,NOT_RUN,fresh_offline_alignment,0,0,True,0,0,0,0,0.5417452000001504,0.6687280000005558,,,,,,,,22,80.74628240000675,3.6702855636366705,27.831293499999447,,80.74628240000675,22,142.39897669999846,controlled_mutations_data_order_price_online,smt_smt,1,True,60.0,60.02639479999925,23,23,4,create_p-660011,create package,14,23,17,22,True,22,28,22,22,C:\Users\User\Documents\odacc\experiment_runs\20260920_104921\controlled_mutations_data_order_price_online\smt_smt\run_001\component_011_events_0028_objects_0017.error.txt
component_014_events_0102_objects_0053.jsonocel,C:\Users\User\Documents\odacc\experiment_runs\20260920_104921\controlled_mutations_data_order_price_online\smt_smt\run_001\component_014_events_0102_objects_0053.json,124,OBSERVATION_TIMEOUT,NOT_RUN,fresh_offline_alignment,0,0,True,0,0,0,0,0.38941200000044773,0.44041610000203946,,,,,,,,11,8.55395600000702,0.7776323636370018,0.9537380000001576,,8.55395600000702,11,69.11628109999947,controlled_mutations_data_order_price_online,smt_smt,1,True,60.0,60.04981499999849,12,12,3,create_p-660015,create package,5,12,9,11,True,11,102,11,11,C:\Users\User\Documents\odacc\experiment_runs\20260920_104921\controlled_mutations_data_order_price_online\smt_smt\run_001\component_014_events_0102_objects_0053.error.txt
component_020_events_0022_objects_0009.jsonocel,C:\Users\User\Documents\odacc\experiment_runs\20260920_104921\controlled_mutations_data_order_price_online\smt_smt\run_001\component_020_events_0022_objects_0009.json,124,OBSERVATION_TIMEOUT,NOT_RUN,fresh_offline_alignment,0,0,True,0,0,0,0,1.7206846000008227,40.504926099998556,,,,,,,,11,109.45626029999403,9.950569118181276,42.85734189999857,,109.45626029999403,11,171.0051983000012,controlled_mutations_data_order_price_online,smt_smt,1,True,60.0,60.06389529999797,12,12,1,create_p-660027,create package,8,12,9,11,True,11,22,11,11,C:\Users\User\Documents\odacc\experiment_runs\20260920_104921\controlled_mutations_data_order_price_online\smt_smt\run_001\component_020_events_0022_objects_0009.error.txt
component_021_events_0013_objects_0005.jsonocel,C:\Users\User\Documents\odacc\experiment_runs\20260920_104921\controlled_mutations_data_order_price_online\smt_smt\run_001\component_021_events_0013_objects_0005.json,0,ONLINE_OK,NOT_RUN,fresh_offline_alignment,0,0,True,1,0,1,0,0.9314094000001205,24.673155600001337,,,,,,,,13,71.39917060000153,5.49224389230781,26.46618049999961,0,71.39917060000153,13,72.23942729999908,controlled_mutations_data_order_price_online,smt_smt,1,,,,,,,,,,,,,,,,,,
component_024_events_0010_objects_0005.jsonocel,C:\Users\User\Documents\odacc\experiment_runs\20260920_104921\controlled_mutations_data_order_price_online\smt_smt\run_001\component_024_events_0010_objects_0005.json,0,ONLINE_OK,NOT_RUN,fresh_offline_alignment,0,0,True,1,0,1,0,0.8670407999998133,12.102811400000064,,,,,,,,10,35.153335900002276,3.5153335900002274,13.373271500000556,0,35.153335900002276,10,35.91706129999875,controlled_mutations_data_order_price_online,smt_smt,1,,,,,,,,,,,,,,,,,,
component_028_events_0012_objects_0008.jsonocel,C:\Users\User\Documents\odacc\experiment_runs\20260920_104921\controlled_mutations_data_order_price_online\smt_smt\run_001\component_028_events_0012_objects_0008.json,124,OBSERVATION_TIMEOUT,NOT_RUN,fresh_offline_alignment,0,0,True,0,0,0,0,1.807050999999774,31.053320899998653,,,,,,,,9,60.37625450000996,6.70847272222333,33.462254800000665,,60.37625450000996,9,120.985719100001,controlled_mutations_data_order_price_online,smt_smt,1,True,60.0,60.02577200000087,10,10,1,send_p-660133,send package,7,10,8,9,True,9,12,9,9,C:\Users\User\Documents\odacc\experiment_runs\20260920_104921\controlled_mutations_data_order_price_online\smt_smt\run_001\component_028_events_0012_objects_0008.error.txt
component_029_events_0021_objects_0010.jsonocel,C:\Users\User\Documents\odacc\experiment_runs\20260920_104921\controlled_mutations_data_order_price_online\smt_smt\run_001\component_029_events_0021_objects_0010.json,124,OBSERVATION_TIMEOUT,NOT_RUN,fresh_offline_alignment,0,0,True,0,0,0,0,2.3262321000001975,25.848562399998627,,,,,,,,10,77.40263400000549,7.740263400000549,29.035785500000202,,77.40263400000549,10,138.90832149999915,controlled_mutations_data_order_price_online,smt_smt,1,True,60.0,60.03333779999957,11,11,1,reorder_i-881050,reorder item,1,11,9,10,True,10,21,10,10,C:\Users\User\Documents\odacc\experiment_runs\20260920_104921\controlled_mutations_data_order_price_online\smt_smt\run_001\component_029_events_0021_objects_0010.error.txt
component_030_events_0061_objects_0033.jsonocel,C:\Users\User\Documents\odacc\experiment_runs\20260920_104921\controlled_mutations_data_order_price_online\smt_smt\run_001\component_030_events_0061_objects_0033.json,124,OBSERVATION_TIMEOUT,NOT_RUN,fresh_offline_alignment,0,0,True,0,0,0,0,0.38147119999848655,0.5349178000033135,,,,,,,,10,14.778557700003148,1.4778557700003148,3.2378682999988087,,14.778557700003148,10,75.4161516000022,controlled_mutations_data_order_price_online,smt_smt,1,True,60.0,60.10024639999756,11,11,3,create_p-660186,create package,5,11,12,10,True,10,61,10,10,C:\Users\User\Documents\odacc\experiment_runs\20260920_104921\controlled_mutations_data_order_price_online\smt_smt\run_001\component_030_events_0061_objects_0033.error.txt
component_031_events_0009_objects_0005.jsonocel,C:\Users\User\Documents\odacc\experiment_runs\20260920_104921\controlled_mutations_data_order_price_online\smt_smt\run_001\component_031_events_0009_objects_0005.json,0,ONLINE_OK,NOT_RUN,fresh_offline_alignment,0,0,True,1,0,1,0,0.7600636000024679,5.790608499999507,,,,,,,,9,18.773097499994037,2.08589972222156,6.8660766999964835,0,18.773097499994037,9,20.212373000002117,controlled_mutations_data_order_price_online,smt_smt,1,,,,,,,,,,,,,,,,,,
component_032_events_0007_objects_0003.jsonocel,C:\Users\User\Documents\odacc\experiment_runs\20260920_104921\controlled_mutations_data_order_price_online\smt_smt\run_001\component_032_events_0007_objects_0003.json,0,ONLINE_OK,NOT_RUN,fresh_offline_alignment,0,0,True,1,0,1,0,0.2617514999983541,0.4764747000008356,,,,,,,,7,3.6660153000011633,0.5237164714287376,0.8752181999989261,0,3.6660153000011633,7,4.136514099998749,controlled_mutations_data_order_price_online,smt_smt,1,,,,,,,,,,,,,,,,,,
component_036_events_0017_objects_0008.jsonocel,C:\Users\User\Documents\odacc\experiment_runs\20260920_104921\controlled_mutations_data_order_price_online\smt_smt\run_001\component_036_events_0017_objects_0008.json,124,OBSERVATION_TIMEOUT,NOT_RUN,fresh_offline_alignment,0,0,True,2,2,0,0,1.8609068000005209,43.965596999998525,,,,,,,,9,63.98022149999815,7.108913499999795,46.44381399999838,,63.98022149999815,9,125.48671349999859,controlled_mutations_data_order_price_online,smt_smt,1,True,60.0,60.04713169999741,10,10,3,send_p-660296,send package,6,10,8,9,True,9,17,9,9,C:\Users\User\Documents\odacc\experiment_runs\20260920_104921\controlled_mutations_data_order_price_online\smt_smt\run_001\component_036_events_0017_objects_0008.error.txt
component_037_events_0012_objects_0006.jsonocel,C:\Users\User\Documents\odacc\experiment_runs\20260920_104921\controlled_mutations_data_order_price_online\smt_smt\run_001\component_037_events_0012_objects_0006.json,0,ONLINE_OK,NOT_RUN,fresh_offline_alignment,0,0,True,1,0,1,0,1.4106470000006084,43.78233910000199,,,,,,,,12,88.68273330000011,7.390227775000009,46.11904620000132,0,88.68273330000011,12,89.2464218999994,controlled_mutations_data_order_price_online,smt_smt,1,,,,,,,,,,,,,,,,,,
component_038_events_0008_objects_0004.jsonocel,C:\Users\User\Documents\odacc\experiment_runs\20260920_104921\controlled_mutations_data_order_price_online\smt_smt\run_001\component_038_events_0008_objects_0004.json,0,ONLINE_OK,NOT_RUN,fresh_offline_alignment,0,0,True,1,0,1,0,0.4720004000009794,1.345985699997982,,,,,,,,8,7.684286500003509,0.9605358125004386,2.027373600001738,0,7.684286500003509,8,9.080031400000735,controlled_mutations_data_order_price_online,smt_smt,1,,,,,,,,,,,,,,,,,,
component_042_events_0009_objects_0005.jsonocel,C:\Users\User\Documents\odacc\experiment_runs\20260920_104921\controlled_mutations_data_order_price_online\smt_smt\run_001\component_042_events_0009_objects_0005.json,0,ONLINE_OK,NOT_RUN,fresh_offline_alignment,0,0,True,1,0,1,0,0.758961299998191,7.321673399997962,,,,,,,,9,20.509380299998156,2.2788200333331283,8.368491500001255,0,20.509380299998156,9,21.010163400002057,controlled_mutations_data_order_price_online,smt_smt,1,,,,,,,,,,,,,,,,,,
component_048_events_0011_objects_0007.jsonocel,C:\Users\User\Documents\odacc\experiment_runs\20260920_104921\controlled_mutations_data_order_price_online\smt_smt\run_001\component_048_events_0011_objects_0007.json,0,ONLINE_OK,NOT_RUN,fresh_offline_alignment,0,0,True,1,0,1,0,1.59056050000072,52.079542699997546,,,,,,,,11,103.8982382000031,9.445294381818464,54.40235240000038,0,103.8982382000031,11,105.39490989999831,controlled_mutations_data_order_price_online,smt_smt,1,,,,,,,,,,,,,,,,,,
component_050_events_0008_objects_0004.jsonocel,C:\Users\User\Documents\odacc\experiment_runs\20260920_104921\controlled_mutations_data_order_price_online\smt_smt\run_001\component_050_events_0008_objects_0004.json,0,ONLINE_OK,NOT_RUN,fresh_offline_alignment,0,0,True,1,0,1,0,0.46955349999916507,1.7936298999993596,,,,,,,,8,8.43177029999788,1.053971287499735,2.4697879000013927,0,8.43177029999788,8,8.959008599998924,controlled_mutations_data_order_price_online,smt_smt,1,,,,,,,,,,,,,,,,,,
component_051_events_0011_objects_0007.jsonocel,C:\Users\User\Documents\odacc\experiment_runs\20260920_104921\controlled_mutations_data_order_price_online\smt_smt\run_001\component_051_events_0011_objects_0007.json,0,ONLINE_OK,NOT_RUN,fresh_offline_alignment,0,0,True,1,0,1,0,1.6074618999991799,40.45574750000014,,,,,,,,11,109.75781659999484,9.977983327272257,42.88725619999968,0,109.75781659999484,11,110.41204140000264,controlled_mutations_data_order_price_online,smt_smt,1,,,,,,,,,,,,,,,,,,
component_057_events_0011_objects_0005.jsonocel,C:\Users\User\Documents\odacc\experiment_runs\20260920_104921\controlled_mutations_data_order_price_online\smt_smt\run_001\component_057_events_0011_objects_0005.json,0,ONLINE_OK,NOT_RUN,fresh_offline_alignment,0,0,True,1,0,1,0,0.8966886999987764,9.081120499999088,,,,,,,,11,29.337039799997,2.6670036181815457,10.3768029999992,0,29.337039799997,11,29.958766400002787,controlled_mutations_data_order_price_online,smt_smt,1,,,,,,,,,,,,,,,,,,
component_058_events_0009_objects_0005.jsonocel,C:\Users\User\Documents\odacc\experiment_runs\20260920_104921\controlled_mutations_data_order_price_online\smt_smt\run_001\component_058_events_0009_objects_0005.json,0,ONLINE_OK,NOT_RUN,fresh_offline_alignment,0,0,True,1,0,1,0,0.7628486000030534,5.652927099999943,,,,,,,,9,18.23363260000042,2.0259591777778243,6.705535600001895,0,18.23363260000042,9,18.80469449999873,controlled_mutations_data_order_price_online,smt_smt,1,,,,,,,,,,,,,,,,,,
component_059_events_0010_objects_0006.jsonocel,C:\Users\User\Documents\odacc\experiment_runs\20260920_104921\controlled_mutations_data_order_price_online\smt_smt\run_001\component_059_events_0010_objects_0006.json,0,ONLINE_OK,NOT_RUN,fresh_offline_alignment,0,0,True,1,0,1,0,1.1412982999972883,17.435626300000877,,,,,,,,10,41.399508300008165,4.139950830000816,19.0717865000006,0,41.399508300008165,10,42.01091280000037,controlled_mutations_data_order_price_online,smt_smt,1,,,,,,,,,,,,,,,,,,
component_061_events_0007_objects_0003.jsonocel,C:\Users\User\Documents\odacc\experiment_runs\20260920_104921\controlled_mutations_data_order_price_online\smt_smt\run_001\component_061_events_0007_objects_0003.json,0,ONLINE_OK,NOT_RUN,fresh_offline_alignment,0,0,True,1,0,1,0,0.2613755999991554,0.5289725000002363,,,,,,,,7,3.6103846000041813,0.5157692285720259,0.9224414000018442,0,3.6103846000041813,7,5.038419000000431,controlled_mutations_data_order_price_online,smt_smt,1,,,,,,,,,,,,,,,,,,
component_063_events_0035_objects_0019.jsonocel,C:\Users\User\Documents\odacc\experiment_runs\20260920_104921\controlled_mutations_data_order_price_online\smt_smt\run_001\component_063_events_0035_objects_0019.json,124,OBSERVATION_TIMEOUT,NOT_RUN,fresh_offline_alignment,0,0,True,1,0,1,0,0.1697481000010157,0.16512630000215722,,,,,,,,22,12.714510100002371,0.577932277272835,0.8885086000009323,,12.714510100002371,22,73.4424958999989,controlled_mutations_data_order_price_online,smt_smt,1,True,60.0,60.01380599999902,23,23,6,create_p-661003,create package,10,23,18,22,True,22,35,22,22,C:\Users\User\Documents\odacc\experiment_runs\20260920_104921\controlled_mutations_data_order_price_online\smt_smt\run_001\component_063_events_0035_objects_0019.error.txt
component_064_events_0116_objects_0055.jsonocel,C:\Users\User\Documents\odacc\experiment_runs\20260920_104921\controlled_mutations_data_order_price_online\smt_smt\run_001\component_064_events_0116_objects_0055.json,124,OBSERVATION_TIMEOUT,NOT_RUN,fresh_offline_alignment,0,0,True,0,0,0,0,2.5101537000009557,8.922835900000791,,,,,,,,15,68.13024090000545,4.542016060000363,12.421175399998901,,68.13024090000545,15,129.65702889999739,controlled_mutations_data_order_price_online,smt_smt,1,True,60.0,60.00112839999929,16,16,3,pick_i-887156,pick item,1,9,11,15,True,15,116,15,15,C:\Users\User\Documents\odacc\experiment_runs\20260920_104921\controlled_mutations_data_order_price_online\smt_smt\run_001\component_064_events_0116_objects_0055.error.txt
component_065_events_0098_objects_0050.jsonocel,C:\Users\User\Documents\odacc\experiment_runs\20260920_104921\controlled_mutations_data_order_price_online\smt_smt\run_001\component_065_events_0098_objects_0050.json,124,OBSERVATION_TIMEOUT,NOT_RUN,fresh_offline_alignment,0,0,True,1,0,1,0,0.6046223000012105,0.8469705000024987,,,,,,,,17,17.645439500014618,1.0379670294126246,1.7438507000006211,,17.645439500014618,17,78.32230830000117,controlled_mutations_data_order_price_online,smt_smt,1,True,60.0,60.074589100000594,18,18,4,create_p-661073,create package,8,18,15,17,True,17,98,17,17,C:\Users\User\Documents\odacc\experiment_runs\20260920_104921\controlled_mutations_data_order_price_online\smt_smt\run_001\component_065_events_0098_objects_0050.error.txt
component_066_events_0011_objects_0006.jsonocel,C:\Users\User\Documents\odacc\experiment_runs\20260920_104921\controlled_mutations_data_order_price_online\smt_smt\run_001\component_066_events_0011_objects_0006.json,0,ONLINE_OK,NOT_RUN,fresh_offline_alignment,0,0,True,1,0,1,0,1.3277726999986044,17.219189699997514,,,,,,,,11,69.3527353999998,6.304794127272709,19.180103799997596,0,69.3527353999998,11,70.8914466999995,controlled_mutations_data_order_price_online,smt_smt,1,,,,,,,,,,,,,,,,,,
component_067_events_0063_objects_0031.jsonocel,C:\Users\User\Documents\odacc\experiment_runs\20260920_104921\controlled_mutations_data_order_price_online\smt_smt\run_001\component_067_events_0063_objects_0031.json,124,OBSERVATION_TIMEOUT,NOT_RUN,fresh_offline_alignment,0,0,True,0,0,0,0,0.13845740000033402,0.05060290000255918,,,,,,,,13,11.872675400012668,0.9132827230778975,1.5851228999999876,,11.872675400012668,13,72.48633320000226,controlled_mutations_data_order_price_online,smt_smt,1,True,60.0,60.024150099998224,14,14,4,create_p-661091,create package,6,13,10,13,True,13,63,13,13,C:\Users\User\Documents\odacc\experiment_runs\20260920_104921\controlled_mutations_data_order_price_online\smt_smt\run_001\component_067_events_0063_objects_0031.error.txt
component_068_events_0009_objects_0005.jsonocel,C:\Users\User\Documents\odacc\experiment_runs\20260920_104921\controlled_mutations_data_order_price_online\smt_smt\run_001\component_068_events_0009_objects_0005.json,0,ONLINE_OK,NOT_RUN,fresh_offline_alignment,0,0,True,1,0,1,0,0.7579230000010284,4.115647700000409,,,,,,,,9,15.966638499994588,1.7740709444438432,5.179851000000781,0,15.966638499994588,9,17.41636110000036,controlled_mutations_data_order_price_online,smt_smt,1,,,,,,,,,,,,,,,,,,
component_001_events_0030_objects_0020.jsonocel,C:\Users\User\Documents\odacc\experiment_runs\20260920_104921\controlled_mutations_data_package_weight_online\smt_smt\run_001\component_001_events_0030_objects_0020.json,124,OBSERVATION_TIMEOUT,NOT_RUN,fresh_offline_alignment,0,0,True,0,0,0,0,0.6115896000010252,1.577162200002931,,,,,,,,26,35.08564670000851,1.3494479500003274,4.789957300003152,,35.08564670000851,26,95.90828820000024,controlled_mutations_data_package_weight_online,smt_smt,1,True,60.0,60.08318900000086,27,27,5,create_p-660001,create package,16,27,20,26,True,26,30,26,26,C:\Users\User\Documents\odacc\experiment_runs\20260920_104921\controlled_mutations_data_package_weight_online\smt_smt\run_001\component_001_events_0030_objects_0020.error.txt
component_002_events_0028_objects_0013.jsonocel,C:\Users\User\Documents\odacc\experiment_runs\20260920_104921\controlled_mutations_data_package_weight_online\smt_smt\run_001\component_002_events_0028_objects_0013.json,124,OBSERVATION_TIMEOUT,NOT_RUN,fresh_offline_alignment,0,0,True,0,0,0,0,0.3990976999994018,0.42393929999889224,,,,,,,,17,66.57767989999775,3.9163341117645736,17.23663899999883,,66.57767989999775,17,128.1832761000005,controlled_mutations_data_package_weight_online,smt_smt,1,True,60.0,60.008803000000626,18,18,3,create_p-660003,create package,8,18,12,17,True,17,28,17,17,C:\Users\User\Documents\odacc\experiment_runs\20260920_104921\controlled_mutations_data_package_weight_online\smt_smt\run_001\component_002_events_0028_objects_0013.error.txt
component_003_events_0022_objects_0011.jsonocel,C:\Users\User\Documents\odacc\experiment_runs\20260920_104921\controlled_mutations_data_package_weight_online\smt_smt\run_001\component_003_events_0022_objects_0011.json,124,OBSERVATION_TIMEOUT,NOT_RUN,fresh_offline_alignment,0,0,True,0,0,0,0,2.0890239000000292,39.31132509999952,,,,,,,,11,112.93891520000034,10.26717410909094,42.106184100000974,,112.93891520000034,11,173.56004830000165,controlled_mutations_data_package_weight_online,smt_smt,1,True,60.0,60.068494200000714,12,12,1,reorder_i-880018,reorder item,1,12,9,11,True,11,22,11,11,C:\Users\User\Documents\odacc\experiment_runs\20260920_104921\controlled_mutations_data_package_weight_online\smt_smt\run_001\component_003_events_0022_objects_0011.error.txt
component_004_events_0013_objects_0009.jsonocel,C:\Users\User\Documents\odacc\experiment_runs\20260920_104921\controlled_mutations_data_package_weight_online\smt_smt\run_001\component_004_events_0013_objects_0009.json,124,OBSERVATION_TIMEOUT,NOT_RUN,fresh_offline_alignment,0,0,True,0,0,0,0,1.6409167999991041,16.017098599997553,,,,,,,,10,71.53884459999972,7.153884459999972,18.140093300000444,,71.53884459999972,10,133.04198820000238,controlled_mutations_data_package_weight_online,smt_smt,1,True,60.0,60.01901910000015,11,11,1,create_p-660004,create package,8,11,9,10,True,10,13,10,10,C:\Users\User\Documents\odacc\experiment_runs\20260920_104921\controlled_mutations_data_package_weight_online\smt_smt\run_001\component_004_events_0013_objects_0009.error.txt
component_005_events_0035_objects_0016.jsonocel,C:\Users\User\Documents\odacc\experiment_runs\20260920_104921\controlled_mutations_data_package_weight_online\smt_smt\run_001\component_005_events_0035_objects_0016.json,124,OBSERVATION_TIMEOUT,NOT_RUN,fresh_offline_alignment,0,0,True,0,0,0,0,1.8153989000020374,7.693187799999578,,,,,,,,12,135.87485620000007,11.32290468333334,56.363583800000924,,135.87485620000007,12,196.53826449999906,controlled_mutations_data_package_weight_online,smt_smt,1,True,60.0,60.07799860000159,13,13,1,pay_o-990007,pay order,8,13,8,12,True,12,35,12,12,C:\Users\User\Documents\odacc\experiment_runs\20260920_104921\controlled_mutations_data_package_weight_online\smt_smt\run_001\component_005_events_0035_objects_0016.error.txt
component_006_events_0031_objects_0015.jsonocel,C:\Users\User\Documents\odacc\experiment_runs\20260920_104921\controlled_mutations_data_package_weight_online\smt_smt\run_001\component_006_events_0031_objects_0015.json,124,OBSERVATION_TIMEOUT,NOT_RUN,fresh_offline_alignment,0,0,True,0,0,0,0,0.22513770000296063,0.09039739999934682,,,,,,,,15,17.849695800003246,1.1899797200002165,1.9670212000019092,,17.849695800003246,15,79.4169531999978,controlled_mutations_data_package_weight_online,smt_smt,1,True,60.0,60.067831899999874,16,16,4,create_p-660006,create package,7,15,11,15,True,15,31,15,15,C:\Users\User\Documents\odacc\experiment_runs\20260920_104921\controlled_mutations_data_package_weight_online\smt_smt\run_001\component_006_events_0031_objects_0015.error.txt
component_009_events_0015_objects_0008.jsonocel,C:\Users\User\Documents\odacc\experiment_runs\20260920_104921\controlled_mutations_data_package_weight_online\smt_smt\run_001\component_009_events_0015_objects_0008.json,124,OBSERVATION_TIMEOUT,NOT_RUN,fresh_offline_alignment,0,0,True,1,0,1,0,2.0335878000005323,38.10270990000208,,,,,,,,11,89.09462430000349,8.099511300000318,41.23047620000216,,89.09462430000349,11,149.63933339999858,controlled_mutations_data_package_weight_online,smt_smt,1,True,60.0,60.01299479999943,12,12,1,send_p-660009,send package,7,12,8,11,True,11,15,11,11,C:\Users\User\Documents\odacc\experiment_runs\20260920_104921\controlled_mutations_data_package_weight_online\smt_smt\run_001\component_009_events_0015_objects_0008.error.txt
component_011_events_0028_objects_0017.jsonocel,C:\Users\User\Documents\odacc\experiment_runs\20260920_104921\controlled_mutations_data_package_weight_online\smt_smt\run_001\component_011_events_0028_objects_0017.json,124,OBSERVATION_TIMEOUT,NOT_RUN,fresh_offline_alignment,0,0,True,0,0,0,0,0.5427510000008624,0.8388722000017879,,,,,,,,22,46.02490200000466,2.092041000000212,8.167686499997217,,46.02490200000466,22,107.77338109999982,controlled_mutations_data_package_weight_online,smt_smt,1,True,60.0,60.0757635000009,23,23,4,create_p-660011,create package,14,23,17,22,True,22,28,22,22,C:\Users\User\Documents\odacc\experiment_runs\20260920_104921\controlled_mutations_data_package_weight_online\smt_smt\run_001\component_011_events_0028_objects_0017.error.txt
component_014_events_0102_objects_0053.jsonocel,C:\Users\User\Documents\odacc\experiment_runs\20260920_104921\controlled_mutations_data_package_weight_online\smt_smt\run_001\component_014_events_0102_objects_0053.json,124,OBSERVATION_TIMEOUT,NOT_RUN,fresh_offline_alignment,0,0,True,0,0,0,0,0.3844174000005296,0.48505759999898146,,,,,,,,11,8.302106200007984,0.7547369272734531,0.9857234000010067,,8.302106200007984,11,68.90118289999737,controlled_mutations_data_package_weight_online,smt_smt,1,True,60.0,60.078632599997945,12,12,3,create_p-660015,create package,5,12,9,11,True,11,102,11,11,C:\Users\User\Documents\odacc\experiment_runs\20260920_104921\controlled_mutations_data_package_weight_online\smt_smt\run_001\component_014_events_0102_objects_0053.error.txt
component_020_events_0022_objects_0009.jsonocel,C:\Users\User\Documents\odacc\experiment_runs\20260920_104921\controlled_mutations_data_package_weight_online\smt_smt\run_001\component_020_events_0022_objects_0009.json,124,OBSERVATION_TIMEOUT,NOT_RUN,fresh_offline_alignment,0,0,True,0,0,0,0,1.7046212000022933,32.84862140000041,,,,,,,,11,93.09621269999843,8.46329206363622,35.128691800000524,,93.09621269999843,11,154.68299939999997,controlled_mutations_data_package_weight_online,smt_smt,1,True,60.0,60.078232100000605,12,12,1,create_p-660027,create package,8,12,9,11,True,11,22,11,11,C:\Users\User\Documents\odacc\experiment_runs\20260920_104921\controlled_mutations_data_package_weight_online\smt_smt\run_001\component_020_events_0022_objects_0009.error.txt
component_021_events_0013_objects_0005.jsonocel,C:\Users\User\Documents\odacc\experiment_runs\20260920_104921\controlled_mutations_data_package_weight_online\smt_smt\run_001\component_021_events_0013_objects_0005.json,0,ONLINE_OK,NOT_RUN,fresh_offline_alignment,0,0,True,1,0,1,0,0.9307744999969145,16.282995800000208,,,,,,,,13,52.06766470000366,4.005204976923358,17.88679029999912,0,52.06766470000366,13,52.74421019999863,controlled_mutations_data_package_weight_online,smt_smt,1,,,,,,,,,,,,,,,,,,
component_024_events_0010_objects_0005.jsonocel,C:\Users\User\Documents\odacc\experiment_runs\20260920_104921\controlled_mutations_data_package_weight_online\smt_smt\run_001\component_024_events_0010_objects_0005.json,0,ONLINE_OK,NOT_RUN,fresh_offline_alignment,0,0,True,1,0,1,0,0.8528804000015953,8.014594500000385,,,,,,,,10,42.642300899991824,4.264230089999183,11.241091599997162,0,42.642300899991824,10,43.18532819999746,controlled_mutations_data_package_weight_online,smt_smt,1,,,,,,,,,,,,,,,,,,
component_028_events_0012_objects_0008.jsonocel,C:\Users\User\Documents\odacc\experiment_runs\20260920_104921\controlled_mutations_data_package_weight_online\smt_smt\run_001\component_028_events_0012_objects_0008.json,124,OBSERVATION_TIMEOUT,NOT_RUN,fresh_offline_alignment,0,0,True,1,0,1,0,1.9771504999989702,32.04879339999752,,,,,,,,10,70.05434920001062,7.005434920001062,34.88040660000115,,70.05434920001062,10,131.58962809999866,controlled_mutations_data_package_weight_online,smt_smt,1,True,60.0,60.035253699999885,11,11,1,deliver_p-660133,package delivered,7,11,8,10,True,10,12,10,10,C:\Users\User\Documents\odacc\experiment_runs\20260920_104921\controlled_mutations_data_package_weight_online\smt_smt\run_001\component_028_events_0012_objects_0008.error.txt
component_029_events_0021_objects_0010.jsonocel,C:\Users\User\Documents\odacc\experiment_runs\20260920_104921\controlled_mutations_data_package_weight_online\smt_smt\run_001\component_029_events_0021_objects_0010.json,124,OBSERVATION_TIMEOUT,NOT_RUN,fresh_offline_alignment,0,0,True,1,0,1,0,2.3818261999986134,25.18511650000073,,,,,,,,10,64.83251330000348,6.483251330000348,28.535096600000543,,64.83251330000348,10,125.43556609999723,controlled_mutations_data_package_weight_online,smt_smt,1,True,60.0,60.06525379999948,11,11,1,reorder_i-881050,reorder item,1,11,9,10,True,10,21,10,10,C:\Users\User\Documents\odacc\experiment_runs\20260920_104921\controlled_mutations_data_package_weight_online\smt_smt\run_001\component_029_events_0021_objects_0010.error.txt
component_030_events_0061_objects_0033.jsonocel,C:\Users\User\Documents\odacc\experiment_runs\20260920_104921\controlled_mutations_data_package_weight_online\smt_smt\run_001\component_030_events_0061_objects_0033.json,124,OBSERVATION_TIMEOUT,NOT_RUN,fresh_offline_alignment,0,0,True,0,0,0,0,0.3869468999982928,0.41795749999801046,,,,,,,,10,14.975311200007127,1.4975311200007126,3.2501986999996006,,14.975311200007127,10,76.45381569999881,controlled_mutations_data_package_weight_online,smt_smt,1,True,60.0,60.04737960000057,11,11,3,create_p-660186,create package,5,11,12,10,True,10,61,10,10,C:\Users\User\Documents\odacc\experiment_runs\20260920_104921\controlled_mutations_data_package_weight_online\smt_smt\run_001\component_030_events_0061_objects_0033.error.txt
component_031_events_0009_objects_0005.jsonocel,C:\Users\User\Documents\odacc\experiment_runs\20260920_104921\controlled_mutations_data_package_weight_online\smt_smt\run_001\component_031_events_0009_objects_0005.json,0,ONLINE_OK,NOT_RUN,fresh_offline_alignment,0,0,True,1,0,1,0,0.7874420000007376,3.9556276999974216,,,,,,,,9,16.460373600006278,1.8289304000006976,5.090591800002585,0,16.460373600006278,9,16.97718370000075,controlled_mutations_data_package_weight_online,smt_smt,1,,,,,,,,,,,,,,,,,,
component_032_events_0007_objects_0003.jsonocel,C:\Users\User\Documents\odacc\experiment_runs\20260920_104921\controlled_mutations_data_package_weight_online\smt_smt\run_001\component_032_events_0007_objects_0003.json,0,ONLINE_OK,NOT_RUN,fresh_offline_alignment,0,0,True,1,0,1,0,0.2613502999993216,0.7821127999995952,,,,,,,,7,3.8165257000036945,0.545217957143385,1.1781507000014244,0,3.8165257000036945,7,4.206006000000343,controlled_mutations_data_package_weight_online,smt_smt,1,,,,,,,,,,,,,,,,,,
component_036_events_0017_objects_0008.jsonocel,C:\Users\User\Documents\odacc\experiment_runs\20260920_104921\controlled_mutations_data_package_weight_online\smt_smt\run_001\component_036_events_0017_objects_0008.json,124,OBSERVATION_TIMEOUT,NOT_RUN,fresh_offline_alignment,0,0,True,1,0,1,0,1.7367659000010462,6.872738800000661,,,,,,,,8,15.055597399998078,1.8819496749997597,9.11410640000031,,15.055597399998078,8,76.55308220000006,controlled_mutations_data_package_weight_online,smt_smt,1,True,60.0,60.042082399999344,9,9,3,confirm_o-990534,confirm order,5,9,8,8,True,8,17,8,8,C:\Users\User\Documents\odacc\experiment_runs\20260920_104921\controlled_mutations_data_package_weight_online\smt_smt\run_001\component_036_events_0017_objects_0008.error.txt
component_037_events_0012_objects_0006.jsonocel,C:\Users\User\Documents\odacc\experiment_runs\20260920_104921\controlled_mutations_data_package_weight_online\smt_smt\run_001\component_037_events_0012_objects_0006.json,0,ONLINE_OK,NOT_RUN,fresh_offline_alignment,0,0,True,1,0,1,0,1.4779166000007535,35.519922499999666,,,,,,,,12,98.0251062999996,8.1687588583333,37.80078489999869,0,98.0251062999996,12,98.55207599999994,controlled_mutations_data_package_weight_online,smt_smt,1,,,,,,,,,,,,,,,,,,
component_038_events_0008_objects_0004.jsonocel,C:\Users\User\Documents\odacc\experiment_runs\20260920_104921\controlled_mutations_data_package_weight_online\smt_smt\run_001\component_038_events_0008_objects_0004.json,0,ONLINE_OK,NOT_RUN,fresh_offline_alignment,0,0,True,1,0,1,0,0.4816386999991664,2.626976799998374,,,,,,,,8,9.59124470000097,1.1989055875001213,3.3500566000002436,0,9.59124470000097,8,10.982441699998162,controlled_mutations_data_package_weight_online,smt_smt,1,,,,,,,,,,,,,,,,,,
component_042_events_0009_objects_0005.jsonocel,C:\Users\User\Documents\odacc\experiment_runs\20260920_104921\controlled_mutations_data_package_weight_online\smt_smt\run_001\component_042_events_0009_objects_0005.json,0,ONLINE_OK,NOT_RUN,fresh_offline_alignment,0,0,True,1,0,1,0,0.7889625999996497,4.7489390000009735,,,,,,,,9,18.978549799994653,2.1087277555549613,5.890679399999499,0,18.978549799994653,9,19.473895600000105,controlled_mutations_data_package_weight_online,smt_smt,1,,,,,,,,,,,,,,,,,,
component_048_events_0011_objects_0007.jsonocel,C:\Users\User\Documents\odacc\experiment_runs\20260920_104921\controlled_mutations_data_package_weight_online\smt_smt\run_001\component_048_events_0011_objects_0007.json,0,ONLINE_OK,NOT_RUN,fresh_offline_alignment,0,0,True,1,0,1,0,1.6554990000004182,50.6673206000014,,,,,,,,11,89.18278159999318,8.107525599999379,53.06798549999803,0,89.18278159999318,11,89.69987309999851,controlled_mutations_data_package_weight_online,smt_smt,1,,,,,,,,,,,,,,,,,,
component_050_events_0008_objects_0004.jsonocel,C:\Users\User\Documents\odacc\experiment_runs\20260920_104921\controlled_mutations_data_package_weight_online\smt_smt\run_001\component_050_events_0008_objects_0004.json,0,ONLINE_OK,NOT_RUN,fresh_offline_alignment,0,0,True,1,0,1,0,0.4806650999998965,1.395138700001553,,,,,,,,8,7.806973700000526,0.9758717125000658,2.083414900000207,0,7.806973700000526,8,9.265383699999802,controlled_mutations_data_package_weight_online,smt_smt,1,,,,,,,,,,,,,,,,,,
component_051_events_0011_objects_0007.jsonocel,C:\Users\User\Documents\odacc\experiment_runs\20260920_104921\controlled_mutations_data_package_weight_online\smt_smt\run_001\component_051_events_0011_objects_0007.json,124,OBSERVATION_TIMEOUT,NOT_RUN,fresh_offline_alignment,0,0,True,1,0,1,0,1.6314404999975523,30.819623500003217,,,,,,,,10,78.56548789999943,7.856548789999943,33.10578440000245,,78.56548789999943,10,139.1198113999999,controlled_mutations_data_package_weight_online,smt_smt,1,True,60.0,60.03027379999912,11,11,1,pay_o-991324,pay order,6,11,7,10,True,10,11,10,10,C:\Users\User\Documents\odacc\experiment_runs\20260920_104921\controlled_mutations_data_package_weight_online\smt_smt\run_001\component_051_events_0011_objects_0007.error.txt
component_057_events_0011_objects_0005.jsonocel,C:\Users\User\Documents\odacc\experiment_runs\20260920_104921\controlled_mutations_data_package_weight_online\smt_smt\run_001\component_057_events_0011_objects_0005.json,0,ONLINE_OK,NOT_RUN,fresh_offline_alignment,0,0,True,1,0,1,0,0.9300629000026674,10.086059500001284,,,,,,,,11,30.85240149999663,2.8047637727269663,11.514070699999138,0,30.85240149999663,11,32.36507029999848,controlled_mutations_data_package_weight_online,smt_smt,1,,,,,,,,,,,,,,,,,,
component_058_events_0009_objects_0005.jsonocel,C:\Users\User\Documents\odacc\experiment_runs\20260920_104921\controlled_mutations_data_package_weight_online\smt_smt\run_001\component_058_events_0009_objects_0005.json,0,ONLINE_OK,NOT_RUN,fresh_offline_alignment,0,0,True,1,0,1,0,0.7993738999975903,5.493008099998406,,,,,,,,9,20.440331099995092,2.2711478999994545,6.607949899997038,0,20.440331099995092,9,20.98069570000007,controlled_mutations_data_package_weight_online,smt_smt,1,,,,,,,,,,,,,,,,,,
component_059_events_0010_objects_0006.jsonocel,C:\Users\User\Documents\odacc\experiment_runs\20260920_104921\controlled_mutations_data_package_weight_online\smt_smt\run_001\component_059_events_0010_objects_0006.json,0,ONLINE_OK,NOT_RUN,fresh_offline_alignment,0,0,True,1,0,1,0,1.183658199999627,11.634976599998481,,,,,,,,10,43.58621299999868,4.358621299999868,13.247433599997748,0,43.58621299999868,10,44.18305260000125,controlled_mutations_data_package_weight_online,smt_smt,1,,,,,,,,,,,,,,,,,,
component_061_events_0007_objects_0003.jsonocel,C:\Users\User\Documents\odacc\experiment_runs\20260920_104921\controlled_mutations_data_package_weight_online\smt_smt\run_001\component_061_events_0007_objects_0003.json,0,ONLINE_OK,NOT_RUN,fresh_offline_alignment,0,0,True,1,0,1,0,0.2621662000019569,0.6394886000016413,,,,,,,,7,3.7616527000027418,0.5373789571432488,1.0534841000007873,0,3.7616527000027418,7,4.207072699999117,controlled_mutations_data_package_weight_online,smt_smt,1,,,,,,,,,,,,,,,,,,
component_063_events_0035_objects_0019.jsonocel,C:\Users\User\Documents\odacc\experiment_runs\20260920_104921\controlled_mutations_data_package_weight_online\smt_smt\run_001\component_063_events_0035_objects_0019.json,124,OBSERVATION_TIMEOUT,NOT_RUN,fresh_offline_alignment,0,0,True,0,0,0,0,0.17080189999978757,0.15931150000324124,,,,,,,,22,12.889429999995627,0.585883181817983,0.910009600000194,,12.889429999995627,22,73.6446176999998,controlled_mutations_data_package_weight_online,smt_smt,1,True,60.0,60.0940139000013,23,23,6,create_p-661003,create package,10,23,18,22,True,22,35,22,22,C:\Users\User\Documents\odacc\experiment_runs\20260920_104921\controlled_mutations_data_package_weight_online\smt_smt\run_001\component_063_events_0035_objects_0019.error.txt
component_064_events_0116_objects_0055.jsonocel,C:\Users\User\Documents\odacc\experiment_runs\20260920_104921\controlled_mutations_data_package_weight_online\smt_smt\run_001\component_064_events_0116_objects_0055.json,124,OBSERVATION_TIMEOUT,NOT_RUN,fresh_offline_alignment,0,0,True,0,0,0,0,0.37031669999851147,0.32231339999998454,,,,,,,,14,64.73225339999044,4.623732385713603,19.292509300001257,,64.73225339999044,14,126.34631369999988,controlled_mutations_data_package_weight_online,smt_smt,1,True,60.0,60.07496209999954,15,15,3,pick_i-887153,pick item,1,8,11,14,True,14,116,14,14,C:\Users\User\Documents\odacc\experiment_runs\20260920_104921\controlled_mutations_data_package_weight_online\smt_smt\run_001\component_064_events_0116_objects_0055.error.txt
component_065_events_0098_objects_0050.jsonocel,C:\Users\User\Documents\odacc\experiment_runs\20260920_104921\controlled_mutations_data_package_weight_online\smt_smt\run_001\component_065_events_0098_objects_0050.json,124,OBSERVATION_TIMEOUT,NOT_RUN,fresh_offline_alignment,0,0,True,0,0,0,0,0.6181402000001981,1.3192049999997835,,,,,,,,17,19.251741000007314,1.1324553529416068,2.109014499998011,,19.251741000007314,17,79.9161196999994,controlled_mutations_data_package_weight_online,smt_smt,1,True,60.0,60.053663399998186,18,18,4,create_p-661073,create package,8,18,15,17,True,17,98,17,17,C:\Users\User\Documents\odacc\experiment_runs\20260920_104921\controlled_mutations_data_package_weight_online\smt_smt\run_001\component_065_events_0098_objects_0050.error.txt
component_066_events_0011_objects_0006.jsonocel,C:\Users\User\Documents\odacc\experiment_runs\20260920_104921\controlled_mutations_data_package_weight_online\smt_smt\run_001\component_066_events_0011_objects_0006.json,0,ONLINE_OK,NOT_RUN,fresh_offline_alignment,0,0,True,1,0,1,0,1.3908193000024767,25.438923000001523,,,,,,,,11,84.88733989999673,7.717030899999703,27.58804819999932,0,84.88733989999673,11,86.42216620000181,controlled_mutations_data_package_weight_online,smt_smt,1,,,,,,,,,,,,,,,,,,
component_067_events_0063_objects_0031.jsonocel,C:\Users\User\Documents\odacc\experiment_runs\20260920_104921\controlled_mutations_data_package_weight_online\smt_smt\run_001\component_067_events_0063_objects_0031.json,124,OBSERVATION_TIMEOUT,NOT_RUN,fresh_offline_alignment,0,0,True,0,0,0,0,0.14077370000086376,0.05592590000014752,,,,,,,,13,11.948310800005856,0.9191008307696813,1.3923986999980116,,11.948310800005856,13,72.57412139999724,controlled_mutations_data_package_weight_online,smt_smt,1,True,60.0,60.07486820000122,14,14,4,create_p-661091,create package,6,13,10,13,True,13,63,13,13,C:\Users\User\Documents\odacc\experiment_runs\20260920_104921\controlled_mutations_data_package_weight_online\smt_smt\run_001\component_067_events_0063_objects_0031.error.txt
component_068_events_0009_objects_0005.jsonocel,C:\Users\User\Documents\odacc\experiment_runs\20260920_104921\controlled_mutations_data_package_weight_online\smt_smt\run_001\component_068_events_0009_objects_0005.json,0,ONLINE_OK,NOT_RUN,fresh_offline_alignment,0,0,True,1,0,1,0,0.783086600000388,2.596111300001212,,,,,,,,9,16.461466400010977,1.829051822223442,5.063667700000224,0,16.461466400010977,9,18.010825500001374,controlled_mutations_data_package_weight_online,smt_smt,1,,,,,,,,,,,,,,,,,,
component_001_events_0030_objects_0020.jsonocel,C:\Users\User\Documents\odacc\experiment_runs\20260920_104921\controlled_mutations_fit_online\smt_smt\run_001\component_001_events_0030_objects_0020.json,124,OBSERVATION_TIMEOUT,NOT_RUN,fresh_offline_alignment,0,0,True,0,0,0,0,0.6254269000000932,1.231525099999999,,,,,,,,26,33.95043420000002,1.3057859307692314,3.40372380000008,,33.95043420000002,26,94.68395349999992,controlled_mutations_fit_online,smt_smt,1,True,60.0,60.00725169999987,27,27,5,create_p-660001,create package,16,27,20,26,True,26,30,26,26,C:\Users\User\Documents\odacc\experiment_runs\20260920_104921\controlled_mutations_fit_online\smt_smt\run_001\component_001_events_0030_objects_0020.error.txt
component_002_events_0028_objects_0013.jsonocel,C:\Users\User\Documents\odacc\experiment_runs\20260920_104921\controlled_mutations_fit_online\smt_smt\run_001\component_002_events_0028_objects_0013.json,124,OBSERVATION_TIMEOUT,NOT_RUN,fresh_offline_alignment,0,0,True,0,0,0,0,0.39903659999981755,0.42600080000011076,,,,,,,,17,88.76636959999996,5.221551152941174,39.00826429999961,,88.76636959999996,17,150.67538409999997,controlled_mutations_fit_online,smt_smt,1,True,60.0,60.072818100000404,18,18,3,create_p-660003,create package,8,18,12,17,True,17,28,17,17,C:\Users\User\Documents\odacc\experiment_runs\20260920_104921\controlled_mutations_fit_online\smt_smt\run_001\component_002_events_0028_objects_0013.error.txt
component_003_events_0022_objects_0011.jsonocel,C:\Users\User\Documents\odacc\experiment_runs\20260920_104921\controlled_mutations_fit_online\smt_smt\run_001\component_003_events_0022_objects_0011.json,124,OBSERVATION_TIMEOUT,NOT_RUN,fresh_offline_alignment,0,0,True,0,0,0,0,2.2321262000004936,36.226916300000084,,,,,,,,12,166.58735030000025,13.882279191666688,51.28810169999997,,166.58735030000025,12,227.16285890000017,controlled_mutations_fit_online,smt_smt,1,True,60.0,60.01827229999981,13,13,1,create_p-660002,create package,7,13,10,12,True,12,22,12,12,C:\Users\User\Documents\odacc\experiment_runs\20260920_104921\controlled_mutations_fit_online\smt_smt\run_001\component_003_events_0022_objects_0011.error.txt
component_004_events_0013_objects_0009.jsonocel,C:\Users\User\Documents\odacc\experiment_runs\20260920_104921\controlled_mutations_fit_online\smt_smt\run_001\component_004_events_0013_objects_0009.json,124,OBSERVATION_TIMEOUT,NOT_RUN,fresh_offline_alignment,0,0,True,0,0,0,0,1.6274213999995482,21.953742499999862,,,,,,,,10,58.18896599999971,5.818896599999971,24.11158499999965,,58.18896599999971,10,119.7220728000002,controlled_mutations_fit_online,smt_smt,1,True,60.0,60.05534480000006,11,11,1,create_p-660004,create package,8,11,9,10,True,10,13,10,10,C:\Users\User\Documents\odacc\experiment_runs\20260920_104921\controlled_mutations_fit_online\smt_smt\run_001\component_004_events_0013_objects_0009.error.txt
component_005_events_0035_objects_0016.jsonocel,C:\Users\User\Documents\odacc\experiment_runs\20260920_104921\controlled_mutations_fit_online\smt_smt\run_001\component_005_events_0035_objects_0016.json,124,OBSERVATION_TIMEOUT,NOT_RUN,fresh_offline_alignment,0,0,True,0,0,0,0,1.714771799999653,29.56117130000075,,,,,,,,11,95.58918760000142,8.689926145454676,31.886552500000107,,95.58918760000142,11,156.13757989999976,controlled_mutations_fit_online,smt_smt,1,True,60.0,60.00915729999997,12,12,1,pick_i-880038,pick item,1,12,8,11,True,11,35,11,11,C:\Users\User\Documents\odacc\experiment_runs\20260920_104921\controlled_mutations_fit_online\smt_smt\run_001\component_005_events_0035_objects_0016.error.txt
component_006_events_0031_objects_0015.jsonocel,C:\Users\User\Documents\odacc\experiment_runs\20260920_104921\controlled_mutations_fit_online\smt_smt\run_001\component_006_events_0031_objects_0015.json,124,OBSERVATION_TIMEOUT,NOT_RUN,fresh_offline_alignment,0,0,True,0,0,0,0,0.22547430000031454,0.1063014999999723,,,,,,,,15,18.123966799998925,1.2082644533332616,1.8239545999995244,,18.123966799998925,15,79.68586070000038,controlled_mutations_fit_online,smt_smt,1,True,60.0,60.07018929999958,16,16,4,create_p-660006,create package,7,15,11,15,True,15,31,15,15,C:\Users\User\Documents\odacc\experiment_runs\20260920_104921\controlled_mutations_fit_online\smt_smt\run_001\component_006_events_0031_objects_0015.error.txt
component_009_events_0015_objects_0008.jsonocel,C:\Users\User\Documents\odacc\experiment_runs\20260920_104921\controlled_mutations_fit_online\smt_smt\run_001\component_009_events_0015_objects_0008.json,124,OBSERVATION_TIMEOUT,NOT_RUN,fresh_offline_alignment,0,0,True,0,0,0,0,1.9951406000000134,45.514429400000154,,,,,,,,11,94.80127230000016,8.618297481818196,48.36912089999987,,94.80127230000016,11,155.39143499999955,controlled_mutations_fit_online,smt_smt,1,True,60.0,60.056589599999825,12,12,1,send_p-660009,send package,7,12,8,11,True,11,15,11,11,C:\Users\User\Documents\odacc\experiment_runs\20260920_104921\controlled_mutations_fit_online\smt_smt\run_001\component_009_events_0015_objects_0008.error.txt
component_011_events_0028_objects_0017.jsonocel,C:\Users\User\Documents\odacc\experiment_runs\20260920_104921\controlled_mutations_fit_online\smt_smt\run_001\component_011_events_0028_objects_0017.json,124,OBSERVATION_TIMEOUT,NOT_RUN,fresh_offline_alignment,0,0,True,0,0,0,0,0.5393612999996549,0.635736199999883,,,,,,,,22,53.43842040000163,2.429019109090983,11.766836999999214,,53.43842040000163,22,115.06001480000032,controlled_mutations_fit_online,smt_smt,1,True,60.0,60.0302144999996,23,23,4,create_p-660011,create package,14,23,17,22,True,22,28,22,22,C:\Users\User\Documents\odacc\experiment_runs\20260920_104921\controlled_mutations_fit_online\smt_smt\run_001\component_011_events_0028_objects_0017.error.txt
component_014_events_0102_objects_0053.jsonocel,C:\Users\User\Documents\odacc\experiment_runs\20260920_104921\controlled_mutations_fit_online\smt_smt\run_001\component_014_events_0102_objects_0053.json,124,OBSERVATION_TIMEOUT,NOT_RUN,fresh_offline_alignment,0,0,True,0,0,0,0,0.4086786999996548,0.28489129999979923,,,,,,,,11,8.125699300001543,0.7386999363637766,0.8927935000001526,,8.125699300001543,11,68.72282050000013,controlled_mutations_fit_online,smt_smt,1,True,60.0,60.09299590000046,12,12,3,create_p-660015,create package,5,12,9,11,True,11,102,11,11,C:\Users\User\Documents\odacc\experiment_runs\20260920_104921\controlled_mutations_fit_online\smt_smt\run_001\component_014_events_0102_objects_0053.error.txt
component_020_events_0022_objects_0009.jsonocel,C:\Users\User\Documents\odacc\experiment_runs\20260920_104921\controlled_mutations_fit_online\smt_smt\run_001\component_020_events_0022_objects_0009.json,124,OBSERVATION_TIMEOUT,NOT_RUN,fresh_offline_alignment,0,0,True,0,0,0,0,1.7284904999996797,55.07129140000052,,,,,,,,11,108.72076939999806,9.883706309090734,57.56794449999961,,108.72076939999806,11,170.2274267999992,controlled_mutations_fit_online,smt_smt,1,True,60.0,60.023050000000694,12,12,1,create_p-660027,create package,8,12,9,11,True,11,22,11,11,C:\Users\User\Documents\odacc\experiment_runs\20260920_104921\controlled_mutations_fit_online\smt_smt\run_001\component_020_events_0022_objects_0009.error.txt
component_021_events_0013_objects_0005.jsonocel,C:\Users\User\Documents\odacc\experiment_runs\20260920_104921\controlled_mutations_fit_online\smt_smt\run_001\component_021_events_0013_objects_0005.json,0,ONLINE_OK,NOT_RUN,fresh_offline_alignment,0,0,True,0,0,0,0,0.935892800000147,10.391893100000743,,,,,,,,13,39.69708090000131,3.0536216076924085,11.986471299998811,0,39.69708090000131,13,40.2385503000005,controlled_mutations_fit_online,smt_smt,1,,,,,,,,,,,,,,,,,,
component_024_events_0010_objects_0005.jsonocel,C:\Users\User\Documents\odacc\experiment_runs\20260920_104921\controlled_mutations_fit_online\smt_smt\run_001\component_024_events_0010_objects_0005.json,0,ONLINE_OK,NOT_RUN,fresh_offline_alignment,0,0,True,0,0,0,0,0.8402949000010267,4.332904099999723,,,,,,,,10,22.2187799000003,2.22187799000003,5.593055400000594,0,22.2187799000003,10,23.73231670000132,controlled_mutations_fit_online,smt_smt,1,,,,,,,,,,,,,,,,,,
component_028_events_0012_objects_0008.jsonocel,C:\Users\User\Documents\odacc\experiment_runs\20260920_104921\controlled_mutations_fit_online\smt_smt\run_001\component_028_events_0012_objects_0008.json,124,OBSERVATION_TIMEOUT,NOT_RUN,fresh_offline_alignment,0,0,True,0,0,0,0,1.8781006000008347,45.06541230000039,,,,,,,,10,107.11103739999635,10.711103739999634,47.771081400000185,,107.11103739999635,10,167.65359200000057,controlled_mutations_fit_online,smt_smt,1,True,60.0,60.008201000000554,11,11,1,deliver_p-660133,package delivered,7,11,8,10,True,10,12,10,10,C:\Users\User\Documents\odacc\experiment_runs\20260920_104921\controlled_mutations_fit_online\smt_smt\run_001\component_028_events_0012_objects_0008.error.txt
component_029_events_0021_objects_0010.jsonocel,C:\Users\User\Documents\odacc\experiment_runs\20260920_104921\controlled_mutations_fit_online\smt_smt\run_001\component_029_events_0021_objects_0010.json,124,OBSERVATION_TIMEOUT,NOT_RUN,fresh_offline_alignment,0,0,True,0,0,0,0,1.6093352999996569,12.893095299999914,,,,,,,,9,44.95546779999859,4.995051977777621,14.881464399999459,,44.95546779999859,9,106.44730750000053,controlled_mutations_fit_online,smt_smt,1,True,60.0,60.03827900000033,10,10,1,create_p-660144,create package,7,10,9,9,True,9,21,9,9,C:\Users\User\Documents\odacc\experiment_runs\20260920_104921\controlled_mutations_fit_online\smt_smt\run_001\component_029_events_0021_objects_0010.error.txt
component_030_events_0061_objects_0033.jsonocel,C:\Users\User\Documents\odacc\experiment_runs\20260920_104921\controlled_mutations_fit_online\smt_smt\run_001\component_030_events_0061_objects_0033.json,124,OBSERVATION_TIMEOUT,NOT_RUN,fresh_offline_alignment,0,0,True,0,0,0,0,0.4553885999994236,0.3962155999997776,,,,,,,,10,14.527744099996198,1.4527744099996198,3.134161899999526,,14.527744099996198,10,75.04431610000029,controlled_mutations_fit_online,smt_smt,1,True,60.0,60.028937700000824,11,11,3,create_p-660186,create package,5,11,12,10,True,10,61,10,10,C:\Users\User\Documents\odacc\experiment_runs\20260920_104921\controlled_mutations_fit_online\smt_smt\run_001\component_030_events_0061_objects_0033.error.txt
component_031_events_0009_objects_0005.jsonocel,C:\Users\User\Documents\odacc\experiment_runs\20260920_104921\controlled_mutations_fit_online\smt_smt\run_001\component_031_events_0009_objects_0005.json,0,ONLINE_OK,NOT_RUN,fresh_offline_alignment,0,0,True,0,0,0,0,0.7689537000005657,2.0662742000004073,,,,,,,,9,13.739916200001971,1.5266573555557745,3.7565709999998944,0,13.739916200001971,9,15.178464800001166,controlled_mutations_fit_online,smt_smt,1,,,,,,,,,,,,,,,,,,
component_032_events_0007_objects_0003.jsonocel,C:\Users\User\Documents\odacc\experiment_runs\20260920_104921\controlled_mutations_fit_online\smt_smt\run_001\component_032_events_0007_objects_0003.json,0,ONLINE_OK,NOT_RUN,fresh_offline_alignment,0,0,True,0,0,0,0,0.2610841999994591,0.5166217000005418,,,,,,,,7,3.6110559000007925,0.5158651285715418,0.9214684999988094,0,3.6110559000007925,7,4.288823400000183,controlled_mutations_fit_online,smt_smt,1,,,,,,,,,,,,,,,,,,
component_036_events_0017_objects_0008.jsonocel,C:\Users\User\Documents\odacc\experiment_runs\20260920_104921\controlled_mutations_fit_online\smt_smt\run_001\component_036_events_0017_objects_0008.json,124,OBSERVATION_TIMEOUT,NOT_RUN,fresh_offline_alignment,0,0,True,0,0,0,0,1.686683500000072,8.7784044,,,,,,,,8,16.770357400004286,2.096294675000536,11.046868499999619,,16.770357400004286,8,77.28211940000074,controlled_mutations_fit_online,smt_smt,1,True,60.0,60.028992199999266,9,9,3,confirm_o-990534,confirm order,5,9,8,8,True,8,17,8,8,C:\Users\User\Documents\odacc\experiment_runs\20260920_104921\controlled_mutations_fit_online\smt_smt\run_001\component_036_events_0017_objects_0008.error.txt
component_037_events_0012_objects_0006.jsonocel,C:\Users\User\Documents\odacc\experiment_runs\20260920_104921\controlled_mutations_fit_online\smt_smt\run_001\component_037_events_0012_objects_0006.json,0,ONLINE_OK,NOT_RUN,fresh_offline_alignment,0,0,True,0,0,0,0,1.4276718000000983,28.333214500000395,,,,,,,,12,94.23641979999957,7.8530349833332975,38.80270089999976,0,94.23641979999957,12,95.65263709999999,controlled_mutations_fit_online,smt_smt,1,,,,,,,,,,,,,,,,,,
component_038_events_0008_objects_0004.jsonocel,C:\Users\User\Documents\odacc\experiment_runs\20260920_104921\controlled_mutations_fit_online\smt_smt\run_001\component_038_events_0008_objects_0004.json,0,ONLINE_OK,NOT_RUN,fresh_offline_alignment,0,0,True,0,0,0,0,0.4745808000006946,1.7008640000003652,,,,,,,,8,8.31874809999681,1.0398435124996013,2.368347099998573,0,8.31874809999681,8,8.814182999998593,controlled_mutations_fit_online,smt_smt,1,,,,,,,,,,,,,,,,,,
component_042_events_0009_objects_0005.jsonocel,C:\Users\User\Documents\odacc\experiment_runs\20260920_104921\controlled_mutations_fit_online\smt_smt\run_001\component_042_events_0009_objects_0005.json,0,ONLINE_OK,NOT_RUN,fresh_offline_alignment,0,0,True,0,0,0,0,0.7617073000001255,4.181459800000084,,,,,,,,9,17.83492599999954,1.9816584444443934,5.260139600000912,0,17.83492599999954,9,18.255508599999303,controlled_mutations_fit_online,smt_smt,1,,,,,,,,,,,,,,,,,,
component_048_events_0011_objects_0007.jsonocel,C:\Users\User\Documents\odacc\experiment_runs\20260920_104921\controlled_mutations_fit_online\smt_smt\run_001\component_048_events_0011_objects_0007.json,0,ONLINE_OK,NOT_RUN,fresh_offline_alignment,0,0,True,0,0,0,0,1.5923695000001317,26.522122200000013,,,,,,,,11,82.97403600000143,7.543094181818312,28.95906620000096,0,82.97403600000143,11,84.43955649999953,controlled_mutations_fit_online,smt_smt,1,,,,,,,,,,,,,,,,,,
component_050_events_0008_objects_0004.jsonocel,C:\Users\User\Documents\odacc\experiment_runs\20260920_104921\controlled_mutations_fit_online\smt_smt\run_001\component_050_events_0008_objects_0004.json,0,ONLINE_OK,NOT_RUN,fresh_offline_alignment,0,0,True,0,0,0,0,0.4755108999997901,1.8462048000001232,,,,,,,,8,7.854996400004893,0.9818745500006116,2.518760300001304,0,7.854996400004893,8,8.310227599999052,controlled_mutations_fit_online,smt_smt,1,,,,,,,,,,,,,,,,,,
component_051_events_0011_objects_0007.jsonocel,C:\Users\User\Documents\odacc\experiment_runs\20260920_104921\controlled_mutations_fit_online\smt_smt\run_001\component_051_events_0011_objects_0007.json,0,ONLINE_OK,NOT_RUN,fresh_offline_alignment,0,0,True,0,0,0,0,1.599184000000605,40.56301210000129,,,,,,,,11,131.73405020000246,11.975822745454769,42.77381400000013,0,131.73405020000246,11,132.23415769999883,controlled_mutations_fit_online,smt_smt,1,,,,,,,,,,,,,,,,,,
component_057_events_0011_objects_0005.jsonocel,C:\Users\User\Documents\odacc\experiment_runs\20260920_104921\controlled_mutations_fit_online\smt_smt\run_001\component_057_events_0011_objects_0005.json,0,ONLINE_OK,NOT_RUN,fresh_offline_alignment,0,0,True,0,0,0,0,0.9000146000016684,6.89247880000039,,,,,,,,11,29.2602382999994,2.660021663636309,9.073770299999524,0,29.2602382999994,11,29.82090000000062,controlled_mutations_fit_online,smt_smt,1,,,,,,,,,,,,,,,,,,
component_058_events_0009_objects_0005.jsonocel,C:\Users\User\Documents\odacc\experiment_runs\20260920_104921\controlled_mutations_fit_online\smt_smt\run_001\component_058_events_0009_objects_0005.json,0,ONLINE_OK,NOT_RUN,fresh_offline_alignment,0,0,True,0,0,0,0,0.7631531000006362,4.489528300000529,,,,,,,,9,18.913761499998145,2.1015290555553494,5.557506600000124,0,18.913761499998145,9,19.3696259999997,controlled_mutations_fit_online,smt_smt,1,,,,,,,,,,,,,,,,,,
component_059_events_0010_objects_0006.jsonocel,C:\Users\User\Documents\odacc\experiment_runs\20260920_104921\controlled_mutations_fit_online\smt_smt\run_001\component_059_events_0010_objects_0006.json,0,ONLINE_OK,NOT_RUN,fresh_offline_alignment,0,0,True,0,0,0,0,1.1382501000007323,11.688030799999979,,,,,,,,10,38.63125779999973,3.863125779999973,13.285570300000472,0,38.63125779999973,10,40.18902370000069,controlled_mutations_fit_online,smt_smt,1,,,,,,,,,,,,,,,,,,
component_061_events_0007_objects_0003.jsonocel,C:\Users\User\Documents\odacc\experiment_runs\20260920_104921\controlled_mutations_fit_online\smt_smt\run_001\component_061_events_0007_objects_0003.json,0,ONLINE_OK,NOT_RUN,fresh_offline_alignment,0,0,True,0,0,0,0,0.2639252999997552,0.5040783999993437,,,,,,,,7,3.5161116999970545,0.5023016714281506,0.8989313999991282,0,3.5161116999970545,7,4.199099699999351,controlled_mutations_fit_online,smt_smt,1,,,,,,,,,,,,,,,,,,
component_063_events_0035_objects_0019.jsonocel,C:\Users\User\Documents\odacc\experiment_runs\20260920_104921\controlled_mutations_fit_online\smt_smt\run_001\component_063_events_0035_objects_0019.json,124,OBSERVATION_TIMEOUT,NOT_RUN,fresh_offline_alignment,0,0,True,0,0,0,0,0.1705204000008962,0.15503290000015113,,,,,,,,22,12.862137099997199,0.5846425954544181,0.9375555000005988,,12.862137099997199,22,73.57324340000014,controlled_mutations_fit_online,smt_smt,1,True,60.0,60.07871629999863,23,23,6,create_p-661003,create package,10,23,18,22,True,22,35,22,22,C:\Users\User\Documents\odacc\experiment_runs\20260920_104921\controlled_mutations_fit_online\smt_smt\run_001\component_063_events_0035_objects_0019.error.txt
component_064_events_0116_objects_0055.jsonocel,C:\Users\User\Documents\odacc\experiment_runs\20260920_104921\controlled_mutations_fit_online\smt_smt\run_001\component_064_events_0116_objects_0055.json,124,OBSERVATION_TIMEOUT,NOT_RUN,fresh_offline_alignment,0,0,True,0,0,0,0,0.2368594999989,0.14362620000065363,,,,,,,,17,127.56058659999326,7.503563917646662,28.872832799999742,,127.56058659999326,17,189.2098518999992,controlled_mutations_fit_online,smt_smt,1,True,60.0,60.07557330000054,18,18,3,out_of_stock_i-887154,item out of stock,1,10,11,17,True,17,116,17,17,C:\Users\User\Documents\odacc\experiment_runs\20260920_104921\controlled_mutations_fit_online\smt_smt\run_001\component_064_events_0116_objects_0055.error.txt
component_065_events_0098_objects_0050.jsonocel,C:\Users\User\Documents\odacc\experiment_runs\20260920_104921\controlled_mutations_fit_online\smt_smt\run_001\component_065_events_0098_objects_0050.json,124,OBSERVATION_TIMEOUT,NOT_RUN,fresh_offline_alignment,0,0,True,0,0,0,0,0.6041031000004295,0.8792685000007623,,,,,,,,17,17.46728940000139,1.0274876117647878,1.6560207000002265,,17.46728940000139,17,78.08349099999941,controlled_mutations_fit_online,smt_smt,1,True,60.0,60.07197670000096,18,18,4,create_p-661073,create package,8,18,15,17,True,17,98,17,17,C:\Users\User\Documents\odacc\experiment_runs\20260920_104921\controlled_mutations_fit_online\smt_smt\run_001\component_065_events_0098_objects_0050.error.txt
component_066_events_0011_objects_0006.jsonocel,C:\Users\User\Documents\odacc\experiment_runs\20260920_104921\controlled_mutations_fit_online\smt_smt\run_001\component_066_events_0011_objects_0006.json,0,ONLINE_OK,NOT_RUN,fresh_offline_alignment,0,0,True,0,0,0,0,1.3247667999985424,13.39072010000018,,,,,,,,11,58.46002810000027,5.314548009090934,15.420729299999948,0,58.46002810000027,11,59.9040487000002,controlled_mutations_fit_online,smt_smt,1,,,,,,,,,,,,,,,,,,
component_067_events_0063_objects_0031.jsonocel,C:\Users\User\Documents\odacc\experiment_runs\20260920_104921\controlled_mutations_fit_online\smt_smt\run_001\component_067_events_0063_objects_0031.json,124,OBSERVATION_TIMEOUT,NOT_RUN,fresh_offline_alignment,0,0,True,0,0,0,0,0.1403933000001416,0.05075559999932011,,,,,,,,13,11.425180500005808,0.8788600384619852,1.5521891999997024,,11.425180500005808,13,72.08240000000114,controlled_mutations_fit_online,smt_smt,1,True,60.0,60.086650799999916,14,14,4,create_p-661091,create package,6,13,10,13,True,13,63,13,13,C:\Users\User\Documents\odacc\experiment_runs\20260920_104921\controlled_mutations_fit_online\smt_smt\run_001\component_067_events_0063_objects_0031.error.txt
component_068_events_0009_objects_0005.jsonocel,C:\Users\User\Documents\odacc\experiment_runs\20260920_104921\controlled_mutations_fit_online\smt_smt\run_001\component_068_events_0009_objects_0005.json,0,ONLINE_OK,NOT_RUN,fresh_offline_alignment,0,0,True,0,0,0,0,0.7602287999998225,4.67725640000026,,,,,,,,9,18.072701800001596,2.008077977777955,5.794939400000658,0,18.072701800001596,9,19.50921229999949,controlled_mutations_fit_online,smt_smt,1,,,,,,,,,,,,,,,,,,
component_002_events_0028_objects_0013.jsonocel,C:\Users\User\Documents\odacc\experiment_runs\20260920_104921\controlled_mutations_object_extra_item_relation_online\smt_smt\run_001\component_002_events_0028_objects_0013.json,124,OBSERVATION_TIMEOUT,NOT_RUN,fresh_offline_alignment,0,0,True,0,0,0,0,0.40309089999936987,0.4198916999994253,,,,,,,,17,61.52655370000866,3.61920904117698,14.970211500000005,,61.52655370000866,17,122.21033389999866,controlled_mutations_object_extra_item_relation_online,smt_smt,1,True,60.0,60.02727519999826,18,18,3,create_p-660003,create package,9,18,12,17,True,17,28,17,17,C:\Users\User\Documents\odacc\experiment_runs\20260920_104921\controlled_mutations_object_extra_item_relation_online\smt_smt\run_001\component_002_events_0028_objects_0013.error.txt
component_003_events_0022_objects_0011.jsonocel,C:\Users\User\Documents\odacc\experiment_runs\20260920_104921\controlled_mutations_object_extra_item_relation_online\smt_smt\run_001\component_003_events_0022_objects_0011.json,124,OBSERVATION_TIMEOUT,NOT_RUN,fresh_offline_alignment,0,0,True,0,0,0,0,2.1393749000017124,29.394024599998374,,,,,,,,11,129.91245230000277,11.810222936363887,37.794982499999605,,129.91245230000277,11,191.45952970000144,controlled_mutations_object_extra_item_relation_online,smt_smt,1,True,60.0,60.03355580000061,12,12,1,reorder_i-880018,reorder item,1,12,9,11,True,11,22,11,11,C:\Users\User\Documents\odacc\experiment_runs\20260920_104921\controlled_mutations_object_extra_item_relation_online\smt_smt\run_001\component_003_events_0022_objects_0011.error.txt
component_005_events_0035_objects_0016.jsonocel,C:\Users\User\Documents\odacc\experiment_runs\20260920_104921\controlled_mutations_object_extra_item_relation_online\smt_smt\run_001\component_005_events_0035_objects_0016.json,124,OBSERVATION_TIMEOUT,NOT_RUN,fresh_offline_alignment,0,0,True,0,0,0,0,1.885493800000404,43.555036100002326,,,,,,,,12,138.34948049999366,11.529123374999472,46.095595499999035,,138.34948049999366,12,198.97727360000135,controlled_mutations_object_extra_item_relation_online,smt_smt,1,True,60.0,60.01612439999735,13,13,1,pay_o-990007,pay order,8,13,8,12,True,12,35,12,12,C:\Users\User\Documents\odacc\experiment_runs\20260920_104921\controlled_mutations_object_extra_item_relation_online\smt_smt\run_001\component_005_events_0035_objects_0016.error.txt
component_006_events_0031_objects_0015.jsonocel,C:\Users\User\Documents\odacc\experiment_runs\20260920_104921\controlled_mutations_object_extra_item_relation_online\smt_smt\run_001\component_006_events_0031_objects_0015.json,124,OBSERVATION_TIMEOUT,NOT_RUN,fresh_offline_alignment,0,0,True,0,0,0,0,0.23406139999860898,0.1127639000005729,,,,,,,,15,19.266728999995394,1.2844485999996929,2.0202605000013136,,19.266728999995394,15,80.8823885999991,controlled_mutations_object_extra_item_relation_online,smt_smt,1,True,60.0,60.09822720000011,16,16,4,create_p-660006,create package,8,15,11,15,True,15,31,15,15,C:\Users\User\Documents\odacc\experiment_runs\20260920_104921\controlled_mutations_object_extra_item_relation_online\smt_smt\run_001\component_006_events_0031_objects_0015.error.txt
component_014_events_0102_objects_0053.jsonocel,C:\Users\User\Documents\odacc\experiment_runs\20260920_104921\controlled_mutations_object_extra_item_relation_online\smt_smt\run_001\component_014_events_0102_objects_0053.json,124,OBSERVATION_TIMEOUT,NOT_RUN,fresh_offline_alignment,0,0,True,0,0,0,0,0.3978365000002668,0.3412310999992769,,,,,,,,11,8.308519900005194,0.7553199909095631,1.02688660000058,,8.308519900005194,11,68.94027229999847,controlled_mutations_object_extra_item_relation_online,smt_smt,1,True,60.0,60.089047699999355,12,12,3,create_p-660015,create package,6,12,9,11,True,11,102,11,11,C:\Users\User\Documents\odacc\experiment_runs\20260920_104921\controlled_mutations_object_extra_item_relation_online\smt_smt\run_001\component_014_events_0102_objects_0053.error.txt
component_021_events_0013_objects_0005.jsonocel,C:\Users\User\Documents\odacc\experiment_runs\20260920_104921\controlled_mutations_object_extra_item_relation_online\smt_smt\run_001\component_021_events_0013_objects_0005.json,124,OBSERVATION_TIMEOUT,NOT_RUN,fresh_offline_alignment,0,0,True,5,4,1,0,0.8156384999965667,19.210811299999477,,,,,,,,11,39.551191099999414,3.595562827272674,20.455188899999484,,39.551191099999414,11,101.0890610000024,controlled_mutations_object_extra_item_relation_online,smt_smt,1,True,60.0,60.09639120000065,12,12,1,send_p-660050,send package,2,12,5,11,True,11,13,11,11,C:\Users\User\Documents\odacc\experiment_runs\20260920_104921\controlled_mutations_object_extra_item_relation_online\smt_smt\run_001\component_021_events_0013_objects_0005.error.txt
component_029_events_0021_objects_0010.jsonocel,C:\Users\User\Documents\odacc\experiment_runs\20260920_104921\controlled_mutations_object_extra_item_relation_online\smt_smt\run_001\component_029_events_0021_objects_0010.json,124,OBSERVATION_TIMEOUT,NOT_RUN,fresh_offline_alignment,0,0,True,0,0,0,0,1.680724599998939,8.08368750000227,,,,,,,,9,49.58978869999919,5.509976522222132,12.729615500000364,,49.58978869999919,9,110.13106479999988,controlled_mutations_object_extra_item_relation_online,smt_smt,1,True,60.0,60.03205109999908,10,10,1,create_p-660144,create package,8,10,9,9,True,9,21,9,9,C:\Users\User\Documents\odacc\experiment_runs\20260920_104921\controlled_mutations_object_extra_item_relation_online\smt_smt\run_001\component_029_events_0021_objects_0010.error.txt
component_030_events_0061_objects_0033.jsonocel,C:\Users\User\Documents\odacc\experiment_runs\20260920_104921\controlled_mutations_object_extra_item_relation_online\smt_smt\run_001\component_030_events_0061_objects_0033.json,124,OBSERVATION_TIMEOUT,NOT_RUN,fresh_offline_alignment,0,0,True,0,0,0,0,0.3863712000020314,0.4049990000021353,,,,,,,,10,15.153627799994865,1.5153627799994864,3.3371958999996423,,15.153627799994865,10,76.70642769999904,controlled_mutations_object_extra_item_relation_online,smt_smt,1,True,60.0,60.098494500001834,11,11,3,create_p-660186,create package,6,11,12,10,True,10,61,10,10,C:\Users\User\Documents\odacc\experiment_runs\20260920_104921\controlled_mutations_object_extra_item_relation_online\smt_smt\run_001\component_030_events_0061_objects_0033.error.txt
component_063_events_0035_objects_0019.jsonocel,C:\Users\User\Documents\odacc\experiment_runs\20260920_104921\controlled_mutations_object_extra_item_relation_online\smt_smt\run_001\component_063_events_0035_objects_0019.json,124,OBSERVATION_TIMEOUT,NOT_RUN,fresh_offline_alignment,0,0,True,0,0,0,0,0.17092200000115554,0.16462989999854472,,,,,,,,22,12.676426300004096,0.5762011954547316,0.9049443000003521,,12.676426300004096,22,73.37428350000118,controlled_mutations_object_extra_item_relation_online,smt_smt,1,True,60.0,60.05834820000018,23,23,6,create_p-661003,create package,11,23,18,22,True,22,35,22,22,C:\Users\User\Documents\odacc\experiment_runs\20260920_104921\controlled_mutations_object_extra_item_relation_online\smt_smt\run_001\component_063_events_0035_objects_0019.error.txt
component_064_events_0116_objects_0055.jsonocel,C:\Users\User\Documents\odacc\experiment_runs\20260920_104921\controlled_mutations_object_extra_item_relation_online\smt_smt\run_001\component_064_events_0116_objects_0055.json,124,OBSERVATION_TIMEOUT,NOT_RUN,fresh_offline_alignment,0,0,True,0,0,0,0,2.531121099997108,24.204465700000583,,,,,,,,15,96.15299389999927,6.410199593333285,27.30791990000216,,96.15299389999927,15,157.6968874000013,controlled_mutations_object_extra_item_relation_online,smt_smt,1,True,60.0,60.01339100000041,16,16,3,pick_i-887156,pick item,1,9,11,15,True,15,116,15,15,C:\Users\User\Documents\odacc\experiment_runs\20260920_104921\controlled_mutations_object_extra_item_relation_online\smt_smt\run_001\component_064_events_0116_objects_0055.error.txt
component_065_events_0098_objects_0050.jsonocel,C:\Users\User\Documents\odacc\experiment_runs\20260920_104921\controlled_mutations_object_extra_item_relation_online\smt_smt\run_001\component_065_events_0098_objects_0050.json,124,OBSERVATION_TIMEOUT,NOT_RUN,fresh_offline_alignment,0,0,True,0,0,0,0,0.6234527999986312,1.2991529000028095,,,,,,,,17,19.99837350000962,1.1763749117652718,2.1128626999998232,,19.99837350000962,17,80.68799040000158,controlled_mutations_object_extra_item_relation_online,smt_smt,1,True,60.0,60.07522329999847,18,18,4,create_p-661073,create package,9,18,15,17,True,17,98,17,17,C:\Users\User\Documents\odacc\experiment_runs\20260920_104921\controlled_mutations_object_extra_item_relation_online\smt_smt\run_001\component_065_events_0098_objects_0050.error.txt
component_067_events_0063_objects_0031.jsonocel,C:\Users\User\Documents\odacc\experiment_runs\20260920_104921\controlled_mutations_object_extra_item_relation_online\smt_smt\run_001\component_067_events_0063_objects_0031.json,124,OBSERVATION_TIMEOUT,NOT_RUN,fresh_offline_alignment,0,0,True,0,0,0,0,0.1429861999968125,0.06467310000152793,,,,,,,,13,12.265917200005788,0.9435320923081375,1.6144980000026408,,12.265917200005788,13,73.81729120000091,controlled_mutations_object_extra_item_relation_online,smt_smt,1,True,60.0,60.05648429999928,14,14,4,create_p-661091,create package,7,13,10,13,True,13,63,13,13,C:\Users\User\Documents\odacc\experiment_runs\20260920_104921\controlled_mutations_object_extra_item_relation_online\smt_smt\run_001\component_067_events_0063_objects_0031.error.txt
component_001_events_0030_objects_0020.jsonocel,C:\Users\User\Documents\odacc\experiment_runs\20260920_104921\controlled_mutations_object_missing_item_relation_online\smt_smt\run_001\component_001_events_0030_objects_0020.json,124,OBSERVATION_TIMEOUT,NOT_RUN,fresh_offline_alignment,0,0,True,0,0,0,0,0.6195102999990922,1.236875599999621,,,,,,,,26,33.975598599994555,1.3067537923074828,3.229389700001775,,33.975598599994555,26,94.71093159999873,controlled_mutations_object_missing_item_relation_online,smt_smt,1,True,60.0,60.05118610000136,27,27,5,create_p-660001,create package,15,27,20,26,True,26,30,26,26,C:\Users\User\Documents\odacc\experiment_runs\20260920_104921\controlled_mutations_object_missing_item_relation_online\smt_smt\run_001\component_001_events_0030_objects_0020.error.txt
component_002_events_0028_objects_0013.jsonocel,C:\Users\User\Documents\odacc\experiment_runs\20260920_104921\controlled_mutations_object_missing_item_relation_online\smt_smt\run_001\component_002_events_0028_objects_0013.json,124,OBSERVATION_TIMEOUT,NOT_RUN,fresh_offline_alignment,0,0,True,0,0,0,0,0.40045890000328654,0.5033788000000641,,,,,,,,17,68.1374109999997,4.008082999999982,26.796650799999043,,68.1374109999997,17,129.73874380000052,controlled_mutations_object_missing_item_relation_online,smt_smt,1,True,60.0,60.05835769999976,18,18,3,create_p-660003,create package,7,18,12,17,True,17,28,17,17,C:\Users\User\Documents\odacc\experiment_runs\20260920_104921\controlled_mutations_object_missing_item_relation_online\smt_smt\run_001\component_002_events_0028_objects_0013.error.txt
component_003_events_0022_objects_0011.jsonocel,C:\Users\User\Documents\odacc\experiment_runs\20260920_104921\controlled_mutations_object_missing_item_relation_online\smt_smt\run_001\component_003_events_0022_objects_0011.json,124,OBSERVATION_TIMEOUT,NOT_RUN,fresh_offline_alignment,0,0,True,0,0,0,0,2.311163599999418,49.19785430000047,,,,,,,,12,186.7920143999945,15.566001199999542,52.25167420000071,,186.7920143999945,12,247.41359790000206,controlled_mutations_object_missing_item_relation_online,smt_smt,1,True,60.0,60.070829099997354,13,13,1,create_p-660002,create package,6,13,10,12,True,12,22,12,12,C:\Users\User\Documents\odacc\experiment_runs\20260920_104921\controlled_mutations_object_missing_item_relation_online\smt_smt\run_001\component_003_events_0022_objects_0011.error.txt
component_004_events_0013_objects_0009.jsonocel,C:\Users\User\Documents\odacc\experiment_runs\20260920_104921\controlled_mutations_object_missing_item_relation_online\smt_smt\run_001\component_004_events_0013_objects_0009.json,124,OBSERVATION_TIMEOUT,NOT_RUN,fresh_offline_alignment,0,0,True,0,0,0,0,1.6714797999993607,6.591124700000364,,,,,,,,9,47.943670399996336,5.327074488888481,11.6683211999989,,47.943670399996336,9,109.43908960000044,controlled_mutations_object_missing_item_relation_online,smt_smt,1,True,60.0,60.057279700002255,10,10,1,pay_o-990006,pay order,8,10,8,9,True,9,13,9,9,C:\Users\User\Documents\odacc\experiment_runs\20260920_104921\controlled_mutations_object_missing_item_relation_online\smt_smt\run_001\component_004_events_0013_objects_0009.error.txt
component_005_events_0035_objects_0016.jsonocel,C:\Users\User\Documents\odacc\experiment_runs\20260920_104921\controlled_mutations_object_missing_item_relation_online\smt_smt\run_001\component_005_events_0035_objects_0016.json,124,OBSERVATION_TIMEOUT,NOT_RUN,fresh_offline_alignment,0,0,True,0,0,0,0,1.786945600000763,30.98145800000202,,,,,,,,11,109.27807529999336,9.934370481817579,33.36797010000009,,109.27807529999336,11,169.83878770000229,controlled_mutations_object_missing_item_relation_online,smt_smt,1,True,60.0,60.014863699998386,12,12,1,pick_i-880038,pick item,1,12,8,11,True,11,35,11,11,C:\Users\User\Documents\odacc\experiment_runs\20260920_104921\controlled_mutations_object_missing_item_relation_online\smt_smt\run_001\component_005_events_0035_objects_0016.error.txt
component_006_events_0031_objects_0015.jsonocel,C:\Users\User\Documents\odacc\experiment_runs\20260920_104921\controlled_mutations_object_missing_item_relation_online\smt_smt\run_001\component_006_events_0031_objects_0015.json,124,OBSERVATION_TIMEOUT,NOT_RUN,fresh_offline_alignment,0,0,True,0,0,0,0,0.23075500000049942,0.11050329999852693,,,,,,,,15,19.80148399999598,1.3200989333330653,2.3709897000007913,,19.80148399999598,15,81.39094929999919,controlled_mutations_object_missing_item_relation_online,smt_smt,1,True,60.0,60.0917322000023,16,16,4,create_p-660006,create package,6,15,11,15,True,15,31,15,15,C:\Users\User\Documents\odacc\experiment_runs\20260920_104921\controlled_mutations_object_missing_item_relation_online\smt_smt\run_001\component_006_events_0031_objects_0015.error.txt
component_009_events_0015_objects_0008.jsonocel,C:\Users\User\Documents\odacc\experiment_runs\20260920_104921\controlled_mutations_object_missing_item_relation_online\smt_smt\run_001\component_009_events_0015_objects_0008.json,124,OBSERVATION_TIMEOUT,NOT_RUN,fresh_offline_alignment,0,0,True,1,0,1,0,2.0410473000010825,36.436643599998206,,,,,,,,11,83.46177779999198,7.587434345453816,39.330766199997015,,83.46177779999198,11,144.0108666999986,controlled_mutations_object_missing_item_relation_online,smt_smt,1,True,60.0,60.003437600000325,12,12,1,send_p-660009,send package,7,12,8,11,True,11,15,11,11,C:\Users\User\Documents\odacc\experiment_runs\20260920_104921\controlled_mutations_object_missing_item_relation_online\smt_smt\run_001\component_009_events_0015_objects_0008.error.txt
component_011_events_0028_objects_0017.jsonocel,C:\Users\User\Documents\odacc\experiment_runs\20260920_104921\controlled_mutations_object_missing_item_relation_online\smt_smt\run_001\component_011_events_0028_objects_0017.json,124,OBSERVATION_TIMEOUT,NOT_RUN,fresh_offline_alignment,0,0,True,0,0,0,0,0.5511822000007669,0.8278996999979427,,,,,,,,22,65.73239349999494,2.987836068181588,22.901246599998558,,65.73239349999494,22,127.44496360000267,controlled_mutations_object_missing_item_relation_online,smt_smt,1,True,60.0,60.02629470000102,23,23,4,create_p-660011,create package,13,23,17,22,True,22,28,22,22,C:\Users\User\Documents\odacc\experiment_runs\20260920_104921\controlled_mutations_object_missing_item_relation_online\smt_smt\run_001\component_011_events_0028_objects_0017.error.txt
component_014_events_0102_objects_0053.jsonocel,C:\Users\User\Documents\odacc\experiment_runs\20260920_104921\controlled_mutations_object_missing_item_relation_online\smt_smt\run_001\component_014_events_0102_objects_0053.json,124,OBSERVATION_TIMEOUT,NOT_RUN,fresh_offline_alignment,0,0,True,0,0,0,0,0.3960412999986147,0.3685363000004145,,,,,,,,11,8.526344800000516,0.7751222545455014,1.2096835999982432,,8.526344800000516,11,69.13362599999891,controlled_mutations_object_missing_item_relation_online,smt_smt,1,True,60.0,60.08882649999941,12,12,3,create_p-660015,create package,4,12,9,11,True,11,102,11,11,C:\Users\User\Documents\odacc\experiment_runs\20260920_104921\controlled_mutations_object_missing_item_relation_online\smt_smt\run_001\component_014_events_0102_objects_0053.error.txt
component_020_events_0022_objects_0009.jsonocel,C:\Users\User\Documents\odacc\experiment_runs\20260920_104921\controlled_mutations_object_missing_item_relation_online\smt_smt\run_001\component_020_events_0022_objects_0009.json,124,OBSERVATION_TIMEOUT,NOT_RUN,fresh_offline_alignment,0,0,True,0,0,0,0,1.7653475999977672,30.312388499998633,,,,,,,,11,117.22478279999632,10.656798436363301,35.61647339999763,,117.22478279999632,11,178.74410569999964,controlled_mutations_object_missing_item_relation_online,smt_smt,1,True,60.0,60.011740899997676,12,12,1,create_p-660027,create package,7,12,9,11,True,11,22,11,11,C:\Users\User\Documents\odacc\experiment_runs\20260920_104921\controlled_mutations_object_missing_item_relation_online\smt_smt\run_001\component_020_events_0022_objects_0009.error.txt
component_021_events_0013_objects_0005.jsonocel,C:\Users\User\Documents\odacc\experiment_runs\20260920_104921\controlled_mutations_object_missing_item_relation_online\smt_smt\run_001\component_021_events_0013_objects_0005.json,0,ONLINE_OK,NOT_RUN,fresh_offline_alignment,0,0,True,3,3,0,0,0.9509794000005058,55.979345899999316,,,,,,,,13,129.59690759999285,9.968992892307142,57.587949499997194,0,129.59690759999285,13,130.2177245999992,controlled_mutations_object_missing_item_relation_online,smt_smt,1,,,,,,,,,,,,,,,,,,
component_024_events_0010_objects_0005.jsonocel,C:\Users\User\Documents\odacc\experiment_runs\20260920_104921\controlled_mutations_object_missing_item_relation_online\smt_smt\run_001\component_024_events_0010_objects_0005.json,0,ONLINE_OK,NOT_RUN,fresh_offline_alignment,0,0,True,7,7,0,0,0.8652353999968909,14.01359610000145,,,,,,,,10,38.45257359999596,3.8452573599995956,15.231942400001572,0,38.45257359999596,10,40.00394900000174,controlled_mutations_object_missing_item_relation_online,smt_smt,1,,,,,,,,,,,,,,,,,,
component_028_events_0012_objects_0008.jsonocel,C:\Users\User\Documents\odacc\experiment_runs\20260920_104921\controlled_mutations_object_missing_item_relation_online\smt_smt\run_001\component_028_events_0012_objects_0008.json,124,OBSERVATION_TIMEOUT,NOT_RUN,fresh_offline_alignment,0,0,True,1,0,1,0,1.7867550999981177,56.8236109999998,,,,,,,,9,83.45163339999272,9.272403711110302,59.14815180000005,,83.45163339999272,9,143.97865119999915,controlled_mutations_object_missing_item_relation_online,smt_smt,1,True,60.0,60.008604400001786,10,10,1,send_p-660133,send package,7,10,8,9,True,9,12,9,9,C:\Users\User\Documents\odacc\experiment_runs\20260920_104921\controlled_mutations_object_missing_item_relation_online\smt_smt\run_001\component_028_events_0012_objects_0008.error.txt
component_029_events_0021_objects_0010.jsonocel,C:\Users\User\Documents\odacc\experiment_runs\20260920_104921\controlled_mutations_object_missing_item_relation_online\smt_smt\run_001\component_029_events_0021_objects_0010.json,124,OBSERVATION_TIMEOUT,NOT_RUN,fresh_offline_alignment,0,0,True,0,0,0,0,1.6600379000010435,13.890905599997495,,,,,,,,9,49.13495929999772,5.459439922221969,15.951601599997957,,49.13495929999772,9,110.61015530000077,controlled_mutations_object_missing_item_relation_online,smt_smt,1,True,60.0,60.02070000000094,10,10,1,create_p-660144,create package,6,10,9,9,True,9,21,9,9,C:\Users\User\Documents\odacc\experiment_runs\20260920_104921\controlled_mutations_object_missing_item_relation_online\smt_smt\run_001\component_029_events_0021_objects_0010.error.txt
component_030_events_0061_objects_0033.jsonocel,C:\Users\User\Documents\odacc\experiment_runs\20260920_104921\controlled_mutations_object_missing_item_relation_online\smt_smt\run_001\component_030_events_0061_objects_0033.json,124,OBSERVATION_TIMEOUT,NOT_RUN,fresh_offline_alignment,0,0,True,0,0,0,0,0.38133949999973993,0.5093823999995948,,,,,,,,10,15.742447500004346,1.5742447500004346,2.840691599998536,,15.742447500004346,10,76.25641669999823,controlled_mutations_object_missing_item_relation_online,smt_smt,1,True,60.0,60.015813300000445,11,11,3,create_p-660186,create package,4,11,12,10,True,10,61,10,10,C:\Users\User\Documents\odacc\experiment_runs\20260920_104921\controlled_mutations_object_missing_item_relation_online\smt_smt\run_001\component_030_events_0061_objects_0033.error.txt
component_031_events_0009_objects_0005.jsonocel,C:\Users\User\Documents\odacc\experiment_runs\20260920_104921\controlled_mutations_object_missing_item_relation_online\smt_smt\run_001\component_031_events_0009_objects_0005.json,0,ONLINE_OK,NOT_RUN,fresh_offline_alignment,0,0,True,7,7,0,0,0.7913896000027307,9.191669299998466,,,,,,,,9,22.639832299999398,2.5155369222221555,10.322018599999865,0,22.639832299999398,9,24.129458300001716,controlled_mutations_object_missing_item_relation_online,smt_smt,1,,,,,,,,,,,,,,,,,,
component_032_events_0007_objects_0003.jsonocel,C:\Users\User\Documents\odacc\experiment_runs\20260920_104921\controlled_mutations_object_missing_item_relation_online\smt_smt\run_001\component_032_events_0007_objects_0003.json,0,ONLINE_OK,NOT_RUN,fresh_offline_alignment,0,0,True,3,3,0,0,0.2643336000001,0.87212830000135,,,,,,,,7,3.725656499998877,0.5322366428569824,1.280045200001041,0,3.725656499998877,7,4.211124499997823,controlled_mutations_object_missing_item_relation_online,smt_smt,1,,,,,,,,,,,,,,,,,,
component_036_events_0017_objects_0008.jsonocel,C:\Users\User\Documents\odacc\experiment_runs\20260920_104921\controlled_mutations_object_missing_item_relation_online\smt_smt\run_001\component_036_events_0017_objects_0008.json,124,OBSERVATION_TIMEOUT,NOT_RUN,fresh_offline_alignment,0,0,True,1,0,1,0,0.8912756999998237,4.399264499999845,,,,,,,,9,14.260859800000617,1.5845399777778464,5.599947099999554,,14.260859800000617,9,74.79641959999935,controlled_mutations_object_missing_item_relation_online,smt_smt,1,True,60.0,60.03799679999793,10,10,3,send_p-660296,send package,6,10,8,9,True,9,17,9,9,C:\Users\User\Documents\odacc\experiment_runs\20260920_104921\controlled_mutations_object_missing_item_relation_online\smt_smt\run_001\component_036_events_0017_objects_0008.error.txt
component_037_events_0012_objects_0006.jsonocel,C:\Users\User\Documents\odacc\experiment_runs\20260920_104921\controlled_mutations_object_missing_item_relation_online\smt_smt\run_001\component_037_events_0012_objects_0006.json,124,OBSERVATION_TIMEOUT,NOT_RUN,fresh_offline_alignment,0,0,True,9,9,0,0,1.2715891000007105,22.426044700001512,,,,,,,,11,64.06513129999803,5.824102845454366,24.23010929999873,,64.06513129999803,11,125.57179110000288,controlled_mutations_object_missing_item_relation_online,smt_smt,1,True,60.0,60.02850359999866,12,12,1,pay_o-990566,pay order,5,12,6,11,True,11,12,11,11,C:\Users\User\Documents\odacc\experiment_runs\20260920_104921\controlled_mutations_object_missing_item_relation_online\smt_smt\run_001\component_037_events_0012_objects_0006.error.txt
component_038_events_0008_objects_0004.jsonocel,C:\Users\User\Documents\odacc\experiment_runs\20260920_104921\controlled_mutations_object_missing_item_relation_online\smt_smt\run_001\component_038_events_0008_objects_0004.json,0,ONLINE_OK,NOT_RUN,fresh_offline_alignment,0,0,True,5,5,0,0,0.47987710000234074,2.061282200000278,,,,,,,,8,9.765628500004823,1.2207035625006029,2.804443299999548,0,9.765628500004823,8,10.24079300000085,controlled_mutations_object_missing_item_relation_online,smt_smt,1,,,,,,,,,,,,,,,,,,
component_042_events_0009_objects_0005.jsonocel,C:\Users\User\Documents\odacc\experiment_runs\20260920_104921\controlled_mutations_object_missing_item_relation_online\smt_smt\run_001\component_042_events_0009_objects_0005.json,0,ONLINE_OK,NOT_RUN,fresh_offline_alignment,0,0,True,7,7,0,0,0.7887171000002127,8.164265699997486,,,,,,,,9,22.763674300000275,2.529297144444475,9.288177700000233,0,22.763674300000275,9,24.250652300001093,controlled_mutations_object_missing_item_relation_online,smt_smt,1,,,,,,,,,,,,,,,,,,
component_048_events_0011_objects_0007.jsonocel,C:\Users\User\Documents\odacc\experiment_runs\20260920_104921\controlled_mutations_object_missing_item_relation_online\smt_smt\run_001\component_048_events_0011_objects_0007.json,124,OBSERVATION_TIMEOUT,NOT_RUN,fresh_offline_alignment,0,0,True,7,6,1,0,1.5544607999981963,48.27105479999955,,,,,,,,10,86.782333500003,8.678233350000301,50.39465480000217,,86.782333500003,10,147.33964149999883,controlled_mutations_object_missing_item_relation_online,smt_smt,1,True,60.0,60.04073929999868,11,11,1,deliver_p-660649,package delivered,6,11,7,10,True,10,11,10,10,C:\Users\User\Documents\odacc\experiment_runs\20260920_104921\controlled_mutations_object_missing_item_relation_online\smt_smt\run_001\component_048_events_0011_objects_0007.error.txt
component_050_events_0008_objects_0004.jsonocel,C:\Users\User\Documents\odacc\experiment_runs\20260920_104921\controlled_mutations_object_missing_item_relation_online\smt_smt\run_001\component_050_events_0008_objects_0004.json,0,ONLINE_OK,NOT_RUN,fresh_offline_alignment,0,0,True,5,5,0,0,0.477088100000401,2.0600173999991966,,,,,,,,8,8.62011170000551,1.0775139625006886,2.7525965999993787,0,8.62011170000551,8,10.069517399999313,controlled_mutations_object_missing_item_relation_online,smt_smt,1,,,,,,,,,,,,,,,,,,
component_051_events_0011_objects_0007.jsonocel,C:\Users\User\Documents\odacc\experiment_runs\20260920_104921\controlled_mutations_object_missing_item_relation_online\smt_smt\run_001\component_051_events_0011_objects_0007.json,124,OBSERVATION_TIMEOUT,NOT_RUN,fresh_offline_alignment,0,0,True,7,6,1,0,1.4092393000028096,42.01791729999968,,,,,,,,9,66.87503029999789,7.430558922221987,43.886863300002005,,66.87503029999789,9,127.43192629999976,controlled_mutations_object_missing_item_relation_online,smt_smt,1,True,60.0,60.07026319999932,10,10,1,deliver_p-660751,package delivered,6,10,7,9,True,9,11,9,9,C:\Users\User\Documents\odacc\experiment_runs\20260920_104921\controlled_mutations_object_missing_item_relation_online\smt_smt\run_001\component_051_events_0011_objects_0007.error.txt
component_057_events_0011_objects_0005.jsonocel,C:\Users\User\Documents\odacc\experiment_runs\20260920_104921\controlled_mutations_object_missing_item_relation_online\smt_smt\run_001\component_057_events_0011_objects_0005.json,0,ONLINE_OK,NOT_RUN,fresh_offline_alignment,0,0,True,7,7,0,0,0.9303732000007585,12.30053499999849,,,,,,,,11,35.31674000000203,3.2106127272729115,13.666569499997422,0,35.31674000000203,11,36.80683219999992,controlled_mutations_object_missing_item_relation_online,smt_smt,1,,,,,,,,,,,,,,,,,,
component_058_events_0009_objects_0005.jsonocel,C:\Users\User\Documents\odacc\experiment_runs\20260920_104921\controlled_mutations_object_missing_item_relation_online\smt_smt\run_001\component_058_events_0009_objects_0005.json,0,ONLINE_OK,NOT_RUN,fresh_offline_alignment,0,0,True,7,7,0,0,0.7830539999995381,8.558200999999826,,,,,,,,9,26.133912600002077,2.9037680666668972,9.665381900002103,0,26.133912600002077,9,26.715978899999755,controlled_mutations_object_missing_item_relation_online,smt_smt,1,,,,,,,,,,,,,,,,,,
component_059_events_0010_objects_0006.jsonocel,C:\Users\User\Documents\odacc\experiment_runs\20260920_104921\controlled_mutations_object_missing_item_relation_online\smt_smt\run_001\component_059_events_0010_objects_0006.json,0,ONLINE_OK,NOT_RUN,fresh_offline_alignment,0,0,True,9,9,0,0,1.1889718000020366,36.140328800000134,,,,,,,,10,75.97070490000988,7.597070490000988,37.76273620000211,0,75.97070490000988,10,76.5258567000019,controlled_mutations_object_missing_item_relation_online,smt_smt,1,,,,,,,,,,,,,,,,,,
component_061_events_0007_objects_0003.jsonocel,C:\Users\User\Documents\odacc\experiment_runs\20260920_104921\controlled_mutations_object_missing_item_relation_online\smt_smt\run_001\component_061_events_0007_objects_0003.json,0,ONLINE_OK,NOT_RUN,fresh_offline_alignment,0,0,True,3,3,0,0,0.26175140000123065,0.8467918000023928,,,,,,,,7,3.677665100000013,0.5253807285714304,1.2300819999982195,0,3.677665100000013,7,5.058369700000185,controlled_mutations_object_missing_item_relation_online,smt_smt,1,,,,,,,,,,,,,,,,,,
component_063_events_0035_objects_0019.jsonocel,C:\Users\User\Documents\odacc\experiment_runs\20260920_104921\controlled_mutations_object_missing_item_relation_online\smt_smt\run_001\component_063_events_0035_objects_0019.json,124,OBSERVATION_TIMEOUT,NOT_RUN,fresh_offline_alignment,0,0,True,0,0,0,0,0.1702837000011641,0.17222840000249562,,,,,,,,22,12.693224500006181,0.5769647500002809,0.9204725999989023,,12.693224500006181,22,73.31056330000138,controlled_mutations_object_missing_item_relation_online,smt_smt,1,True,60.0,60.02040280000074,23,23,6,create_p-661003,create package,9,23,18,22,True,22,35,22,22,C:\Users\User\Documents\odacc\experiment_runs\20260920_104921\controlled_mutations_object_missing_item_relation_online\smt_smt\run_001\component_063_events_0035_objects_0019.error.txt
component_064_events_0116_objects_0055.jsonocel,C:\Users\User\Documents\odacc\experiment_runs\20260920_104921\controlled_mutations_object_missing_item_relation_online\smt_smt\run_001\component_064_events_0116_objects_0055.json,124,OBSERVATION_TIMEOUT,NOT_RUN,fresh_offline_alignment,0,0,True,0,0,0,0,2.525542100000166,19.945847800001502,,,,,,,,15,80.15181389999634,5.343454259999756,23.065603800001554,,80.15181389999634,15,141.78139010000086,controlled_mutations_object_missing_item_relation_online,smt_smt,1,True,60.0,60.073862699999154,16,16,3,pick_i-887156,pick item,1,9,11,15,True,15,116,15,15,C:\Users\User\Documents\odacc\experiment_runs\20260920_104921\controlled_mutations_object_missing_item_relation_online\smt_smt\run_001\component_064_events_0116_objects_0055.error.txt
component_065_events_0098_objects_0050.jsonocel,C:\Users\User\Documents\odacc\experiment_runs\20260920_104921\controlled_mutations_object_missing_item_relation_online\smt_smt\run_001\component_065_events_0098_objects_0050.json,124,OBSERVATION_TIMEOUT,NOT_RUN,fresh_offline_alignment,0,0,True,0,0,0,0,0.623112699999183,1.4833737000008114,,,,,,,,17,19.44856710000022,1.1440333588235423,2.2968959999998333,,19.44856710000022,17,80.01381679999758,controlled_mutations_object_missing_item_relation_online,smt_smt,1,True,60.0,60.02126309999949,18,18,4,create_p-661073,create package,7,18,15,17,True,17,98,17,17,C:\Users\User\Documents\odacc\experiment_runs\20260920_104921\controlled_mutations_object_missing_item_relation_online\smt_smt\run_001\component_065_events_0098_objects_0050.error.txt
component_066_events_0011_objects_0006.jsonocel,C:\Users\User\Documents\odacc\experiment_runs\20260920_104921\controlled_mutations_object_missing_item_relation_online\smt_smt\run_001\component_066_events_0011_objects_0006.json,0,ONLINE_OK,NOT_RUN,fresh_offline_alignment,0,0,True,9,9,0,0,1.3901734999999462,46.302584000000934,,,,,,,,11,112.37543210000149,10.215948372727409,48.23842650000006,0,112.37543210000149,11,113.86407250000047,controlled_mutations_object_missing_item_relation_online,smt_smt,1,,,,,,,,,,,,,,,,,,
component_067_events_0063_objects_0031.jsonocel,C:\Users\User\Documents\odacc\experiment_runs\20260920_104921\controlled_mutations_object_missing_item_relation_online\smt_smt\run_001\component_067_events_0063_objects_0031.json,124,OBSERVATION_TIMEOUT,NOT_RUN,fresh_offline_alignment,0,0,True,0,0,0,0,0.13777459999982966,0.048541000000113854,,,,,,,,13,11.954335399994306,0.9195642615380236,1.3434551999998803,,11.954335399994306,13,72.57527150000169,controlled_mutations_object_missing_item_relation_online,smt_smt,1,True,60.0,60.08033720000094,14,14,4,create_p-661091,create package,5,13,10,13,True,13,63,13,13,C:\Users\User\Documents\odacc\experiment_runs\20260920_104921\controlled_mutations_object_missing_item_relation_online\smt_smt\run_001\component_067_events_0063_objects_0031.error.txt
component_068_events_0009_objects_0005.jsonocel,C:\Users\User\Documents\odacc\experiment_runs\20260920_104921\controlled_mutations_object_missing_item_relation_online\smt_smt\run_001\component_068_events_0009_objects_0005.json,0,ONLINE_OK,NOT_RUN,fresh_offline_alignment,0,0,True,7,7,0,0,0.7909401999968395,5.06123309999748,,,,,,,,9,18.10373840000102,2.011526488889002,6.190988700000162,0,18.10373840000102,9,19.509130399997957,controlled_mutations_object_missing_item_relation_online,smt_smt,1,,,,,,,,,,,,,,,,,,
component_002_events_0028_objects_0013__stress_4_5_072.jsonocel,C:\Users\User\Documents\odacc\experiment_runs\20260920_104921\multi_deviation_benchmark_stress_4_5_online\smt_smt\run_001\component_002_events_0028_objects_0013__stress_4_5_072.json,124,OBSERVATION_TIMEOUT,NOT_RUN,fresh_offline_alignment,0,0,True,1,0,1,0,0.40754000000015367,0.5130687000018952,,,,,,,,17,61.77643420000095,3.6339078941177028,15.062290100002429,,61.77643420000095,17,122.40624689999822,multi_deviation_benchmark_stress_4_5_online,smt_smt,1,True,60.0,60.00174440000046,18,18,3,create_p-660003,create package,9,18,12,17,True,17,28,17,17,C:\Users\User\Documents\odacc\experiment_runs\20260920_104921\multi_deviation_benchmark_stress_4_5_online\smt_smt\run_001\component_002_events_0028_objects_0013__stress_4_5_072.error.txt
component_003_events_0022_objects_0011__stress_4_5_071.jsonocel,C:\Users\User\Documents\odacc\experiment_runs\20260920_104921\multi_deviation_benchmark_stress_4_5_online\smt_smt\run_001\component_003_events_0022_objects_0011__stress_4_5_071.json,124,OBSERVATION_TIMEOUT,NOT_RUN,fresh_offline_alignment,0,0,True,1,1,0,0,2.1378986000017903,40.58505510000032,,,,,,,,11,160.16334089999873,14.560303718181702,43.418261200000416,,160.16334089999873,11,221.71037830000205,multi_deviation_benchmark_stress_4_5_online,smt_smt,1,True,60.0,60.04062540000086,12,12,1,reorder_i-880018,reorder item,1,12,9,11,True,11,22,11,11,C:\Users\User\Documents\odacc\experiment_runs\20260920_104921\multi_deviation_benchmark_stress_4_5_online\smt_smt\run_001\component_003_events_0022_objects_0011__stress_4_5_071.error.txt
component_004_events_0013_objects_0009__stress_4_5_069.jsonocel,C:\Users\User\Documents\odacc\experiment_runs\20260920_104921\multi_deviation_benchmark_stress_4_5_online\smt_smt\run_001\component_004_events_0013_objects_0009__stress_4_5_069.json,124,OBSERVATION_TIMEOUT,NOT_RUN,fresh_offline_alignment,0,0,True,0,0,0,0,1.4586484000028577,8.722602099998767,,,,,,,,8,33.29127529999823,4.161409412499779,10.510848899997654,,33.29127529999823,8,93.8897418000015,multi_deviation_benchmark_stress_4_5_online,smt_smt,1,True,60.0,60.07474870000078,9,9,1,create_p-660004,create package,8,9,9,8,True,8,11,8,8,C:\Users\User\Documents\odacc\experiment_runs\20260920_104921\multi_deviation_benchmark_stress_4_5_online\smt_smt\run_001\component_004_events_0013_objects_0009__stress_4_5_069.error.txt
component_006_events_0031_objects_0015__stress_4_5_073.jsonocel,C:\Users\User\Documents\odacc\experiment_runs\20260920_104921\multi_deviation_benchmark_stress_4_5_online\smt_smt\run_001\component_006_events_0031_objects_0015__stress_4_5_073.json,124,OBSERVATION_TIMEOUT,NOT_RUN,fresh_offline_alignment,0,0,True,0,0,0,0,0.23254649999944377,0.0986648999969475,,,,,,,,14,17.309198800008744,1.2363713428577674,2.1862570000012056,,17.309198800008744,14,78.8670103000004,multi_deviation_benchmark_stress_4_5_online,smt_smt,1,True,60.0,60.051091799999995,15,15,4,create_p-660006,create package,7,14,11,14,True,14,29,14,14,C:\Users\User\Documents\odacc\experiment_runs\20260920_104921\multi_deviation_benchmark_stress_4_5_online\smt_smt\run_001\component_006_events_0031_objects_0015__stress_4_5_073.error.txt
component_009_events_0015_objects_0008__stress_4_5_070.jsonocel,C:\Users\User\Documents\odacc\experiment_runs\20260920_104921\multi_deviation_benchmark_stress_4_5_online\smt_smt\run_001\component_009_events_0015_objects_0008__stress_4_5_070.json,124,OBSERVATION_TIMEOUT,NOT_RUN,fresh_offline_alignment,0,0,True,2,2,0,0,1.449795799999265,31.248166900000797,,,,,,,,11,85.81448120000641,7.801316472727856,33.126365899999655,,85.81448120000641,11,146.43788790000326,multi_deviation_benchmark_stress_4_5_online,smt_smt,1,True,60.0,60.08459760000187,12,12,1,pick_i-880065,pick item,1,12,7,11,True,11,17,11,11,C:\Users\User\Documents\odacc\experiment_runs\20260920_104921\multi_deviation_benchmark_stress_4_5_online\smt_smt\run_001\component_009_events_0015_objects_0008__stress_4_5_070.error.txt
component_051_events_0011_objects_0007__stress_4_5_067.jsonocel,C:\Users\User\Documents\odacc\experiment_runs\20260920_104921\multi_deviation_benchmark_stress_4_5_online\smt_smt\run_001\component_051_events_0011_objects_0007__stress_4_5_067.json,124,OBSERVATION_TIMEOUT,NOT_RUN,fresh_offline_alignment,0,0,True,9,8,1,0,1.4149488000002748,51.58330489999935,,,,,,,,9,86.83257189999131,9.64806354444348,53.42516350000005,,86.83257189999131,9,148.36986070000057,multi_deviation_benchmark_stress_4_5_online,smt_smt,1,True,60.0,60.08843529999649,10,10,1,deliver_p-660751,package delivered,6,10,7,9,True,9,11,9,9,C:\Users\User\Documents\odacc\experiment_runs\20260920_104921\multi_deviation_benchmark_stress_4_5_online\smt_smt\run_001\component_051_events_0011_objects_0007__stress_4_5_067.error.txt
component_063_events_0035_objects_0019__stress_4_5_074.jsonocel,C:\Users\User\Documents\odacc\experiment_runs\20260920_104921\multi_deviation_benchmark_stress_4_5_online\smt_smt\run_001\component_063_events_0035_objects_0019__stress_4_5_074.json,124,OBSERVATION_TIMEOUT,NOT_RUN,fresh_offline_alignment,0,0,True,1,0,1,0,0.1725390999999945,0.14660100000037346,,,,,,,,24,14.679188099991734,0.6116328374996556,1.2424496000021463,,14.679188099991734,24,75.38568959999975,multi_deviation_benchmark_stress_4_5_online,smt_smt,1,True,60.0,60.07729839999956,25,25,6,create_p-661003,create package,10,25,18,24,True,24,37,24,24,C:\Users\User\Documents\odacc\experiment_runs\20260920_104921\multi_deviation_benchmark_stress_4_5_online\smt_smt\run_001\component_063_events_0035_objects_0019__stress_4_5_074.error.txt
component_064_events_0116_objects_0055__stress_4_5_076.jsonocel,C:\Users\User\Documents\odacc\experiment_runs\20260920_104921\multi_deviation_benchmark_stress_4_5_online\smt_smt\run_001\component_064_events_0116_objects_0055__stress_4_5_076.json,124,OBSERVATION_TIMEOUT,NOT_RUN,fresh_offline_alignment,0,0,True,0,0,0,0,2.542391300001327,30.448935400003393,,,,,,,,15,96.95678559999942,6.463785706666628,33.56552290000036,,96.95678559999942,15,158.48746910000045,multi_deviation_benchmark_stress_4_5_online,smt_smt,1,True,60.0,60.02126249999856,16,16,3,pick_i-887156,pick item,1,9,11,15,True,15,116,15,15,C:\Users\User\Documents\odacc\experiment_runs\20260920_104921\multi_deviation_benchmark_stress_4_5_online\smt_smt\run_001\component_064_events_0116_objects_0055__stress_4_5_076.error.txt
component_065_events_0098_objects_0050__stress_4_5_075.jsonocel,C:\Users\User\Documents\odacc\experiment_runs\20260920_104921\multi_deviation_benchmark_stress_4_5_online\smt_smt\run_001\component_065_events_0098_objects_0050__stress_4_5_075.json,124,OBSERVATION_TIMEOUT,NOT_RUN,fresh_offline_alignment,0,0,True,0,0,0,0,0.6176011999996263,1.110099600002286,,,,,,,,17,18.837221900022996,1.108071876471941,1.9250966000035987,,18.837221900022996,17,79.49769809999998,multi_deviation_benchmark_stress_4_5_online,smt_smt,1,True,60.0,60.06599239999923,18,18,4,create_p-661073,create package,7,18,15,17,True,17,98,17,17,C:\Users\User\Documents\odacc\experiment_runs\20260920_104921\multi_deviation_benchmark_stress_4_5_online\smt_smt\run_001\component_065_events_0098_objects_0050__stress_4_5_075.error.txt
component_066_events_0011_objects_0006__stress_4_5_068.jsonocel,C:\Users\User\Documents\odacc\experiment_runs\20260920_104921\multi_deviation_benchmark_stress_4_5_online\smt_smt\run_001\component_066_events_0011_objects_0006__stress_4_5_068.json,0,ONLINE_OK,NOT_RUN,fresh_offline_alignment,0,0,True,13,12,1,0,1.1051152000000002,32.48071479999635,,,,,,,,9,107.50640459999704,11.945156066666337,33.995382599998266,0,107.50640459999704,9,109.05144970000401,multi_deviation_benchmark_stress_4_5_online,smt_smt,1,,,,,,,,,,,,,,,,,,
component_002_events_0028_objects_0013__three_mixed_060.jsonocel,C:\Users\User\Documents\odacc\experiment_runs\20260920_104921\multi_deviation_benchmark_three_mixed_online\smt_smt\run_001\component_002_events_0028_objects_0013__three_mixed_060.json,124,OBSERVATION_TIMEOUT,NOT_RUN,fresh_offline_alignment,0,0,True,1,0,1,0,0.39620490000015707,0.391590900002484,,,,,,,,18,81.9748288999981,4.554157161111005,21.251308199996856,,81.9748288999981,18,142.70432280000023,multi_deviation_benchmark_three_mixed_online,smt_smt,1,True,60.0,60.059107299999596,19,19,3,create_p-660003,create package,7,19,12,18,True,18,29,18,18,C:\Users\User\Documents\odacc\experiment_runs\20260920_104921\multi_deviation_benchmark_three_mixed_online\smt_smt\run_001\component_002_events_0028_objects_0013__three_mixed_060.error.txt
component_003_events_0022_objects_0011__three_mixed_059.jsonocel,C:\Users\User\Documents\odacc\experiment_runs\20260920_104921\multi_deviation_benchmark_three_mixed_online\smt_smt\run_001\component_003_events_0022_objects_0011__three_mixed_059.json,124,OBSERVATION_TIMEOUT,NOT_RUN,fresh_offline_alignment,0,0,True,0,0,0,0,1.9721645999998145,18.115402999999787,,,,,,,,10,89.51272069999686,8.951272069999685,33.965792999999394,,89.51272069999686,10,151.08452930000203,multi_deviation_benchmark_three_mixed_online,smt_smt,1,True,60.0,60.08071059999929,11,11,1,reorder_i-880018,reorder item,1,11,9,10,True,10,21,10,10,C:\Users\User\Documents\odacc\experiment_runs\20260920_104921\multi_deviation_benchmark_three_mixed_online\smt_smt\run_001\component_003_events_0022_objects_0011__three_mixed_059.error.txt
component_004_events_0013_objects_0009__three_mixed_056.jsonocel,C:\Users\User\Documents\odacc\experiment_runs\20260920_104921\multi_deviation_benchmark_three_mixed_online\smt_smt\run_001\component_004_events_0013_objects_0009__three_mixed_056.json,124,OBSERVATION_TIMEOUT,NOT_RUN,fresh_offline_alignment,0,0,True,1,1,0,0,1.5967811999980768,11.83154680000007,,,,,,,,10,69.0610450000022,6.90610450000022,17.9199535000007,,69.0610450000022,10,129.71368449999864,multi_deviation_benchmark_three_mixed_online,smt_smt,1,True,60.0,60.08320669999739,11,11,1,pay_o-990006,pay order,8,11,8,10,True,10,14,10,10,C:\Users\User\Documents\odacc\experiment_runs\20260920_104921\multi_deviation_benchmark_three_mixed_online\smt_smt\run_001\component_004_events_0013_objects_0009__three_mixed_056.error.txt
component_006_events_0031_objects_0015__three_mixed_062.jsonocel,C:\Users\User\Documents\odacc\experiment_runs\20260920_104921\multi_deviation_benchmark_three_mixed_online\smt_smt\run_001\component_006_events_0031_objects_0015__three_mixed_062.json,124,OBSERVATION_TIMEOUT,NOT_RUN,fresh_offline_alignment,0,0,True,0,0,0,0,0.23085940000237315,0.11249799999859533,,,,,,,,16,22.08022990000609,1.3800143687503805,3.6714979999997013,,22.08022990000609,16,83.63693179999973,multi_deviation_benchmark_three_mixed_online,smt_smt,1,True,60.0,60.04629870000281,17,17,4,create_p-660006,create package,8,16,11,16,True,16,32,16,16,C:\Users\User\Documents\odacc\experiment_runs\20260920_104921\multi_deviation_benchmark_three_mixed_online\smt_smt\run_001\component_006_events_0031_objects_0015__three_mixed_062.error.txt
component_011_events_0028_objects_0017__three_mixed_061.jsonocel,C:\Users\User\Documents\odacc\experiment_runs\20260920_104921\multi_deviation_benchmark_three_mixed_online\smt_smt\run_001\component_011_events_0028_objects_0017__three_mixed_061.json,124,OBSERVATION_TIMEOUT,NOT_RUN,fresh_offline_alignment,0,0,True,0,0,0,0,0.5721997000000556,0.8262601000024006,,,,,,,,21,44.95571669998753,2.1407484142851207,11.790839299999789,,44.95571669998753,21,105.75018430000273,multi_deviation_benchmark_three_mixed_online,smt_smt,1,True,60.0,60.063068999999814,22,22,4,create_p-660011,create package,13,22,17,21,True,21,27,21,21,C:\Users\User\Documents\odacc\experiment_runs\20260920_104921\multi_deviation_benchmark_three_mixed_online\smt_smt\run_001\component_011_events_0028_objects_0017__three_mixed_061.error.txt
component_021_events_0013_objects_0005__three_mixed_057.jsonocel,C:\Users\User\Documents\odacc\experiment_runs\20260920_104921\multi_deviation_benchmark_three_mixed_online\smt_smt\run_001\component_021_events_0013_objects_0005__three_mixed_057.json,124,OBSERVATION_TIMEOUT,NOT_RUN,fresh_offline_alignment,0,0,True,6,5,1,0,0.7994885000007343,50.29559750000044,,,,,,,,10,68.01437709999664,6.8014377099996635,51.48400489999767,,68.01437709999664,10,129.48764120000124,multi_deviation_benchmark_three_mixed_online,smt_smt,1,True,60.0,60.01298550000138,11,11,3,send_p-660050,send package,2,11,5,10,True,10,12,10,10,C:\Users\User\Documents\odacc\experiment_runs\20260920_104921\multi_deviation_benchmark_three_mixed_online\smt_smt\run_001\component_021_events_0013_objects_0005__three_mixed_057.error.txt
component_028_events_0012_objects_0008__three_mixed_055.jsonocel,C:\Users\User\Documents\odacc\experiment_runs\20260920_104921\multi_deviation_benchmark_three_mixed_online\smt_smt\run_001\component_028_events_0012_objects_0008__three_mixed_055.json,124,OBSERVATION_TIMEOUT,NOT_RUN,fresh_offline_alignment,0,0,True,1,1,0,0,1.3208096000016667,9.728173499999684,,,,,,,,9,35.87438649999967,3.9860429444444083,11.382697400000325,,35.87438649999967,9,96.51827540000158,multi_deviation_benchmark_three_mixed_online,smt_smt,1,True,60.0,60.09568620000209,10,10,1,create_p-660133,create package,6,10,8,9,True,9,13,9,9,C:\Users\User\Documents\odacc\experiment_runs\20260920_104921\multi_deviation_benchmark_three_mixed_online\smt_smt\run_001\component_028_events_0012_objects_0008__three_mixed_055.error.txt
component_032_events_0007_objects_0003__three_mixed_047.jsonocel,C:\Users\User\Documents\odacc\experiment_runs\20260920_104921\multi_deviation_benchmark_three_mixed_online\smt_smt\run_001\component_032_events_0007_objects_0003__three_mixed_047.json,0,ONLINE_OK,NOT_RUN,fresh_offline_alignment,0,0,True,5,4,1,0,0.3116279999994731,1.353698599999916,,,,,,,,8,5.202650899998844,0.6503313624998555,1.8177568999999494,0,5.202650899998844,8,6.655931100001908,multi_deviation_benchmark_three_mixed_online,smt_smt,1,,,,,,,,,,,,,,,,,,
component_036_events_0017_objects_0008__three_mixed_058.jsonocel,C:\Users\User\Documents\odacc\experiment_runs\20260920_104921\multi_deviation_benchmark_three_mixed_online\smt_smt\run_001\component_036_events_0017_objects_0008__three_mixed_058.json,124,OBSERVATION_TIMEOUT,NOT_RUN,fresh_offline_alignment,0,0,True,2,1,1,0,1.0239260999987891,6.368068300002051,,,,,,,,10,23.175461099996028,2.317546109999603,7.819882399999187,,23.175461099996028,10,83.75728629999867,multi_deviation_benchmark_three_mixed_online,smt_smt,1,True,60.0,60.04981179999959,11,11,3,send_p-660296,send package,6,11,8,10,True,10,18,10,10,C:\Users\User\Documents\odacc\experiment_runs\20260920_104921\multi_deviation_benchmark_three_mixed_online\smt_smt\run_001\component_036_events_0017_objects_0008__three_mixed_058.error.txt
component_038_events_0008_objects_0004__three_mixed_048.jsonocel,C:\Users\User\Documents\odacc\experiment_runs\20260920_104921\multi_deviation_benchmark_three_mixed_online\smt_smt\run_001\component_038_events_0008_objects_0004__three_mixed_048.json,0,ONLINE_OK,NOT_RUN,fresh_offline_alignment,0,0,True,7,6,1,0,0.5493915000006382,5.3656136999998125,,,,,,,,9,16.06740539999737,1.7852672666663745,6.183204099997965,0,16.06740539999737,9,17.510267899997416,multi_deviation_benchmark_three_mixed_online,smt_smt,1,,,,,,,,,,,,,,,,,,
component_042_events_0009_objects_0005__three_mixed_050.jsonocel,C:\Users\User\Documents\odacc\experiment_runs\20260920_104921\multi_deviation_benchmark_three_mixed_online\smt_smt\run_001\component_042_events_0009_objects_0005__three_mixed_050.json,0,ONLINE_OK,NOT_RUN,fresh_offline_alignment,0,0,True,9,8,1,0,0.8942294000007678,20.14779510000153,,,,,,,,10,43.63379889999851,4.363379889999851,21.466812999999092,0,43.63379889999851,10,44.20830220000062,multi_deviation_benchmark_three_mixed_online,smt_smt,1,,,,,,,,,,,,,,,,,,
component_048_events_0011_objects_0007__three_mixed_053.jsonocel,C:\Users\User\Documents\odacc\experiment_runs\20260920_104921\multi_deviation_benchmark_three_mixed_online\smt_smt\run_001\component_048_events_0011_objects_0007__three_mixed_053.json,124,OBSERVATION_TIMEOUT,NOT_RUN,fresh_offline_alignment,0,0,True,9,7,2,0,1.495858700000099,45.85786370000278,,,,,,,,9,85.26726790000248,9.474140877778053,47.90433439999833,,85.26726790000248,9,145.83292520000032,multi_deviation_benchmark_three_mixed_online,smt_smt,1,True,60.0,60.02604810000048,10,10,1,deliver_p-660649,package delivered,6,10,7,9,True,9,10,9,9,C:\Users\User\Documents\odacc\experiment_runs\20260920_104921\multi_deviation_benchmark_three_mixed_online\smt_smt\run_001\component_048_events_0011_objects_0007__three_mixed_053.error.txt
component_050_events_0008_objects_0004__three_mixed_049.jsonocel,C:\Users\User\Documents\odacc\experiment_runs\20260920_104921\multi_deviation_benchmark_three_mixed_online\smt_smt\run_001\component_050_events_0008_objects_0004__three_mixed_049.json,0,ONLINE_OK,NOT_RUN,fresh_offline_alignment,0,0,True,9,8,1,0,0.43892000000050757,2.6504635000019334,,,,,,,,7,8.73539620000156,1.2479137428573657,3.2695583999993687,0,8.73539620000156,7,10.16875599999912,multi_deviation_benchmark_three_mixed_online,smt_smt,1,,,,,,,,,,,,,,,,,,
component_057_events_0011_objects_0005__three_mixed_054.jsonocel,C:\Users\User\Documents\odacc\experiment_runs\20260920_104921\multi_deviation_benchmark_three_mixed_online\smt_smt\run_001\component_057_events_0011_objects_0005__three_mixed_054.json,0,ONLINE_OK,NOT_RUN,fresh_offline_alignment,0,0,True,9,8,1,0,1.0545216999998956,51.22134109999752,,,,,,,,12,85.86387359999935,7.155322799999946,52.74774460000117,0,85.86387359999935,12,86.51474960000269,multi_deviation_benchmark_three_mixed_online,smt_smt,1,,,,,,,,,,,,,,,,,,
component_059_events_0010_objects_0006__three_mixed_052.jsonocel,C:\Users\User\Documents\odacc\experiment_runs\20260920_104921\multi_deviation_benchmark_three_mixed_online\smt_smt\run_001\component_059_events_0010_objects_0006__three_mixed_052.json,124,OBSERVATION_TIMEOUT,NOT_RUN,fresh_offline_alignment,0,0,True,10,10,0,0,1.248577700000169,40.4776531000025,,,,,,,,10,86.37215720000313,8.637215720000313,42.21427689999837,,86.37215720000313,10,146.9780213999984,multi_deviation_benchmark_three_mixed_online,smt_smt,1,True,60.0,60.034097899999324,11,11,1,pay_o-991686,pay order,5,11,6,10,True,10,11,10,10,C:\Users\User\Documents\odacc\experiment_runs\20260920_104921\multi_deviation_benchmark_three_mixed_online\smt_smt\run_001\component_059_events_0010_objects_0006__three_mixed_052.error.txt
component_063_events_0035_objects_0019__three_mixed_063.jsonocel,C:\Users\User\Documents\odacc\experiment_runs\20260920_104921\multi_deviation_benchmark_three_mixed_online\smt_smt\run_001\component_063_events_0035_objects_0019__three_mixed_063.json,124,OBSERVATION_TIMEOUT,NOT_RUN,fresh_offline_alignment,0,0,True,0,0,0,0,0.17287109999961103,0.17247080000015558,,,,,,,,21,12.560470600001281,0.5981176476191086,0.9291316000017105,,12.560470600001281,21,74.18313259999923,multi_deviation_benchmark_three_mixed_online,smt_smt,1,True,60.0,60.05259110000043,22,22,6,create_p-661003,create package,11,22,18,21,True,21,34,21,21,C:\Users\User\Documents\odacc\experiment_runs\20260920_104921\multi_deviation_benchmark_three_mixed_online\smt_smt\run_001\component_063_events_0035_objects_0019__three_mixed_063.error.txt
component_064_events_0116_objects_0055__three_mixed_066.jsonocel,C:\Users\User\Documents\odacc\experiment_runs\20260920_104921\multi_deviation_benchmark_three_mixed_online\smt_smt\run_001\component_064_events_0116_objects_0055__three_mixed_066.json,124,OBSERVATION_TIMEOUT,NOT_RUN,fresh_offline_alignment,0,0,True,0,0,0,0,0.2504850000004808,0.12929259999873466,,,,,,,,17,101.00221419999798,5.94130671764694,25.830854000003455,,101.00221419999798,17,161.7147487000002,multi_deviation_benchmark_three_mixed_online,smt_smt,1,True,60.0,60.050826399998186,18,18,3,out_of_stock_i-887154,item out of stock,1,10,11,17,True,17,117,17,17,C:\Users\User\Documents\odacc\experiment_runs\20260920_104921\multi_deviation_benchmark_three_mixed_online\smt_smt\run_001\component_064_events_0116_objects_0055__three_mixed_066.error.txt
component_065_events_0098_objects_0050__three_mixed_065.jsonocel,C:\Users\User\Documents\odacc\experiment_runs\20260920_104921\multi_deviation_benchmark_three_mixed_online\smt_smt\run_001\component_065_events_0098_objects_0050__three_mixed_065.json,124,OBSERVATION_TIMEOUT,NOT_RUN,fresh_offline_alignment,0,0,True,1,0,1,0,0.6405268999988039,1.344065999997838,,,,,,,,17,19.7319376000014,1.1607022117647883,2.1882419000030495,,19.7319376000014,17,81.29240129999744,multi_deviation_benchmark_three_mixed_online,smt_smt,1,True,60.0,60.02512790000037,18,18,4,create_p-661073,create package,7,18,15,17,True,17,97,17,17,C:\Users\User\Documents\odacc\experiment_runs\20260920_104921\multi_deviation_benchmark_three_mixed_online\smt_smt\run_001\component_065_events_0098_objects_0050__three_mixed_065.error.txt
component_067_events_0063_objects_0031__three_mixed_064.jsonocel,C:\Users\User\Documents\odacc\experiment_runs\20260920_104921\multi_deviation_benchmark_three_mixed_online\smt_smt\run_001\component_067_events_0063_objects_0031__three_mixed_064.json,124,OBSERVATION_TIMEOUT,NOT_RUN,fresh_offline_alignment,0,0,True,0,0,0,0,0.14614559999972698,0.06059250000180327,,,,,,,,13,12.3517070000089,0.9501313076929924,1.4691937000025064,,12.3517070000089,13,72.98060119999718,multi_deviation_benchmark_three_mixed_online,smt_smt,1,True,60.0,60.06905109999934,14,14,4,create_p-661091,create package,5,13,10,13,True,13,64,13,13,C:\Users\User\Documents\odacc\experiment_runs\20260920_104921\multi_deviation_benchmark_three_mixed_online\smt_smt\run_001\component_067_events_0063_objects_0031__three_mixed_064.error.txt
component_068_events_0009_objects_0005__three_mixed_051.jsonocel,C:\Users\User\Documents\odacc\experiment_runs\20260920_104921\multi_deviation_benchmark_three_mixed_online\smt_smt\run_001\component_068_events_0009_objects_0005__three_mixed_051.json,0,ONLINE_OK,NOT_RUN,fresh_offline_alignment,0,0,True,9,8,1,0,0.8923797999996168,24.966233200000715,,,,,,,,10,47.989567299991904,4.79895672999919,26.246866699999373,0,47.989567299991904,10,49.53494430000137,multi_deviation_benchmark_three_mixed_online,smt_smt,1,,,,,,,,,,,,,,,,,,
component_001_events_0030_objects_0020__two_mixed_026.jsonocel,C:\Users\User\Documents\odacc\experiment_runs\20260920_104921\multi_deviation_benchmark_two_mixed_online\smt_smt\run_001\component_001_events_0030_objects_0020__two_mixed_026.json,124,OBSERVATION_TIMEOUT,NOT_RUN,fresh_offline_alignment,0,0,True,0,0,0,0,0.6218188000020746,1.4135772999979963,,,,,,,,26,35.99377889998868,1.3843761115380262,4.0746431999978086,,35.99377889998868,26,96.72967989999961,multi_deviation_benchmark_two_mixed_online,smt_smt,1,True,60.0,60.020378600002005,27,27,5,create_p-660001,create package,15,27,20,26,True,26,30,26,26,C:\Users\User\Documents\odacc\experiment_runs\20260920_104921\multi_deviation_benchmark_two_mixed_online\smt_smt\run_001\component_001_events_0030_objects_0020__two_mixed_026.error.txt
component_002_events_0028_objects_0013__two_mixed_024.jsonocel,C:\Users\User\Documents\odacc\experiment_runs\20260920_104921\multi_deviation_benchmark_two_mixed_online\smt_smt\run_001\component_002_events_0028_objects_0013__two_mixed_024.json,124,OBSERVATION_TIMEOUT,NOT_RUN,fresh_offline_alignment,0,0,True,1,0,1,0,0.39673060000131954,0.43775969999842346,,,,,,,,18,86.2559613999947,4.791997855555262,24.753651600000012,,86.2559613999947,18,147.88518029999977,multi_deviation_benchmark_two_mixed_online,smt_smt,1,True,60.0,60.00138689999949,19,19,3,create_p-660003,create package,8,19,12,18,True,18,29,18,18,C:\Users\User\Documents\odacc\experiment_runs\20260920_104921\multi_deviation_benchmark_two_mixed_online\smt_smt\run_001\component_002_events_0028_objects_0013__two_mixed_024.error.txt
component_003_events_0022_objects_0011__two_mixed_022.jsonocel,C:\Users\User\Documents\odacc\experiment_runs\20260920_104921\multi_deviation_benchmark_two_mixed_online\smt_smt\run_001\component_003_events_0022_objects_0011__two_mixed_022.json,124,OBSERVATION_TIMEOUT,NOT_RUN,fresh_offline_alignment,0,0,True,0,0,0,0,2.0003909999977623,20.25629729999855,,,,,,,,10,99.84254230000442,9.984254230000442,30.082536699999764,,99.84254230000442,10,160.4209471000031,multi_deviation_benchmark_two_mixed_online,smt_smt,1,True,60.0,60.04742769999939,11,11,1,reorder_i-880018,reorder item,1,11,9,10,True,10,21,10,10,C:\Users\User\Documents\odacc\experiment_runs\20260920_104921\multi_deviation_benchmark_two_mixed_online\smt_smt\run_001\component_003_events_0022_objects_0011__two_mixed_022.error.txt
component_004_events_0013_objects_0009__two_mixed_017.jsonocel,C:\Users\User\Documents\odacc\experiment_runs\20260920_104921\multi_deviation_benchmark_two_mixed_online\smt_smt\run_001\component_004_events_0013_objects_0009__two_mixed_017.json,124,OBSERVATION_TIMEOUT,NOT_RUN,fresh_offline_alignment,0,0,True,1,1,0,0,1.7956099000002723,15.465258500000346,,,,,,,,11,104.97359339999821,9.543053945454382,41.77473380000083,,104.97359339999821,11,166.46473170000172,multi_deviation_benchmark_two_mixed_online,smt_smt,1,True,60.0,60.00586000000112,12,12,1,create_p-660004,create package,8,12,9,11,True,11,14,11,11,C:\Users\User\Documents\odacc\experiment_runs\20260920_104921\multi_deviation_benchmark_two_mixed_online\smt_smt\run_001\component_004_events_0013_objects_0009__two_mixed_017.error.txt
component_005_events_0035_objects_0016__two_mixed_028.jsonocel,C:\Users\User\Documents\odacc\experiment_runs\20260920_104921\multi_deviation_benchmark_two_mixed_online\smt_smt\run_001\component_005_events_0035_objects_0016__two_mixed_028.json,124,OBSERVATION_TIMEOUT,NOT_RUN,fresh_offline_alignment,0,0,True,0,0,0,0,1.7778431000006094,55.840496100001474,,,,,,,,11,126.02136589999645,11.456487809090588,58.2132832999996,,126.02136589999645,11,186.61065360000066,multi_deviation_benchmark_two_mixed_online,smt_smt,1,True,60.0,60.01507720000154,12,12,1,pick_i-880038,pick item,1,12,8,11,True,11,34,11,11,C:\Users\User\Documents\odacc\experiment_runs\20260920_104921\multi_deviation_benchmark_two_mixed_online\smt_smt\run_001\component_005_events_0035_objects_0016__two_mixed_028.error.txt
component_006_events_0031_objects_0015__two_mixed_027.jsonocel,C:\Users\User\Documents\odacc\experiment_runs\20260920_104921\multi_deviation_benchmark_two_mixed_online\smt_smt\run_001\component_006_events_0031_objects_0015__two_mixed_027.json,124,OBSERVATION_TIMEOUT,NOT_RUN,fresh_offline_alignment,0,0,True,0,0,0,0,0.23023909999756142,0.11114989999987301,,,,,,,,15,18.386238200000662,1.2257492133333774,2.346000699999422,,18.386238200000662,15,79.8973189999997,multi_deviation_benchmark_two_mixed_online,smt_smt,1,True,60.0,60.02886840000065,16,16,4,create_p-660006,create package,6,15,11,15,True,15,31,15,15,C:\Users\User\Documents\odacc\experiment_runs\20260920_104921\multi_deviation_benchmark_two_mixed_online\smt_smt\run_001\component_006_events_0031_objects_0015__two_mixed_027.error.txt
component_009_events_0015_objects_0008__two_mixed_019.jsonocel,C:\Users\User\Documents\odacc\experiment_runs\20260920_104921\multi_deviation_benchmark_two_mixed_online\smt_smt\run_001\component_009_events_0015_objects_0008__two_mixed_019.json,124,OBSERVATION_TIMEOUT,NOT_RUN,fresh_offline_alignment,0,0,True,0,0,0,0,1.286392000001797,3.3091529000012088,,,,,,,,9,29.42526230000294,3.2694735888892157,8.011663299999782,,29.42526230000294,9,89.93708450000122,multi_deviation_benchmark_two_mixed_online,smt_smt,1,True,60.0,60.02427869999883,10,10,1,create_p-660009,create package,7,10,8,9,True,9,14,9,9,C:\Users\User\Documents\odacc\experiment_runs\20260920_104921\multi_deviation_benchmark_two_mixed_online\smt_smt\run_001\component_009_events_0015_objects_0008__two_mixed_019.error.txt
component_011_events_0028_objects_0017__two_mixed_025.jsonocel,C:\Users\User\Documents\odacc\experiment_runs\20260920_104921\multi_deviation_benchmark_two_mixed_online\smt_smt\run_001\component_011_events_0028_objects_0017__two_mixed_025.json,124,OBSERVATION_TIMEOUT,NOT_RUN,fresh_offline_alignment,0,0,True,0,0,0,0,0.5549305999993521,0.80231669999921,,,,,,,,21,46.83581190001132,2.2302767571433963,12.694737099998747,,46.83581190001132,21,108.54888270000083,multi_deviation_benchmark_two_mixed_online,smt_smt,1,True,60.0,60.08582680000109,22,22,4,create_p-660011,create package,14,22,17,21,True,21,27,21,21,C:\Users\User\Documents\odacc\experiment_runs\20260920_104921\multi_deviation_benchmark_two_mixed_online\smt_smt\run_001\component_011_events_0028_objects_0017__two_mixed_025.error.txt
component_014_events_0102_objects_0053__two_mixed_033.jsonocel,C:\Users\User\Documents\odacc\experiment_runs\20260920_104921\multi_deviation_benchmark_two_mixed_online\smt_smt\run_001\component_014_events_0102_objects_0053__two_mixed_033.json,124,OBSERVATION_TIMEOUT,NOT_RUN,fresh_offline_alignment,0,0,True,0,0,0,0,0.3817645999988599,0.3749451000003319,,,,,,,,11,8.766883300002519,0.7969893909093199,1.259090899999137,,8.766883300002519,11,69.35909430000174,multi_deviation_benchmark_two_mixed_online,smt_smt,1,True,60.0,60.084283199998026,12,12,3,create_p-660015,create package,4,12,9,11,True,11,102,11,11,C:\Users\User\Documents\odacc\experiment_runs\20260920_104921\multi_deviation_benchmark_two_mixed_online\smt_smt\run_001\component_014_events_0102_objects_0053__two_mixed_033.error.txt
component_020_events_0022_objects_0009__two_mixed_023.jsonocel,C:\Users\User\Documents\odacc\experiment_runs\20260920_104921\multi_deviation_benchmark_two_mixed_online\smt_smt\run_001\component_020_events_0022_objects_0009__two_mixed_023.json,124,OBSERVATION_TIMEOUT,NOT_RUN,fresh_offline_alignment,0,0,True,1,1,0,0,1.886869800000568,55.51184099999955,,,,,,,,12,163.0834723999942,13.590289366666184,58.16871639999954,,163.0834723999942,12,224.59517609999966,multi_deviation_benchmark_two_mixed_online,smt_smt,1,True,60.0,60.020598600000085,13,13,1,create_p-660027,create package,8,13,9,12,True,12,23,12,12,C:\Users\User\Documents\odacc\experiment_runs\20260920_104921\multi_deviation_benchmark_two_mixed_online\smt_smt\run_001\component_020_events_0022_objects_0009__two_mixed_023.error.txt
component_021_events_0013_objects_0005__two_mixed_018.jsonocel,C:\Users\User\Documents\odacc\experiment_runs\20260920_104921\multi_deviation_benchmark_two_mixed_online\smt_smt\run_001\component_021_events_0013_objects_0005__two_mixed_018.json,0,ONLINE_OK,NOT_RUN,fresh_offline_alignment,0,0,True,2,1,1,0,1.1282415999994555,21.038232700000663,,,,,,,,14,108.19001510000089,7.727858221428635,40.864605999999185,0,108.19001510000089,14,108.81230430000141,multi_deviation_benchmark_two_mixed_online,smt_smt,1,,,,,,,,,,,,,,,,,,
component_024_events_0010_objects_0005__two_mixed_009.jsonocel,C:\Users\User\Documents\odacc\experiment_runs\20260920_104921\multi_deviation_benchmark_two_mixed_online\smt_smt\run_001\component_024_events_0010_objects_0005__two_mixed_009.json,0,ONLINE_OK,NOT_RUN,fresh_offline_alignment,0,0,True,8,7,1,0,0.8631689999965602,13.260698000001867,,,,,,,,10,43.322025399997074,4.332202539999708,14.583743099999992,0,43.322025399997074,10,43.905960799998866,multi_deviation_benchmark_two_mixed_online,smt_smt,1,,,,,,,,,,,,,,,,,,
component_028_events_0012_objects_0008__two_mixed_015.jsonocel,C:\Users\User\Documents\odacc\experiment_runs\20260920_104921\multi_deviation_benchmark_two_mixed_online\smt_smt\run_001\component_028_events_0012_objects_0008__two_mixed_015.json,124,OBSERVATION_TIMEOUT,NOT_RUN,fresh_offline_alignment,0,0,True,1,0,1,0,1.7884573000010278,54.766107600000396,,,,,,,,9,81.37733869999647,9.04192652222183,57.08789629999956,,81.37733869999647,9,141.90168189999895,multi_deviation_benchmark_two_mixed_online,smt_smt,1,True,60.0,60.02503219999926,10,10,1,send_p-660133,send package,7,10,8,9,True,9,12,9,9,C:\Users\User\Documents\odacc\experiment_runs\20260920_104921\multi_deviation_benchmark_two_mixed_online\smt_smt\run_001\component_028_events_0012_objects_0008__two_mixed_015.error.txt
component_029_events_0021_objects_0010__two_mixed_021.jsonocel,C:\Users\User\Documents\odacc\experiment_runs\20260920_104921\multi_deviation_benchmark_two_mixed_online\smt_smt\run_001\component_029_events_0021_objects_0010__two_mixed_021.json,124,OBSERVATION_TIMEOUT,NOT_RUN,fresh_offline_alignment,0,0,True,0,0,0,0,1.6944913000006636,9.12129620000269,,,,,,,,9,44.891608399997494,4.98795648888861,11.25695529999939,,44.891608399997494,9,106.45276720000038,multi_deviation_benchmark_two_mixed_online,smt_smt,1,True,60.0,60.05884520000109,10,10,1,create_p-660144,create package,6,10,9,9,True,9,21,9,9,C:\Users\User\Documents\odacc\experiment_runs\20260920_104921\multi_deviation_benchmark_two_mixed_online\smt_smt\run_001\component_029_events_0021_objects_0010__two_mixed_021.error.txt
component_030_events_0061_objects_0033__two_mixed_030.jsonocel,C:\Users\User\Documents\odacc\experiment_runs\20260920_104921\multi_deviation_benchmark_two_mixed_online\smt_smt\run_001\component_030_events_0061_objects_0033__two_mixed_030.json,124,OBSERVATION_TIMEOUT,NOT_RUN,fresh_offline_alignment,0,0,True,0,0,0,0,0.38613229999828036,0.3188908000010997,,,,,,,,10,14.675659399999859,1.4675659399999859,2.693594199998188,,14.675659399999859,10,75.19458140000279,multi_deviation_benchmark_two_mixed_online,smt_smt,1,True,60.0,60.024382499999774,11,11,3,create_p-660186,create package,5,11,12,10,True,10,62,10,10,C:\Users\User\Documents\odacc\experiment_runs\20260920_104921\multi_deviation_benchmark_two_mixed_online\smt_smt\run_001\component_030_events_0061_objects_0033__two_mixed_030.error.txt
component_031_events_0009_objects_0005__two_mixed_005.jsonocel,C:\Users\User\Documents\odacc\experiment_runs\20260920_104921\multi_deviation_benchmark_two_mixed_online\smt_smt\run_001\component_031_events_0009_objects_0005__two_mixed_005.json,0,ONLINE_OK,NOT_RUN,fresh_offline_alignment,0,0,True,2,1,1,0,0.864335399997799,6.360531800000899,,,,,,,,10,21.886659999996482,2.1886659999996483,7.60790740000084,0,21.886659999996482,10,23.337310000002617,multi_deviation_benchmark_two_mixed_online,smt_smt,1,,,,,,,,,,,,,,,,,,
component_032_events_0007_objects_0003__two_mixed_001.jsonocel,C:\Users\User\Documents\odacc\experiment_runs\20260920_104921\multi_deviation_benchmark_two_mixed_online\smt_smt\run_001\component_032_events_0007_objects_0003__two_mixed_001.json,0,ONLINE_OK,NOT_RUN,fresh_offline_alignment,0,0,True,4,3,1,0,0.2282508999996935,0.52960819999862,,,,,,,,6,3.2049484999915876,0.5341580833319313,0.8581027999971411,0,3.2049484999915876,6,3.6092217000004894,multi_deviation_benchmark_two_mixed_online,smt_smt,1,,,,,,,,,,,,,,,,,,
component_036_events_0017_objects_0008__two_mixed_020.jsonocel,C:\Users\User\Documents\odacc\experiment_runs\20260920_104921\multi_deviation_benchmark_two_mixed_online\smt_smt\run_001\component_036_events_0017_objects_0008__two_mixed_020.json,124,OBSERVATION_TIMEOUT,NOT_RUN,fresh_offline_alignment,0,0,True,1,0,1,0,0.8966450999978406,2.6939354999994976,,,,,,,,9,12.633171800003765,1.4036857555559739,3.872907100001612,,12.633171800003765,9,74.12741869999809,multi_deviation_benchmark_two_mixed_online,smt_smt,1,True,60.0,60.05405819999942,10,10,3,send_p-660296,send package,6,10,8,9,True,9,17,9,9,C:\Users\User\Documents\odacc\experiment_runs\20260920_104921\multi_deviation_benchmark_two_mixed_online\smt_smt\run_001\component_036_events_0017_objects_0008__two_mixed_020.error.txt
component_037_events_0012_objects_0006__two_mixed_016.jsonocel,C:\Users\User\Documents\odacc\experiment_runs\20260920_104921\multi_deviation_benchmark_two_mixed_online\smt_smt\run_001\component_037_events_0012_objects_0006__two_mixed_016.json,124,OBSERVATION_TIMEOUT,NOT_RUN,fresh_offline_alignment,0,0,True,2,1,1,0,1.474824400000216,21.877301000000443,,,,,,,,12,100.3026080999989,8.35855067499991,41.4630846,,100.3026080999989,12,160.9309088000009,multi_deviation_benchmark_two_mixed_online,smt_smt,1,True,60.0,60.074991299999965,13,13,1,pay_o-990566,pay order,5,13,6,12,True,12,13,12,12,C:\Users\User\Documents\odacc\experiment_runs\20260920_104921\multi_deviation_benchmark_two_mixed_online\smt_smt\run_001\component_037_events_0012_objects_0006__two_mixed_016.error.txt
component_038_events_0008_objects_0004__two_mixed_003.jsonocel,C:\Users\User\Documents\odacc\experiment_runs\20260920_104921\multi_deviation_benchmark_two_mixed_online\smt_smt\run_001\component_038_events_0008_objects_0004__two_mixed_003.json,0,ONLINE_OK,NOT_RUN,fresh_offline_alignment,0,0,True,6,5,1,0,0.4912073000014061,4.297407199999725,,,,,,,,8,11.558930999995937,1.444866374999492,5.012677999999141,0,11.558930999995937,8,12.982057000001078,multi_deviation_benchmark_two_mixed_online,smt_smt,1,,,,,,,,,,,,,,,,,,
component_042_events_0009_objects_0005__two_mixed_006.jsonocel,C:\Users\User\Documents\odacc\experiment_runs\20260920_104921\multi_deviation_benchmark_two_mixed_online\smt_smt\run_001\component_042_events_0009_objects_0005__two_mixed_006.json,0,ONLINE_OK,NOT_RUN,fresh_offline_alignment,0,0,True,2,1,1,0,0.86087950000001,8.312829400001647,,,,,,,,10,27.263831699994626,2.7263831699994627,9.534632899998542,0,27.263831699994626,10,27.809779700000945,multi_deviation_benchmark_two_mixed_online,smt_smt,1,,,,,,,,,,,,,,,,,,
component_048_events_0011_objects_0007__two_mixed_011.jsonocel,C:\Users\User\Documents\odacc\experiment_runs\20260920_104921\multi_deviation_benchmark_two_mixed_online\smt_smt\run_001\component_048_events_0011_objects_0007__two_mixed_011.json,124,OBSERVATION_TIMEOUT,NOT_RUN,fresh_offline_alignment,0,0,True,2,1,1,0,1.7409969000000274,26.975419400001556,,,,,,,,11,70.08200039998701,6.371090945453364,29.48460449999766,,70.08200039998701,11,130.69725540000218,multi_deviation_benchmark_two_mixed_online,smt_smt,1,True,60.0,60.072906199999125,12,12,1,deliver_p-660649,package delivered,6,12,7,11,True,11,12,11,11,C:\Users\User\Documents\odacc\experiment_runs\20260920_104921\multi_deviation_benchmark_two_mixed_online\smt_smt\run_001\component_048_events_0011_objects_0007__two_mixed_011.error.txt
component_050_events_0008_objects_0004__two_mixed_004.jsonocel,C:\Users\User\Documents\odacc\experiment_runs\20260920_104921\multi_deviation_benchmark_two_mixed_online\smt_smt\run_001\component_050_events_0008_objects_0004__two_mixed_004.json,0,ONLINE_OK,NOT_RUN,fresh_offline_alignment,0,0,True,2,1,1,0,0.5375888999988092,3.0032554999997956,,,,,,,,9,11.402996699995128,1.266999633332792,3.7756265999996685,0,11.402996699995128,9,12.90163770000072,multi_deviation_benchmark_two_mixed_online,smt_smt,1,,,,,,,,,,,,,,,,,,
component_051_events_0011_objects_0007__two_mixed_012.jsonocel,C:\Users\User\Documents\odacc\experiment_runs\20260920_104921\multi_deviation_benchmark_two_mixed_online\smt_smt\run_001\component_051_events_0011_objects_0007__two_mixed_012.json,124,OBSERVATION_TIMEOUT,NOT_RUN,fresh_offline_alignment,0,0,True,1,1,0,0,1.648061099996994,38.00038190000123,,,,,,,,11,114.77067509999688,10.433697736363353,45.325236500000756,,114.77067509999688,11,175.35744349999732,multi_deviation_benchmark_two_mixed_online,smt_smt,1,True,60.0,60.07463839999764,12,12,1,pay_o-991324,pay order,6,12,7,11,True,11,12,11,11,C:\Users\User\Documents\odacc\experiment_runs\20260920_104921\multi_deviation_benchmark_two_mixed_online\smt_smt\run_001\component_051_events_0011_objects_0007__two_mixed_012.error.txt
component_057_events_0011_objects_0005__two_mixed_013.jsonocel,C:\Users\User\Documents\odacc\experiment_runs\20260920_104921\multi_deviation_benchmark_two_mixed_online\smt_smt\run_001\component_057_events_0011_objects_0005__two_mixed_013.json,0,ONLINE_OK,NOT_RUN,fresh_offline_alignment,0,0,True,4,3,1,0,0.8576529000019946,14.506110700000136,,,,,,,,10,35.32367240000167,3.532367240000167,15.699485100001766,0,35.32367240000167,10,36.800613300001714,multi_deviation_benchmark_two_mixed_online,smt_smt,1,,,,,,,,,,,,,,,,,,
component_058_events_0009_objects_0005__two_mixed_007.jsonocel,C:\Users\User\Documents\odacc\experiment_runs\20260920_104921\multi_deviation_benchmark_two_mixed_online\smt_smt\run_001\component_058_events_0009_objects_0005__two_mixed_007.json,0,ONLINE_OK,NOT_RUN,fresh_offline_alignment,0,0,True,6,5,1,0,0.7167378999984066,6.4894791999977315,,,,,,,,8,20.15832159999991,2.5197901999999885,7.482582100001309,0,20.15832159999991,8,20.68461109999771,multi_deviation_benchmark_two_mixed_online,smt_smt,1,,,,,,,,,,,,,,,,,,
component_059_events_0010_objects_0006__two_mixed_010.jsonocel,C:\Users\User\Documents\odacc\experiment_runs\20260920_104921\multi_deviation_benchmark_two_mixed_online\smt_smt\run_001\component_059_events_0010_objects_0006__two_mixed_010.json,0,ONLINE_OK,NOT_RUN,fresh_offline_alignment,0,0,True,2,1,1,0,1.2765528000018094,26.82144689999768,,,,,,,,11,83.28404100000262,7.571276454545693,28.59023789999992,0,83.28404100000262,11,83.87367950000043,multi_deviation_benchmark_two_mixed_online,smt_smt,1,,,,,,,,,,,,,,,,,,
component_061_events_0007_objects_0003__two_mixed_002.jsonocel,C:\Users\User\Documents\odacc\experiment_runs\20260920_104921\multi_deviation_benchmark_two_mixed_online\smt_smt\run_001\component_061_events_0007_objects_0003__two_mixed_002.json,0,ONLINE_OK,NOT_RUN,fresh_offline_alignment,0,0,True,4,3,1,0,0.2576551999991352,0.7774031999979343,,,,,,,,7,3.5907248000039544,0.5129606857148507,1.1622231000001193,0,3.5907248000039544,7,4.957290700000158,multi_deviation_benchmark_two_mixed_online,smt_smt,1,,,,,,,,,,,,,,,,,,
component_063_events_0035_objects_0019__two_mixed_029.jsonocel,C:\Users\User\Documents\odacc\experiment_runs\20260920_104921\multi_deviation_benchmark_two_mixed_online\smt_smt\run_001\component_063_events_0035_objects_0019__two_mixed_029.json,124,OBSERVATION_TIMEOUT,NOT_RUN,fresh_offline_alignment,0,0,True,0,0,0,0,0.17368659999920055,0.15660209999987273,,,,,,,,23,14.126908199992613,0.6142133999996788,1.060605200000282,,14.126908199992613,23,74.77553170000101,multi_deviation_benchmark_two_mixed_online,smt_smt,1,True,60.0,60.01167119999809,24,24,6,create_p-661003,create package,10,24,18,23,True,23,36,23,23,C:\Users\User\Documents\odacc\experiment_runs\20260920_104921\multi_deviation_benchmark_two_mixed_online\smt_smt\run_001\component_063_events_0035_objects_0019__two_mixed_029.error.txt
component_064_events_0116_objects_0055__two_mixed_034.jsonocel,C:\Users\User\Documents\odacc\experiment_runs\20260920_104921\multi_deviation_benchmark_two_mixed_online\smt_smt\run_001\component_064_events_0116_objects_0055__two_mixed_034.json,124,OBSERVATION_TIMEOUT,NOT_RUN,fresh_offline_alignment,0,0,True,0,0,0,0,2.995744100000593,34.94648070000039,,,,,,,,18,182.82919350001248,10.15717741666736,38.885730400001194,,182.82919350001248,18,244.44047359999968,multi_deviation_benchmark_two_mixed_online,smt_smt,1,True,60.0,60.031642199999624,19,19,3,pick_i-887159,pick item,1,11,11,18,True,18,115,18,18,C:\Users\User\Documents\odacc\experiment_runs\20260920_104921\multi_deviation_benchmark_two_mixed_online\smt_smt\run_001\component_064_events_0116_objects_0055__two_mixed_034.error.txt
component_065_events_0098_objects_0050__two_mixed_032.jsonocel,C:\Users\User\Documents\odacc\experiment_runs\20260920_104921\multi_deviation_benchmark_two_mixed_online\smt_smt\run_001\component_065_events_0098_objects_0050__two_mixed_032.json,124,OBSERVATION_TIMEOUT,NOT_RUN,fresh_offline_alignment,0,0,True,0,0,0,0,0.6234522000013385,1.466364899999462,,,,,,,,17,18.87020200000552,1.1100118823532659,2.2916764999972656,,18.87020200000552,17,79.5595504999983,multi_deviation_benchmark_two_mixed_online,smt_smt,1,True,60.0,60.09847190000073,18,18,4,create_p-661073,create package,9,18,15,17,True,17,99,17,17,C:\Users\User\Documents\odacc\experiment_runs\20260920_104921\multi_deviation_benchmark_two_mixed_online\smt_smt\run_001\component_065_events_0098_objects_0050__two_mixed_032.error.txt
component_066_events_0011_objects_0006__two_mixed_014.jsonocel,C:\Users\User\Documents\odacc\experiment_runs\20260920_104921\multi_deviation_benchmark_two_mixed_online\smt_smt\run_001\component_066_events_0011_objects_0006__two_mixed_014.json,124,OBSERVATION_TIMEOUT,NOT_RUN,fresh_offline_alignment,0,0,True,9,9,0,0,1.1753916000016034,28.326852099999087,,,,,,,,10,74.11112250000588,7.4111122500005875,30.048773500002426,,74.11112250000588,10,135.62742459999936,multi_deviation_benchmark_two_mixed_online,smt_smt,1,True,60.0,60.038758300001064,11,11,1,pay_o-991925,pay order,5,11,6,10,True,10,11,10,10,C:\Users\User\Documents\odacc\experiment_runs\20260920_104921\multi_deviation_benchmark_two_mixed_online\smt_smt\run_001\component_066_events_0011_objects_0006__two_mixed_014.error.txt
component_067_events_0063_objects_0031__two_mixed_031.jsonocel,C:\Users\User\Documents\odacc\experiment_runs\20260920_104921\multi_deviation_benchmark_two_mixed_online\smt_smt\run_001\component_067_events_0063_objects_0031__two_mixed_031.json,124,OBSERVATION_TIMEOUT,NOT_RUN,fresh_offline_alignment,0,0,True,0,0,0,0,0.14202860000295914,0.05537019999974291,,,,,,,,13,11.814373000004707,0.9087979230772851,1.5186559000030684,,11.814373000004707,13,72.32599169999958,multi_deviation_benchmark_two_mixed_online,smt_smt,1,True,60.0,60.00196119999964,14,14,4,create_p-661091,create package,6,13,10,13,True,13,62,13,13,C:\Users\User\Documents\odacc\experiment_runs\20260920_104921\multi_deviation_benchmark_two_mixed_online\smt_smt\run_001\component_067_events_0063_objects_0031__two_mixed_031.error.txt
component_068_events_0009_objects_0005__two_mixed_008.jsonocel,C:\Users\User\Documents\odacc\experiment_runs\20260920_104921\multi_deviation_benchmark_two_mixed_online\smt_smt\run_001\component_068_events_0009_objects_0005__two_mixed_008.json,0,ONLINE_OK,NOT_RUN,fresh_offline_alignment,0,0,True,8,7,1,0,0.7824507999976049,9.028277899997192,,,,,,,,9,23.836786799995025,2.6485318666661137,10.161946699998225,0,23.836786799995025,9,25.349333500002103,multi_deviation_benchmark_two_mixed_online,smt_smt,1,,,,,,,,,,,,,,,,,,
component_003_events_0022_objects_0011__two_same_dimension_042.jsonocel,C:\Users\User\Documents\odacc\experiment_runs\20260920_104921\multi_deviation_benchmark_two_same_dimension_online\smt_smt\run_001\component_003_events_0022_objects_0011__two_same_dimension_042.json,124,OBSERVATION_TIMEOUT,NOT_RUN,fresh_offline_alignment,0,0,True,0,0,0,0,2.2762836999972933,49.35336779999852,,,,,,,,12,146.11680930000875,12.17640077500073,52.33260230000087,,146.11680930000875,12,206.72981489999802,multi_deviation_benchmark_two_same_dimension_online,smt_smt,1,True,60.0,60.031287699999666,13,13,1,create_p-660002,create package,7,13,10,12,True,12,22,12,12,C:\Users\User\Documents\odacc\experiment_runs\20260920_104921\multi_deviation_benchmark_two_same_dimension_online\smt_smt\run_001\component_003_events_0022_objects_0011__two_same_dimension_042.error.txt
component_005_events_0035_objects_0016__two_same_dimension_044.jsonocel,C:\Users\User\Documents\odacc\experiment_runs\20260920_104921\multi_deviation_benchmark_two_same_dimension_online\smt_smt\run_001\component_005_events_0035_objects_0016__two_same_dimension_044.json,124,OBSERVATION_TIMEOUT,NOT_RUN,fresh_offline_alignment,0,0,True,0,0,0,0,1.8937611000001198,39.20291949999955,,,,,,,,12,150.22849240000141,12.519041033333451,41.69327239999984,,150.22849240000141,12,211.74014250000255,multi_deviation_benchmark_two_same_dimension_online,smt_smt,1,True,60.0,60.00132550000126,13,13,1,pay_o-990007,pay order,8,13,8,12,True,12,35,12,12,C:\Users\User\Documents\odacc\experiment_runs\20260920_104921\multi_deviation_benchmark_two_same_dimension_online\smt_smt\run_001\component_005_events_0035_objects_0016__two_same_dimension_044.error.txt
component_009_events_0015_objects_0008__two_same_dimension_041.jsonocel,C:\Users\User\Documents\odacc\experiment_runs\20260920_104921\multi_deviation_benchmark_two_same_dimension_online\smt_smt\run_001\component_009_events_0015_objects_0008__two_same_dimension_041.json,124,OBSERVATION_TIMEOUT,NOT_RUN,fresh_offline_alignment,0,0,True,2,2,0,0,1.4587315999997372,44.20230459999948,,,,,,,,11,100.29578989999573,9.117799081817793,46.15165619999971,,100.29578989999573,11,160.8842966000011,multi_deviation_benchmark_two_same_dimension_online,smt_smt,1,True,60.0,60.00399709999692,12,12,1,pick_i-880065,pick item,1,12,7,11,True,11,17,11,11,C:\Users\User\Documents\odacc\experiment_runs\20260920_104921\multi_deviation_benchmark_two_same_dimension_online\smt_smt\run_001\component_009_events_0015_objects_0008__two_same_dimension_041.error.txt
component_011_events_0028_objects_0017__two_same_dimension_043.jsonocel,C:\Users\User\Documents\odacc\experiment_runs\20260920_104921\multi_deviation_benchmark_two_same_dimension_online\smt_smt\run_001\component_011_events_0028_objects_0017__two_same_dimension_043.json,124,OBSERVATION_TIMEOUT,NOT_RUN,fresh_offline_alignment,0,0,True,0,0,0,0,0.543708000001061,0.7718259999965085,,,,,,,,22,57.335781900004804,2.606171904545673,13.306381600003078,,57.335781900004804,22,119.04763599999933,multi_deviation_benchmark_two_same_dimension_online,smt_smt,1,True,60.0,60.052407200000744,23,23,4,create_p-660011,create package,12,23,17,22,True,22,28,22,22,C:\Users\User\Documents\odacc\experiment_runs\20260920_104921\multi_deviation_benchmark_two_same_dimension_online\smt_smt\run_001\component_011_events_0028_objects_0017__two_same_dimension_043.error.txt
component_032_events_0007_objects_0003__two_same_dimension_035.jsonocel,C:\Users\User\Documents\odacc\experiment_runs\20260920_104921\multi_deviation_benchmark_two_same_dimension_online\smt_smt\run_001\component_032_events_0007_objects_0003__two_same_dimension_035.json,0,ONLINE_OK,NOT_RUN,fresh_offline_alignment,0,0,True,2,2,0,0,0.34060740000131773,1.7201781000003393,,,,,,,,9,7.1498457999987295,0.79442731111097,2.2341211999992083,0,7.1498457999987295,9,7.651124399999389,multi_deviation_benchmark_two_same_dimension_online,smt_smt,1,,,,,,,,,,,,,,,,,,
component_037_events_0012_objects_0006__two_same_dimension_040.jsonocel,C:\Users\User\Documents\odacc\experiment_runs\20260920_104921\multi_deviation_benchmark_two_same_dimension_online\smt_smt\run_001\component_037_events_0012_objects_0006__two_same_dimension_040.json,0,ONLINE_OK,NOT_RUN,fresh_offline_alignment,0,0,True,4,4,0,0,1.186817499998142,17.040691099999094,,,,,,,,10,82.38053220000074,8.238053220000074,30.35712290000083,0,82.38053220000074,10,82.9743475000032,multi_deviation_benchmark_two_same_dimension_online,smt_smt,1,,,,,,,,,,,,,,,,,,
component_050_events_0008_objects_0004__two_same_dimension_036.jsonocel,C:\Users\User\Documents\odacc\experiment_runs\20260920_104921\multi_deviation_benchmark_two_same_dimension_online\smt_smt\run_001\component_050_events_0008_objects_0004__two_same_dimension_036.json,0,ONLINE_OK,NOT_RUN,fresh_offline_alignment,0,0,True,2,2,0,0,0.5919391999996151,4.750026300000172,,,,,,,,10,16.00719379999282,1.600719379999282,5.65563370000018,0,16.00719379999282,10,17.49268299999676,multi_deviation_benchmark_two_same_dimension_online,smt_smt,1,,,,,,,,,,,,,,,,,,
component_057_events_0011_objects_0005__two_same_dimension_039.jsonocel,C:\Users\User\Documents\odacc\experiment_runs\20260920_104921\multi_deviation_benchmark_two_same_dimension_online\smt_smt\run_001\component_057_events_0011_objects_0005__two_same_dimension_039.json,0,ONLINE_OK,NOT_RUN,fresh_offline_alignment,0,0,True,4,4,0,0,0.7817796999988786,8.900756700000784,,,,,,,,9,27.355091199995513,3.0394545777772795,10.030218799998693,0,27.355091199995513,9,27.93577109999751,multi_deviation_benchmark_two_same_dimension_online,smt_smt,1,,,,,,,,,,,,,,,,,,
component_058_events_0009_objects_0005__two_same_dimension_037.jsonocel,C:\Users\User\Documents\odacc\experiment_runs\20260920_104921\multi_deviation_benchmark_two_same_dimension_online\smt_smt\run_001\component_058_events_0009_objects_0005__two_same_dimension_037.json,0,ONLINE_OK,NOT_RUN,fresh_offline_alignment,0,0,True,2,0,2,0,0.782036299999163,5.464855599999282,,,,,,,,9,20.182131300003675,2.2424590333337417,6.578296400002728,0,20.182131300003675,9,20.710026500000822,multi_deviation_benchmark_two_same_dimension_online,smt_smt,1,,,,,,,,,,,,,,,,,,
component_059_events_0010_objects_0006__two_same_dimension_038.jsonocel,C:\Users\User\Documents\odacc\experiment_runs\20260920_104921\multi_deviation_benchmark_two_same_dimension_online\smt_smt\run_001\component_059_events_0010_objects_0006__two_same_dimension_038.json,0,ONLINE_OK,NOT_RUN,fresh_offline_alignment,0,0,True,8,8,0,0,1.171698899997864,19.886118099999294,,,,,,,,10,67.99049420000301,6.799049420000301,21.489322499997797,0,67.99049420000301,10,69.56027339999855,multi_deviation_benchmark_two_same_dimension_online,smt_smt,1,,,,,,,,,,,,,,,,,,
component_064_events_0116_objects_0055__two_same_dimension_046.jsonocel,C:\Users\User\Documents\odacc\experiment_runs\20260920_104921\multi_deviation_benchmark_two_same_dimension_online\smt_smt\run_001\component_064_events_0116_objects_0055__two_same_dimension_046.json,124,OBSERVATION_TIMEOUT,NOT_RUN,fresh_offline_alignment,0,0,True,0,0,0,0,0.5036311000003479,0.356341099999554,,,,,,,,26,240.97156110001742,9.268136965385285,59.708124699998734,,240.97156110001742,26,301.8167097000005,multi_deviation_benchmark_two_same_dimension_online,smt_smt,1,True,60.0,60.07727800000066,27,27,6,create_p-661037,create package,12,23,23,26,True,26,118,26,26,C:\Users\User\Documents\odacc\experiment_runs\20260920_104921\multi_deviation_benchmark_two_same_dimension_online\smt_smt\run_001\component_064_events_0116_objects_0055__two_same_dimension_046.error.txt
component_067_events_0063_objects_0031__two_same_dimension_045.jsonocel,C:\Users\User\Documents\odacc\experiment_runs\20260920_104921\multi_deviation_benchmark_two_same_dimension_online\smt_smt\run_001\component_067_events_0063_objects_0031__two_same_dimension_045.json,124,OBSERVATION_TIMEOUT,NOT_RUN,fresh_offline_alignment,0,0,True,0,0,0,0,0.14097430000038003,0.05477280000195606,,,,,,,,13,12.09538369999791,0.93041413076907,1.46174670000255,,12.09538369999791,13,73.56156220000048,multi_deviation_benchmark_two_same_dimension_online,smt_smt,1,True,60.0,60.003848900003504,14,14,4,create_p-661091,create package,6,13,10,13,True,13,61,13,13,C:\Users\User\Documents\odacc\experiment_runs\20260920_104921\multi_deviation_benchmark_two_same_dimension_online\smt_smt\run_001\component_067_events_0063_objects_0031__two_same_dimension_045.error.txt
