experiment,combo,file,product_count,runs,online_ok_runs,offline_ok_runs,offline_timeout_runs,online_oom_runs,offline_oom_runs,prefix_cost_values,offline_cost_values,offline_semantics,online_total_seconds_n,online_total_seconds_min,online_total_seconds_max,online_total_seconds_mean,online_total_seconds_median,online_total_seconds_stdev,online_total_seconds_q1,online_total_seconds_q3,online_avg_seconds_n,online_avg_seconds_min,online_avg_seconds_max,online_avg_seconds_mean,online_avg_seconds_median,online_avg_seconds_stdev,online_avg_seconds_q1,online_avg_seconds_q3,online_max_seconds_n,online_max_seconds_min,online_max_seconds_max,online_max_seconds_mean,online_max_seconds_median,online_max_seconds_stdev,online_max_seconds_q1,online_max_seconds_q3,offline_total_seconds_n,offline_total_seconds_min,offline_total_seconds_max,offline_total_seconds_mean,offline_total_seconds_median,offline_total_seconds_stdev,offline_total_seconds_q1,offline_total_seconds_q3,conformance_total_seconds_n,conformance_total_seconds_min,conformance_total_seconds_max,conformance_total_seconds_mean,conformance_total_seconds_median,conformance_total_seconds_stdev,conformance_total_seconds_q1,conformance_total_seconds_q3,wall_seconds_n,wall_seconds_min,wall_seconds_max,wall_seconds_mean,wall_seconds_median,wall_seconds_stdev,wall_seconds_q1,wall_seconds_q3
component_scale_online,symbolic_smt,orders_01_interleaved.jsonocel,,1,1,0,0,0,0,0,,fresh_offline_alignment,1,1.0854442999698222,1.0854442999698222,1.0854442999698222,1.0854442999698222,0.0,1.0854442999698222,1.0854442999698222,1,0.21708885999396443,0.21708885999396443,0.21708885999396443,0.21708885999396443,0.0,0.21708885999396443,0.21708885999396443,1,0.41920080001000315,0.41920080001000315,0.41920080001000315,0.41920080001000315,0.0,0.41920080001000315,0.41920080001000315,1,0.0,0.0,0.0,0.0,0.0,0.0,0.0,1,1.0854442999698222,1.0854442999698222,1.0854442999698222,1.0854442999698222,0.0,1.0854442999698222,1.0854442999698222,1,1.500302700093016,1.500302700093016,1.500302700093016,1.500302700093016,0.0,1.500302700093016,1.500302700093016
component_scale_online,symbolic_smt,orders_02_interleaved.jsonocel,,1,1,0,0,0,0,0,,fresh_offline_alignment,1,2.1449830998899415,2.1449830998899415,2.1449830998899415,2.1449830998899415,0.0,2.1449830998899415,2.1449830998899415,1,0.21449830998899416,0.21449830998899416,0.21449830998899416,0.21449830998899416,0.0,0.21449830998899416,0.21449830998899416,1,0.4159876999910921,0.4159876999910921,0.4159876999910921,0.4159876999910921,0.0,0.4159876999910921,0.4159876999910921,1,0.0,0.0,0.0,0.0,0.0,0.0,0.0,1,2.1449830998899415,2.1449830998899415,2.1449830998899415,2.1449830998899415,0.0,2.1449830998899415,2.1449830998899415,1,2.6235153999878094,2.6235153999878094,2.6235153999878094,2.6235153999878094,0.0,2.6235153999878094,2.6235153999878094
component_scale_online,symbolic_smt,orders_05_interleaved.jsonocel,,1,1,0,0,0,0,0,,fresh_offline_alignment,1,9.242570800008252,9.242570800008252,9.242570800008252,9.242570800008252,0.0,9.242570800008252,9.242570800008252,1,0.3697028320003301,0.3697028320003301,0.3697028320003301,0.3697028320003301,0.0,0.3697028320003301,0.3697028320003301,1,1.0879918000428006,1.0879918000428006,1.0879918000428006,1.0879918000428006,0.0,1.0879918000428006,1.0879918000428006,1,0.0,0.0,0.0,0.0,0.0,0.0,0.0,1,9.242570800008252,9.242570800008252,9.242570800008252,9.242570800008252,0.0,9.242570800008252,9.242570800008252,1,9.854767699958757,9.854767699958757,9.854767699958757,9.854767699958757,0.0,9.854767699958757,9.854767699958757
component_scale_online,symbolic_smt,orders_10_interleaved.jsonocel,,1,1,0,0,0,0,0,,fresh_offline_alignment,1,17.305056300363503,17.305056300363503,17.305056300363503,17.305056300363503,0.0,17.305056300363503,17.305056300363503,1,0.34610112600727005,0.34610112600727005,0.34610112600727005,0.34610112600727005,0.0,0.34610112600727005,0.34610112600727005,1,1.0253590000793338,1.0253590000793338,1.0253590000793338,1.0253590000793338,0.0,1.0253590000793338,1.0253590000793338,1,0.0,0.0,0.0,0.0,0.0,0.0,0.0,1,17.305056300363503,17.305056300363503,17.305056300363503,17.305056300363503,0.0,17.305056300363503,17.305056300363503,1,19.34491230000276,19.34491230000276,19.34491230000276,19.34491230000276,0.0,19.34491230000276,19.34491230000276
component_scale_online,symbolic_smt,orders_20_interleaved.jsonocel,,1,1,0,0,0,0,0,,fresh_offline_alignment,1,40.37552149978001,40.37552149978001,40.37552149978001,40.37552149978001,0.0,40.37552149978001,40.37552149978001,1,0.4037552149978001,0.4037552149978001,0.4037552149978001,0.4037552149978001,0.0,0.4037552149978001,0.4037552149978001,1,1.059242199989967,1.059242199989967,1.059242199989967,1.059242199989967,0.0,1.059242199989967,1.059242199989967,1,0.0,0.0,0.0,0.0,0.0,0.0,0.0,1,40.37552149978001,40.37552149978001,40.37552149978001,40.37552149978001,0.0,40.37552149978001,40.37552149978001,1,42.90660700004082,42.90660700004082,42.90660700004082,42.90660700004082,0.0,42.90660700004082,42.90660700004082
components_online,symbolic_smt,component_001_events_0030_objects_0020.jsonocel,,1,1,0,0,0,0,0,,fresh_offline_alignment,1,0.9710119999945164,0.9710119999945164,0.9710119999945164,0.9710119999945164,0.0,0.9710119999945164,0.9710119999945164,1,0.03236706666648388,0.03236706666648388,0.03236706666648388,0.03236706666648388,0.0,0.03236706666648388,0.03236706666648388,1,0.1208316000411287,0.1208316000411287,0.1208316000411287,0.1208316000411287,0.0,0.1208316000411287,0.1208316000411287,1,0.0,0.0,0.0,0.0,0.0,0.0,0.0,1,0.9710119999945164,0.9710119999945164,0.9710119999945164,0.9710119999945164,0.0,0.9710119999945164,0.9710119999945164,1,1.4928682000609115,1.4928682000609115,1.4928682000609115,1.4928682000609115,0.0,1.4928682000609115,1.4928682000609115
components_online,symbolic_smt,component_002_events_0028_objects_0013.jsonocel,,1,1,0,0,0,0,0,,fresh_offline_alignment,1,0.8018463006010279,0.8018463006010279,0.8018463006010279,0.8018463006010279,0.0,0.8018463006010279,0.8018463006010279,1,0.028637367878608138,0.028637367878608138,0.028637367878608138,0.028637367878608138,0.0,0.028637367878608138,0.028637367878608138,1,0.13727269996888936,0.13727269996888936,0.13727269996888936,0.13727269996888936,0.0,0.13727269996888936,0.13727269996888936,1,0.0,0.0,0.0,0.0,0.0,0.0,0.0,1,0.8018463006010279,0.8018463006010279,0.8018463006010279,0.8018463006010279,0.0,0.8018463006010279,0.8018463006010279,1,1.3851954999845475,1.3851954999845475,1.3851954999845475,1.3851954999845475,0.0,1.3851954999845475,1.3851954999845475
components_online,symbolic_smt,component_003_events_0022_objects_0011.jsonocel,,1,1,0,0,0,0,0,,fresh_offline_alignment,1,0.6317583996569738,0.6317583996569738,0.6317583996569738,0.6317583996569738,0.0,0.6317583996569738,0.6317583996569738,1,0.028716290893498808,0.028716290893498808,0.028716290893498808,0.028716290893498808,0.0,0.028716290893498808,0.028716290893498808,1,0.16398209996987134,0.16398209996987134,0.16398209996987134,0.16398209996987134,0.0,0.16398209996987134,0.16398209996987134,1,0.0,0.0,0.0,0.0,0.0,0.0,0.0,1,0.6317583996569738,0.6317583996569738,0.6317583996569738,0.6317583996569738,0.0,0.6317583996569738,0.6317583996569738,1,1.184847000055015,1.184847000055015,1.184847000055015,1.184847000055015,0.0,1.184847000055015,1.184847000055015
components_online,symbolic_smt,component_004_events_0013_objects_0009.jsonocel,,1,1,0,0,0,0,0,,fresh_offline_alignment,1,0.40787040011491627,0.40787040011491627,0.40787040011491627,0.40787040011491627,0.0,0.40787040011491627,0.40787040011491627,1,0.031374646162685864,0.031374646162685864,0.031374646162685864,0.031374646162685864,0.0,0.031374646162685864,0.031374646162685864,1,0.17141069995705038,0.17141069995705038,0.17141069995705038,0.17141069995705038,0.0,0.17141069995705038,0.17141069995705038,1,0.0,0.0,0.0,0.0,0.0,0.0,0.0,1,0.40787040011491627,0.40787040011491627,0.40787040011491627,0.40787040011491627,0.0,0.40787040011491627,0.40787040011491627,1,0.7772437001112849,0.7772437001112849,0.7772437001112849,0.7772437001112849,0.0,0.7772437001112849,0.7772437001112849
components_online,symbolic_smt,component_005_events_0035_objects_0016.jsonocel,,1,1,0,0,0,0,0,,fresh_offline_alignment,1,1.078729399596341,1.078729399596341,1.078729399596341,1.078729399596341,0.0,1.078729399596341,1.078729399596341,1,0.030820839988466884,0.030820839988466884,0.030820839988466884,0.030820839988466884,0.0,0.030820839988466884,0.030820839988466884,1,0.15171320002991706,0.15171320002991706,0.15171320002991706,0.15171320002991706,0.0,0.15171320002991706,0.15171320002991706,1,0.0,0.0,0.0,0.0,0.0,0.0,0.0,1,1.078729399596341,1.078729399596341,1.078729399596341,1.078729399596341,0.0,1.078729399596341,1.078729399596341,1,2.7631061000283808,2.7631061000283808,2.7631061000283808,2.7631061000283808,0.0,2.7631061000283808,2.7631061000283808
components_online,symbolic_smt,component_006_events_0031_objects_0015.jsonocel,,1,1,0,0,0,0,0,,fresh_offline_alignment,1,0.9118133001029491,0.9118133001029491,0.9118133001029491,0.9118133001029491,0.0,0.9118133001029491,0.9118133001029491,1,0.029413332261385455,0.029413332261385455,0.029413332261385455,0.029413332261385455,0.0,0.029413332261385455,0.029413332261385455,1,0.10862760001327842,0.10862760001327842,0.10862760001327842,0.10862760001327842,0.0,0.10862760001327842,0.10862760001327842,1,0.0,0.0,0.0,0.0,0.0,0.0,0.0,1,0.9118133001029491,0.9118133001029491,0.9118133001029491,0.9118133001029491,0.0,0.9118133001029491,0.9118133001029491,1,1.5026862000813708,1.5026862000813708,1.5026862000813708,1.5026862000813708,0.0,1.5026862000813708,1.5026862000813708
components_online,symbolic_smt,component_009_events_0015_objects_0008.jsonocel,,1,1,0,0,0,0,0,,fresh_offline_alignment,1,0.42536969971843064,0.42536969971843064,0.42536969971843064,0.42536969971843064,0.0,0.42536969971843064,0.42536969971843064,1,0.028357979981228708,0.028357979981228708,0.028357979981228708,0.028357979981228708,0.0,0.028357979981228708,0.028357979981228708,1,0.1417773999273777,0.1417773999273777,0.1417773999273777,0.1417773999273777,0.0,0.1417773999273777,0.1417773999273777,1,0.0,0.0,0.0,0.0,0.0,0.0,0.0,1,0.42536969971843064,0.42536969971843064,0.42536969971843064,0.42536969971843064,0.0,0.42536969971843064,0.42536969971843064,1,0.8892460999777541,0.8892460999777541,0.8892460999777541,0.8892460999777541,0.0,0.8892460999777541,0.8892460999777541
components_online,symbolic_smt,component_011_events_0028_objects_0017.jsonocel,,1,1,0,0,0,0,0,,fresh_offline_alignment,1,0.868411100236699,0.868411100236699,0.868411100236699,0.868411100236699,0.0,0.868411100236699,0.868411100236699,1,0.031014682151310678,0.031014682151310678,0.031014682151310678,0.031014682151310678,0.0,0.031014682151310678,0.031014682151310678,1,0.13428050000220537,0.13428050000220537,0.13428050000220537,0.13428050000220537,0.0,0.13428050000220537,0.13428050000220537,1,0.0,0.0,0.0,0.0,0.0,0.0,0.0,1,0.868411100236699,0.868411100236699,0.868411100236699,0.868411100236699,0.0,0.868411100236699,0.868411100236699,1,1.3910763999447227,1.3910763999447227,1.3910763999447227,1.3910763999447227,0.0,1.3910763999447227,1.3910763999447227
components_online,symbolic_smt,component_014_events_0102_objects_0053.jsonocel,,1,1,0,0,0,0,0,,fresh_offline_alignment,1,8.839548900024965,8.839548900024965,8.839548900024965,8.839548900024965,0.0,8.839548900024965,8.839548900024965,1,0.08666224411789182,0.08666224411789182,0.08666224411789182,0.08666224411789182,0.0,0.08666224411789182,0.08666224411789182,1,0.304839999997057,0.304839999997057,0.304839999997057,0.304839999997057,0.0,0.304839999997057,0.304839999997057,1,0.0,0.0,0.0,0.0,0.0,0.0,0.0,1,8.839548900024965,8.839548900024965,8.839548900024965,8.839548900024965,0.0,8.839548900024965,8.839548900024965,1,17.063246799982153,17.063246799982153,17.063246799982153,17.063246799982153,0.0,17.063246799982153,17.063246799982153
components_online,symbolic_smt,component_020_events_0022_objects_0009.jsonocel,,1,1,0,0,0,0,0,,fresh_offline_alignment,1,0.6150375000433996,0.6150375000433996,0.6150375000433996,0.6150375000433996,0.0,0.6150375000433996,0.6150375000433996,1,0.027956250001972712,0.027956250001972712,0.027956250001972712,0.027956250001972712,0.0,0.027956250001972712,0.027956250001972712,1,0.14847300003748387,0.14847300003748387,0.14847300003748387,0.14847300003748387,0.0,0.14847300003748387,0.14847300003748387,1,0.0,0.0,0.0,0.0,0.0,0.0,0.0,1,0.6150375000433996,0.6150375000433996,0.6150375000433996,0.6150375000433996,0.0,0.6150375000433996,0.6150375000433996,1,1.0944126000395045,1.0944126000395045,1.0944126000395045,1.0944126000395045,0.0,1.0944126000395045,1.0944126000395045
components_online,symbolic_smt,component_021_events_0013_objects_0005.jsonocel,,1,1,0,0,0,0,0,,fresh_offline_alignment,1,0.30782579991500825,0.30782579991500825,0.30782579991500825,0.30782579991500825,0.0,0.30782579991500825,0.30782579991500825,1,0.023678907685769864,0.023678907685769864,0.023678907685769864,0.023678907685769864,0.0,0.023678907685769864,0.023678907685769864,1,0.07833299995400012,0.07833299995400012,0.07833299995400012,0.07833299995400012,0.0,0.07833299995400012,0.07833299995400012,1,0.0,0.0,0.0,0.0,0.0,0.0,0.0,1,0.30782579991500825,0.30782579991500825,0.30782579991500825,0.30782579991500825,0.0,0.30782579991500825,0.30782579991500825,1,0.6771139999618754,0.6771139999618754,0.6771139999618754,0.6771139999618754,0.0,0.6771139999618754,0.6771139999618754
components_online,symbolic_smt,component_024_events_0010_objects_0005.jsonocel,,1,1,0,0,0,0,0,,fresh_offline_alignment,1,0.25915369973517954,0.25915369973517954,0.25915369973517954,0.25915369973517954,0.0,0.25915369973517954,0.25915369973517954,1,0.025915369973517954,0.025915369973517954,0.025915369973517954,0.025915369973517954,0.0,0.025915369973517954,0.025915369973517954,1,0.09096319996751845,0.09096319996751845,0.09096319996751845,0.09096319996751845,0.0,0.09096319996751845,0.09096319996751845,1,0.0,0.0,0.0,0.0,0.0,0.0,0.0,1,0.25915369973517954,0.25915369973517954,0.25915369973517954,0.25915369973517954,0.0,0.25915369973517954,0.25915369973517954,1,1.6335289999842644,1.6335289999842644,1.6335289999842644,1.6335289999842644,0.0,1.6335289999842644,1.6335289999842644
components_online,symbolic_smt,component_028_events_0012_objects_0008.jsonocel,,1,1,0,0,0,0,0,,fresh_offline_alignment,1,0.35315180011093616,0.35315180011093616,0.35315180011093616,0.35315180011093616,0.0,0.35315180011093616,0.35315180011093616,1,0.029429316675911348,0.029429316675911348,0.029429316675911348,0.029429316675911348,0.0,0.029429316675911348,0.029429316675911348,1,0.13590590003877878,0.13590590003877878,0.13590590003877878,0.13590590003877878,0.0,0.13590590003877878,0.13590590003877878,1,0.0,0.0,0.0,0.0,0.0,0.0,0.0,1,0.35315180011093616,0.35315180011093616,0.35315180011093616,0.35315180011093616,0.0,0.35315180011093616,0.35315180011093616,1,0.7756431000307202,0.7756431000307202,0.7756431000307202,0.7756431000307202,0.0,0.7756431000307202,0.7756431000307202
components_online,symbolic_smt,component_029_events_0021_objects_0010.jsonocel,,1,1,0,0,0,0,0,,fresh_offline_alignment,1,0.5572067997418344,0.5572067997418344,0.5572067997418344,0.5572067997418344,0.0,0.5572067997418344,0.5572067997418344,1,0.02653365713056354,0.02653365713056354,0.02653365713056354,0.02653365713056354,0.0,0.02653365713056354,0.02653365713056354,1,0.14685849996749312,0.14685849996749312,0.14685849996749312,0.14685849996749312,0.0,0.14685849996749312,0.14685849996749312,1,0.0,0.0,0.0,0.0,0.0,0.0,0.0,1,0.5572067997418344,0.5572067997418344,0.5572067997418344,0.5572067997418344,0.0,0.5572067997418344,0.5572067997418344,1,1.0805641999468207,1.0805641999468207,1.0805641999468207,1.0805641999468207,0.0,1.0805641999468207,1.0805641999468207
components_online,symbolic_smt,component_030_events_0061_objects_0033.jsonocel,,1,1,0,0,0,0,0,,fresh_offline_alignment,1,2.4564854002092034,2.4564854002092034,2.4564854002092034,2.4564854002092034,0.0,2.4564854002092034,2.4564854002092034,1,0.040270252462445956,0.040270252462445956,0.040270252462445956,0.040270252462445956,0.0,0.040270252462445956,0.040270252462445956,1,0.196933800005354,0.196933800005354,0.196933800005354,0.196933800005354,0.0,0.196933800005354,0.196933800005354,1,0.0,0.0,0.0,0.0,0.0,0.0,0.0,1,2.4564854002092034,2.4564854002092034,2.4564854002092034,2.4564854002092034,0.0,2.4564854002092034,2.4564854002092034,1,4.2459415999474,4.2459415999474,4.2459415999474,4.2459415999474,0.0,4.2459415999474,4.2459415999474
components_online,symbolic_smt,component_031_events_0009_objects_0005.jsonocel,,1,1,0,0,0,0,0,,fresh_offline_alignment,1,0.24483909993432462,0.24483909993432462,0.24483909993432462,0.24483909993432462,0.0,0.24483909993432462,0.24483909993432462,1,0.02720434443714718,0.02720434443714718,0.02720434443714718,0.02720434443714718,0.0,0.02720434443714718,0.02720434443714718,1,0.09117299993522465,0.09117299993522465,0.09117299993522465,0.09117299993522465,0.0,0.09117299993522465,0.09117299993522465,1,0.0,0.0,0.0,0.0,0.0,0.0,0.0,1,0.24483909993432462,0.24483909993432462,0.24483909993432462,0.24483909993432462,0.0,0.24483909993432462,0.24483909993432462,1,0.575095699983649,0.575095699983649,0.575095699983649,0.575095699983649,0.0,0.575095699983649,0.575095699983649
components_online,symbolic_smt,component_032_events_0007_objects_0003.jsonocel,,1,1,0,0,0,0,0,,fresh_offline_alignment,1,0.17956010031048208,0.17956010031048208,0.17956010031048208,0.17956010031048208,0.0,0.17956010031048208,0.17956010031048208,1,0.02565144290149744,0.02565144290149744,0.02565144290149744,0.02565144290149744,0.0,0.02565144290149744,0.02565144290149744,1,0.06329930003266782,0.06329930003266782,0.06329930003266782,0.06329930003266782,0.0,0.06329930003266782,0.06329930003266782,1,0.0,0.0,0.0,0.0,0.0,0.0,0.0,1,0.17956010031048208,0.17956010031048208,0.17956010031048208,0.17956010031048208,0.0,0.17956010031048208,0.17956010031048208,1,1.5357414999743924,1.5357414999743924,1.5357414999743924,1.5357414999743924,0.0,1.5357414999743924,1.5357414999743924
components_online,symbolic_smt,component_036_events_0017_objects_0008.jsonocel,,1,1,0,0,0,0,0,,fresh_offline_alignment,1,0.4609007000690326,0.4609007000690326,0.4609007000690326,0.4609007000690326,0.0,0.4609007000690326,0.4609007000690326,1,0.02711180588641368,0.02711180588641368,0.02711180588641368,0.02711180588641368,0.0,0.02711180588641368,0.02711180588641368,1,0.10152549995109439,0.10152549995109439,0.10152549995109439,0.10152549995109439,0.0,0.10152549995109439,0.10152549995109439,1,0.0,0.0,0.0,0.0,0.0,0.0,0.0,1,0.4609007000690326,0.4609007000690326,0.4609007000690326,0.4609007000690326,0.0,0.4609007000690326,0.4609007000690326,1,0.8802109999815002,0.8802109999815002,0.8802109999815002,0.8802109999815002,0.0,0.8802109999815002,0.8802109999815002
components_online,symbolic_smt,component_037_events_0012_objects_0006.jsonocel,,1,1,0,0,0,0,0,,fresh_offline_alignment,1,0.31212009966839105,0.31212009966839105,0.31212009966839105,0.31212009966839105,0.0,0.31212009966839105,0.31212009966839105,1,0.026010008305699255,0.026010008305699255,0.026010008305699255,0.026010008305699255,0.0,0.026010008305699255,0.026010008305699255,1,0.10532730002887547,0.10532730002887547,0.10532730002887547,0.10532730002887547,0.0,0.10532730002887547,0.10532730002887547,1,0.0,0.0,0.0,0.0,0.0,0.0,0.0,1,0.31212009966839105,0.31212009966839105,0.31212009966839105,0.31212009966839105,0.0,0.31212009966839105,0.31212009966839105,1,0.6801419999683276,0.6801419999683276,0.6801419999683276,0.6801419999683276,0.0,0.6801419999683276,0.6801419999683276
components_online,symbolic_smt,component_038_events_0008_objects_0004.jsonocel,,1,1,0,0,0,0,0,,fresh_offline_alignment,1,0.21224830008577555,0.21224830008577555,0.21224830008577555,0.21224830008577555,0.0,0.21224830008577555,0.21224830008577555,1,0.026531037510721944,0.026531037510721944,0.026531037510721944,0.026531037510721944,0.0,0.026531037510721944,0.026531037510721944,1,0.07677189994137734,0.07677189994137734,0.07677189994137734,0.07677189994137734,0.0,0.07677189994137734,0.07677189994137734,1,0.0,0.0,0.0,0.0,0.0,0.0,0.0,1,0.21224830008577555,0.21224830008577555,0.21224830008577555,0.21224830008577555,0.0,0.21224830008577555,0.21224830008577555,1,1.53668140002992,1.53668140002992,1.53668140002992,1.53668140002992,0.0,1.53668140002992,1.53668140002992
components_online,symbolic_smt,component_042_events_0009_objects_0005.jsonocel,,1,1,0,0,0,0,0,,fresh_offline_alignment,1,0.25040620006620884,0.25040620006620884,0.25040620006620884,0.25040620006620884,0.0,0.25040620006620884,0.25040620006620884,1,0.027822911118467648,0.027822911118467648,0.027822911118467648,0.027822911118467648,0.0,0.027822911118467648,0.027822911118467648,1,0.0962067999644205,0.0962067999644205,0.0962067999644205,0.0962067999644205,0.0,0.0962067999644205,0.0962067999644205,1,0.0,0.0,0.0,0.0,0.0,0.0,0.0,1,0.25040620006620884,0.25040620006620884,0.25040620006620884,0.25040620006620884,0.0,0.25040620006620884,0.25040620006620884,1,0.6728095000144094,0.6728095000144094,0.6728095000144094,0.6728095000144094,0.0,0.6728095000144094,0.6728095000144094
components_online,symbolic_smt,component_048_events_0011_objects_0007.jsonocel,,1,1,0,0,0,0,0,,fresh_offline_alignment,1,0.31218970008194447,0.31218970008194447,0.31218970008194447,0.31218970008194447,0.0,0.31218970008194447,0.31218970008194447,1,0.028380881825631313,0.028380881825631313,0.028380881825631313,0.028380881825631313,0.0,0.028380881825631313,0.028380881825631313,1,0.1189391000661999,0.1189391000661999,0.1189391000661999,0.1189391000661999,0.0,0.1189391000661999,0.1189391000661999,1,0.0,0.0,0.0,0.0,0.0,0.0,0.0,1,0.31218970008194447,0.31218970008194447,0.31218970008194447,0.31218970008194447,0.0,0.31218970008194447,0.31218970008194447,1,0.6801779000088573,0.6801779000088573,0.6801779000088573,0.6801779000088573,0.0,0.6801779000088573,0.6801779000088573
components_online,symbolic_smt,component_050_events_0008_objects_0004.jsonocel,,1,1,0,0,0,0,0,,fresh_offline_alignment,1,0.2147340999217704,0.2147340999217704,0.2147340999217704,0.2147340999217704,0.0,0.2147340999217704,0.2147340999217704,1,0.0268417624902213,0.0268417624902213,0.0268417624902213,0.0268417624902213,0.0,0.0268417624902213,0.0268417624902213,1,0.07675100001506507,0.07675100001506507,0.07675100001506507,0.07675100001506507,0.0,0.07675100001506507,0.07675100001506507,1,0.0,0.0,0.0,0.0,0.0,0.0,0.0,1,0.2147340999217704,0.2147340999217704,0.2147340999217704,0.2147340999217704,0.0,0.2147340999217704,0.2147340999217704,1,0.5832831000443548,0.5832831000443548,0.5832831000443548,0.5832831000443548,0.0,0.5832831000443548,0.5832831000443548
components_online,symbolic_smt,component_051_events_0011_objects_0007.jsonocel,,1,1,0,0,0,0,0,,fresh_offline_alignment,1,0.3182352998992428,0.3182352998992428,0.3182352998992428,0.3182352998992428,0.0,0.3182352998992428,0.3182352998992428,1,0.028930481809022076,0.028930481809022076,0.028930481809022076,0.028930481809022076,0.0,0.028930481809022076,0.028930481809022076,1,0.11979929998051375,0.11979929998051375,0.11979929998051375,0.11979929998051375,0.0,0.11979929998051375,0.11979929998051375,1,0.0,0.0,0.0,0.0,0.0,0.0,0.0,1,0.3182352998992428,0.3182352998992428,0.3182352998992428,0.3182352998992428,0.0,0.3182352998992428,0.3182352998992428,1,0.6725789000047371,0.6725789000047371,0.6725789000047371,0.6725789000047371,0.0,0.6725789000047371,0.6725789000047371
components_online,symbolic_smt,component_057_events_0011_objects_0005.jsonocel,,1,1,0,0,0,0,0,,fresh_offline_alignment,1,0.28386819979641587,0.28386819979641587,0.28386819979641587,0.28386819979641587,0.0,0.28386819979641587,0.28386819979641587,1,0.02580619998149235,0.02580619998149235,0.02580619998149235,0.02580619998149235,0.0,0.02580619998149235,0.02580619998149235,1,0.09066099999472499,0.09066099999472499,0.09066099999472499,0.09066099999472499,0.0,0.09066099999472499,0.09066099999472499,1,0.0,0.0,0.0,0.0,0.0,0.0,0.0,1,0.28386819979641587,0.28386819979641587,0.28386819979641587,0.28386819979641587,0.0,0.28386819979641587,0.28386819979641587,1,1.6447594999335706,1.6447594999335706,1.6447594999335706,1.6447594999335706,0.0,1.6447594999335706,1.6447594999335706
components_online,symbolic_smt,component_058_events_0009_objects_0005.jsonocel,,1,1,0,0,0,0,0,,fresh_offline_alignment,1,0.24913370003923774,0.24913370003923774,0.24913370003923774,0.24913370003923774,0.0,0.24913370003923774,0.24913370003923774,1,0.027681522226581972,0.027681522226581972,0.027681522226581972,0.027681522226581972,0.0,0.027681522226581972,0.027681522226581972,1,0.09441500005777925,0.09441500005777925,0.09441500005777925,0.09441500005777925,0.0,0.09441500005777925,0.09441500005777925,1,0.0,0.0,0.0,0.0,0.0,0.0,0.0,1,0.24913370003923774,0.24913370003923774,0.24913370003923774,0.24913370003923774,0.0,0.24913370003923774,0.24913370003923774,1,0.5705095999874175,0.5705095999874175,0.5705095999874175,0.5705095999874175,0.0,0.5705095999874175,0.5705095999874175
components_online,symbolic_smt,component_059_events_0010_objects_0006.jsonocel,,1,1,0,0,0,0,0,,fresh_offline_alignment,1,0.2867313998285681,0.2867313998285681,0.2867313998285681,0.2867313998285681,0.0,0.2867313998285681,0.2867313998285681,1,0.02867313998285681,0.02867313998285681,0.02867313998285681,0.02867313998285681,0.0,0.02867313998285681,0.02867313998285681,1,0.10945739992894232,0.10945739992894232,0.10945739992894232,0.10945739992894232,0.0,0.10945739992894232,0.10945739992894232,1,0.0,0.0,0.0,0.0,0.0,0.0,0.0,1,0.2867313998285681,0.2867313998285681,0.2867313998285681,0.2867313998285681,0.0,0.2867313998285681,0.2867313998285681,1,1.6418771999888122,1.6418771999888122,1.6418771999888122,1.6418771999888122,0.0,1.6418771999888122,1.6418771999888122
components_online,symbolic_smt,component_061_events_0007_objects_0003.jsonocel,,1,1,0,0,0,0,0,,fresh_offline_alignment,1,0.18143649981357157,0.18143649981357157,0.18143649981357157,0.18143649981357157,0.0,0.18143649981357157,0.18143649981357157,1,0.025919499973367368,0.025919499973367368,0.025919499973367368,0.025919499973367368,0.0,0.025919499973367368,0.025919499973367368,1,0.06301299994811416,0.06301299994811416,0.06301299994811416,0.06301299994811416,0.0,0.06301299994811416,0.06301299994811416,1,0.0,0.0,0.0,0.0,0.0,0.0,0.0,1,0.18143649981357157,0.18143649981357157,0.18143649981357157,0.18143649981357157,0.0,0.18143649981357157,0.18143649981357157,1,0.5739279000554234,0.5739279000554234,0.5739279000554234,0.5739279000554234,0.0,0.5739279000554234,0.5739279000554234
components_online,symbolic_smt,component_063_events_0035_objects_0019.jsonocel,,1,1,0,0,0,0,0,,fresh_offline_alignment,1,1.065355799626559,1.065355799626559,1.065355799626559,1.065355799626559,0.0,1.065355799626559,1.065355799626559,1,0.0304387371321874,0.0304387371321874,0.0304387371321874,0.0304387371321874,0.0,0.0304387371321874,0.0304387371321874,1,0.09964189992751926,0.09964189992751926,0.09964189992751926,0.09964189992751926,0.0,0.09964189992751926,0.09964189992751926,1,0.0,0.0,0.0,0.0,0.0,0.0,0.0,1,1.065355799626559,1.065355799626559,1.065355799626559,1.065355799626559,0.0,1.065355799626559,1.065355799626559,1,1.7168252000119537,1.7168252000119537,1.7168252000119537,1.7168252000119537,0.0,1.7168252000119537,1.7168252000119537
components_online,symbolic_smt,component_064_events_0116_objects_0055.jsonocel,,1,1,0,0,0,0,0,,fresh_offline_alignment,1,9.394036700599827,9.394036700599827,9.394036700599827,9.394036700599827,0.0,9.394036700599827,9.394036700599827,1,0.08098307500517092,0.08098307500517092,0.08098307500517092,0.08098307500517092,0.0,0.08098307500517092,0.08098307500517092,1,0.24618060002103448,0.24618060002103448,0.24618060002103448,0.24618060002103448,0.0,0.24618060002103448,0.24618060002103448,1,0.0,0.0,0.0,0.0,0.0,0.0,0.0,1,9.394036700599827,9.394036700599827,9.394036700599827,9.394036700599827,0.0,9.394036700599827,9.394036700599827,1,16.563328800024465,16.563328800024465,16.563328800024465,16.563328800024465,0.0,16.563328800024465,16.563328800024465
components_online,symbolic_smt,component_065_events_0098_objects_0050.jsonocel,,1,1,0,0,0,0,0,,fresh_offline_alignment,1,6.684849100187421,6.684849100187421,6.684849100187421,6.684849100187421,0.0,6.684849100187421,6.684849100187421,1,0.0682127459202798,0.0682127459202798,0.0682127459202798,0.0682127459202798,0.0,0.0682127459202798,0.0682127459202798,1,0.2588615999557078,0.2588615999557078,0.2588615999557078,0.2588615999557078,0.0,0.2588615999557078,0.2588615999557078,1,0.0,0.0,0.0,0.0,0.0,0.0,0.0,1,6.684849100187421,6.684849100187421,6.684849100187421,6.684849100187421,0.0,6.684849100187421,6.684849100187421,1,11.729512399993837,11.729512399993837,11.729512399993837,11.729512399993837,0.0,11.729512399993837,11.729512399993837
components_online,symbolic_smt,component_066_events_0011_objects_0006.jsonocel,,1,1,0,0,0,0,0,,fresh_offline_alignment,1,0.3036693000467494,0.3036693000467494,0.3036693000467494,0.3036693000467494,0.0,0.3036693000467494,0.3036693000467494,1,0.027606300004249948,0.027606300004249948,0.027606300004249948,0.027606300004249948,0.0,0.027606300004249948,0.027606300004249948,1,0.10575340001378208,0.10575340001378208,0.10575340001378208,0.10575340001378208,0.0,0.10575340001378208,0.10575340001378208,1,0.0,0.0,0.0,0.0,0.0,0.0,0.0,1,0.3036693000467494,0.3036693000467494,0.3036693000467494,0.3036693000467494,0.0,0.3036693000467494,0.3036693000467494,1,0.6990004999097437,0.6990004999097437,0.6990004999097437,0.6990004999097437,0.0,0.6990004999097437,0.6990004999097437
components_online,symbolic_smt,component_067_events_0063_objects_0031.jsonocel,,1,1,0,0,0,0,0,,fresh_offline_alignment,1,2.14321479992941,2.14321479992941,2.14321479992941,2.14321479992941,0.0,2.14321479992941,2.14321479992941,1,0.03401928253856207,0.03401928253856207,0.03401928253856207,0.03401928253856207,0.0,0.03401928253856207,0.03401928253856207,1,0.12603299994952977,0.12603299994952977,0.12603299994952977,0.12603299994952977,0.0,0.12603299994952977,0.12603299994952977,1,0.0,0.0,0.0,0.0,0.0,0.0,0.0,1,2.14321479992941,2.14321479992941,2.14321479992941,2.14321479992941,0.0,2.14321479992941,2.14321479992941,1,3.447110299952328,3.447110299952328,3.447110299952328,3.447110299952328,0.0,3.447110299952328,3.447110299952328
components_online,symbolic_smt,component_068_events_0009_objects_0005.jsonocel,,1,1,0,0,0,0,0,,fresh_offline_alignment,1,0.24834539974108338,0.24834539974108338,0.24834539974108338,0.24834539974108338,0.0,0.24834539974108338,0.24834539974108338,1,0.02759393330456482,0.02759393330456482,0.02759393330456482,0.02759393330456482,0.0,0.02759393330456482,0.02759393330456482,1,0.09177820000331849,0.09177820000331849,0.09177820000331849,0.09177820000331849,0.0,0.09177820000331849,0.09177820000331849,1,0.0,0.0,0.0,0.0,0.0,0.0,0.0,1,0.24834539974108338,0.24834539974108338,0.24834539974108338,0.24834539974108338,0.0,0.24834539974108338,0.24834539974108338,1,0.5816083999816328,0.5816083999816328,0.5816083999816328,0.5816083999816328,0.0,0.5816083999816328,0.5816083999816328
comprehensive_online,symbolic_smt,00_fit.jsonocel,,1,1,0,0,0,0,0,,fresh_offline_alignment,1,0.14248080004472286,0.14248080004472286,0.14248080004472286,0.14248080004472286,0.0,0.14248080004472286,0.14248080004472286,1,0.07124040002236143,0.07124040002236143,0.07124040002236143,0.07124040002236143,0.0,0.07124040002236143,0.07124040002236143,1,0.10251190001145005,0.10251190001145005,0.10251190001145005,0.10251190001145005,0.0,0.10251190001145005,0.10251190001145005,1,0.0,0.0,0.0,0.0,0.0,0.0,0.0,1,0.14248080004472286,0.14248080004472286,0.14248080004472286,0.14248080004472286,0.0,0.14248080004472286,0.14248080004472286,1,0.5952598999720067,0.5952598999720067,0.5952598999720067,0.5952598999720067,0.0,0.5952598999720067,0.5952598999720067
comprehensive_online,symbolic_smt,01_data_place_order_guard_violation.jsonocel,,1,1,0,0,0,0,1,,fresh_offline_alignment,1,0.1786022000014782,0.1786022000014782,0.1786022000014782,0.1786022000014782,0.0,0.1786022000014782,0.1786022000014782,1,0.0893011000007391,0.0893011000007391,0.0893011000007391,0.0893011000007391,0.0,0.0893011000007391,0.0893011000007391,1,0.15858779998961836,0.15858779998961836,0.15858779998961836,0.15858779998961836,0.0,0.15858779998961836,0.15858779998961836,1,0.0,0.0,0.0,0.0,0.0,0.0,0.0,1,0.1786022000014782,0.1786022000014782,0.1786022000014782,0.1786022000014782,0.0,0.1786022000014782,0.1786022000014782,1,0.5970424000406638,0.5970424000406638,0.5970424000406638,0.5970424000406638,0.0,0.5970424000406638,0.5970424000406638
comprehensive_online,symbolic_smt,02_data_ship_guard_violation.jsonocel,,1,1,0,0,0,0,1,,fresh_offline_alignment,1,0.26003440003842115,0.26003440003842115,0.26003440003842115,0.26003440003842115,0.0,0.26003440003842115,0.26003440003842115,1,0.13001720001921058,0.13001720001921058,0.13001720001921058,0.13001720001921058,0.0,0.13001720001921058,0.13001720001921058,1,0.15870510006789118,0.15870510006789118,0.15870510006789118,0.15870510006789118,0.0,0.15870510006789118,0.15870510006789118,1,0.0,0.0,0.0,0.0,0.0,0.0,0.0,1,0.26003440003842115,0.26003440003842115,0.26003440003842115,0.26003440003842115,0.0,0.26003440003842115,0.26003440003842115,1,0.6883641000604257,0.6883641000604257,0.6883641000604257,0.6883641000604257,0.0,0.6883641000604257,0.6883641000604257
comprehensive_online,symbolic_smt,03_data_ship_combined_guard_violation.jsonocel,,1,1,0,0,0,0,1,,fresh_offline_alignment,1,0.26092779997270554,0.26092779997270554,0.26092779997270554,0.26092779997270554,0.0,0.26092779997270554,0.26092779997270554,1,0.13046389998635277,0.13046389998635277,0.13046389998635277,0.13046389998635277,0.0,0.13046389998635277,0.13046389998635277,1,0.16432219999842346,0.16432219999842346,0.16432219999842346,0.16432219999842346,0.0,0.16432219999842346,0.16432219999842346,1,0.0,0.0,0.0,0.0,0.0,0.0,0.0,1,0.26092779997270554,0.26092779997270554,0.26092779997270554,0.26092779997270554,0.0,0.26092779997270554,0.26092779997270554,1,0.6875238999491557,0.6875238999491557,0.6875238999491557,0.6875238999491557,0.0,0.6875238999491557,0.6875238999491557
comprehensive_online,symbolic_smt,04_object_missing_product_at_ship.jsonocel,,1,1,0,0,0,0,0,,fresh_offline_alignment,1,0.14307490002829581,0.14307490002829581,0.14307490002829581,0.14307490002829581,0.0,0.14307490002829581,0.14307490002829581,1,0.07153745001414791,0.07153745001414791,0.07153745001414791,0.07153745001414791,0.0,0.07153745001414791,0.07153745001414791,1,0.1035058000124991,0.1035058000124991,0.1035058000124991,0.1035058000124991,0.0,0.1035058000124991,0.1035058000124991,1,0.0,0.0,0.0,0.0,0.0,0.0,0.0,1,0.14307490002829581,0.14307490002829581,0.14307490002829581,0.14307490002829581,0.0,0.14307490002829581,0.14307490002829581,1,0.4835505000082776,0.4835505000082776,0.4835505000082776,0.4835505000082776,0.0,0.4835505000082776,0.4835505000082776
comprehensive_online,symbolic_smt,05_object_extra_product_at_ship.jsonocel,,1,1,0,0,0,0,4,,fresh_offline_alignment,1,1.1823723999550566,1.1823723999550566,1.1823723999550566,1.1823723999550566,0.0,1.1823723999550566,1.1823723999550566,1,0.5911861999775283,0.5911861999775283,0.5911861999775283,0.5911861999775283,0.0,0.5911861999775283,0.5911861999775283,1,1.0863614999689162,1.0863614999689162,1.0863614999689162,1.0863614999689162,0.0,1.0863614999689162,1.0863614999689162,1,0.0,0.0,0.0,0.0,0.0,0.0,0.0,1,1.1823723999550566,1.1823723999550566,1.1823723999550566,1.1823723999550566,0.0,1.1823723999550566,1.1823723999550566,1,2.63896529993508,2.63896529993508,2.63896529993508,2.63896529993508,0.0,2.63896529993508,2.63896529993508
comprehensive_online,symbolic_smt,06_incomplete_after_place_order.jsonocel,,1,1,0,0,0,0,0,,fresh_offline_alignment,1,0.10258080007042736,0.10258080007042736,0.10258080007042736,0.10258080007042736,0.0,0.10258080007042736,0.10258080007042736,1,0.10258080007042736,0.10258080007042736,0.10258080007042736,0.10258080007042736,0.0,0.10258080007042736,0.10258080007042736,1,0.10258080007042736,0.10258080007042736,0.10258080007042736,0.10258080007042736,0.0,0.10258080007042736,0.10258080007042736,1,0.0,0.0,0.0,0.0,0.0,0.0,0.0,1,0.10258080007042736,0.10258080007042736,0.10258080007042736,0.10258080007042736,0.0,0.10258080007042736,0.10258080007042736,1,2.1555148999905214,2.1555148999905214,2.1555148999905214,2.1555148999905214,0.0,2.1555148999905214,2.1555148999905214
comprehensive_online,symbolic_smt,07_extra_ship_event.jsonocel,,1,1,0,0,0,0,3,,fresh_offline_alignment,1,0.7503495001001284,0.7503495001001284,0.7503495001001284,0.7503495001001284,0.0,0.7503495001001284,0.7503495001001284,1,0.2501165000333761,0.2501165000333761,0.2501165000333761,0.2501165000333761,0.0,0.2501165000333761,0.2501165000333761,1,0.6108056000666693,0.6108056000666693,0.6108056000666693,0.6108056000666693,0.0,0.6108056000666693,0.6108056000666693,1,0.0,0.0,0.0,0.0,0.0,0.0,0.0,1,0.7503495001001284,0.7503495001001284,0.7503495001001284,0.7503495001001284,0.0,0.7503495001001284,0.7503495001001284,1,1.1091092999558896,1.1091092999558896,1.1091092999558896,1.1091092999558896,0.0,1.1091092999558896,1.1091092999558896
comprehensive_online,symbolic_smt,08_wrong_order_ship_before_place_order.jsonocel,,1,1,0,0,0,0,3,,fresh_offline_alignment,1,0.5863339999923483,0.5863339999923483,0.5863339999923483,0.5863339999923483,0.0,0.5863339999923483,0.5863339999923483,1,0.2931669999961741,0.2931669999961741,0.2931669999961741,0.2931669999961741,0.0,0.2931669999961741,0.2931669999961741,1,0.3783347000135109,0.3783347000135109,0.3783347000135109,0.3783347000135109,0.0,0.3783347000135109,0.3783347000135109,1,0.0,0.0,0.0,0.0,0.0,0.0,0.0,1,0.5863339999923483,0.5863339999923483,0.5863339999923483,0.5863339999923483,0.0,0.5863339999923483,0.5863339999923483,1,1.963995199999772,1.963995199999772,1.963995199999772,1.963995199999772,0.0,1.963995199999772,1.963995199999772
comprehensive_online,symbolic_smt,09_unmodeled_cancel_event.jsonocel,,1,1,0,0,0,0,1,,fresh_offline_alignment,1,0.5838525000726804,0.5838525000726804,0.5838525000726804,0.5838525000726804,0.0,0.5838525000726804,0.5838525000726804,1,0.1946175000242268,0.1946175000242268,0.1946175000242268,0.1946175000242268,0.0,0.1946175000242268,0.1946175000242268,1,0.3300726000452414,0.3300726000452414,0.3300726000452414,0.3300726000452414,0.0,0.3300726000452414,0.3300726000452414,1,0.0,0.0,0.0,0.0,0.0,0.0,0.0,1,0.5838525000726804,0.5838525000726804,0.5838525000726804,0.5838525000726804,0.0,0.5838525000726804,0.5838525000726804,1,1.0129806000040844,1.0129806000040844,1.0129806000040844,1.0129806000040844,0.0,1.0129806000040844,1.0129806000040844
comprehensive_online,symbolic_smt,10_object_attributes_and_unreferenced_object.jsonocel,,1,1,0,0,0,0,0,,fresh_offline_alignment,1,0.13116770004853606,0.13116770004853606,0.13116770004853606,0.13116770004853606,0.0,0.13116770004853606,0.13116770004853606,1,0.06558385002426803,0.06558385002426803,0.06558385002426803,0.06558385002426803,0.0,0.06558385002426803,0.06558385002426803,1,0.09296629996970296,0.09296629996970296,0.09296629996970296,0.09296629996970296,0.0,0.09296629996970296,0.09296629996970296,1,0.0,0.0,0.0,0.0,0.0,0.0,0.0,1,0.13116770004853606,0.13116770004853606,0.13116770004853606,0.13116770004853606,0.0,0.13116770004853606,0.13116770004853606,1,0.493538900045678,0.493538900045678,0.493538900045678,0.493538900045678,0.0,0.493538900045678,0.493538900045678
comprehensive_online,symbolic_smt,11_two_independent_components.jsonocel,,1,1,0,0,0,0,0,,fresh_offline_alignment,1,0.23105519998352975,0.23105519998352975,0.23105519998352975,0.23105519998352975,0.0,0.23105519998352975,0.23105519998352975,1,0.05776379999588244,0.05776379999588244,0.05776379999588244,0.05776379999588244,0.0,0.05776379999588244,0.05776379999588244,1,0.0976699999300763,0.0976699999300763,0.0976699999300763,0.0976699999300763,0.0,0.0976699999300763,0.0976699999300763,1,0.0,0.0,0.0,0.0,0.0,0.0,0.0,1,0.23105519998352975,0.23105519998352975,0.23105519998352975,0.23105519998352975,0.0,0.23105519998352975,0.23105519998352975,1,1.525677900062874,1.525677900062874,1.525677900062874,1.525677900062874,0.0,1.525677900062874,1.525677900062874
comprehensive_online,symbolic_smt,12_component_merge_stress.jsonocel,,1,1,0,0,0,0,4,,fresh_offline_alignment,1,0.15915369999129325,0.15915369999129325,0.15915369999129325,0.15915369999129325,0.0,0.15915369999129325,0.15915369999129325,1,0.05305123333043108,0.05305123333043108,0.05305123333043108,0.05305123333043108,0.0,0.05305123333043108,0.05305123333043108,1,0.08071460004430264,0.08071460004430264,0.08071460004430264,0.08071460004430264,0.0,0.08071460004430264,0.08071460004430264,1,0.0,0.0,0.0,0.0,0.0,0.0,0.0,1,0.15915369999129325,0.15915369999129325,0.15915369999129325,0.15915369999129325,0.0,0.15915369999129325,0.15915369999129325,1,0.6058188000461087,0.6058188000461087,0.6058188000461087,0.6058188000461087,0.0,0.6058188000461087,0.6058188000461087
controlled_mutations_cf_extra_pick_online,symbolic_smt,component_001_events_0030_objects_0020.jsonocel,,1,1,0,0,0,0,1,,fresh_offline_alignment,1,0.9916782000800595,0.9916782000800595,0.9916782000800595,0.9916782000800595,0.0,0.9916782000800595,0.9916782000800595,1,0.03198961935742127,0.03198961935742127,0.03198961935742127,0.03198961935742127,0.0,0.03198961935742127,0.03198961935742127,1,0.11651689989957958,0.11651689989957958,0.11651689989957958,0.11651689989957958,0.0,0.11651689989957958,0.11651689989957958,1,0.0,0.0,0.0,0.0,0.0,0.0,0.0,1,0.9916782000800595,0.9916782000800595,0.9916782000800595,0.9916782000800595,0.0,0.9916782000800595,0.9916782000800595,1,1.4883097000420094,1.4883097000420094,1.4883097000420094,1.4883097000420094,0.0,1.4883097000420094,1.4883097000420094
controlled_mutations_cf_extra_pick_online,symbolic_smt,component_002_events_0028_objects_0013.jsonocel,,1,1,0,0,0,0,1,,fresh_offline_alignment,1,0.8355150999268517,0.8355150999268517,0.8355150999268517,0.8355150999268517,0.0,0.8355150999268517,0.8355150999268517,1,0.028810865514719022,0.028810865514719022,0.028810865514719022,0.028810865514719022,0.0,0.028810865514719022,0.028810865514719022,1,0.1325273000402376,0.1325273000402376,0.1325273000402376,0.1325273000402376,0.0,0.1325273000402376,0.1325273000402376,1,0.0,0.0,0.0,0.0,0.0,0.0,0.0,1,0.8355150999268517,0.8355150999268517,0.8355150999268517,0.8355150999268517,0.0,0.8355150999268517,0.8355150999268517,1,2.36569189990405,2.36569189990405,2.36569189990405,2.36569189990405,0.0,2.36569189990405,2.36569189990405
controlled_mutations_cf_extra_pick_online,symbolic_smt,component_003_events_0022_objects_0011.jsonocel,,1,1,0,0,0,0,1,,fresh_offline_alignment,1,0.6804021004354581,0.6804021004354581,0.6804021004354581,0.6804021004354581,0.0,0.6804021004354581,0.6804021004354581,1,0.029582700018932963,0.029582700018932963,0.029582700018932963,0.029582700018932963,0.0,0.029582700018932963,0.029582700018932963,1,0.15966860007029027,0.15966860007029027,0.15966860007029027,0.15966860007029027,0.0,0.15966860007029027,0.15966860007029027,1,0.0,0.0,0.0,0.0,0.0,0.0,0.0,1,0.6804021004354581,0.6804021004354581,0.6804021004354581,0.6804021004354581,0.0,0.6804021004354581,0.6804021004354581,1,1.195059199933894,1.195059199933894,1.195059199933894,1.195059199933894,0.0,1.195059199933894,1.195059199933894
controlled_mutations_cf_extra_pick_online,symbolic_smt,component_004_events_0013_objects_0009.jsonocel,,1,1,0,0,0,0,1,,fresh_offline_alignment,1,0.4370922998059541,0.4370922998059541,0.4370922998059541,0.4370922998059541,0.0,0.4370922998059541,0.4370922998059541,1,0.03122087855756815,0.03122087855756815,0.03122087855756815,0.03122087855756815,0.0,0.03122087855756815,0.03122087855756815,1,0.14763689995743334,0.14763689995743334,0.14763689995743334,0.14763689995743334,0.0,0.14763689995743334,0.14763689995743334,1,0.0,0.0,0.0,0.0,0.0,0.0,0.0,1,0.4370922998059541,0.4370922998059541,0.4370922998059541,0.4370922998059541,0.0,0.4370922998059541,0.4370922998059541,1,0.8858563000103459,0.8858563000103459,0.8858563000103459,0.8858563000103459,0.0,0.8858563000103459,0.8858563000103459
controlled_mutations_cf_extra_pick_online,symbolic_smt,component_005_events_0035_objects_0016.jsonocel,,1,1,0,0,0,0,1,,fresh_offline_alignment,1,1.1053236001171172,1.1053236001171172,1.1053236001171172,1.1053236001171172,0.0,1.1053236001171172,1.1053236001171172,1,0.030703433336586587,0.030703433336586587,0.030703433336586587,0.030703433336586587,0.0,0.030703433336586587,0.030703433336586587,1,0.14528729999437928,0.14528729999437928,0.14528729999437928,0.14528729999437928,0.0,0.14528729999437928,0.14528729999437928,1,0.0,0.0,0.0,0.0,0.0,0.0,0.0,1,1.1053236001171172,1.1053236001171172,1.1053236001171172,1.1053236001171172,0.0,1.1053236001171172,1.1053236001171172,1,1.9088334999978542,1.9088334999978542,1.9088334999978542,1.9088334999978542,0.0,1.9088334999978542,1.9088334999978542
controlled_mutations_cf_extra_pick_online,symbolic_smt,component_006_events_0031_objects_0015.jsonocel,,1,1,0,0,0,0,1,,fresh_offline_alignment,1,0.955551500315778,0.955551500315778,0.955551500315778,0.955551500315778,0.0,0.955551500315778,0.955551500315778,1,0.02986098438486806,0.02986098438486806,0.02986098438486806,0.02986098438486806,0.0,0.02986098438486806,0.02986098438486806,1,0.10834889998659492,0.10834889998659492,0.10834889998659492,0.10834889998659492,0.0,0.10834889998659492,0.10834889998659492,1,0.0,0.0,0.0,0.0,0.0,0.0,0.0,1,0.955551500315778,0.955551500315778,0.955551500315778,0.955551500315778,0.0,0.955551500315778,0.955551500315778,1,1.5994363999925554,1.5994363999925554,1.5994363999925554,1.5994363999925554,0.0,1.5994363999925554,1.5994363999925554
controlled_mutations_cf_extra_pick_online,symbolic_smt,component_009_events_0015_objects_0008.jsonocel,,1,1,0,0,0,0,1,,fresh_offline_alignment,1,0.4628139999695122,0.4628139999695122,0.4628139999695122,0.4628139999695122,0.0,0.4628139999695122,0.4628139999695122,1,0.028925874998094514,0.028925874998094514,0.028925874998094514,0.028925874998094514,0.0,0.028925874998094514,0.028925874998094514,1,0.13651119999121875,0.13651119999121875,0.13651119999121875,0.13651119999121875,0.0,0.13651119999121875,0.13651119999121875,1,0.0,0.0,0.0,0.0,0.0,0.0,0.0,1,0.4628139999695122,0.4628139999695122,0.4628139999695122,0.4628139999695122,0.0,0.4628139999695122,0.4628139999695122,1,0.8795587999047711,0.8795587999047711,0.8795587999047711,0.8795587999047711,0.0,0.8795587999047711,0.8795587999047711
controlled_mutations_cf_extra_pick_online,symbolic_smt,component_011_events_0028_objects_0017.jsonocel,,1,1,0,0,0,0,1,,fresh_offline_alignment,1,0.9231492995750159,0.9231492995750159,0.9231492995750159,0.9231492995750159,0.0,0.9231492995750159,0.9231492995750159,1,0.031832734468103994,0.031832734468103994,0.031832734468103994,0.031832734468103994,0.0,0.031832734468103994,0.031832734468103994,1,0.13252579991240054,0.13252579991240054,0.13252579991240054,0.13252579991240054,0.0,0.13252579991240054,0.13252579991240054,1,0.0,0.0,0.0,0.0,0.0,0.0,0.0,1,0.9231492995750159,0.9231492995750159,0.9231492995750159,0.9231492995750159,0.0,0.9231492995750159,0.9231492995750159,1,1.4892141000600532,1.4892141000600532,1.4892141000600532,1.4892141000600532,0.0,1.4892141000600532,1.4892141000600532
controlled_mutations_cf_extra_pick_online,symbolic_smt,component_014_events_0102_objects_0053.jsonocel,,1,1,0,0,0,0,1,,fresh_offline_alignment,1,8.288388299522921,8.288388299522921,8.288388299522921,8.288388299522921,0.0,8.288388299522921,8.288388299522921,1,0.08046978931575652,0.08046978931575652,0.08046978931575652,0.08046978931575652,0.0,0.08046978931575652,0.08046978931575652,1,0.3453754000365734,0.3453754000365734,0.3453754000365734,0.3453754000365734,0.0,0.3453754000365734,0.3453754000365734,1,0.0,0.0,0.0,0.0,0.0,0.0,0.0,1,8.288388299522921,8.288388299522921,8.288388299522921,8.288388299522921,0.0,8.288388299522921,8.288388299522921,1,14.781096199993044,14.781096199993044,14.781096199993044,14.781096199993044,0.0,14.781096199993044,14.781096199993044
controlled_mutations_cf_extra_pick_online,symbolic_smt,component_020_events_0022_objects_0009.jsonocel,,1,1,0,0,0,0,1,,fresh_offline_alignment,1,0.641189799993299,0.641189799993299,0.641189799993299,0.641189799993299,0.0,0.641189799993299,0.641189799993299,1,0.027877817391013,0.027877817391013,0.027877817391013,0.027877817391013,0.0,0.027877817391013,0.027877817391013,1,0.14674120000563562,0.14674120000563562,0.14674120000563562,0.14674120000563562,0.0,0.14674120000563562,0.14674120000563562,1,0.0,0.0,0.0,0.0,0.0,0.0,0.0,1,0.641189799993299,0.641189799993299,0.641189799993299,0.641189799993299,0.0,0.641189799993299,0.641189799993299,1,1.1967154000885785,1.1967154000885785,1.1967154000885785,1.1967154000885785,0.0,1.1967154000885785,1.1967154000885785
controlled_mutations_cf_extra_pick_online,symbolic_smt,component_021_events_0013_objects_0005.jsonocel,,1,1,0,0,0,0,1,,fresh_offline_alignment,1,0.35587300010956824,0.35587300010956824,0.35587300010956824,0.35587300010956824,0.0,0.35587300010956824,0.35587300010956824,1,0.025419500007826303,0.025419500007826303,0.025419500007826303,0.025419500007826303,0.0,0.025419500007826303,0.025419500007826303,1,0.07622839999385178,0.07622839999385178,0.07622839999385178,0.07622839999385178,0.0,0.07622839999385178,0.07622839999385178,1,0.0,0.0,0.0,0.0,0.0,0.0,0.0,1,0.35587300010956824,0.35587300010956824,0.35587300010956824,0.35587300010956824,0.0,0.35587300010956824,0.35587300010956824,1,0.777624599984847,0.777624599984847,0.777624599984847,0.777624599984847,0.0,0.777624599984847,0.777624599984847
controlled_mutations_cf_extra_pick_online,symbolic_smt,component_024_events_0010_objects_0005.jsonocel,,1,1,0,0,0,0,1,,fresh_offline_alignment,1,0.3104739001719281,0.3104739001719281,0.3104739001719281,0.3104739001719281,0.0,0.3104739001719281,0.3104739001719281,1,0.028224900015629828,0.028224900015629828,0.028224900015629828,0.028224900015629828,0.0,0.028224900015629828,0.028224900015629828,1,0.09101340000052005,0.09101340000052005,0.09101340000052005,0.09101340000052005,0.0,0.09101340000052005,0.09101340000052005,1,0.0,0.0,0.0,0.0,0.0,0.0,0.0,1,0.3104739001719281,0.3104739001719281,0.3104739001719281,0.3104739001719281,0.0,0.3104739001719281,0.3104739001719281,1,0.6727275000885129,0.6727275000885129,0.6727275000885129,0.6727275000885129,0.0,0.6727275000885129,0.6727275000885129
controlled_mutations_cf_extra_pick_online,symbolic_smt,component_028_events_0012_objects_0008.jsonocel,,1,1,0,0,0,0,1,,fresh_offline_alignment,1,0.3891099001048133,0.3891099001048133,0.3891099001048133,0.3891099001048133,0.0,0.3891099001048133,0.3891099001048133,1,0.029931530777293328,0.029931530777293328,0.029931530777293328,0.029931530777293328,0.0,0.029931530777293328,0.029931530777293328,1,0.13168029999360442,0.13168029999360442,0.13168029999360442,0.13168029999360442,0.0,0.13168029999360442,0.13168029999360442,1,0.0,0.0,0.0,0.0,0.0,0.0,0.0,1,0.3891099001048133,0.3891099001048133,0.3891099001048133,0.3891099001048133,0.0,0.3891099001048133,0.3891099001048133,1,0.7811818999471143,0.7811818999471143,0.7811818999471143,0.7811818999471143,0.0,0.7811818999471143,0.7811818999471143
controlled_mutations_cf_extra_pick_online,symbolic_smt,component_029_events_0021_objects_0010.jsonocel,,1,1,0,0,0,0,1,,fresh_offline_alignment,1,0.6122388000367209,0.6122388000367209,0.6122388000367209,0.6122388000367209,0.0,0.6122388000367209,0.6122388000367209,1,0.027829036365305496,0.027829036365305496,0.027829036365305496,0.027829036365305496,0.0,0.027829036365305496,0.027829036365305496,1,0.14431470003910363,0.14431470003910363,0.14431470003910363,0.14431470003910363,0.0,0.14431470003910363,0.14431470003910363,1,0.0,0.0,0.0,0.0,0.0,0.0,0.0,1,0.6122388000367209,0.6122388000367209,0.6122388000367209,0.6122388000367209,0.0,0.6122388000367209,0.6122388000367209,1,2.0536918999860063,2.0536918999860063,2.0536918999860063,2.0536918999860063,0.0,2.0536918999860063,2.0536918999860063
controlled_mutations_cf_extra_pick_online,symbolic_smt,component_030_events_0061_objects_0033.jsonocel,,1,1,0,0,0,0,1,,fresh_offline_alignment,1,2.7698269996326417,2.7698269996326417,2.7698269996326417,2.7698269996326417,0.0,2.7698269996326417,2.7698269996326417,1,0.04467462902633293,0.04467462902633293,0.04467462902633293,0.04467462902633293,0.0,0.04467462902633293,0.04467462902633293,1,0.19504329992923886,0.19504329992923886,0.19504329992923886,0.19504329992923886,0.0,0.19504329992923886,0.19504329992923886,1,0.0,0.0,0.0,0.0,0.0,0.0,0.0,1,2.7698269996326417,2.7698269996326417,2.7698269996326417,2.7698269996326417,0.0,2.7698269996326417,2.7698269996326417,1,4.589431900065392,4.589431900065392,4.589431900065392,4.589431900065392,0.0,4.589431900065392,4.589431900065392
controlled_mutations_cf_extra_pick_online,symbolic_smt,component_031_events_0009_objects_0005.jsonocel,,1,1,0,0,0,0,1,,fresh_offline_alignment,1,0.2918879999779165,0.2918879999779165,0.2918879999779165,0.2918879999779165,0.0,0.2918879999779165,0.2918879999779165,1,0.02918879999779165,0.02918879999779165,0.02918879999779165,0.02918879999779165,0.0,0.02918879999779165,0.02918879999779165,1,0.0930616999976337,0.0930616999976337,0.0930616999976337,0.0930616999976337,0.0,0.0930616999976337,0.0930616999976337,1,0.0,0.0,0.0,0.0,0.0,0.0,0.0,1,0.2918879999779165,0.2918879999779165,0.2918879999779165,0.2918879999779165,0.0,0.2918879999779165,0.2918879999779165,1,0.6286139000440016,0.6286139000440016,0.6286139000440016,0.6286139000440016,0.0,0.6286139000440016,0.6286139000440016
controlled_mutations_cf_extra_pick_online,symbolic_smt,component_032_events_0007_objects_0003.jsonocel,,1,1,0,0,0,0,1,,fresh_offline_alignment,1,0.23038500011898577,0.23038500011898577,0.23038500011898577,0.23038500011898577,0.0,0.23038500011898577,0.23038500011898577,1,0.02879812501487322,0.02879812501487322,0.02879812501487322,0.02879812501487322,0.0,0.02879812501487322,0.02879812501487322,1,0.06424020009581,0.06424020009581,0.06424020009581,0.06424020009581,0.0,0.06424020009581,0.06424020009581,1,0.0,0.0,0.0,0.0,0.0,0.0,0.0,1,0.23038500011898577,0.23038500011898577,0.23038500011898577,0.23038500011898577,0.0,0.23038500011898577,0.23038500011898577,1,0.5220724000828341,0.5220724000828341,0.5220724000828341,0.5220724000828341,0.0,0.5220724000828341,0.5220724000828341
controlled_mutations_cf_extra_pick_online,symbolic_smt,component_036_events_0017_objects_0008.jsonocel,,1,1,0,0,0,0,1,,fresh_offline_alignment,1,0.5118364000227302,0.5118364000227302,0.5118364000227302,0.5118364000227302,0.0,0.5118364000227302,0.5118364000227302,1,0.028435355556818347,0.028435355556818347,0.028435355556818347,0.028435355556818347,0.0,0.028435355556818347,0.028435355556818347,1,0.09918250003829598,0.09918250003829598,0.09918250003829598,0.09918250003829598,0.0,0.09918250003829598,0.09918250003829598,1,0.0,0.0,0.0,0.0,0.0,0.0,0.0,1,0.5118364000227302,0.5118364000227302,0.5118364000227302,0.5118364000227302,0.0,0.5118364000227302,0.5118364000227302,1,0.9346900000236928,0.9346900000236928,0.9346900000236928,0.9346900000236928,0.0,0.9346900000236928,0.9346900000236928
controlled_mutations_cf_extra_pick_online,symbolic_smt,component_037_events_0012_objects_0006.jsonocel,,1,1,0,0,0,0,1,,fresh_offline_alignment,1,0.3639208999229595,0.3639208999229595,0.3639208999229595,0.3639208999229595,0.0,0.3639208999229595,0.3639208999229595,1,0.027993915378689192,0.027993915378689192,0.027993915378689192,0.027993915378689192,0.0,0.027993915378689192,0.027993915378689192,1,0.1054973000427708,0.1054973000427708,0.1054973000427708,0.1054973000427708,0.0,0.1054973000427708,0.1054973000427708,1,0.0,0.0,0.0,0.0,0.0,0.0,0.0,1,0.3639208999229595,0.3639208999229595,0.3639208999229595,0.3639208999229595,0.0,0.3639208999229595,0.3639208999229595,1,0.7263476999942213,0.7263476999942213,0.7263476999942213,0.7263476999942213,0.0,0.7263476999942213,0.7263476999942213
controlled_mutations_cf_extra_pick_online,symbolic_smt,component_038_events_0008_objects_0004.jsonocel,,1,1,0,0,0,0,1,,fresh_offline_alignment,1,0.2616091996897012,0.2616091996897012,0.2616091996897012,0.2616091996897012,0.0,0.2616091996897012,0.2616091996897012,1,0.029067688854411244,0.029067688854411244,0.029067688854411244,0.029067688854411244,0.0,0.029067688854411244,0.029067688854411244,1,0.07998999999836087,0.07998999999836087,0.07998999999836087,0.07998999999836087,0.0,0.07998999999836087,0.07998999999836087,1,0.0,0.0,0.0,0.0,0.0,0.0,0.0,1,0.2616091996897012,0.2616091996897012,0.2616091996897012,0.2616091996897012,0.0,0.2616091996897012,0.2616091996897012,1,0.6259588999673724,0.6259588999673724,0.6259588999673724,0.6259588999673724,0.0,0.6259588999673724,0.6259588999673724
controlled_mutations_cf_extra_pick_online,symbolic_smt,component_042_events_0009_objects_0005.jsonocel,,1,1,0,0,0,0,1,,fresh_offline_alignment,1,0.29245619976427406,0.29245619976427406,0.29245619976427406,0.29245619976427406,0.0,0.29245619976427406,0.29245619976427406,1,0.029245619976427405,0.029245619976427405,0.029245619976427405,0.029245619976427405,0.0,0.029245619976427405,0.029245619976427405,1,0.0943681999342516,0.0943681999342516,0.0943681999342516,0.0943681999342516,0.0,0.0943681999342516,0.0943681999342516,1,0.0,0.0,0.0,0.0,0.0,0.0,0.0,1,0.29245619976427406,0.29245619976427406,0.29245619976427406,0.29245619976427406,0.0,0.29245619976427406,0.29245619976427406,1,0.6256395999807864,0.6256395999807864,0.6256395999807864,0.6256395999807864,0.0,0.6256395999807864,0.6256395999807864
controlled_mutations_cf_extra_pick_online,symbolic_smt,component_048_events_0011_objects_0007.jsonocel,,1,1,0,0,0,0,1,,fresh_offline_alignment,1,0.3566724000265822,0.3566724000265822,0.3566724000265822,0.3566724000265822,0.0,0.3566724000265822,0.3566724000265822,1,0.02972270000221518,0.02972270000221518,0.02972270000221518,0.02972270000221518,0.0,0.02972270000221518,0.02972270000221518,1,0.11756819998845458,0.11756819998845458,0.11756819998845458,0.11756819998845458,0.0,0.11756819998845458,0.11756819998845458,1,0.0,0.0,0.0,0.0,0.0,0.0,0.0,1,0.3566724000265822,0.3566724000265822,0.3566724000265822,0.3566724000265822,0.0,0.3566724000265822,0.3566724000265822,1,0.7302098000654951,0.7302098000654951,0.7302098000654951,0.7302098000654951,0.0,0.7302098000654951,0.7302098000654951
controlled_mutations_cf_extra_pick_online,symbolic_smt,component_050_events_0008_objects_0004.jsonocel,,1,1,0,0,0,0,1,,fresh_offline_alignment,1,0.25855069991666824,0.25855069991666824,0.25855069991666824,0.25855069991666824,0.0,0.25855069991666824,0.25855069991666824,1,0.02872785554629647,0.02872785554629647,0.02872785554629647,0.02872785554629647,0.0,0.02872785554629647,0.02872785554629647,1,0.07644680002704263,0.07644680002704263,0.07644680002704263,0.07644680002704263,0.0,0.07644680002704263,0.07644680002704263,1,0.0,0.0,0.0,0.0,0.0,0.0,0.0,1,0.25855069991666824,0.25855069991666824,0.25855069991666824,0.25855069991666824,0.0,0.25855069991666824,0.25855069991666824,1,0.6232796999393031,0.6232796999393031,0.6232796999393031,0.6232796999393031,0.0,0.6232796999393031,0.6232796999393031
controlled_mutations_cf_extra_pick_online,symbolic_smt,component_051_events_0011_objects_0007.jsonocel,,1,1,0,0,0,0,1,,fresh_offline_alignment,1,0.359209599904716,0.359209599904716,0.359209599904716,0.359209599904716,0.0,0.359209599904716,0.359209599904716,1,0.029934133325393002,0.029934133325393002,0.029934133325393002,0.029934133325393002,0.0,0.029934133325393002,0.029934133325393002,1,0.11795920005533844,0.11795920005533844,0.11795920005533844,0.11795920005533844,0.0,0.11795920005533844,0.11795920005533844,1,0.0,0.0,0.0,0.0,0.0,0.0,0.0,1,0.359209599904716,0.359209599904716,0.359209599904716,0.359209599904716,0.0,0.359209599904716,0.359209599904716,1,0.7268385000061244,0.7268385000061244,0.7268385000061244,0.7268385000061244,0.0,0.7268385000061244,0.7268385000061244
controlled_mutations_cf_extra_pick_online,symbolic_smt,component_057_events_0011_objects_0005.jsonocel,,1,1,0,0,0,0,1,,fresh_offline_alignment,1,0.3319057999178767,0.3319057999178767,0.3319057999178767,0.3319057999178767,0.0,0.3319057999178767,0.3319057999178767,1,0.02765881665982306,0.02765881665982306,0.02765881665982306,0.02765881665982306,0.0,0.02765881665982306,0.02765881665982306,1,0.09341380000114441,0.09341380000114441,0.09341380000114441,0.09341380000114441,0.0,0.09341380000114441,0.09341380000114441,1,0.0,0.0,0.0,0.0,0.0,0.0,0.0,1,0.3319057999178767,0.3319057999178767,0.3319057999178767,0.3319057999178767,0.0,0.3319057999178767,0.3319057999178767,1,0.6215531999478117,0.6215531999478117,0.6215531999478117,0.6215531999478117,0.0,0.6215531999478117,0.6215531999478117
controlled_mutations_cf_extra_pick_online,symbolic_smt,component_058_events_0009_objects_0005.jsonocel,,1,1,0,0,0,0,1,,fresh_offline_alignment,1,0.290600000298582,0.290600000298582,0.290600000298582,0.290600000298582,0.0,0.290600000298582,0.290600000298582,1,0.029060000029858202,0.029060000029858202,0.029060000029858202,0.029060000029858202,0.0,0.029060000029858202,0.029060000029858202,1,0.09099519997835159,0.09099519997835159,0.09099519997835159,0.09099519997835159,0.0,0.09099519997835159,0.09099519997835159,1,0.0,0.0,0.0,0.0,0.0,0.0,0.0,1,0.290600000298582,0.290600000298582,0.290600000298582,0.290600000298582,0.0,0.290600000298582,0.290600000298582,1,0.6224288999801502,0.6224288999801502,0.6224288999801502,0.6224288999801502,0.0,0.6224288999801502,0.6224288999801502
controlled_mutations_cf_extra_pick_online,symbolic_smt,component_059_events_0010_objects_0006.jsonocel,,1,1,0,0,0,0,1,,fresh_offline_alignment,1,0.3246215000981465,0.3246215000981465,0.3246215000981465,0.3246215000981465,0.0,0.3246215000981465,0.3246215000981465,1,0.029511045463467864,0.029511045463467864,0.029511045463467864,0.029511045463467864,0.0,0.029511045463467864,0.029511045463467864,1,0.1045669000595808,0.1045669000595808,0.1045669000595808,0.1045669000595808,0.0,0.1045669000595808,0.1045669000595808,1,0.0,0.0,0.0,0.0,0.0,0.0,0.0,1,0.3246215000981465,0.3246215000981465,0.3246215000981465,0.3246215000981465,0.0,0.3246215000981465,0.3246215000981465,1,0.6218636999838054,0.6218636999838054,0.6218636999838054,0.6218636999838054,0.0,0.6218636999838054,0.6218636999838054
controlled_mutations_cf_extra_pick_online,symbolic_smt,component_061_events_0007_objects_0003.jsonocel,,1,1,0,0,0,0,1,,fresh_offline_alignment,1,0.22831630008295178,0.22831630008295178,0.22831630008295178,0.22831630008295178,0.0,0.22831630008295178,0.22831630008295178,1,0.028539537510368973,0.028539537510368973,0.028539537510368973,0.028539537510368973,0.0,0.028539537510368973,0.028539537510368973,1,0.06317590002436191,0.06317590002436191,0.06317590002436191,0.06317590002436191,0.0,0.06317590002436191,0.06317590002436191,1,0.0,0.0,0.0,0.0,0.0,0.0,0.0,1,0.22831630008295178,0.22831630008295178,0.22831630008295178,0.22831630008295178,0.0,0.22831630008295178,0.22831630008295178,1,0.519281099899672,0.519281099899672,0.519281099899672,0.519281099899672,0.0,0.519281099899672,0.519281099899672
controlled_mutations_cf_extra_pick_online,symbolic_smt,component_063_events_0035_objects_0019.jsonocel,,1,1,0,0,0,0,1,,fresh_offline_alignment,1,1.1425832003587857,1.1425832003587857,1.1425832003587857,1.1425832003587857,0.0,1.1425832003587857,1.1425832003587857,1,0.03173842223218849,0.03173842223218849,0.03173842223218849,0.03173842223218849,0.0,0.03173842223218849,0.03173842223218849,1,0.10570600000210106,0.10570600000210106,0.10570600000210106,0.10570600000210106,0.0,0.10570600000210106,0.10570600000210106,1,0.0,0.0,0.0,0.0,0.0,0.0,0.0,1,1.1425832003587857,1.1425832003587857,1.1425832003587857,1.1425832003587857,0.0,1.1425832003587857,1.1425832003587857,1,1.7599857000168413,1.7599857000168413,1.7599857000168413,1.7599857000168413,0.0,1.7599857000168413,1.7599857000168413
controlled_mutations_cf_extra_pick_online,symbolic_smt,component_064_events_0116_objects_0055.jsonocel,,1,1,0,0,0,0,1,,fresh_offline_alignment,1,10.345090399729088,10.345090399729088,10.345090399729088,10.345090399729088,0.0,10.345090399729088,10.345090399729088,1,0.08841957606606059,0.08841957606606059,0.08841957606606059,0.08841957606606059,0.0,0.08841957606606059,0.08841957606606059,1,0.3800187000306323,0.3800187000306323,0.3800187000306323,0.3800187000306323,0.0,0.3800187000306323,0.3800187000306323,1,0.0,0.0,0.0,0.0,0.0,0.0,0.0,1,10.345090399729088,10.345090399729088,10.345090399729088,10.345090399729088,0.0,10.345090399729088,10.345090399729088,1,18.30525520001538,18.30525520001538,18.30525520001538,18.30525520001538,0.0,18.30525520001538,18.30525520001538
controlled_mutations_cf_extra_pick_online,symbolic_smt,component_065_events_0098_objects_0050.jsonocel,,1,1,0,0,0,0,1,,fresh_offline_alignment,1,6.163558600354008,6.163558600354008,6.163558600354008,6.163558600354008,0.0,6.163558600354008,6.163558600354008,1,0.06225816768034352,0.06225816768034352,0.06225816768034352,0.06225816768034352,0.0,0.06225816768034352,0.06225816768034352,1,0.1739421000238508,0.1739421000238508,0.1739421000238508,0.1739421000238508,0.0,0.1739421000238508,0.1739421000238508,1,0.0,0.0,0.0,0.0,0.0,0.0,0.0,1,6.163558600354008,6.163558600354008,6.163558600354008,6.163558600354008,0.0,6.163558600354008,6.163558600354008,1,10.65895139996428,10.65895139996428,10.65895139996428,10.65895139996428,0.0,10.65895139996428,10.65895139996428
controlled_mutations_cf_extra_pick_online,symbolic_smt,component_066_events_0011_objects_0006.jsonocel,,1,1,0,0,0,0,1,,fresh_offline_alignment,1,0.35246120020747185,0.35246120020747185,0.35246120020747185,0.35246120020747185,0.0,0.35246120020747185,0.35246120020747185,1,0.029371766683955986,0.029371766683955986,0.029371766683955986,0.029371766683955986,0.0,0.029371766683955986,0.029371766683955986,1,0.10484130005352199,0.10484130005352199,0.10484130005352199,0.10484130005352199,0.0,0.10484130005352199,0.10484130005352199,1,0.0,0.0,0.0,0.0,0.0,0.0,0.0,1,0.35246120020747185,0.35246120020747185,0.35246120020747185,0.35246120020747185,0.0,0.35246120020747185,0.35246120020747185,1,0.7463394000660628,0.7463394000660628,0.7463394000660628,0.7463394000660628,0.0,0.7463394000660628,0.7463394000660628
controlled_mutations_cf_extra_pick_online,symbolic_smt,component_067_events_0063_objects_0031.jsonocel,,1,1,0,0,0,0,1,,fresh_offline_alignment,1,2.2451791004277766,2.2451791004277766,2.2451791004277766,2.2451791004277766,0.0,2.2451791004277766,2.2451791004277766,1,0.03508092344418401,0.03508092344418401,0.03508092344418401,0.03508092344418401,0.0,0.03508092344418401,0.03508092344418401,1,0.12232049996964633,0.12232049996964633,0.12232049996964633,0.12232049996964633,0.0,0.12232049996964633,0.12232049996964633,1,0.0,0.0,0.0,0.0,0.0,0.0,0.0,1,2.2451791004277766,2.2451791004277766,2.2451791004277766,2.2451791004277766,0.0,2.2451791004277766,2.2451791004277766,1,3.5685210999799892,3.5685210999799892,3.5685210999799892,3.5685210999799892,0.0,3.5685210999799892,3.5685210999799892
controlled_mutations_cf_extra_pick_online,symbolic_smt,component_068_events_0009_objects_0005.jsonocel,,1,1,0,0,0,0,1,,fresh_offline_alignment,1,0.29701450001448393,0.29701450001448393,0.29701450001448393,0.29701450001448393,0.0,0.29701450001448393,0.29701450001448393,1,0.029701450001448394,0.029701450001448394,0.029701450001448394,0.029701450001448394,0.0,0.029701450001448394,0.029701450001448394,1,0.0930796000175178,0.0930796000175178,0.0930796000175178,0.0930796000175178,0.0,0.0930796000175178,0.0930796000175178,1,0.0,0.0,0.0,0.0,0.0,0.0,0.0,1,0.29701450001448393,0.29701450001448393,0.29701450001448393,0.29701450001448393,0.0,0.29701450001448393,0.29701450001448393,1,0.6289693999569863,0.6289693999569863,0.6289693999569863,0.6289693999569863,0.0,0.6289693999569863,0.6289693999569863
controlled_mutations_cf_missing_pick_online,symbolic_smt,component_001_events_0030_objects_0020.jsonocel,,1,1,0,0,0,0,1,,fresh_offline_alignment,1,0.9766432999167591,0.9766432999167591,0.9766432999167591,0.9766432999167591,0.0,0.9766432999167591,0.9766432999167591,1,0.03367735516954342,0.03367735516954342,0.03367735516954342,0.03367735516954342,0.0,0.03367735516954342,0.03367735516954342,1,0.11734090000391006,0.11734090000391006,0.11734090000391006,0.11734090000391006,0.0,0.11734090000391006,0.11734090000391006,1,0.0,0.0,0.0,0.0,0.0,0.0,0.0,1,0.9766432999167591,0.9766432999167591,0.9766432999167591,0.9766432999167591,0.0,0.9766432999167591,0.9766432999167591,1,1.4321597000816837,1.4321597000816837,1.4321597000816837,1.4321597000816837,0.0,1.4321597000816837,1.4321597000816837
controlled_mutations_cf_missing_pick_online,symbolic_smt,component_002_events_0028_objects_0013.jsonocel,,1,1,0,0,0,0,1,,fresh_offline_alignment,1,0.8167803997639567,0.8167803997639567,0.8167803997639567,0.8167803997639567,0.0,0.8167803997639567,0.8167803997639567,1,0.03025112591718358,0.03025112591718358,0.03025112591718358,0.03025112591718358,0.0,0.03025112591718358,0.03025112591718358,1,0.13470400008372962,0.13470400008372962,0.13470400008372962,0.13470400008372962,0.0,0.13470400008372962,0.13470400008372962,1,0.0,0.0,0.0,0.0,0.0,0.0,0.0,1,0.8167803997639567,0.8167803997639567,0.8167803997639567,0.8167803997639567,0.0,0.8167803997639567,0.8167803997639567,1,1.3353936000494286,1.3353936000494286,1.3353936000494286,1.3353936000494286,0.0,1.3353936000494286,1.3353936000494286
controlled_mutations_cf_missing_pick_online,symbolic_smt,component_003_events_0022_objects_0011.jsonocel,,1,1,0,0,0,0,1,,fresh_offline_alignment,1,0.6103144000517204,0.6103144000517204,0.6103144000517204,0.6103144000517204,0.0,0.6103144000517204,0.6103144000517204,1,0.029062590478653356,0.029062590478653356,0.029062590478653356,0.029062590478653356,0.0,0.029062590478653356,0.029062590478653356,1,0.16036090010311455,0.16036090010311455,0.16036090010311455,0.16036090010311455,0.0,0.16036090010311455,0.16036090010311455,1,0.0,0.0,0.0,0.0,0.0,0.0,0.0,1,0.6103144000517204,0.6103144000517204,0.6103144000517204,0.6103144000517204,0.0,0.6103144000517204,0.6103144000517204,1,1.0431356999324635,1.0431356999324635,1.0431356999324635,1.0431356999324635,0.0,1.0431356999324635,1.0431356999324635
controlled_mutations_cf_missing_pick_online,symbolic_smt,component_004_events_0013_objects_0009.jsonocel,,1,1,0,0,0,0,1,,fresh_offline_alignment,1,0.37730240006931126,0.37730240006931126,0.37730240006931126,0.37730240006931126,0.0,0.37730240006931126,0.37730240006931126,1,0.03144186667244261,0.03144186667244261,0.03144186667244261,0.03144186667244261,0.0,0.03144186667244261,0.03144186667244261,1,0.14747279998846352,0.14747279998846352,0.14747279998846352,0.14747279998846352,0.0,0.14747279998846352,0.14747279998846352,1,0.0,0.0,0.0,0.0,0.0,0.0,0.0,1,0.37730240006931126,0.37730240006931126,0.37730240006931126,0.37730240006931126,0.0,0.37730240006931126,0.37730240006931126,1,0.7363494000164792,0.7363494000164792,0.7363494000164792,0.7363494000164792,0.0,0.7363494000164792,0.7363494000164792
controlled_mutations_cf_missing_pick_online,symbolic_smt,component_005_events_0035_objects_0016.jsonocel,,1,1,0,0,0,0,1,,fresh_offline_alignment,1,1.0714643998071551,1.0714643998071551,1.0714643998071551,1.0714643998071551,0.0,1.0714643998071551,1.0714643998071551,1,0.031513658817857504,0.031513658817857504,0.031513658817857504,0.031513658817857504,0.0,0.031513658817857504,0.031513658817857504,1,0.1482953999657184,0.1482953999657184,0.1482953999657184,0.1482953999657184,0.0,0.1482953999657184,0.1482953999657184,1,0.0,0.0,0.0,0.0,0.0,0.0,0.0,1,1.0714643998071551,1.0714643998071551,1.0714643998071551,1.0714643998071551,0.0,1.0714643998071551,1.0714643998071551,1,1.765746199991554,1.765746199991554,1.765746199991554,1.765746199991554,0.0,1.765746199991554,1.765746199991554
controlled_mutations_cf_missing_pick_online,symbolic_smt,component_006_events_0031_objects_0015.jsonocel,,1,1,0,0,0,0,1,,fresh_offline_alignment,1,0.9466935999225825,0.9466935999225825,0.9466935999225825,0.9466935999225825,0.0,0.9466935999225825,0.9466935999225825,1,0.03155645333075275,0.03155645333075275,0.03155645333075275,0.03155645333075275,0.0,0.03155645333075275,0.03155645333075275,1,0.10769260011147708,0.10769260011147708,0.10769260011147708,0.10769260011147708,0.0,0.10769260011147708,0.10769260011147708,1,0.0,0.0,0.0,0.0,0.0,0.0,0.0,1,0.9466935999225825,0.9466935999225825,0.9466935999225825,0.9466935999225825,0.0,0.9466935999225825,0.9466935999225825,1,1.4482178000034764,1.4482178000034764,1.4482178000034764,1.4482178000034764,0.0,1.4482178000034764,1.4482178000034764
controlled_mutations_cf_missing_pick_online,symbolic_smt,component_009_events_0015_objects_0008.jsonocel,,1,1,0,0,0,0,1,,fresh_offline_alignment,1,0.4165760000469163,0.4165760000469163,0.4165760000469163,0.4165760000469163,0.0,0.4165760000469163,0.4165760000469163,1,0.029755428574779735,0.029755428574779735,0.029755428574779735,0.029755428574779735,0.0,0.029755428574779735,0.029755428574779735,1,0.13627990009263158,0.13627990009263158,0.13627990009263158,0.13627990009263158,0.0,0.13627990009263158,0.13627990009263158,1,0.0,0.0,0.0,0.0,0.0,0.0,0.0,1,0.4165760000469163,0.4165760000469163,0.4165760000469163,0.4165760000469163,0.0,0.4165760000469163,0.4165760000469163,1,0.8337651999900118,0.8337651999900118,0.8337651999900118,0.8337651999900118,0.0,0.8337651999900118,0.8337651999900118
controlled_mutations_cf_missing_pick_online,symbolic_smt,component_011_events_0028_objects_0017.jsonocel,,1,1,0,0,0,0,1,,fresh_offline_alignment,1,0.9259151999140158,0.9259151999140158,0.9259151999140158,0.9259151999140158,0.0,0.9259151999140158,0.9259151999140158,1,0.03429315555237095,0.03429315555237095,0.03429315555237095,0.03429315555237095,0.0,0.03429315555237095,0.03429315555237095,1,0.13323709997348487,0.13323709997348487,0.13323709997348487,0.13323709997348487,0.0,0.13323709997348487,0.13323709997348487,1,0.0,0.0,0.0,0.0,0.0,0.0,0.0,1,0.9259151999140158,0.9259151999140158,0.9259151999140158,0.9259151999140158,0.0,0.9259151999140158,0.9259151999140158,1,1.445351600064896,1.445351600064896,1.445351600064896,1.445351600064896,0.0,1.445351600064896,1.445351600064896
controlled_mutations_cf_missing_pick_online,symbolic_smt,component_014_events_0102_objects_0053.jsonocel,,1,1,0,0,0,0,1,,fresh_offline_alignment,1,7.8822369006229565,7.8822369006229565,7.8822369006229565,7.8822369006229565,0.0,7.8822369006229565,7.8822369006229565,1,0.07804194951111838,0.07804194951111838,0.07804194951111838,0.07804194951111838,0.0,0.07804194951111838,0.07804194951111838,1,0.29895159997977316,0.29895159997977316,0.29895159997977316,0.29895159997977316,0.0,0.29895159997977316,0.29895159997977316,1,0.0,0.0,0.0,0.0,0.0,0.0,0.0,1,7.8822369006229565,7.8822369006229565,7.8822369006229565,7.8822369006229565,0.0,7.8822369006229565,7.8822369006229565,1,13.911966799991205,13.911966799991205,13.911966799991205,13.911966799991205,0.0,13.911966799991205,13.911966799991205
controlled_mutations_cf_missing_pick_online,symbolic_smt,component_020_events_0022_objects_0009.jsonocel,,1,1,0,0,0,0,1,,fresh_offline_alignment,1,0.5680321002146229,0.5680321002146229,0.5680321002146229,0.5680321002146229,0.0,0.5680321002146229,0.5680321002146229,1,0.02704914762926776,0.02704914762926776,0.02704914762926776,0.02704914762926776,0.0,0.02704914762926776,0.02704914762926776,1,0.14500609994865954,0.14500609994865954,0.14500609994865954,0.14500609994865954,0.0,0.14500609994865954,0.14500609994865954,1,0.0,0.0,0.0,0.0,0.0,0.0,0.0,1,0.5680321002146229,0.5680321002146229,0.5680321002146229,0.5680321002146229,0.0,0.5680321002146229,0.5680321002146229,1,1.0464283999754116,1.0464283999754116,1.0464283999754116,1.0464283999754116,0.0,1.0464283999754116,1.0464283999754116
controlled_mutations_cf_missing_pick_online,symbolic_smt,component_021_events_0013_objects_0005.jsonocel,,1,1,0,0,0,0,1,,fresh_offline_alignment,1,0.3077650999184698,0.3077650999184698,0.3077650999184698,0.3077650999184698,0.0,0.3077650999184698,0.3077650999184698,1,0.025647091659872483,0.025647091659872483,0.025647091659872483,0.025647091659872483,0.0,0.025647091659872483,0.025647091659872483,1,0.0779625999275595,0.0779625999275595,0.0779625999275595,0.0779625999275595,0.0,0.0779625999275595,0.0779625999275595,1,0.0,0.0,0.0,0.0,0.0,0.0,0.0,1,0.3077650999184698,0.3077650999184698,0.3077650999184698,0.3077650999184698,0.0,0.3077650999184698,0.3077650999184698,1,0.6246471999911591,0.6246471999911591,0.6246471999911591,0.6246471999911591,0.0,0.6246471999911591,0.6246471999911591
controlled_mutations_cf_missing_pick_online,symbolic_smt,component_024_events_0010_objects_0005.jsonocel,,1,1,0,0,0,0,1,,fresh_offline_alignment,1,0.25903009984176606,0.25903009984176606,0.25903009984176606,0.25903009984176606,0.0,0.25903009984176606,0.25903009984176606,1,0.02878112220464067,0.02878112220464067,0.02878112220464067,0.02878112220464067,0.0,0.02878112220464067,0.02878112220464067,1,0.09037620003800839,0.09037620003800839,0.09037620003800839,0.09037620003800839,0.0,0.09037620003800839,0.09037620003800839,1,0.0,0.0,0.0,0.0,0.0,0.0,0.0,1,0.25903009984176606,0.25903009984176606,0.25903009984176606,0.25903009984176606,0.0,0.25903009984176606,0.25903009984176606,1,0.6237019000109285,0.6237019000109285,0.6237019000109285,0.6237019000109285,0.0,0.6237019000109285,0.6237019000109285
controlled_mutations_cf_missing_pick_online,symbolic_smt,component_028_events_0012_objects_0008.jsonocel,,1,1,0,0,0,0,1,,fresh_offline_alignment,1,0.3478242000564933,0.3478242000564933,0.3478242000564933,0.3478242000564933,0.0,0.3478242000564933,0.3478242000564933,1,0.03162038182331757,0.03162038182331757,0.03162038182331757,0.03162038182331757,0.0,0.03162038182331757,0.03162038182331757,1,0.13316690002102405,0.13316690002102405,0.13316690002102405,0.13316690002102405,0.0,0.13316690002102405,0.13316690002102405,1,0.0,0.0,0.0,0.0,0.0,0.0,0.0,1,0.3478242000564933,0.3478242000564933,0.3478242000564933,0.3478242000564933,0.0,0.3478242000564933,0.3478242000564933,1,0.7257409000303596,0.7257409000303596,0.7257409000303596,0.7257409000303596,0.0,0.7257409000303596,0.7257409000303596
controlled_mutations_cf_missing_pick_online,symbolic_smt,component_029_events_0021_objects_0010.jsonocel,,1,1,0,0,0,0,1,,fresh_offline_alignment,1,0.5538393999449909,0.5538393999449909,0.5538393999449909,0.5538393999449909,0.0,0.5538393999449909,0.5538393999449909,1,0.027691969997249544,0.027691969997249544,0.027691969997249544,0.027691969997249544,0.0,0.027691969997249544,0.027691969997249544,1,0.14633129991125315,0.14633129991125315,0.14633129991125315,0.14633129991125315,0.0,0.14633129991125315,0.14633129991125315,1,0.0,0.0,0.0,0.0,0.0,0.0,0.0,1,0.5538393999449909,0.5538393999449909,0.5538393999449909,0.5538393999449909,0.0,0.5538393999449909,0.5538393999449909,1,0.9278958999784663,0.9278958999784663,0.9278958999784663,0.9278958999784663,0.0,0.9278958999784663,0.9278958999784663
controlled_mutations_cf_missing_pick_online,symbolic_smt,component_030_events_0061_objects_0033.jsonocel,,1,1,0,0,0,0,1,,fresh_offline_alignment,1,2.5400723998900503,2.5400723998900503,2.5400723998900503,2.5400723998900503,0.0,2.5400723998900503,2.5400723998900503,1,0.042334539998167504,0.042334539998167504,0.042334539998167504,0.042334539998167504,0.0,0.042334539998167504,0.042334539998167504,1,0.19260129996109754,0.19260129996109754,0.19260129996109754,0.19260129996109754,0.0,0.19260129996109754,0.19260129996109754,1,0.0,0.0,0.0,0.0,0.0,0.0,0.0,1,2.5400723998900503,2.5400723998900503,2.5400723998900503,2.5400723998900503,0.0,2.5400723998900503,2.5400723998900503,1,4.44109999993816,4.44109999993816,4.44109999993816,4.44109999993816,0.0,4.44109999993816,4.44109999993816
controlled_mutations_cf_missing_pick_online,symbolic_smt,component_031_events_0009_objects_0005.jsonocel,,1,1,0,0,0,0,1,,fresh_offline_alignment,1,0.247619699803181,0.247619699803181,0.247619699803181,0.247619699803181,0.0,0.247619699803181,0.247619699803181,1,0.030952462475397624,0.030952462475397624,0.030952462475397624,0.030952462475397624,0.0,0.030952462475397624,0.030952462475397624,1,0.09253699996042997,0.09253699996042997,0.09253699996042997,0.09253699996042997,0.0,0.09253699996042997,0.09253699996042997,1,0.0,0.0,0.0,0.0,0.0,0.0,0.0,1,0.247619699803181,0.247619699803181,0.247619699803181,0.247619699803181,0.0,0.247619699803181,0.247619699803181,1,0.526394100044854,0.526394100044854,0.526394100044854,0.526394100044854,0.0,0.526394100044854,0.526394100044854
controlled_mutations_cf_missing_pick_online,symbolic_smt,component_032_events_0007_objects_0003.jsonocel,,1,1,0,0,0,0,1,,fresh_offline_alignment,1,0.18101599998772144,0.18101599998772144,0.18101599998772144,0.18101599998772144,0.0,0.18101599998772144,0.18101599998772144,1,0.030169333331286907,0.030169333331286907,0.030169333331286907,0.030169333331286907,0.0,0.030169333331286907,0.030169333331286907,1,0.06384950003121048,0.06384950003121048,0.06384950003121048,0.06384950003121048,0.0,0.06384950003121048,0.06384950003121048,1,0.0,0.0,0.0,0.0,0.0,0.0,0.0,1,0.18101599998772144,0.18101599998772144,0.18101599998772144,0.18101599998772144,0.0,0.18101599998772144,0.18101599998772144,1,0.5229302000952885,0.5229302000952885,0.5229302000952885,0.5229302000952885,0.0,0.5229302000952885,0.5229302000952885
controlled_mutations_cf_missing_pick_online,symbolic_smt,component_036_events_0017_objects_0008.jsonocel,,1,1,0,0,0,0,1,,fresh_offline_alignment,1,0.5030952000524849,0.5030952000524849,0.5030952000524849,0.5030952000524849,0.0,0.5030952000524849,0.5030952000524849,1,0.031443450003280304,0.031443450003280304,0.031443450003280304,0.031443450003280304,0.0,0.031443450003280304,0.031443450003280304,1,0.10642500000540167,0.10642500000540167,0.10642500000540167,0.10642500000540167,0.0,0.10642500000540167,0.10642500000540167,1,0.0,0.0,0.0,0.0,0.0,0.0,0.0,1,0.5030952000524849,0.5030952000524849,0.5030952000524849,0.5030952000524849,0.0,0.5030952000524849,0.5030952000524849,1,0.8242156999185681,0.8242156999185681,0.8242156999185681,0.8242156999185681,0.0,0.8242156999185681,0.8242156999185681
controlled_mutations_cf_missing_pick_online,symbolic_smt,component_037_events_0012_objects_0006.jsonocel,,1,1,0,0,0,0,1,,fresh_offline_alignment,1,0.3238007001345977,0.3238007001345977,0.3238007001345977,0.3238007001345977,0.0,0.3238007001345977,0.3238007001345977,1,0.02943642728496343,0.02943642728496343,0.02943642728496343,0.02943642728496343,0.0,0.02943642728496343,0.02943642728496343,1,0.10626889998093247,0.10626889998093247,0.10626889998093247,0.10626889998093247,0.0,0.10626889998093247,0.10626889998093247,1,0.0,0.0,0.0,0.0,0.0,0.0,0.0,1,0.3238007001345977,0.3238007001345977,0.3238007001345977,0.3238007001345977,0.0,0.3238007001345977,0.3238007001345977,1,0.6186525999801233,0.6186525999801233,0.6186525999801233,0.6186525999801233,0.0,0.6186525999801233,0.6186525999801233
controlled_mutations_cf_missing_pick_online,symbolic_smt,component_038_events_0008_objects_0004.jsonocel,,1,1,0,0,0,0,1,,fresh_offline_alignment,1,0.21089999983087182,0.21089999983087182,0.21089999983087182,0.21089999983087182,0.0,0.21089999983087182,0.21089999983087182,1,0.03012857140441026,0.03012857140441026,0.03012857140441026,0.03012857140441026,0.0,0.03012857140441026,0.03012857140441026,1,0.07722560002002865,0.07722560002002865,0.07722560002002865,0.07722560002002865,0.0,0.07722560002002865,0.07722560002002865,1,0.0,0.0,0.0,0.0,0.0,0.0,0.0,1,0.21089999983087182,0.21089999983087182,0.21089999983087182,0.21089999983087182,0.0,0.21089999983087182,0.21089999983087182,1,0.5186787999700755,0.5186787999700755,0.5186787999700755,0.5186787999700755,0.0,0.5186787999700755,0.5186787999700755
controlled_mutations_cf_missing_pick_online,symbolic_smt,component_042_events_0009_objects_0005.jsonocel,,1,1,0,0,0,0,1,,fresh_offline_alignment,1,0.24946589989122003,0.24946589989122003,0.24946589989122003,0.24946589989122003,0.0,0.24946589989122003,0.24946589989122003,1,0.031183237486402504,0.031183237486402504,0.031183237486402504,0.031183237486402504,0.0,0.031183237486402504,0.031183237486402504,1,0.09435689996462315,0.09435689996462315,0.09435689996462315,0.09435689996462315,0.0,0.09435689996462315,0.09435689996462315,1,0.0,0.0,0.0,0.0,0.0,0.0,0.0,1,0.24946589989122003,0.24946589989122003,0.24946589989122003,0.24946589989122003,0.0,0.24946589989122003,0.24946589989122003,1,0.5206073999870569,0.5206073999870569,0.5206073999870569,0.5206073999870569,0.0,0.5206073999870569,0.5206073999870569
controlled_mutations_cf_missing_pick_online,symbolic_smt,component_048_events_0011_objects_0007.jsonocel,,1,1,0,0,0,0,1,,fresh_offline_alignment,1,0.30818969977553934,0.30818969977553934,0.30818969977553934,0.30818969977553934,0.0,0.30818969977553934,0.30818969977553934,1,0.030818969977553935,0.030818969977553935,0.030818969977553935,0.030818969977553935,0.0,0.030818969977553935,0.030818969977553935,1,0.11914059997070581,0.11914059997070581,0.11914059997070581,0.11914059997070581,0.0,0.11914059997070581,0.11914059997070581,1,0.0,0.0,0.0,0.0,0.0,0.0,0.0,1,0.30818969977553934,0.30818969977553934,0.30818969977553934,0.30818969977553934,0.0,0.30818969977553934,0.30818969977553934,1,0.6228005999000743,0.6228005999000743,0.6228005999000743,0.6228005999000743,0.0,0.6228005999000743,0.6228005999000743
controlled_mutations_cf_missing_pick_online,symbolic_smt,component_050_events_0008_objects_0004.jsonocel,,1,1,0,0,0,0,1,,fresh_offline_alignment,1,0.21287090005353093,0.21287090005353093,0.21287090005353093,0.21287090005353093,0.0,0.21287090005353093,0.21287090005353093,1,0.030410128579075848,0.030410128579075848,0.030410128579075848,0.030410128579075848,0.0,0.030410128579075848,0.030410128579075848,1,0.07719490001909435,0.07719490001909435,0.07719490001909435,0.07719490001909435,0.0,0.07719490001909435,0.07719490001909435,1,0.0,0.0,0.0,0.0,0.0,0.0,0.0,1,0.21287090005353093,0.21287090005353093,0.21287090005353093,0.21287090005353093,0.0,0.21287090005353093,0.21287090005353093,1,0.5212812999961898,0.5212812999961898,0.5212812999961898,0.5212812999961898,0.0,0.5212812999961898,0.5212812999961898
controlled_mutations_cf_missing_pick_online,symbolic_smt,component_051_events_0011_objects_0007.jsonocel,,1,1,0,0,0,0,1,,fresh_offline_alignment,1,0.31324879988096654,0.31324879988096654,0.31324879988096654,0.31324879988096654,0.0,0.31324879988096654,0.31324879988096654,1,0.03132487998809665,0.03132487998809665,0.03132487998809665,0.03132487998809665,0.0,0.03132487998809665,0.03132487998809665,1,0.11844749993178993,0.11844749993178993,0.11844749993178993,0.11844749993178993,0.0,0.11844749993178993,0.11844749993178993,1,0.0,0.0,0.0,0.0,0.0,0.0,0.0,1,0.31324879988096654,0.31324879988096654,0.31324879988096654,0.31324879988096654,0.0,0.31324879988096654,0.31324879988096654,1,0.626351400045678,0.626351400045678,0.626351400045678,0.626351400045678,0.0,0.626351400045678,0.626351400045678
controlled_mutations_cf_missing_pick_online,symbolic_smt,component_057_events_0011_objects_0005.jsonocel,,1,1,0,0,0,0,1,,fresh_offline_alignment,1,0.27922049979679286,0.27922049979679286,0.27922049979679286,0.27922049979679286,0.0,0.27922049979679286,0.27922049979679286,1,0.027922049979679286,0.027922049979679286,0.027922049979679286,0.027922049979679286,0.0,0.027922049979679286,0.027922049979679286,1,0.09143619996029884,0.09143619996029884,0.09143619996029884,0.09143619996029884,0.0,0.09143619996029884,0.09143619996029884,1,0.0,0.0,0.0,0.0,0.0,0.0,0.0,1,0.27922049979679286,0.27922049979679286,0.27922049979679286,0.27922049979679286,0.0,0.27922049979679286,0.27922049979679286,1,0.6230972999474034,0.6230972999474034,0.6230972999474034,0.6230972999474034,0.0,0.6230972999474034,0.6230972999474034
controlled_mutations_cf_missing_pick_online,symbolic_smt,component_058_events_0009_objects_0005.jsonocel,,1,1,0,0,0,0,1,,fresh_offline_alignment,1,0.24829559994395822,0.24829559994395822,0.24829559994395822,0.24829559994395822,0.0,0.24829559994395822,0.24829559994395822,1,0.031036949992994778,0.031036949992994778,0.031036949992994778,0.031036949992994778,0.0,0.031036949992994778,0.031036949992994778,1,0.09394639998208731,0.09394639998208731,0.09394639998208731,0.09394639998208731,0.0,0.09394639998208731,0.09394639998208731,1,0.0,0.0,0.0,0.0,0.0,0.0,0.0,1,0.24829559994395822,0.24829559994395822,0.24829559994395822,0.24829559994395822,0.0,0.24829559994395822,0.24829559994395822,1,0.5195102000143379,0.5195102000143379,0.5195102000143379,0.5195102000143379,0.0,0.5195102000143379,0.5195102000143379
controlled_mutations_cf_missing_pick_online,symbolic_smt,component_059_events_0010_objects_0006.jsonocel,,1,1,0,0,0,0,1,,fresh_offline_alignment,1,0.27694259979762137,0.27694259979762137,0.27694259979762137,0.27694259979762137,0.0,0.27694259979762137,0.27694259979762137,1,0.030771399977513485,0.030771399977513485,0.030771399977513485,0.030771399977513485,0.0,0.030771399977513485,0.030771399977513485,1,0.10653929994441569,0.10653929994441569,0.10653929994441569,0.10653929994441569,0.0,0.10653929994441569,0.10653929994441569,1,0.0,0.0,0.0,0.0,0.0,0.0,0.0,1,0.27694259979762137,0.27694259979762137,0.27694259979762137,0.27694259979762137,0.0,0.27694259979762137,0.27694259979762137,1,0.6241568999830633,0.6241568999830633,0.6241568999830633,0.6241568999830633,0.0,0.6241568999830633,0.6241568999830633
controlled_mutations_cf_missing_pick_online,symbolic_smt,component_061_events_0007_objects_0003.jsonocel,,1,1,0,0,0,0,1,,fresh_offline_alignment,1,0.18124870012979954,0.18124870012979954,0.18124870012979954,0.18124870012979954,0.0,0.18124870012979954,0.18124870012979954,1,0.030208116688299924,0.030208116688299924,0.030208116688299924,0.030208116688299924,0.0,0.030208116688299924,0.030208116688299924,1,0.0628230000147596,0.0628230000147596,0.0628230000147596,0.0628230000147596,0.0,0.0628230000147596,0.0628230000147596,1,0.0,0.0,0.0,0.0,0.0,0.0,0.0,1,0.18124870012979954,0.18124870012979954,0.18124870012979954,0.18124870012979954,0.0,0.18124870012979954,0.18124870012979954,1,0.5218943000072613,0.5218943000072613,0.5218943000072613,0.5218943000072613,0.0,0.5218943000072613,0.5218943000072613
controlled_mutations_cf_missing_pick_online,symbolic_smt,component_063_events_0035_objects_0019.jsonocel,,1,1,0,0,0,0,1,,fresh_offline_alignment,1,1.097666199784726,1.097666199784726,1.097666199784726,1.097666199784726,0.0,1.097666199784726,1.097666199784726,1,0.03228429999366841,0.03228429999366841,0.03228429999366841,0.03228429999366841,0.0,0.03228429999366841,0.03228429999366841,1,0.10219729994423687,0.10219729994423687,0.10219729994423687,0.10219729994423687,0.0,0.10219729994423687,0.10219729994423687,1,0.0,0.0,0.0,0.0,0.0,0.0,0.0,1,1.097666199784726,1.097666199784726,1.097666199784726,1.097666199784726,0.0,1.097666199784726,1.097666199784726,1,1.6427198000019416,1.6427198000019416,1.6427198000019416,1.6427198000019416,0.0,1.6427198000019416,1.6427198000019416
controlled_mutations_cf_missing_pick_online,symbolic_smt,component_064_events_0116_objects_0055.jsonocel,,1,1,0,0,0,0,1,,fresh_offline_alignment,1,10.466786099481396,10.466786099481396,10.466786099481396,10.466786099481396,0.0,10.466786099481396,10.466786099481396,1,0.09101553129983823,0.09101553129983823,0.09101553129983823,0.09101553129983823,0.0,0.09101553129983823,0.09101553129983823,1,0.30497139994986355,0.30497139994986355,0.30497139994986355,0.30497139994986355,0.0,0.30497139994986355,0.30497139994986355,1,0.0,0.0,0.0,0.0,0.0,0.0,0.0,1,10.466786099481396,10.466786099481396,10.466786099481396,10.466786099481396,0.0,10.466786099481396,10.466786099481396,1,18.99857440008782,18.99857440008782,18.99857440008782,18.99857440008782,0.0,18.99857440008782,18.99857440008782
controlled_mutations_cf_missing_pick_online,symbolic_smt,component_065_events_0098_objects_0050.jsonocel,,1,1,0,0,0,0,1,,fresh_offline_alignment,1,6.387684499495663,6.387684499495663,6.387684499495663,6.387684499495663,0.0,6.387684499495663,6.387684499495663,1,0.06585241752057384,0.06585241752057384,0.06585241752057384,0.06585241752057384,0.0,0.06585241752057384,0.06585241752057384,1,0.19795739999972284,0.19795739999972284,0.19795739999972284,0.19795739999972284,0.0,0.19795739999972284,0.19795739999972284,1,0.0,0.0,0.0,0.0,0.0,0.0,0.0,1,6.387684499495663,6.387684499495663,6.387684499495663,6.387684499495663,0.0,6.387684499495663,6.387684499495663,1,11.285007899976335,11.285007899976335,11.285007899976335,11.285007899976335,0.0,11.285007899976335,11.285007899976335
controlled_mutations_cf_missing_pick_online,symbolic_smt,component_066_events_0011_objects_0006.jsonocel,,1,1,0,0,0,0,1,,fresh_offline_alignment,1,0.29505900002550334,0.29505900002550334,0.29505900002550334,0.29505900002550334,0.0,0.29505900002550334,0.29505900002550334,1,0.029505900002550333,0.029505900002550333,0.029505900002550333,0.029505900002550333,0.0,0.029505900002550333,0.029505900002550333,1,0.1065336000174284,0.1065336000174284,0.1065336000174284,0.1065336000174284,0.0,0.1065336000174284,0.1065336000174284,1,0.0,0.0,0.0,0.0,0.0,0.0,0.0,1,0.29505900002550334,0.29505900002550334,0.29505900002550334,0.29505900002550334,0.0,0.29505900002550334,0.29505900002550334,1,0.6453235000371933,0.6453235000371933,0.6453235000371933,0.6453235000371933,0.0,0.6453235000371933,0.6453235000371933
controlled_mutations_cf_missing_pick_online,symbolic_smt,component_067_events_0063_objects_0031.jsonocel,,1,1,0,0,0,0,1,,fresh_offline_alignment,1,2.17097259988077,2.17097259988077,2.17097259988077,2.17097259988077,0.0,2.17097259988077,2.17097259988077,1,0.035015687094851124,0.035015687094851124,0.035015687094851124,0.035015687094851124,0.0,0.035015687094851124,0.035015687094851124,1,0.12132829998154193,0.12132829998154193,0.12132829998154193,0.12132829998154193,0.0,0.12132829998154193,0.12132829998154193,1,0.0,0.0,0.0,0.0,0.0,0.0,0.0,1,2.17097259988077,2.17097259988077,2.17097259988077,2.17097259988077,0.0,2.17097259988077,2.17097259988077,1,3.372602800023742,3.372602800023742,3.372602800023742,3.372602800023742,0.0,3.372602800023742,3.372602800023742
controlled_mutations_cf_missing_pick_online,symbolic_smt,component_068_events_0009_objects_0005.jsonocel,,1,1,0,0,0,0,1,,fresh_offline_alignment,1,0.2429764000698924,0.2429764000698924,0.2429764000698924,0.2429764000698924,0.0,0.2429764000698924,0.2429764000698924,1,0.03037205000873655,0.03037205000873655,0.03037205000873655,0.03037205000873655,0.0,0.03037205000873655,0.03037205000873655,1,0.09189899999182671,0.09189899999182671,0.09189899999182671,0.09189899999182671,0.0,0.09189899999182671,0.09189899999182671,1,0.0,0.0,0.0,0.0,0.0,0.0,0.0,1,0.2429764000698924,0.2429764000698924,0.2429764000698924,0.2429764000698924,0.0,0.2429764000698924,0.2429764000698924,1,0.523606100003235,0.523606100003235,0.523606100003235,0.523606100003235,0.0,0.523606100003235,0.523606100003235
controlled_mutations_data_order_price_online,symbolic_smt,component_001_events_0030_objects_0020.jsonocel,,1,1,0,0,0,0,1,,fresh_offline_alignment,1,1.1601667996728793,1.1601667996728793,1.1601667996728793,1.1601667996728793,0.0,1.1601667996728793,1.1601667996728793,1,0.03867222665576264,0.03867222665576264,0.03867222665576264,0.03867222665576264,0.0,0.03867222665576264,0.03867222665576264,1,0.23008130001835525,0.23008130001835525,0.23008130001835525,0.23008130001835525,0.0,0.23008130001835525,0.23008130001835525,1,0.0,0.0,0.0,0.0,0.0,0.0,0.0,1,1.1601667996728793,1.1601667996728793,1.1601667996728793,1.1601667996728793,0.0,1.1601667996728793,1.1601667996728793,1,1.6331139000831172,1.6331139000831172,1.6331139000831172,1.6331139000831172,0.0,1.6331139000831172,1.6331139000831172
controlled_mutations_data_order_price_online,symbolic_smt,component_002_events_0028_objects_0013.jsonocel,,1,1,0,0,0,0,1,,fresh_offline_alignment,1,0.945661400211975,0.945661400211975,0.945661400211975,0.945661400211975,0.0,0.945661400211975,0.945661400211975,1,0.033773621436141966,0.033773621436141966,0.033773621436141966,0.033773621436141966,0.0,0.033773621436141966,0.033773621436141966,1,0.19007560005411506,0.19007560005411506,0.19007560005411506,0.19007560005411506,0.0,0.19007560005411506,0.19007560005411506,1,0.0,0.0,0.0,0.0,0.0,0.0,0.0,1,0.945661400211975,0.945661400211975,0.945661400211975,0.945661400211975,0.0,0.945661400211975,0.945661400211975,1,1.4368489000480622,1.4368489000480622,1.4368489000480622,1.4368489000480622,0.0,1.4368489000480622,1.4368489000480622
controlled_mutations_data_order_price_online,symbolic_smt,component_003_events_0022_objects_0011.jsonocel,,1,1,0,0,0,0,1,,fresh_offline_alignment,1,1.126258600037545,1.126258600037545,1.126258600037545,1.126258600037545,0.0,1.126258600037545,1.126258600037545,1,0.051193572728979314,0.051193572728979314,0.051193572728979314,0.051193572728979314,0.0,0.051193572728979314,0.051193572728979314,1,0.5533533999696374,0.5533533999696374,0.5533533999696374,0.5533533999696374,0.0,0.5533533999696374,0.5533533999696374,1,0.0,0.0,0.0,0.0,0.0,0.0,0.0,1,1.126258600037545,1.126258600037545,1.126258600037545,1.126258600037545,0.0,1.126258600037545,1.126258600037545,1,1.6362048999872059,1.6362048999872059,1.6362048999872059,1.6362048999872059,0.0,1.6362048999872059,1.6362048999872059
controlled_mutations_data_order_price_online,symbolic_smt,component_004_events_0013_objects_0009.jsonocel,,1,1,0,0,0,0,1,,fresh_offline_alignment,1,0.6693346002139151,0.6693346002139151,0.6693346002139151,0.6693346002139151,0.0,0.6693346002139151,0.6693346002139151,1,0.05148727693953193,0.05148727693953193,0.05148727693953193,0.05148727693953193,0.0,0.05148727693953193,0.05148727693953193,1,0.30995959998108447,0.30995959998108447,0.30995959998108447,0.30995959998108447,0.0,0.30995959998108447,0.30995959998108447,1,0.0,0.0,0.0,0.0,0.0,0.0,0.0,1,0.6693346002139151,0.6693346002139151,0.6693346002139151,0.6693346002139151,0.0,0.6693346002139151,0.6693346002139151,1,1.0299728999380022,1.0299728999380022,1.0299728999380022,1.0299728999380022,0.0,1.0299728999380022,1.0299728999380022
controlled_mutations_data_order_price_online,symbolic_smt,component_005_events_0035_objects_0016.jsonocel,,1,1,0,0,0,0,1,,fresh_offline_alignment,1,1.3777143995976076,1.3777143995976076,1.3777143995976076,1.3777143995976076,0.0,1.3777143995976076,1.3777143995976076,1,0.03936326855993164,0.03936326855993164,0.03936326855993164,0.03936326855993164,0.0,0.03936326855993164,0.03936326855993164,1,0.3476823999080807,0.3476823999080807,0.3476823999080807,0.3476823999080807,0.0,0.3476823999080807,0.3476823999080807,1,0.0,0.0,0.0,0.0,0.0,0.0,0.0,1,1.3777143995976076,1.3777143995976076,1.3777143995976076,1.3777143995976076,0.0,1.3777143995976076,1.3777143995976076,1,2.0474300999194384,2.0474300999194384,2.0474300999194384,2.0474300999194384,0.0,2.0474300999194384,2.0474300999194384
controlled_mutations_data_order_price_online,symbolic_smt,component_006_events_0031_objects_0015.jsonocel,,1,1,0,0,0,0,1,,fresh_offline_alignment,1,1.0073646999662742,1.0073646999662742,1.0073646999662742,1.0073646999662742,0.0,1.0073646999662742,1.0073646999662742,1,0.03249563548278304,0.03249563548278304,0.03249563548278304,0.03249563548278304,0.0,0.03249563548278304,0.03249563548278304,1,0.13983999995980412,0.13983999995980412,0.13983999995980412,0.13983999995980412,0.0,0.13983999995980412,0.13983999995980412,1,0.0,0.0,0.0,0.0,0.0,0.0,0.0,1,1.0073646999662742,1.0073646999662742,1.0073646999662742,1.0073646999662742,0.0,1.0073646999662742,1.0073646999662742,1,1.5415871000150219,1.5415871000150219,1.5415871000150219,1.5415871000150219,0.0,1.5415871000150219,1.5415871000150219
controlled_mutations_data_order_price_online,symbolic_smt,component_009_events_0015_objects_0008.jsonocel,,1,1,0,0,0,0,1,,fresh_offline_alignment,1,0.7825517999008298,0.7825517999008298,0.7825517999008298,0.7825517999008298,0.0,0.7825517999008298,0.7825517999008298,1,0.05217011999338865,0.05217011999338865,0.05217011999338865,0.05217011999338865,0.0,0.05217011999338865,0.05217011999338865,1,0.39803959999699146,0.39803959999699146,0.39803959999699146,0.39803959999699146,0.0,0.39803959999699146,0.39803959999699146,1,0.0,0.0,0.0,0.0,0.0,0.0,0.0,1,0.7825517999008298,0.7825517999008298,0.7825517999008298,0.7825517999008298,0.0,0.7825517999008298,0.7825517999008298,1,1.1309810999082401,1.1309810999082401,1.1309810999082401,1.1309810999082401,0.0,1.1309810999082401,1.1309810999082401
controlled_mutations_data_order_price_online,symbolic_smt,component_011_events_0028_objects_0017.jsonocel,,1,1,0,0,0,0,1,,fresh_offline_alignment,1,1.0426360002020374,1.0426360002020374,1.0426360002020374,1.0426360002020374,0.0,1.0426360002020374,1.0426360002020374,1,0.03723700000721562,0.03723700000721562,0.03723700000721562,0.03723700000721562,0.0,0.03723700000721562,0.03723700000721562,1,0.19854690006468445,0.19854690006468445,0.19854690006468445,0.19854690006468445,0.0,0.19854690006468445,0.19854690006468445,1,0.0,0.0,0.0,0.0,0.0,0.0,0.0,1,1.0426360002020374,1.0426360002020374,1.0426360002020374,1.0426360002020374,0.0,1.0426360002020374,1.0426360002020374,1,1.5432501999894157,1.5432501999894157,1.5432501999894157,1.5432501999894157,0.0,1.5432501999894157,1.5432501999894157
controlled_mutations_data_order_price_online,symbolic_smt,component_014_events_0102_objects_0053.jsonocel,,1,1,0,0,0,0,1,,fresh_offline_alignment,1,9.044352199998684,9.044352199998684,9.044352199998684,9.044352199998684,0.0,9.044352199998684,9.044352199998684,1,0.08867011960783024,0.08867011960783024,0.08867011960783024,0.08867011960783024,0.0,0.08867011960783024,0.08867011960783024,1,0.43442330008838326,0.43442330008838326,0.43442330008838326,0.43442330008838326,0.0,0.43442330008838326,0.43442330008838326,1,0.0,0.0,0.0,0.0,0.0,0.0,0.0,1,9.044352199998684,9.044352199998684,9.044352199998684,9.044352199998684,0.0,9.044352199998684,9.044352199998684,1,16.22631270007696,16.22631270007696,16.22631270007696,16.22631270007696,0.0,16.22631270007696,16.22631270007696
controlled_mutations_data_order_price_online,symbolic_smt,component_020_events_0022_objects_0009.jsonocel,,1,1,0,0,0,0,1,,fresh_offline_alignment,1,0.9673257002141327,0.9673257002141327,0.9673257002141327,0.9673257002141327,0.0,0.9673257002141327,0.9673257002141327,1,0.0439693500097333,0.0439693500097333,0.0439693500097333,0.0439693500097333,0.0,0.0439693500097333,0.0439693500097333,1,0.4055895999772474,0.4055895999772474,0.4055895999772474,0.4055895999772474,0.0,0.4055895999772474,0.4055895999772474,1,0.0,0.0,0.0,0.0,0.0,0.0,0.0,1,0.9673257002141327,0.9673257002141327,0.9673257002141327,0.9673257002141327,0.0,0.9673257002141327,0.9673257002141327,1,1.464797299937345,1.464797299937345,1.464797299937345,1.464797299937345,0.0,1.464797299937345,1.464797299937345
controlled_mutations_data_order_price_online,symbolic_smt,component_021_events_0013_objects_0005.jsonocel,,1,1,0,0,0,0,1,,fresh_offline_alignment,1,0.49583399994298816,0.49583399994298816,0.49583399994298816,0.49583399994298816,0.0,0.49583399994298816,0.49583399994298816,1,0.0381410769186914,0.0381410769186914,0.0381410769186914,0.0381410769186914,0.0,0.0381410769186914,0.0381410769186914,1,0.20662679988890886,0.20662679988890886,0.20662679988890886,0.20662679988890886,0.0,0.20662679988890886,0.20662679988890886,1,0.0,0.0,0.0,0.0,0.0,0.0,0.0,1,0.49583399994298816,0.49583399994298816,0.49583399994298816,0.49583399994298816,0.0,0.49583399994298816,0.49583399994298816,1,0.8304735999554396,0.8304735999554396,0.8304735999554396,0.8304735999554396,0.0,0.8304735999554396,0.8304735999554396
controlled_mutations_data_order_price_online,symbolic_smt,component_024_events_0010_objects_0005.jsonocel,,1,1,0,0,0,0,1,,fresh_offline_alignment,1,0.4103893000865355,0.4103893000865355,0.4103893000865355,0.4103893000865355,0.0,0.4103893000865355,0.4103893000865355,1,0.04103893000865355,0.04103893000865355,0.04103893000865355,0.04103893000865355,0.0,0.04103893000865355,0.04103893000865355,1,0.1606444000499323,0.1606444000499323,0.1606444000499323,0.1606444000499323,0.0,0.1606444000499323,0.1606444000499323,1,0.0,0.0,0.0,0.0,0.0,0.0,0.0,1,0.4103893000865355,0.4103893000865355,0.4103893000865355,0.4103893000865355,0.0,0.4103893000865355,0.4103893000865355,1,0.7251611000392586,0.7251611000392586,0.7251611000392586,0.7251611000392586,0.0,0.7251611000392586,0.7251611000392586
controlled_mutations_data_order_price_online,symbolic_smt,component_028_events_0012_objects_0008.jsonocel,,1,1,0,0,0,0,1,,fresh_offline_alignment,1,0.6728281000396237,0.6728281000396237,0.6728281000396237,0.6728281000396237,0.0,0.6728281000396237,0.6728281000396237,1,0.056069008336635306,0.056069008336635306,0.056069008336635306,0.056069008336635306,0.0,0.056069008336635306,0.056069008336635306,1,0.3496283999411389,0.3496283999411389,0.3496283999411389,0.3496283999411389,0.0,0.3496283999411389,0.3496283999411389,1,0.0,0.0,0.0,0.0,0.0,0.0,0.0,1,0.6728281000396237,0.6728281000396237,0.6728281000396237,0.6728281000396237,0.0,0.6728281000396237,0.6728281000396237,1,1.0289271000074223,1.0289271000074223,1.0289271000074223,1.0289271000074223,0.0,1.0289271000074223,1.0289271000074223
controlled_mutations_data_order_price_online,symbolic_smt,component_029_events_0021_objects_0010.jsonocel,,1,1,0,0,0,0,1,,fresh_offline_alignment,1,1.043852400383912,1.043852400383912,1.043852400383912,1.043852400383912,0.0,1.043852400383912,1.043852400383912,1,0.04970725716113867,0.04970725716113867,0.04970725716113867,0.04970725716113867,0.0,0.04970725716113867,0.04970725716113867,1,0.5114918999606743,0.5114918999606743,0.5114918999606743,0.5114918999606743,0.0,0.5114918999606743,0.5114918999606743,1,0.0,0.0,0.0,0.0,0.0,0.0,0.0,1,1.043852400383912,1.043852400383912,1.043852400383912,1.043852400383912,0.0,1.043852400383912,1.043852400383912,1,1.5437450000317767,1.5437450000317767,1.5437450000317767,1.5437450000317767,0.0,1.5437450000317767,1.5437450000317767
controlled_mutations_data_order_price_online,symbolic_smt,component_030_events_0061_objects_0033.jsonocel,,1,1,0,0,0,0,1,,fresh_offline_alignment,1,3.298987800255418,3.298987800255418,3.298987800255418,3.298987800255418,0.0,3.298987800255418,3.298987800255418,1,0.05408176721730193,0.05408176721730193,0.05408176721730193,0.05408176721730193,0.0,0.05408176721730193,0.05408176721730193,1,0.5441524999914691,0.5441524999914691,0.5441524999914691,0.5441524999914691,0.0,0.5441524999914691,0.5441524999914691,1,0.0,0.0,0.0,0.0,0.0,0.0,0.0,1,3.298987800255418,3.298987800255418,3.298987800255418,3.298987800255418,0.0,3.298987800255418,3.298987800255418,1,5.4411245000083,5.4411245000083,5.4411245000083,5.4411245000083,0.0,5.4411245000083,5.4411245000083
controlled_mutations_data_order_price_online,symbolic_smt,component_031_events_0009_objects_0005.jsonocel,,1,1,0,0,0,0,1,,fresh_offline_alignment,1,0.37227539997547865,0.37227539997547865,0.37227539997547865,0.37227539997547865,0.0,0.37227539997547865,0.37227539997547865,1,0.04136393333060874,0.04136393333060874,0.04136393333060874,0.04136393333060874,0.0,0.04136393333060874,0.04136393333060874,1,0.14708779996726662,0.14708779996726662,0.14708779996726662,0.14708779996726662,0.0,0.14708779996726662,0.14708779996726662,1,0.0,0.0,0.0,0.0,0.0,0.0,0.0,1,0.37227539997547865,0.37227539997547865,0.37227539997547865,0.37227539997547865,0.0,0.37227539997547865,0.37227539997547865,1,0.7345025999238715,0.7345025999238715,0.7345025999238715,0.7345025999238715,0.0,0.7345025999238715,0.7345025999238715
controlled_mutations_data_order_price_online,symbolic_smt,component_032_events_0007_objects_0003.jsonocel,,1,1,0,0,0,0,1,,fresh_offline_alignment,1,0.35721210029441863,0.35721210029441863,0.35721210029441863,0.35721210029441863,0.0,0.35721210029441863,0.35721210029441863,1,0.05103030004205981,0.05103030004205981,0.05103030004205981,0.05103030004205981,0.0,0.05103030004205981,0.05103030004205981,1,0.19374060002155602,0.19374060002155602,0.19374060002155602,0.19374060002155602,0.0,0.19374060002155602,0.19374060002155602,1,0.0,0.0,0.0,0.0,0.0,0.0,0.0,1,0.35721210029441863,0.35721210029441863,0.35721210029441863,0.35721210029441863,0.0,0.35721210029441863,0.35721210029441863,1,0.6207922999747097,0.6207922999747097,0.6207922999747097,0.6207922999747097,0.0,0.6207922999747097,0.6207922999747097
controlled_mutations_data_order_price_online,symbolic_smt,component_036_events_0017_objects_0008.jsonocel,,1,1,0,0,0,0,1,,fresh_offline_alignment,1,0.853614499908872,0.853614499908872,0.853614499908872,0.853614499908872,0.0,0.853614499908872,0.853614499908872,1,0.05021261764169835,0.05021261764169835,0.05021261764169835,0.05021261764169835,0.0,0.05021261764169835,0.05021261764169835,1,0.4161923999199644,0.4161923999199644,0.4161923999199644,0.4161923999199644,0.0,0.4161923999199644,0.4161923999199644,1,0.0,0.0,0.0,0.0,0.0,0.0,0.0,1,0.853614499908872,0.853614499908872,0.853614499908872,0.853614499908872,0.0,0.853614499908872,0.853614499908872,1,1.2357542000245303,1.2357542000245303,1.2357542000245303,1.2357542000245303,0.0,1.2357542000245303,1.2357542000245303
controlled_mutations_data_order_price_online,symbolic_smt,component_037_events_0012_objects_0006.jsonocel,,1,1,0,0,0,0,1,,fresh_offline_alignment,1,0.622186899650842,0.622186899650842,0.622186899650842,0.622186899650842,0.0,0.622186899650842,0.622186899650842,1,0.05184890830423683,0.05184890830423683,0.05184890830423683,0.05184890830423683,0.0,0.05184890830423683,0.05184890830423683,1,0.3225568000925705,0.3225568000925705,0.3225568000925705,0.3225568000925705,0.0,0.3225568000925705,0.3225568000925705,1,0.0,0.0,0.0,0.0,0.0,0.0,0.0,1,0.622186899650842,0.622186899650842,0.622186899650842,0.622186899650842,0.0,0.622186899650842,0.622186899650842,1,0.9238623999990523,0.9238623999990523,0.9238623999990523,0.9238623999990523,0.0,0.9238623999990523,0.9238623999990523
controlled_mutations_data_order_price_online,symbolic_smt,component_038_events_0008_objects_0004.jsonocel,,1,1,0,0,0,0,1,,fresh_offline_alignment,1,0.415236700209789,0.415236700209789,0.415236700209789,0.415236700209789,0.0,0.415236700209789,0.415236700209789,1,0.05190458752622362,0.05190458752622362,0.05190458752622362,0.05190458752622362,0.0,0.05190458752622362,0.05190458752622362,1,0.21913670003414154,0.21913670003414154,0.21913670003414154,0.21913670003414154,0.0,0.21913670003414154,0.21913670003414154,1,0.0,0.0,0.0,0.0,0.0,0.0,0.0,1,0.415236700209789,0.415236700209789,0.415236700209789,0.415236700209789,0.0,0.415236700209789,0.415236700209789,1,0.7237367999041453,0.7237367999041453,0.7237367999041453,0.7237367999041453,0.0,0.7237367999041453,0.7237367999041453
controlled_mutations_data_order_price_online,symbolic_smt,component_042_events_0009_objects_0005.jsonocel,,1,1,0,0,0,0,1,,fresh_offline_alignment,1,0.41769550007302314,0.41769550007302314,0.41769550007302314,0.41769550007302314,0.0,0.41769550007302314,0.41769550007302314,1,0.046410611119224794,0.046410611119224794,0.046410611119224794,0.046410611119224794,0.0,0.046410611119224794,0.046410611119224794,1,0.18786419997923076,0.18786419997923076,0.18786419997923076,0.18786419997923076,0.0,0.18786419997923076,0.18786419997923076,1,0.0,0.0,0.0,0.0,0.0,0.0,0.0,1,0.41769550007302314,0.41769550007302314,0.41769550007302314,0.41769550007302314,0.0,0.41769550007302314,0.41769550007302314,1,0.723654399975203,0.723654399975203,0.723654399975203,0.723654399975203,0.0,0.723654399975203,0.723654399975203
controlled_mutations_data_order_price_online,symbolic_smt,component_048_events_0011_objects_0007.jsonocel,,1,1,0,0,0,0,1,,fresh_offline_alignment,1,0.524723699898459,0.524723699898459,0.524723699898459,0.524723699898459,0.0,0.524723699898459,0.524723699898459,1,0.04770215453622355,0.04770215453622355,0.04770215453622355,0.04770215453622355,0.0,0.04770215453622355,0.04770215453622355,1,0.21808560006320477,0.21808560006320477,0.21808560006320477,0.21808560006320477,0.0,0.21808560006320477,0.21808560006320477,1,0.0,0.0,0.0,0.0,0.0,0.0,0.0,1,0.524723699898459,0.524723699898459,0.524723699898459,0.524723699898459,0.0,0.524723699898459,0.524723699898459,1,0.82775739999488,0.82775739999488,0.82775739999488,0.82775739999488,0.0,0.82775739999488,0.82775739999488
controlled_mutations_data_order_price_online,symbolic_smt,component_050_events_0008_objects_0004.jsonocel,,1,1,0,0,0,0,1,,fresh_offline_alignment,1,0.3577396002365276,0.3577396002365276,0.3577396002365276,0.3577396002365276,0.0,0.3577396002365276,0.3577396002365276,1,0.04471745002956595,0.04471745002956595,0.04471745002956595,0.04471745002956595,0.0,0.04471745002956595,0.04471745002956595,1,0.16075759998057038,0.16075759998057038,0.16075759998057038,0.16075759998057038,0.0,0.16075759998057038,0.16075759998057038,1,0.0,0.0,0.0,0.0,0.0,0.0,0.0,1,0.3577396002365276,0.3577396002365276,0.3577396002365276,0.3577396002365276,0.0,0.3577396002365276,0.3577396002365276,1,0.6219442000146955,0.6219442000146955,0.6219442000146955,0.6219442000146955,0.0,0.6219442000146955,0.6219442000146955
controlled_mutations_data_order_price_online,symbolic_smt,component_051_events_0011_objects_0007.jsonocel,,1,1,0,0,0,0,1,,fresh_offline_alignment,1,0.6106393996160477,0.6106393996160477,0.6106393996160477,0.6106393996160477,0.0,0.6106393996160477,0.6106393996160477,1,0.055512672692367974,0.055512672692367974,0.055512672692367974,0.055512672692367974,0.0,0.055512672692367974,0.055512672692367974,1,0.31555369996931404,0.31555369996931404,0.31555369996931404,0.31555369996931404,0.0,0.31555369996931404,0.31555369996931404,1,0.0,0.0,0.0,0.0,0.0,0.0,0.0,1,0.6106393996160477,0.6106393996160477,0.6106393996160477,0.6106393996160477,0.0,0.6106393996160477,0.6106393996160477,1,0.9251521000405774,0.9251521000405774,0.9251521000405774,0.9251521000405774,0.0,0.9251521000405774,0.9251521000405774
controlled_mutations_data_order_price_online,symbolic_smt,component_057_events_0011_objects_0005.jsonocel,,1,1,0,0,0,0,1,,fresh_offline_alignment,1,0.4584785000188276,0.4584785000188276,0.4584785000188276,0.4584785000188276,0.0,0.4584785000188276,0.4584785000188276,1,0.041679863638075236,0.041679863638075236,0.041679863638075236,0.041679863638075236,0.0,0.041679863638075236,0.041679863638075236,1,0.18764040002133697,0.18764040002133697,0.18764040002133697,0.18764040002133697,0.0,0.18764040002133697,0.18764040002133697,1,0.0,0.0,0.0,0.0,0.0,0.0,0.0,1,0.4584785000188276,0.4584785000188276,0.4584785000188276,0.4584785000188276,0.0,0.4584785000188276,0.4584785000188276,1,0.8267448000842705,0.8267448000842705,0.8267448000842705,0.8267448000842705,0.0,0.8267448000842705,0.8267448000842705
controlled_mutations_data_order_price_online,symbolic_smt,component_058_events_0009_objects_0005.jsonocel,,1,1,0,0,0,0,1,,fresh_offline_alignment,1,0.4798350998898968,0.4798350998898968,0.4798350998898968,0.4798350998898968,0.0,0.4798350998898968,0.4798350998898968,1,0.05331501109887742,0.05331501109887742,0.05331501109887742,0.05331501109887742,0.0,0.05331501109887742,0.05331501109887742,1,0.24852339993230999,0.24852339993230999,0.24852339993230999,0.24852339993230999,0.0,0.24852339993230999,0.24852339993230999,1,0.0,0.0,0.0,0.0,0.0,0.0,0.0,1,0.4798350998898968,0.4798350998898968,0.4798350998898968,0.4798350998898968,0.0,0.4798350998898968,0.4798350998898968,1,0.8279041999485344,0.8279041999485344,0.8279041999485344,0.8279041999485344,0.0,0.8279041999485344,0.8279041999485344
controlled_mutations_data_order_price_online,symbolic_smt,component_059_events_0010_objects_0006.jsonocel,,1,1,0,0,0,0,1,,fresh_offline_alignment,1,0.550238500116393,0.550238500116393,0.550238500116393,0.550238500116393,0.0,0.550238500116393,0.550238500116393,1,0.0550238500116393,0.0550238500116393,0.0550238500116393,0.0550238500116393,0.0,0.0550238500116393,0.0550238500116393,1,0.29057920002378523,0.29057920002378523,0.29057920002378523,0.29057920002378523,0.0,0.29057920002378523,0.29057920002378523,1,0.0,0.0,0.0,0.0,0.0,0.0,0.0,1,0.550238500116393,0.550238500116393,0.550238500116393,0.550238500116393,0.0,0.550238500116393,0.550238500116393,1,0.9273140999721363,0.9273140999721363,0.9273140999721363,0.9273140999721363,0.0,0.9273140999721363,0.9273140999721363
controlled_mutations_data_order_price_online,symbolic_smt,component_061_events_0007_objects_0003.jsonocel,,1,1,0,0,0,0,1,,fresh_offline_alignment,1,0.35262310004327446,0.35262310004327446,0.35262310004327446,0.35262310004327446,0.0,0.35262310004327446,0.35262310004327446,1,0.05037472857761064,0.05037472857761064,0.05037472857761064,0.05037472857761064,0.0,0.05037472857761064,0.05037472857761064,1,0.1870106999995187,0.1870106999995187,0.1870106999995187,0.1870106999995187,0.0,0.1870106999995187,0.1870106999995187,1,0.0,0.0,0.0,0.0,0.0,0.0,0.0,1,0.35262310004327446,0.35262310004327446,0.35262310004327446,0.35262310004327446,0.0,0.35262310004327446,0.35262310004327446,1,0.6186812999658287,0.6186812999658287,0.6186812999658287,0.6186812999658287,0.0,0.6186812999658287,0.6186812999658287
controlled_mutations_data_order_price_online,symbolic_smt,component_063_events_0035_objects_0019.jsonocel,,1,1,0,0,0,0,1,,fresh_offline_alignment,1,1.1954347003484145,1.1954347003484145,1.1954347003484145,1.1954347003484145,0.0,1.1954347003484145,1.1954347003484145,1,0.034155277152811844,0.034155277152811844,0.034155277152811844,0.034155277152811844,0.0,0.034155277152811844,0.034155277152811844,1,0.14633590006269515,0.14633590006269515,0.14633590006269515,0.14633590006269515,0.0,0.14633590006269515,0.14633590006269515,1,0.0,0.0,0.0,0.0,0.0,0.0,0.0,1,1.1954347003484145,1.1954347003484145,1.1954347003484145,1.1954347003484145,0.0,1.1954347003484145,1.1954347003484145,1,1.7559959000209346,1.7559959000209346,1.7559959000209346,1.7559959000209346,0.0,1.7559959000209346,1.7559959000209346
controlled_mutations_data_order_price_online,symbolic_smt,component_064_events_0116_objects_0055.jsonocel,,1,1,0,0,0,0,1,,fresh_offline_alignment,1,9.947703899815679,9.947703899815679,9.947703899815679,9.947703899815679,0.0,9.947703899815679,9.947703899815679,1,0.0857560681018593,0.0857560681018593,0.0857560681018593,0.0857560681018593,0.0,0.0857560681018593,0.0857560681018593,1,0.30512400006409734,0.30512400006409734,0.30512400006409734,0.30512400006409734,0.0,0.30512400006409734,0.30512400006409734,1,0.0,0.0,0.0,0.0,0.0,0.0,0.0,1,9.947703899815679,9.947703899815679,9.947703899815679,9.947703899815679,0.0,9.947703899815679,9.947703899815679,1,17.612666900036857,17.612666900036857,17.612666900036857,17.612666900036857,0.0,17.612666900036857,17.612666900036857
controlled_mutations_data_order_price_online,symbolic_smt,component_065_events_0098_objects_0050.jsonocel,,1,1,0,0,0,0,1,,fresh_offline_alignment,1,6.993481299839914,6.993481299839914,6.993481299839914,6.993481299839914,0.0,6.993481299839914,6.993481299839914,1,0.07136205407999913,0.07136205407999913,0.07136205407999913,0.07136205407999913,0.0,0.07136205407999913,0.07136205407999913,1,0.21747010003309697,0.21747010003309697,0.21747010003309697,0.21747010003309697,0.0,0.21747010003309697,0.21747010003309697,1,0.0,0.0,0.0,0.0,0.0,0.0,0.0,1,6.993481299839914,6.993481299839914,6.993481299839914,6.993481299839914,0.0,6.993481299839914,6.993481299839914,1,11.991601100075059,11.991601100075059,11.991601100075059,11.991601100075059,0.0,11.991601100075059,11.991601100075059
controlled_mutations_data_order_price_online,symbolic_smt,component_066_events_0011_objects_0006.jsonocel,,1,1,0,0,0,0,1,,fresh_offline_alignment,1,0.5864449999062344,0.5864449999062344,0.5864449999062344,0.5864449999062344,0.0,0.5864449999062344,0.5864449999062344,1,0.053313181809657675,0.053313181809657675,0.053313181809657675,0.053313181809657675,0.0,0.053313181809657675,0.053313181809657675,1,0.30648399994242936,0.30648399994242936,0.30648399994242936,0.30648399994242936,0.0,0.30648399994242936,0.30648399994242936,1,0.0,0.0,0.0,0.0,0.0,0.0,0.0,1,0.5864449999062344,0.5864449999062344,0.5864449999062344,0.5864449999062344,0.0,0.5864449999062344,0.5864449999062344,1,0.9358900999650359,0.9358900999650359,0.9358900999650359,0.9358900999650359,0.0,0.9358900999650359,0.9358900999650359
controlled_mutations_data_order_price_online,symbolic_smt,component_067_events_0063_objects_0031.jsonocel,,1,1,0,0,0,0,1,,fresh_offline_alignment,1,2.3981575005454943,2.3981575005454943,2.3981575005454943,2.3981575005454943,0.0,2.3981575005454943,2.3981575005454943,1,0.0380659920721507,0.0380659920721507,0.0380659920721507,0.0380659920721507,0.0,0.0380659920721507,0.0380659920721507,1,0.1780680000083521,0.1780680000083521,0.1780680000083521,0.1780680000083521,0.0,0.1780680000083521,0.1780680000083521,1,0.0,0.0,0.0,0.0,0.0,0.0,0.0,1,2.3981575005454943,2.3981575005454943,2.3981575005454943,2.3981575005454943,0.0,2.3981575005454943,2.3981575005454943,1,3.6709728999994695,3.6709728999994695,3.6709728999994695,3.6709728999994695,0.0,3.6709728999994695,3.6709728999994695
controlled_mutations_data_order_price_online,symbolic_smt,component_068_events_0009_objects_0005.jsonocel,,1,1,0,0,0,0,1,,fresh_offline_alignment,1,0.3743704002117738,0.3743704002117738,0.3743704002117738,0.3743704002117738,0.0,0.3743704002117738,0.3743704002117738,1,0.041596711134641536,0.041596711134641536,0.041596711134641536,0.041596711134641536,0.0,0.041596711134641536,0.041596711134641536,1,0.14722560008522123,0.14722560008522123,0.14722560008522123,0.14722560008522123,0.0,0.14722560008522123,0.14722560008522123,1,0.0,0.0,0.0,0.0,0.0,0.0,0.0,1,0.3743704002117738,0.3743704002117738,0.3743704002117738,0.3743704002117738,0.0,0.3743704002117738,0.3743704002117738,1,0.7264887999044731,0.7264887999044731,0.7264887999044731,0.7264887999044731,0.0,0.7264887999044731,0.7264887999044731
controlled_mutations_data_package_weight_online,symbolic_smt,component_001_events_0030_objects_0020.jsonocel,,1,1,0,0,0,0,1,,fresh_offline_alignment,1,1.7680584999034181,1.7680584999034181,1.7680584999034181,1.7680584999034181,0.0,1.7680584999034181,1.7680584999034181,1,0.058935283330113934,0.058935283330113934,0.058935283330113934,0.058935283330113934,0.0,0.058935283330113934,0.058935283330113934,1,0.8395811999216676,0.8395811999216676,0.8395811999216676,0.8395811999216676,0.0,0.8395811999216676,0.8395811999216676,1,0.0,0.0,0.0,0.0,0.0,0.0,0.0,1,1.7680584999034181,1.7680584999034181,1.7680584999034181,1.7680584999034181,0.0,1.7680584999034181,1.7680584999034181,1,2.234354699961841,2.234354699961841,2.234354699961841,2.234354699961841,0.0,2.234354699961841,2.234354699961841
controlled_mutations_data_package_weight_online,symbolic_smt,component_002_events_0028_objects_0013.jsonocel,,1,1,0,0,0,0,1,,fresh_offline_alignment,1,1.2898845003219321,1.2898845003219321,1.2898845003219321,1.2898845003219321,0.0,1.2898845003219321,1.2898845003219321,1,0.04606730358292615,0.04606730358292615,0.04606730358292615,0.04606730358292615,0.0,0.04606730358292615,0.04606730358292615,1,0.5160728000337258,0.5160728000337258,0.5160728000337258,0.5160728000337258,0.0,0.5160728000337258,0.5160728000337258,1,0.0,0.0,0.0,0.0,0.0,0.0,0.0,1,1.2898845003219321,1.2898845003219321,1.2898845003219321,1.2898845003219321,0.0,1.2898845003219321,1.2898845003219321,1,1.7352219000458717,1.7352219000458717,1.7352219000458717,1.7352219000458717,0.0,1.7352219000458717,1.7352219000458717
controlled_mutations_data_package_weight_online,symbolic_smt,component_003_events_0022_objects_0011.jsonocel,,1,1,0,0,0,0,1,,fresh_offline_alignment,1,0.6291360000614077,0.6291360000614077,0.6291360000614077,0.6291360000614077,0.0,0.6291360000614077,0.6291360000614077,1,0.02859709091188217,0.02859709091188217,0.02859709091188217,0.02859709091188217,0.0,0.02859709091188217,0.02859709091188217,1,0.1590790000045672,0.1590790000045672,0.1590790000045672,0.1590790000045672,0.0,0.1590790000045672,0.1590790000045672,1,0.0,0.0,0.0,0.0,0.0,0.0,0.0,1,0.6291360000614077,0.6291360000614077,0.6291360000614077,0.6291360000614077,0.0,0.6291360000614077,0.6291360000614077,1,1.032405300065875,1.032405300065875,1.032405300065875,1.032405300065875,0.0,1.032405300065875,1.032405300065875
controlled_mutations_data_package_weight_online,symbolic_smt,component_004_events_0013_objects_0009.jsonocel,,1,1,0,0,0,0,1,,fresh_offline_alignment,1,0.4066896998556331,0.4066896998556331,0.4066896998556331,0.4066896998556331,0.0,0.4066896998556331,0.4066896998556331,1,0.03128382306581793,0.03128382306581793,0.03128382306581793,0.03128382306581793,0.0,0.03128382306581793,0.03128382306581793,1,0.14779339998494834,0.14779339998494834,0.14779339998494834,0.14779339998494834,0.0,0.14779339998494834,0.14779339998494834,1,0.0,0.0,0.0,0.0,0.0,0.0,0.0,1,0.4066896998556331,0.4066896998556331,0.4066896998556331,0.4066896998556331,0.0,0.4066896998556331,0.4066896998556331,1,0.7264611999271438,0.7264611999271438,0.7264611999271438,0.7264611999271438,0.0,0.7264611999271438,0.7264611999271438
controlled_mutations_data_package_weight_online,symbolic_smt,component_005_events_0035_objects_0016.jsonocel,,1,1,0,0,0,0,1,,fresh_offline_alignment,1,1.6876188002061099,1.6876188002061099,1.6876188002061099,1.6876188002061099,0.0,1.6876188002061099,1.6876188002061099,1,0.04821768000588885,0.04821768000588885,0.04821768000588885,0.04821768000588885,0.0,0.04821768000588885,0.04821768000588885,1,0.6590112000703812,0.6590112000703812,0.6590112000703812,0.6590112000703812,0.0,0.6590112000703812,0.6590112000703812,1,0.0,0.0,0.0,0.0,0.0,0.0,0.0,1,1.6876188002061099,1.6876188002061099,1.6876188002061099,1.6876188002061099,0.0,1.6876188002061099,1.6876188002061099,1,2.349403499974869,2.349403499974869,2.349403499974869,2.349403499974869,0.0,2.349403499974869,2.349403499974869
controlled_mutations_data_package_weight_online,symbolic_smt,component_006_events_0031_objects_0015.jsonocel,,1,1,0,0,0,0,1,,fresh_offline_alignment,1,1.5391146998154,1.5391146998154,1.5391146998154,1.5391146998154,0.0,1.5391146998154,1.5391146998154,1,0.04964886128436774,0.04964886128436774,0.04964886128436774,0.04964886128436774,0.0,0.04964886128436774,0.04964886128436774,1,0.6509439999936149,0.6509439999936149,0.6509439999936149,0.6509439999936149,0.0,0.6509439999936149,0.6509439999936149,1,0.0,0.0,0.0,0.0,0.0,0.0,0.0,1,1.5391146998154,1.5391146998154,1.5391146998154,1.5391146998154,0.0,1.5391146998154,1.5391146998154,1,2.0555173999164253,2.0555173999164253,2.0555173999164253,2.0555173999164253,0.0,2.0555173999164253,2.0555173999164253
controlled_mutations_data_package_weight_online,symbolic_smt,component_009_events_0015_objects_0008.jsonocel,,1,1,0,0,0,0,1,,fresh_offline_alignment,1,0.4283484002808109,0.4283484002808109,0.4283484002808109,0.4283484002808109,0.0,0.4283484002808109,0.4283484002808109,1,0.028556560018720725,0.028556560018720725,0.028556560018720725,0.028556560018720725,0.0,0.028556560018720725,0.028556560018720725,1,0.13141490006819367,0.13141490006819367,0.13141490006819367,0.13141490006819367,0.0,0.13141490006819367,0.13141490006819367,1,0.0,0.0,0.0,0.0,0.0,0.0,0.0,1,0.4283484002808109,0.4283484002808109,0.4283484002808109,0.4283484002808109,0.0,0.4283484002808109,0.4283484002808109,1,0.829259599908255,0.829259599908255,0.829259599908255,0.829259599908255,0.0,0.829259599908255,0.829259599908255
controlled_mutations_data_package_weight_online,symbolic_smt,component_011_events_0028_objects_0017.jsonocel,,1,1,0,0,0,0,1,,fresh_offline_alignment,1,1.558214500080794,1.558214500080794,1.558214500080794,1.558214500080794,0.0,1.558214500080794,1.558214500080794,1,0.05565051786002836,0.05565051786002836,0.05565051786002836,0.05565051786002836,0.0,0.05565051786002836,0.05565051786002836,1,0.7084049000404775,0.7084049000404775,0.7084049000404775,0.7084049000404775,0.0,0.7084049000404775,0.7084049000404775,1,0.0,0.0,0.0,0.0,0.0,0.0,0.0,1,1.558214500080794,1.558214500080794,1.558214500080794,1.558214500080794,0.0,1.558214500080794,1.558214500080794,1,2.04730340000242,2.04730340000242,2.04730340000242,2.04730340000242,0.0,2.04730340000242,2.04730340000242
controlled_mutations_data_package_weight_online,symbolic_smt,component_014_events_0102_objects_0053.jsonocel,,1,1,0,0,0,0,1,,fresh_offline_alignment,1,9.037774100783281,9.037774100783281,9.037774100783281,9.037774100783281,0.0,9.037774100783281,9.037774100783281,1,0.08860562843905177,0.08860562843905177,0.08860562843905177,0.08860562843905177,0.0,0.08860562843905177,0.08860562843905177,1,0.3832152000395581,0.3832152000395581,0.3832152000395581,0.3832152000395581,0.0,0.3832152000395581,0.3832152000395581,1,0.0,0.0,0.0,0.0,0.0,0.0,0.0,1,9.037774100783281,9.037774100783281,9.037774100783281,9.037774100783281,0.0,9.037774100783281,9.037774100783281,1,16.648244500043802,16.648244500043802,16.648244500043802,16.648244500043802,0.0,16.648244500043802,16.648244500043802
controlled_mutations_data_package_weight_online,symbolic_smt,component_020_events_0022_objects_0009.jsonocel,,1,1,0,0,0,0,1,,fresh_offline_alignment,1,0.6183141999645159,0.6183141999645159,0.6183141999645159,0.6183141999645159,0.0,0.6183141999645159,0.6183141999645159,1,0.028105190907477994,0.028105190907477994,0.028105190907477994,0.028105190907477994,0.0,0.028105190907477994,0.028105190907477994,1,0.1480724000139162,0.1480724000139162,0.1480724000139162,0.1480724000139162,0.0,0.1480724000139162,0.1480724000139162,1,0.0,0.0,0.0,0.0,0.0,0.0,0.0,1,0.6183141999645159,0.6183141999645159,0.6183141999645159,0.6183141999645159,0.0,0.6183141999645159,0.6183141999645159,1,1.0642710999818519,1.0642710999818519,1.0642710999818519,1.0642710999818519,0.0,1.0642710999818519,1.0642710999818519
controlled_mutations_data_package_weight_online,symbolic_smt,component_021_events_0013_objects_0005.jsonocel,,1,1,0,0,0,0,1,,fresh_offline_alignment,1,0.32289749989286065,0.32289749989286065,0.32289749989286065,0.32289749989286065,0.0,0.32289749989286065,0.32289749989286065,1,0.024838269222527742,0.024838269222527742,0.024838269222527742,0.024838269222527742,0.0,0.024838269222527742,0.024838269222527742,1,0.07888689998071641,0.07888689998071641,0.07888689998071641,0.07888689998071641,0.0,0.07888689998071641,0.07888689998071641,1,0.0,0.0,0.0,0.0,0.0,0.0,0.0,1,0.32289749989286065,0.32289749989286065,0.32289749989286065,0.32289749989286065,0.0,0.32289749989286065,0.32289749989286065,1,0.6277987000066787,0.6277987000066787,0.6277987000066787,0.6277987000066787,0.0,0.6277987000066787,0.6277987000066787
controlled_mutations_data_package_weight_online,symbolic_smt,component_024_events_0010_objects_0005.jsonocel,,1,1,0,0,0,0,1,,fresh_offline_alignment,1,0.2768656002590433,0.2768656002590433,0.2768656002590433,0.2768656002590433,0.0,0.2768656002590433,0.2768656002590433,1,0.027686560025904326,0.027686560025904326,0.027686560025904326,0.027686560025904326,0.0,0.027686560025904326,0.027686560025904326,1,0.09135910007171333,0.09135910007171333,0.09135910007171333,0.09135910007171333,0.0,0.09135910007171333,0.09135910007171333,1,0.0,0.0,0.0,0.0,0.0,0.0,0.0,1,0.2768656002590433,0.2768656002590433,0.2768656002590433,0.2768656002590433,0.0,0.2768656002590433,0.2768656002590433,1,0.6225663999794051,0.6225663999794051,0.6225663999794051,0.6225663999794051,0.0,0.6225663999794051,0.6225663999794051
controlled_mutations_data_package_weight_online,symbolic_smt,component_028_events_0012_objects_0008.jsonocel,,1,1,0,0,0,0,1,,fresh_offline_alignment,1,0.3650275998516008,0.3650275998516008,0.3650275998516008,0.3650275998516008,0.0,0.3650275998516008,0.3650275998516008,1,0.030418966654300068,0.030418966654300068,0.030418966654300068,0.030418966654300068,0.0,0.030418966654300068,0.030418966654300068,1,0.1316117999376729,0.1316117999376729,0.1316117999376729,0.1316117999376729,0.0,0.1316117999376729,0.1316117999376729,1,0.0,0.0,0.0,0.0,0.0,0.0,0.0,1,0.3650275998516008,0.3650275998516008,0.3650275998516008,0.3650275998516008,0.0,0.3650275998516008,0.3650275998516008,1,0.7285841000266373,0.7285841000266373,0.7285841000266373,0.7285841000266373,0.0,0.7285841000266373,0.7285841000266373
controlled_mutations_data_package_weight_online,symbolic_smt,component_029_events_0021_objects_0010.jsonocel,,1,1,0,0,0,0,1,,fresh_offline_alignment,1,0.5811843001283705,0.5811843001283705,0.5811843001283705,0.5811843001283705,0.0,0.5811843001283705,0.5811843001283705,1,0.02767544286325574,0.02767544286325574,0.02767544286325574,0.02767544286325574,0.0,0.02767544286325574,0.02767544286325574,1,0.1473894000519067,0.1473894000519067,0.1473894000519067,0.1473894000519067,0.0,0.1473894000519067,0.1473894000519067,1,0.0,0.0,0.0,0.0,0.0,0.0,0.0,1,0.5811843001283705,0.5811843001283705,0.5811843001283705,0.5811843001283705,0.0,0.5811843001283705,0.5811843001283705,1,1.0435012000380084,1.0435012000380084,1.0435012000380084,1.0435012000380084,0.0,1.0435012000380084,1.0435012000380084
controlled_mutations_data_package_weight_online,symbolic_smt,component_030_events_0061_objects_0033.jsonocel,,1,1,0,0,0,0,1,,fresh_offline_alignment,1,3.0354023996042088,3.0354023996042088,3.0354023996042088,3.0354023996042088,0.0,3.0354023996042088,3.0354023996042088,1,0.04976069507547883,0.04976069507547883,0.04976069507547883,0.04976069507547883,0.0,0.04976069507547883,0.04976069507547883,1,0.3976130000082776,0.3976130000082776,0.3976130000082776,0.3976130000082776,0.0,0.3976130000082776,0.3976130000082776,1,0.0,0.0,0.0,0.0,0.0,0.0,0.0,1,3.0354023996042088,3.0354023996042088,3.0354023996042088,3.0354023996042088,0.0,3.0354023996042088,3.0354023996042088,1,4.899732499965467,4.899732499965467,4.899732499965467,4.899732499965467,0.0,4.899732499965467,4.899732499965467
controlled_mutations_data_package_weight_online,symbolic_smt,component_031_events_0009_objects_0005.jsonocel,,1,1,0,0,0,0,1,,fresh_offline_alignment,1,0.26231680007185787,0.26231680007185787,0.26231680007185787,0.26231680007185787,0.0,0.26231680007185787,0.26231680007185787,1,0.029146311119095318,0.029146311119095318,0.029146311119095318,0.029146311119095318,0.0,0.029146311119095318,0.029146311119095318,1,0.09405070007778704,0.09405070007778704,0.09405070007778704,0.09405070007778704,0.0,0.09405070007778704,0.09405070007778704,1,0.0,0.0,0.0,0.0,0.0,0.0,0.0,1,0.26231680007185787,0.26231680007185787,0.26231680007185787,0.26231680007185787,0.0,0.26231680007185787,0.26231680007185787,1,0.523728400003165,0.523728400003165,0.523728400003165,0.523728400003165,0.0,0.523728400003165,0.523728400003165
controlled_mutations_data_package_weight_online,symbolic_smt,component_032_events_0007_objects_0003.jsonocel,,1,1,0,0,0,0,1,,fresh_offline_alignment,1,0.19593339995481074,0.19593339995481074,0.19593339995481074,0.19593339995481074,0.0,0.19593339995481074,0.19593339995481074,1,0.027990485707830106,0.027990485707830106,0.027990485707830106,0.027990485707830106,0.0,0.027990485707830106,0.027990485707830106,1,0.06324430007953197,0.06324430007953197,0.06324430007953197,0.06324430007953197,0.0,0.06324430007953197,0.06324430007953197,1,0.0,0.0,0.0,0.0,0.0,0.0,0.0,1,0.19593339995481074,0.19593339995481074,0.19593339995481074,0.19593339995481074,0.0,0.19593339995481074,0.19593339995481074,1,0.520436100079678,0.520436100079678,0.520436100079678,0.520436100079678,0.0,0.520436100079678,0.520436100079678
controlled_mutations_data_package_weight_online,symbolic_smt,component_036_events_0017_objects_0008.jsonocel,,1,1,0,0,0,0,1,,fresh_offline_alignment,1,0.7411064000334591,0.7411064000334591,0.7411064000334591,0.7411064000334591,0.0,0.7411064000334591,0.7411064000334591,1,0.04359449411961524,0.04359449411961524,0.04359449411961524,0.04359449411961524,0.0,0.04359449411961524,0.04359449411961524,1,0.30336220003664494,0.30336220003664494,0.30336220003664494,0.30336220003664494,0.0,0.30336220003664494,0.30336220003664494,1,0.0,0.0,0.0,0.0,0.0,0.0,0.0,1,0.7411064000334591,0.7411064000334591,0.7411064000334591,0.7411064000334591,0.0,0.7411064000334591,0.7411064000334591,1,1.1280155000276864,1.1280155000276864,1.1280155000276864,1.1280155000276864,0.0,1.1280155000276864,1.1280155000276864
controlled_mutations_data_package_weight_online,symbolic_smt,component_037_events_0012_objects_0006.jsonocel,,1,1,0,0,0,0,1,,fresh_offline_alignment,1,0.3263302000705153,0.3263302000705153,0.3263302000705153,0.3263302000705153,0.0,0.3263302000705153,0.3263302000705153,1,0.027194183339209605,0.027194183339209605,0.027194183339209605,0.027194183339209605,0.0,0.027194183339209605,0.027194183339209605,1,0.10361270001158118,0.10361270001158118,0.10361270001158118,0.10361270001158118,0.0,0.10361270001158118,0.10361270001158118,1,0.0,0.0,0.0,0.0,0.0,0.0,0.0,1,0.3263302000705153,0.3263302000705153,0.3263302000705153,0.3263302000705153,0.0,0.3263302000705153,0.3263302000705153,1,0.6211399999447167,0.6211399999447167,0.6211399999447167,0.6211399999447167,0.0,0.6211399999447167,0.6211399999447167
controlled_mutations_data_package_weight_online,symbolic_smt,component_038_events_0008_objects_0004.jsonocel,,1,1,0,0,0,0,1,,fresh_offline_alignment,1,0.2263468997552991,0.2263468997552991,0.2263468997552991,0.2263468997552991,0.0,0.2263468997552991,0.2263468997552991,1,0.028293362469412386,0.028293362469412386,0.028293362469412386,0.028293362469412386,0.0,0.028293362469412386,0.028293362469412386,1,0.07597449992317706,0.07597449992317706,0.07597449992317706,0.07597449992317706,0.0,0.07597449992317706,0.07597449992317706,1,0.0,0.0,0.0,0.0,0.0,0.0,0.0,1,0.2263468997552991,0.2263468997552991,0.2263468997552991,0.2263468997552991,0.0,0.2263468997552991,0.2263468997552991,1,0.5219365999801084,0.5219365999801084,0.5219365999801084,0.5219365999801084,0.0,0.5219365999801084,0.5219365999801084
controlled_mutations_data_package_weight_online,symbolic_smt,component_042_events_0009_objects_0005.jsonocel,,1,1,0,0,0,0,1,,fresh_offline_alignment,1,0.2560687002260238,0.2560687002260238,0.2560687002260238,0.2560687002260238,0.0,0.2560687002260238,0.2560687002260238,1,0.028452077802891534,0.028452077802891534,0.028452077802891534,0.028452077802891534,0.0,0.028452077802891534,0.028452077802891534,1,0.09139200008939952,0.09139200008939952,0.09139200008939952,0.09139200008939952,0.0,0.09139200008939952,0.09139200008939952,1,0.0,0.0,0.0,0.0,0.0,0.0,0.0,1,0.2560687002260238,0.2560687002260238,0.2560687002260238,0.2560687002260238,0.0,0.2560687002260238,0.2560687002260238,1,0.5191621000412852,0.5191621000412852,0.5191621000412852,0.5191621000412852,0.0,0.5191621000412852,0.5191621000412852
controlled_mutations_data_package_weight_online,symbolic_smt,component_048_events_0011_objects_0007.jsonocel,,1,1,0,0,0,0,1,,fresh_offline_alignment,1,0.3309375001117587,0.3309375001117587,0.3309375001117587,0.3309375001117587,0.0,0.3309375001117587,0.3309375001117587,1,0.030085227282887154,0.030085227282887154,0.030085227282887154,0.030085227282887154,0.0,0.030085227282887154,0.030085227282887154,1,0.12045369995757937,0.12045369995757937,0.12045369995757937,0.12045369995757937,0.0,0.12045369995757937,0.12045369995757937,1,0.0,0.0,0.0,0.0,0.0,0.0,0.0,1,0.3309375001117587,0.3309375001117587,0.3309375001117587,0.3309375001117587,0.0,0.3309375001117587,0.3309375001117587,1,0.6204996999586001,0.6204996999586001,0.6204996999586001,0.6204996999586001,0.0,0.6204996999586001,0.6204996999586001
controlled_mutations_data_package_weight_online,symbolic_smt,component_050_events_0008_objects_0004.jsonocel,,1,1,0,0,0,0,1,,fresh_offline_alignment,1,0.2293341999175027,0.2293341999175027,0.2293341999175027,0.2293341999175027,0.0,0.2293341999175027,0.2293341999175027,1,0.028666774989687838,0.028666774989687838,0.028666774989687838,0.028666774989687838,0.0,0.028666774989687838,0.028666774989687838,1,0.07632610003929585,0.07632610003929585,0.07632610003929585,0.07632610003929585,0.0,0.07632610003929585,0.07632610003929585,1,0.0,0.0,0.0,0.0,0.0,0.0,0.0,1,0.2293341999175027,0.2293341999175027,0.2293341999175027,0.2293341999175027,0.0,0.2293341999175027,0.2293341999175027,1,0.5211306000128388,0.5211306000128388,0.5211306000128388,0.5211306000128388,0.0,0.5211306000128388,0.5211306000128388
controlled_mutations_data_package_weight_online,symbolic_smt,component_051_events_0011_objects_0007.jsonocel,,1,1,0,0,0,0,1,,fresh_offline_alignment,1,0.3224603000562638,0.3224603000562638,0.3224603000562638,0.3224603000562638,0.0,0.3224603000562638,0.3224603000562638,1,0.02931457273238762,0.02931457273238762,0.02931457273238762,0.02931457273238762,0.0,0.02931457273238762,0.02931457273238762,1,0.11704809998627752,0.11704809998627752,0.11704809998627752,0.11704809998627752,0.0,0.11704809998627752,0.11704809998627752,1,0.0,0.0,0.0,0.0,0.0,0.0,0.0,1,0.3224603000562638,0.3224603000562638,0.3224603000562638,0.3224603000562638,0.0,0.3224603000562638,0.3224603000562638,1,0.6218507000012323,0.6218507000012323,0.6218507000012323,0.6218507000012323,0.0,0.6218507000012323,0.6218507000012323
controlled_mutations_data_package_weight_online,symbolic_smt,component_057_events_0011_objects_0005.jsonocel,,1,1,0,0,0,0,1,,fresh_offline_alignment,1,0.295333500020206,0.295333500020206,0.295333500020206,0.295333500020206,0.0,0.295333500020206,0.295333500020206,1,0.026848500001836906,0.026848500001836906,0.026848500001836906,0.026848500001836906,0.0,0.026848500001836906,0.026848500001836906,1,0.09143210004549474,0.09143210004549474,0.09143210004549474,0.09143210004549474,0.0,0.09143210004549474,0.09143210004549474,1,0.0,0.0,0.0,0.0,0.0,0.0,0.0,1,0.295333500020206,0.295333500020206,0.295333500020206,0.295333500020206,0.0,0.295333500020206,0.295333500020206,1,0.6241498999297619,0.6241498999297619,0.6241498999297619,0.6241498999297619,0.0,0.6241498999297619,0.6241498999297619
controlled_mutations_data_package_weight_online,symbolic_smt,component_058_events_0009_objects_0005.jsonocel,,1,1,0,0,0,0,1,,fresh_offline_alignment,1,0.2627090000314638,0.2627090000314638,0.2627090000314638,0.2627090000314638,0.0,0.2627090000314638,0.2627090000314638,1,0.029189888892384868,0.029189888892384868,0.029189888892384868,0.029189888892384868,0.0,0.029189888892384868,0.029189888892384868,1,0.09354949998669326,0.09354949998669326,0.09354949998669326,0.09354949998669326,0.0,0.09354949998669326,0.09354949998669326,1,0.0,0.0,0.0,0.0,0.0,0.0,0.0,1,0.2627090000314638,0.2627090000314638,0.2627090000314638,0.2627090000314638,0.0,0.2627090000314638,0.2627090000314638,1,0.518706800066866,0.518706800066866,0.518706800066866,0.518706800066866,0.0,0.518706800066866,0.518706800066866
controlled_mutations_data_package_weight_online,symbolic_smt,component_059_events_0010_objects_0006.jsonocel,,1,1,0,0,0,0,1,,fresh_offline_alignment,1,0.29366000019945204,0.29366000019945204,0.29366000019945204,0.29366000019945204,0.0,0.29366000019945204,0.29366000019945204,1,0.029366000019945205,0.029366000019945205,0.029366000019945205,0.029366000019945205,0.0,0.029366000019945205,0.029366000019945205,1,0.10504160006530583,0.10504160006530583,0.10504160006530583,0.10504160006530583,0.0,0.10504160006530583,0.10504160006530583,1,0.0,0.0,0.0,0.0,0.0,0.0,0.0,1,0.29366000019945204,0.29366000019945204,0.29366000019945204,0.29366000019945204,0.0,0.29366000019945204,0.29366000019945204,1,0.6229165999684483,0.6229165999684483,0.6229165999684483,0.6229165999684483,0.0,0.6229165999684483,0.6229165999684483
controlled_mutations_data_package_weight_online,symbolic_smt,component_061_events_0007_objects_0003.jsonocel,,1,1,0,0,0,0,1,,fresh_offline_alignment,1,0.19449569971766323,0.19449569971766323,0.19449569971766323,0.19449569971766323,0.0,0.19449569971766323,0.19449569971766323,1,0.027785099959666177,0.027785099959666177,0.027785099959666177,0.027785099959666177,0.0,0.027785099959666177,0.027785099959666177,1,0.06433129997458309,0.06433129997458309,0.06433129997458309,0.06433129997458309,0.0,0.06433129997458309,0.06433129997458309,1,0.0,0.0,0.0,0.0,0.0,0.0,0.0,1,0.19449569971766323,0.19449569971766323,0.19449569971766323,0.19449569971766323,0.0,0.19449569971766323,0.19449569971766323,1,0.5223796999780461,0.5223796999780461,0.5223796999780461,0.5223796999780461,0.0,0.5223796999780461,0.5223796999780461
controlled_mutations_data_package_weight_online,symbolic_smt,component_063_events_0035_objects_0019.jsonocel,,1,1,0,0,0,0,1,,fresh_offline_alignment,1,1.7129387999884784,1.7129387999884784,1.7129387999884784,1.7129387999884784,0.0,1.7129387999884784,1.7129387999884784,1,0.04894110857109938,0.04894110857109938,0.04894110857109938,0.04894110857109938,0.0,0.04894110857109938,0.04894110857109938,1,0.6655370000516996,0.6655370000516996,0.6655370000516996,0.6655370000516996,0.0,0.6655370000516996,0.6655370000516996,1,0.0,0.0,0.0,0.0,0.0,0.0,0.0,1,1.7129387999884784,1.7129387999884784,1.7129387999884784,1.7129387999884784,0.0,1.7129387999884784,1.7129387999884784,1,2.241622200002894,2.241622200002894,2.241622200002894,2.241622200002894,0.0,2.241622200002894,2.241622200002894
controlled_mutations_data_package_weight_online,symbolic_smt,component_064_events_0116_objects_0055.jsonocel,,1,0,0,0,0,0,0,,fresh_offline_alignment,1,0.9508303001057357,0.9508303001057357,0.9508303001057357,0.9508303001057357,0.0,0.9508303001057357,0.9508303001057357,1,0.03657039615791291,0.03657039615791291,0.03657039615791291,0.03657039615791291,0.0,0.03657039615791291,0.03657039615791291,1,0.18714139994699508,0.18714139994699508,0.18714139994699508,0.18714139994699508,0.0,0.18714139994699508,0.18714139994699508,,,,,,,,,1,0.9508303001057357,0.9508303001057357,0.9508303001057357,0.9508303001057357,0.0,0.9508303001057357,0.9508303001057357,1,61.43020140007138,61.43020140007138,61.43020140007138,61.43020140007138,0.0,61.43020140007138,61.43020140007138
controlled_mutations_data_package_weight_online,symbolic_smt,component_065_events_0098_objects_0050.jsonocel,,1,1,0,0,0,0,1,,fresh_offline_alignment,1,7.434876900049858,7.434876900049858,7.434876900049858,7.434876900049858,0.0,7.434876900049858,7.434876900049858,1,0.07586609081683528,0.07586609081683528,0.07586609081683528,0.07586609081683528,0.0,0.07586609081683528,0.07586609081683528,1,0.551801500027068,0.551801500027068,0.551801500027068,0.551801500027068,0.0,0.551801500027068,0.551801500027068,1,0.0,0.0,0.0,0.0,0.0,0.0,0.0,1,7.434876900049858,7.434876900049858,7.434876900049858,7.434876900049858,0.0,7.434876900049858,7.434876900049858,1,12.597500400035642,12.597500400035642,12.597500400035642,12.597500400035642,0.0,12.597500400035642,12.597500400035642
controlled_mutations_data_package_weight_online,symbolic_smt,component_066_events_0011_objects_0006.jsonocel,,1,1,0,0,0,0,1,,fresh_offline_alignment,1,0.3171911999816075,0.3171911999816075,0.3171911999816075,0.3171911999816075,0.0,0.3171911999816075,0.3171911999816075,1,0.02883556363469159,0.02883556363469159,0.02883556363469159,0.02883556363469159,0.0,0.02883556363469159,0.02883556363469159,1,0.10577639995608479,0.10577639995608479,0.10577639995608479,0.10577639995608479,0.0,0.10577639995608479,0.10577639995608479,1,0.0,0.0,0.0,0.0,0.0,0.0,0.0,1,0.3171911999816075,0.3171911999816075,0.3171911999816075,0.3171911999816075,0.0,0.3171911999816075,0.3171911999816075,1,0.633836799999699,0.633836799999699,0.633836799999699,0.633836799999699,0.0,0.633836799999699,0.633836799999699
controlled_mutations_data_package_weight_online,symbolic_smt,component_067_events_0063_objects_0031.jsonocel,,1,1,0,0,0,0,1,,fresh_offline_alignment,1,2.938720599748194,2.938720599748194,2.938720599748194,2.938720599748194,0.0,2.938720599748194,2.938720599748194,1,0.04664635872616181,0.04664635872616181,0.04664635872616181,0.04664635872616181,0.0,0.04664635872616181,0.04664635872616181,1,0.5047501999652013,0.5047501999652013,0.5047501999652013,0.5047501999652013,0.0,0.5047501999652013,0.5047501999652013,1,0.0,0.0,0.0,0.0,0.0,0.0,0.0,1,2.938720599748194,2.938720599748194,2.938720599748194,2.938720599748194,0.0,2.938720599748194,2.938720599748194,1,4.405313599971123,4.405313599971123,4.405313599971123,4.405313599971123,0.0,4.405313599971123,4.405313599971123
controlled_mutations_data_package_weight_online,symbolic_smt,component_068_events_0009_objects_0005.jsonocel,,1,1,0,0,0,0,1,,fresh_offline_alignment,1,0.2615194001700729,0.2615194001700729,0.2615194001700729,0.2615194001700729,0.0,0.2615194001700729,0.2615194001700729,1,0.0290577111300081,0.0290577111300081,0.0290577111300081,0.0290577111300081,0.0,0.0290577111300081,0.0290577111300081,1,0.09295239998027682,0.09295239998027682,0.09295239998027682,0.09295239998027682,0.0,0.09295239998027682,0.09295239998027682,1,0.0,0.0,0.0,0.0,0.0,0.0,0.0,1,0.2615194001700729,0.2615194001700729,0.2615194001700729,0.2615194001700729,0.0,0.2615194001700729,0.2615194001700729,1,0.6283278999617323,0.6283278999617323,0.6283278999617323,0.6283278999617323,0.0,0.6283278999617323,0.6283278999617323
controlled_mutations_fit_online,symbolic_smt,component_001_events_0030_objects_0020.jsonocel,,1,1,0,0,0,0,0,,fresh_offline_alignment,1,0.9513588999398053,0.9513588999398053,0.9513588999398053,0.9513588999398053,0.0,0.9513588999398053,0.9513588999398053,1,0.031711963331326844,0.031711963331326844,0.031711963331326844,0.031711963331326844,0.0,0.031711963331326844,0.031711963331326844,1,0.11772469989955425,0.11772469989955425,0.11772469989955425,0.11772469989955425,0.0,0.11772469989955425,0.11772469989955425,1,0.0,0.0,0.0,0.0,0.0,0.0,0.0,1,0.9513588999398053,0.9513588999398053,0.9513588999398053,0.9513588999398053,0.0,0.9513588999398053,0.9513588999398053,1,1.499266800004989,1.499266800004989,1.499266800004989,1.499266800004989,0.0,1.499266800004989,1.499266800004989
controlled_mutations_fit_online,symbolic_smt,component_002_events_0028_objects_0013.jsonocel,,1,1,0,0,0,0,0,,fresh_offline_alignment,1,0.7823165000882,0.7823165000882,0.7823165000882,0.7823165000882,0.0,0.7823165000882,0.7823165000882,1,0.02793987500315,0.02793987500315,0.02793987500315,0.02793987500315,0.0,0.02793987500315,0.02793987500315,1,0.13124619994778186,0.13124619994778186,0.13124619994778186,0.13124619994778186,0.0,0.13124619994778186,0.13124619994778186,1,0.0,0.0,0.0,0.0,0.0,0.0,0.0,1,0.7823165000882,0.7823165000882,0.7823165000882,0.7823165000882,0.0,0.7823165000882,0.7823165000882,1,1.4086300999624655,1.4086300999624655,1.4086300999624655,1.4086300999624655,0.0,1.4086300999624655,1.4086300999624655
controlled_mutations_fit_online,symbolic_smt,component_003_events_0022_objects_0011.jsonocel,,1,1,0,0,0,0,0,,fresh_offline_alignment,1,0.6258687000954524,0.6258687000954524,0.6258687000954524,0.6258687000954524,0.0,0.6258687000954524,0.6258687000954524,1,0.028448577277066015,0.028448577277066015,0.028448577277066015,0.028448577277066015,0.0,0.028448577277066015,0.028448577277066015,1,0.16079039999749511,0.16079039999749511,0.16079039999749511,0.16079039999749511,0.0,0.16079039999749511,0.16079039999749511,1,0.0,0.0,0.0,0.0,0.0,0.0,0.0,1,0.6258687000954524,0.6258687000954524,0.6258687000954524,0.6258687000954524,0.0,0.6258687000954524,0.6258687000954524,1,1.1026309999870136,1.1026309999870136,1.1026309999870136,1.1026309999870136,0.0,1.1026309999870136,1.1026309999870136
controlled_mutations_fit_online,symbolic_smt,component_004_events_0013_objects_0009.jsonocel,,1,1,0,0,0,0,0,,fresh_offline_alignment,1,0.37831359973642975,0.37831359973642975,0.37831359973642975,0.37831359973642975,0.0,0.37831359973642975,0.37831359973642975,1,0.02910104613357152,0.02910104613357152,0.02910104613357152,0.02910104613357152,0.0,0.02910104613357152,0.02910104613357152,1,0.14618039992637932,0.14618039992637932,0.14618039992637932,0.14618039992637932,0.0,0.14618039992637932,0.14618039992637932,1,0.0,0.0,0.0,0.0,0.0,0.0,0.0,1,0.37831359973642975,0.37831359973642975,0.37831359973642975,0.37831359973642975,0.0,0.37831359973642975,0.37831359973642975,1,1.7623223999980837,1.7623223999980837,1.7623223999980837,1.7623223999980837,0.0,1.7623223999980837,1.7623223999980837
controlled_mutations_fit_online,symbolic_smt,component_005_events_0035_objects_0016.jsonocel,,1,1,0,0,0,0,0,,fresh_offline_alignment,1,1.0564486001385376,1.0564486001385376,1.0564486001385376,1.0564486001385376,0.0,1.0564486001385376,1.0564486001385376,1,0.03018424571824393,0.03018424571824393,0.03018424571824393,0.03018424571824393,0.0,0.03018424571824393,0.03018424571824393,1,0.14838219992816448,0.14838219992816448,0.14838219992816448,0.14838219992816448,0.0,0.14838219992816448,0.14838219992816448,1,0.0,0.0,0.0,0.0,0.0,0.0,0.0,1,1.0564486001385376,1.0564486001385376,1.0564486001385376,1.0564486001385376,0.0,1.0564486001385376,1.0564486001385376,1,1.8225807000417262,1.8225807000417262,1.8225807000417262,1.8225807000417262,0.0,1.8225807000417262,1.8225807000417262
controlled_mutations_fit_online,symbolic_smt,component_006_events_0031_objects_0015.jsonocel,,1,1,0,0,0,0,0,,fresh_offline_alignment,1,0.900118000106886,0.900118000106886,0.900118000106886,0.900118000106886,0.0,0.900118000106886,0.900118000106886,1,0.02903606451957697,0.02903606451957697,0.02903606451957697,0.02903606451957697,0.0,0.02903606451957697,0.02903606451957697,1,0.10548340005334467,0.10548340005334467,0.10548340005334467,0.10548340005334467,0.0,0.10548340005334467,0.10548340005334467,1,0.0,0.0,0.0,0.0,0.0,0.0,0.0,1,0.900118000106886,0.900118000106886,0.900118000106886,0.900118000106886,0.0,0.900118000106886,0.900118000106886,1,1.5287205000640824,1.5287205000640824,1.5287205000640824,1.5287205000640824,0.0,1.5287205000640824,1.5287205000640824
controlled_mutations_fit_online,symbolic_smt,component_009_events_0015_objects_0008.jsonocel,,1,1,0,0,0,0,0,,fresh_offline_alignment,1,0.40883560013026,0.40883560013026,0.40883560013026,0.40883560013026,0.0,0.40883560013026,0.40883560013026,1,0.027255706675350665,0.027255706675350665,0.027255706675350665,0.027255706675350665,0.0,0.027255706675350665,0.027255706675350665,1,0.13347060000523925,0.13347060000523925,0.13347060000523925,0.13347060000523925,0.0,0.13347060000523925,0.13347060000523925,1,0.0,0.0,0.0,0.0,0.0,0.0,0.0,1,0.40883560013026,0.40883560013026,0.40883560013026,0.40883560013026,0.0,0.40883560013026,0.40883560013026,1,0.8192044999450445,0.8192044999450445,0.8192044999450445,0.8192044999450445,0.0,0.8192044999450445,0.8192044999450445
controlled_mutations_fit_online,symbolic_smt,component_011_events_0028_objects_0017.jsonocel,,1,1,0,0,0,0,0,,fresh_offline_alignment,1,0.8613409996032715,0.8613409996032715,0.8613409996032715,0.8613409996032715,0.0,0.8613409996032715,0.8613409996032715,1,0.030762178557259694,0.030762178557259694,0.030762178557259694,0.030762178557259694,0.0,0.030762178557259694,0.030762178557259694,1,0.13202290004119277,0.13202290004119277,0.13202290004119277,0.13202290004119277,0.0,0.13202290004119277,0.13202290004119277,1,0.0,0.0,0.0,0.0,0.0,0.0,0.0,1,0.8613409996032715,0.8613409996032715,0.8613409996032715,0.8613409996032715,0.0,0.8613409996032715,0.8613409996032715,1,2.3655990000115708,2.3655990000115708,2.3655990000115708,2.3655990000115708,0.0,2.3655990000115708,2.3655990000115708
controlled_mutations_fit_online,symbolic_smt,component_014_events_0102_objects_0053.jsonocel,,1,1,0,0,0,0,0,,fresh_offline_alignment,1,7.757236699922942,7.757236699922942,7.757236699922942,7.757236699922942,0.0,7.757236699922942,7.757236699922942,1,0.07605134019532296,0.07605134019532296,0.07605134019532296,0.07605134019532296,0.0,0.07605134019532296,0.07605134019532296,1,0.29970430000685155,0.29970430000685155,0.29970430000685155,0.29970430000685155,0.0,0.29970430000685155,0.29970430000685155,1,0.0,0.0,0.0,0.0,0.0,0.0,0.0,1,7.757236699922942,7.757236699922942,7.757236699922942,7.757236699922942,0.0,7.757236699922942,7.757236699922942,1,13.994105799938552,13.994105799938552,13.994105799938552,13.994105799938552,0.0,13.994105799938552,13.994105799938552
controlled_mutations_fit_online,symbolic_smt,component_020_events_0022_objects_0009.jsonocel,,1,1,0,0,0,0,0,,fresh_offline_alignment,1,0.5943401997210458,0.5943401997210458,0.5943401997210458,0.5943401997210458,0.0,0.5943401997210458,0.5943401997210458,1,0.0270154636236839,0.0270154636236839,0.0270154636236839,0.0270154636236839,0.0,0.0270154636236839,0.0270154636236839,1,0.14554219995625317,0.14554219995625317,0.14554219995625317,0.14554219995625317,0.0,0.14554219995625317,0.14554219995625317,1,0.0,0.0,0.0,0.0,0.0,0.0,0.0,1,0.5943401997210458,0.5943401997210458,0.5943401997210458,0.5943401997210458,0.0,0.5943401997210458,0.5943401997210458,1,1.1316042999969795,1.1316042999969795,1.1316042999969795,1.1316042999969795,0.0,1.1316042999969795,1.1316042999969795
controlled_mutations_fit_online,symbolic_smt,component_021_events_0013_objects_0005.jsonocel,,1,1,0,0,0,0,0,,fresh_offline_alignment,1,0.30983570020180196,0.30983570020180196,0.30983570020180196,0.30983570020180196,0.0,0.30983570020180196,0.30983570020180196,1,0.023833515400138613,0.023833515400138613,0.023833515400138613,0.023833515400138613,0.0,0.023833515400138613,0.023833515400138613,1,0.07650850003119558,0.07650850003119558,0.07650850003119558,0.07650850003119558,0.0,0.07650850003119558,0.07650850003119558,1,0.0,0.0,0.0,0.0,0.0,0.0,0.0,1,0.30983570020180196,0.30983570020180196,0.30983570020180196,0.30983570020180196,0.0,0.30983570020180196,0.30983570020180196,1,0.711848699953407,0.711848699953407,0.711848699953407,0.711848699953407,0.0,0.711848699953407,0.711848699953407
controlled_mutations_fit_online,symbolic_smt,component_024_events_0010_objects_0005.jsonocel,,1,1,0,0,0,0,0,,fresh_offline_alignment,1,0.25861690007150173,0.25861690007150173,0.25861690007150173,0.25861690007150173,0.0,0.25861690007150173,0.25861690007150173,1,0.025861690007150172,0.025861690007150172,0.025861690007150172,0.025861690007150172,0.0,0.025861690007150172,0.025861690007150172,1,0.09086790005676448,0.09086790005676448,0.09086790005676448,0.09086790005676448,0.0,0.09086790005676448,0.09086790005676448,1,0.0,0.0,0.0,0.0,0.0,0.0,0.0,1,0.25861690007150173,0.25861690007150173,0.25861690007150173,0.25861690007150173,0.0,0.25861690007150173,0.25861690007150173,1,1.643091700039804,1.643091700039804,1.643091700039804,1.643091700039804,0.0,1.643091700039804,1.643091700039804
controlled_mutations_fit_online,symbolic_smt,component_028_events_0012_objects_0008.jsonocel,,1,1,0,0,0,0,0,,fresh_offline_alignment,1,0.3489185001235455,0.3489185001235455,0.3489185001235455,0.3489185001235455,0.0,0.3489185001235455,0.3489185001235455,1,0.029076541676962126,0.029076541676962126,0.029076541676962126,0.029076541676962126,0.0,0.029076541676962126,0.029076541676962126,1,0.13136540004052222,0.13136540004052222,0.13136540004052222,0.13136540004052222,0.0,0.13136540004052222,0.13136540004052222,1,0.0,0.0,0.0,0.0,0.0,0.0,0.0,1,0.3489185001235455,0.3489185001235455,0.3489185001235455,0.3489185001235455,0.0,0.3489185001235455,0.3489185001235455,1,0.8019361000042409,0.8019361000042409,0.8019361000042409,0.8019361000042409,0.0,0.8019361000042409,0.8019361000042409
controlled_mutations_fit_online,symbolic_smt,component_029_events_0021_objects_0010.jsonocel,,1,1,0,0,0,0,0,,fresh_offline_alignment,1,0.5613337999675423,0.5613337999675423,0.5613337999675423,0.5613337999675423,0.0,0.5613337999675423,0.5613337999675423,1,0.026730180950835347,0.026730180950835347,0.026730180950835347,0.026730180950835347,0.0,0.026730180950835347,0.026730180950835347,1,0.14948590006679296,0.14948590006679296,0.14948590006679296,0.14948590006679296,0.0,0.14948590006679296,0.14948590006679296,1,0.0,0.0,0.0,0.0,0.0,0.0,0.0,1,0.5613337999675423,0.5613337999675423,0.5613337999675423,0.5613337999675423,0.0,0.5613337999675423,0.5613337999675423,1,1.118448399938643,1.118448399938643,1.118448399938643,1.118448399938643,0.0,1.118448399938643,1.118448399938643
controlled_mutations_fit_online,symbolic_smt,component_030_events_0061_objects_0033.jsonocel,,1,1,0,0,0,0,0,,fresh_offline_alignment,1,2.5202580003533512,2.5202580003533512,2.5202580003533512,2.5202580003533512,0.0,2.5202580003533512,2.5202580003533512,1,0.04131570492382543,0.04131570492382543,0.04131570492382543,0.04131570492382543,0.0,0.04131570492382543,0.04131570492382543,1,0.19633609999436885,0.19633609999436885,0.19633609999436885,0.19633609999436885,0.0,0.19633609999436885,0.19633609999436885,1,0.0,0.0,0.0,0.0,0.0,0.0,0.0,1,2.5202580003533512,2.5202580003533512,2.5202580003533512,2.5202580003533512,0.0,2.5202580003533512,2.5202580003533512,1,4.48742979997769,4.48742979997769,4.48742979997769,4.48742979997769,0.0,4.48742979997769,4.48742979997769
controlled_mutations_fit_online,symbolic_smt,component_031_events_0009_objects_0005.jsonocel,,1,1,0,0,0,0,0,,fresh_offline_alignment,1,0.24262100004125386,0.24262100004125386,0.24262100004125386,0.24262100004125386,0.0,0.24262100004125386,0.24262100004125386,1,0.026957888893472653,0.026957888893472653,0.026957888893472653,0.026957888893472653,0.0,0.026957888893472653,0.026957888893472653,1,0.09059899998828769,0.09059899998828769,0.09059899998828769,0.09059899998828769,0.0,0.09059899998828769,0.09059899998828769,1,0.0,0.0,0.0,0.0,0.0,0.0,0.0,1,0.24262100004125386,0.24262100004125386,0.24262100004125386,0.24262100004125386,0.0,0.24262100004125386,0.24262100004125386,1,0.6112650000723079,0.6112650000723079,0.6112650000723079,0.6112650000723079,0.0,0.6112650000723079,0.6112650000723079
controlled_mutations_fit_online,symbolic_smt,component_032_events_0007_objects_0003.jsonocel,,1,1,0,0,0,0,0,,fresh_offline_alignment,1,0.17926159966737032,0.17926159966737032,0.17926159966737032,0.17926159966737032,0.0,0.17926159966737032,0.17926159966737032,1,0.025608799952481474,0.025608799952481474,0.025608799952481474,0.025608799952481474,0.0,0.025608799952481474,0.025608799952481474,1,0.06351759994868189,0.06351759994868189,0.06351759994868189,0.06351759994868189,0.0,0.06351759994868189,0.06351759994868189,1,0.0,0.0,0.0,0.0,0.0,0.0,0.0,1,0.17926159966737032,0.17926159966737032,0.17926159966737032,0.17926159966737032,0.0,0.17926159966737032,0.17926159966737032,1,1.538808000041172,1.538808000041172,1.538808000041172,1.538808000041172,0.0,1.538808000041172,1.538808000041172
controlled_mutations_fit_online,symbolic_smt,component_036_events_0017_objects_0008.jsonocel,,1,1,0,0,0,0,0,,fresh_offline_alignment,1,0.4562550999689847,0.4562550999689847,0.4562550999689847,0.4562550999689847,0.0,0.4562550999689847,0.4562550999689847,1,0.026838535292293218,0.026838535292293218,0.026838535292293218,0.026838535292293218,0.0,0.026838535292293218,0.026838535292293218,1,0.09972500009462237,0.09972500009462237,0.09972500009462237,0.09972500009462237,0.0,0.09972500009462237,0.09972500009462237,1,0.0,0.0,0.0,0.0,0.0,0.0,0.0,1,0.4562550999689847,0.4562550999689847,0.4562550999689847,0.4562550999689847,0.0,0.4562550999689847,0.4562550999689847,1,0.9018241000594571,0.9018241000594571,0.9018241000594571,0.9018241000594571,0.0,0.9018241000594571,0.9018241000594571
controlled_mutations_fit_online,symbolic_smt,component_037_events_0012_objects_0006.jsonocel,,1,1,0,0,0,0,0,,fresh_offline_alignment,1,0.31590559997130185,0.31590559997130185,0.31590559997130185,0.31590559997130185,0.0,0.31590559997130185,0.31590559997130185,1,0.026325466664275154,0.026325466664275154,0.026325466664275154,0.026325466664275154,0.0,0.026325466664275154,0.026325466664275154,1,0.10471390001475811,0.10471390001475811,0.10471390001475811,0.10471390001475811,0.0,0.10471390001475811,0.10471390001475811,1,0.0,0.0,0.0,0.0,0.0,0.0,0.0,1,0.31590559997130185,0.31590559997130185,0.31590559997130185,0.31590559997130185,0.0,0.31590559997130185,0.31590559997130185,1,0.7145351000363007,0.7145351000363007,0.7145351000363007,0.7145351000363007,0.0,0.7145351000363007,0.7145351000363007
controlled_mutations_fit_online,symbolic_smt,component_038_events_0008_objects_0004.jsonocel,,1,1,0,0,0,0,0,,fresh_offline_alignment,1,0.2132316001225263,0.2132316001225263,0.2132316001225263,0.2132316001225263,0.0,0.2132316001225263,0.2132316001225263,1,0.026653950015315786,0.026653950015315786,0.026653950015315786,0.026653950015315786,0.0,0.026653950015315786,0.026653950015315786,1,0.07718960009515285,0.07718960009515285,0.07718960009515285,0.07718960009515285,0.0,0.07718960009515285,0.07718960009515285,1,0.0,0.0,0.0,0.0,0.0,0.0,0.0,1,0.2132316001225263,0.2132316001225263,0.2132316001225263,0.2132316001225263,0.0,0.2132316001225263,0.2132316001225263,1,1.5380917999427766,1.5380917999427766,1.5380917999427766,1.5380917999427766,0.0,1.5380917999427766,1.5380917999427766
controlled_mutations_fit_online,symbolic_smt,component_042_events_0009_objects_0005.jsonocel,,1,1,0,0,0,0,0,,fresh_offline_alignment,1,0.24139740003738552,0.24139740003738552,0.24139740003738552,0.24139740003738552,0.0,0.24139740003738552,0.24139740003738552,1,0.02682193333748728,0.02682193333748728,0.02682193333748728,0.02682193333748728,0.0,0.02682193333748728,0.02682193333748728,1,0.09194640000350773,0.09194640000350773,0.09194640000350773,0.09194640000350773,0.0,0.09194640000350773,0.09194640000350773,1,0.0,0.0,0.0,0.0,0.0,0.0,0.0,1,0.24139740003738552,0.24139740003738552,0.24139740003738552,0.24139740003738552,0.0,0.24139740003738552,0.24139740003738552,1,0.5900833000196144,0.5900833000196144,0.5900833000196144,0.5900833000196144,0.0,0.5900833000196144,0.5900833000196144
controlled_mutations_fit_online,symbolic_smt,component_048_events_0011_objects_0007.jsonocel,,1,1,0,0,0,0,0,,fresh_offline_alignment,1,0.3141272998182103,0.3141272998182103,0.3141272998182103,0.3141272998182103,0.0,0.3141272998182103,0.3141272998182103,1,0.028557027256200938,0.028557027256200938,0.028557027256200938,0.028557027256200938,0.0,0.028557027256200938,0.028557027256200938,1,0.11858309991657734,0.11858309991657734,0.11858309991657734,0.11858309991657734,0.0,0.11858309991657734,0.11858309991657734,1,0.0,0.0,0.0,0.0,0.0,0.0,0.0,1,0.3141272998182103,0.3141272998182103,0.3141272998182103,0.3141272998182103,0.0,0.3141272998182103,0.3141272998182103,1,1.657988699967973,1.657988699967973,1.657988699967973,1.657988699967973,0.0,1.657988699967973,1.657988699967973
controlled_mutations_fit_online,symbolic_smt,component_050_events_0008_objects_0004.jsonocel,,1,1,0,0,0,0,0,,fresh_offline_alignment,1,0.21028300002217293,0.21028300002217293,0.21028300002217293,0.21028300002217293,0.0,0.21028300002217293,0.21028300002217293,1,0.026285375002771616,0.026285375002771616,0.026285375002771616,0.026285375002771616,0.0,0.026285375002771616,0.026285375002771616,1,0.07589089998509735,0.07589089998509735,0.07589089998509735,0.07589089998509735,0.0,0.07589089998509735,0.07589089998509735,1,0.0,0.0,0.0,0.0,0.0,0.0,0.0,1,0.21028300002217293,0.21028300002217293,0.21028300002217293,0.21028300002217293,0.0,0.21028300002217293,0.21028300002217293,1,0.5947938000317663,0.5947938000317663,0.5947938000317663,0.5947938000317663,0.0,0.5947938000317663,0.5947938000317663
controlled_mutations_fit_online,symbolic_smt,component_051_events_0011_objects_0007.jsonocel,,1,1,0,0,0,0,0,,fresh_offline_alignment,1,0.30768430000171065,0.30768430000171065,0.30768430000171065,0.30768430000171065,0.0,0.30768430000171065,0.30768430000171065,1,0.027971300000155516,0.027971300000155516,0.027971300000155516,0.027971300000155516,0.0,0.027971300000155516,0.027971300000155516,1,0.11711550003383309,0.11711550003383309,0.11711550003383309,0.11711550003383309,0.0,0.11711550003383309,0.11711550003383309,1,0.0,0.0,0.0,0.0,0.0,0.0,0.0,1,0.30768430000171065,0.30768430000171065,0.30768430000171065,0.30768430000171065,0.0,0.30768430000171065,0.30768430000171065,1,0.7013742999406531,0.7013742999406531,0.7013742999406531,0.7013742999406531,0.0,0.7013742999406531,0.7013742999406531
controlled_mutations_fit_online,symbolic_smt,component_057_events_0011_objects_0005.jsonocel,,1,1,0,0,0,0,0,,fresh_offline_alignment,1,0.2785437002312392,0.2785437002312392,0.2785437002312392,0.2785437002312392,0.0,0.2785437002312392,0.2785437002312392,1,0.025322154566476292,0.025322154566476292,0.025322154566476292,0.025322154566476292,0.0,0.025322154566476292,0.025322154566476292,1,0.09212010004557669,0.09212010004557669,0.09212010004557669,0.09212010004557669,0.0,0.09212010004557669,0.09212010004557669,1,0.0,0.0,0.0,0.0,0.0,0.0,0.0,1,0.2785437002312392,0.2785437002312392,0.2785437002312392,0.2785437002312392,0.0,0.2785437002312392,0.2785437002312392,1,1.6337373000569642,1.6337373000569642,1.6337373000569642,1.6337373000569642,0.0,1.6337373000569642,1.6337373000569642
controlled_mutations_fit_online,symbolic_smt,component_058_events_0009_objects_0005.jsonocel,,1,1,0,0,0,0,0,,fresh_offline_alignment,1,0.2458064997335896,0.2458064997335896,0.2458064997335896,0.2458064997335896,0.0,0.2458064997335896,0.2458064997335896,1,0.027311833303732175,0.027311833303732175,0.027311833303732175,0.027311833303732175,0.0,0.027311833303732175,0.027311833303732175,1,0.09279110003262758,0.09279110003262758,0.09279110003262758,0.09279110003262758,0.0,0.09279110003262758,0.09279110003262758,1,0.0,0.0,0.0,0.0,0.0,0.0,0.0,1,0.2458064997335896,0.2458064997335896,0.2458064997335896,0.2458064997335896,0.0,0.2458064997335896,0.2458064997335896,1,0.5216086999280378,0.5216086999280378,0.5216086999280378,0.5216086999280378,0.0,0.5216086999280378,0.5216086999280378
controlled_mutations_fit_online,symbolic_smt,component_059_events_0010_objects_0006.jsonocel,,1,1,0,0,0,0,0,,fresh_offline_alignment,1,0.27616789983585477,0.27616789983585477,0.27616789983585477,0.27616789983585477,0.0,0.27616789983585477,0.27616789983585477,1,0.027616789983585476,0.027616789983585476,0.027616789983585476,0.027616789983585476,0.0,0.027616789983585476,0.027616789983585476,1,0.10542239993810654,0.10542239993810654,0.10542239993810654,0.10542239993810654,0.0,0.10542239993810654,0.10542239993810654,1,0.0,0.0,0.0,0.0,0.0,0.0,0.0,1,0.27616789983585477,0.27616789983585477,0.27616789983585477,0.27616789983585477,0.0,0.27616789983585477,0.27616789983585477,1,0.6251820999896154,0.6251820999896154,0.6251820999896154,0.6251820999896154,0.0,0.6251820999896154,0.6251820999896154
controlled_mutations_fit_online,symbolic_smt,component_061_events_0007_objects_0003.jsonocel,,1,1,0,0,0,0,0,,fresh_offline_alignment,1,0.18010770005639642,0.18010770005639642,0.18010770005639642,0.18010770005639642,0.0,0.18010770005639642,0.18010770005639642,1,0.02572967143662806,0.02572967143662806,0.02572967143662806,0.02572967143662806,0.0,0.02572967143662806,0.02572967143662806,1,0.0632702000439167,0.0632702000439167,0.0632702000439167,0.0632702000439167,0.0,0.0632702000439167,0.0632702000439167,1,0.0,0.0,0.0,0.0,0.0,0.0,0.0,1,0.18010770005639642,0.18010770005639642,0.18010770005639642,0.18010770005639642,0.0,0.18010770005639642,0.18010770005639642,1,0.5240696000400931,0.5240696000400931,0.5240696000400931,0.5240696000400931,0.0,0.5240696000400931,0.5240696000400931
controlled_mutations_fit_online,symbolic_smt,component_063_events_0035_objects_0019.jsonocel,,1,1,0,0,0,0,0,,fresh_offline_alignment,1,1.0705783998128027,1.0705783998128027,1.0705783998128027,1.0705783998128027,0.0,1.0705783998128027,1.0705783998128027,1,0.03058795428036579,0.03058795428036579,0.03058795428036579,0.03058795428036579,0.0,0.03058795428036579,0.03058795428036579,1,0.10811689996626228,0.10811689996626228,0.10811689996626228,0.10811689996626228,0.0,0.10811689996626228,0.10811689996626228,1,0.0,0.0,0.0,0.0,0.0,0.0,0.0,1,1.0705783998128027,1.0705783998128027,1.0705783998128027,1.0705783998128027,0.0,1.0705783998128027,1.0705783998128027,1,1.658031800063327,1.658031800063327,1.658031800063327,1.658031800063327,0.0,1.658031800063327,1.658031800063327
controlled_mutations_fit_online,symbolic_smt,component_064_events_0116_objects_0055.jsonocel,,1,1,0,0,0,0,0,,fresh_offline_alignment,1,10.31613130052574,10.31613130052574,10.31613130052574,10.31613130052574,0.0,10.31613130052574,10.31613130052574,1,0.08893216638384259,0.08893216638384259,0.08893216638384259,0.08893216638384259,0.0,0.08893216638384259,0.08893216638384259,1,0.2815935000544414,0.2815935000544414,0.2815935000544414,0.2815935000544414,0.0,0.2815935000544414,0.2815935000544414,1,0.0,0.0,0.0,0.0,0.0,0.0,0.0,1,10.31613130052574,10.31613130052574,10.31613130052574,10.31613130052574,0.0,10.31613130052574,10.31613130052574,1,18.534471399965696,18.534471399965696,18.534471399965696,18.534471399965696,0.0,18.534471399965696,18.534471399965696
controlled_mutations_fit_online,symbolic_smt,component_065_events_0098_objects_0050.jsonocel,,1,1,0,0,0,0,0,,fresh_offline_alignment,1,6.709119800827466,6.709119800827466,6.709119800827466,6.709119800827466,0.0,6.709119800827466,6.709119800827466,1,0.0684604061308925,0.0684604061308925,0.0684604061308925,0.0684604061308925,0.0,0.0684604061308925,0.0684604061308925,1,0.22731039999052882,0.22731039999052882,0.22731039999052882,0.22731039999052882,0.0,0.22731039999052882,0.22731039999052882,1,0.0,0.0,0.0,0.0,0.0,0.0,0.0,1,6.709119800827466,6.709119800827466,6.709119800827466,6.709119800827466,0.0,6.709119800827466,6.709119800827466,1,12.077199299936183,12.077199299936183,12.077199299936183,12.077199299936183,0.0,12.077199299936183,12.077199299936183
controlled_mutations_fit_online,symbolic_smt,component_066_events_0011_objects_0006.jsonocel,,1,1,0,0,0,0,0,,fresh_offline_alignment,1,0.2994651000481099,0.2994651000481099,0.2994651000481099,0.2994651000481099,0.0,0.2994651000481099,0.2994651000481099,1,0.027224100004373628,0.027224100004373628,0.027224100004373628,0.027224100004373628,0.0,0.027224100004373628,0.027224100004373628,1,0.10724330006632954,0.10724330006632954,0.10724330006632954,0.10724330006632954,0.0,0.10724330006632954,0.10724330006632954,1,0.0,0.0,0.0,0.0,0.0,0.0,0.0,1,0.2994651000481099,0.2994651000481099,0.2994651000481099,0.2994651000481099,0.0,0.2994651000481099,0.2994651000481099,1,0.6427099000429735,0.6427099000429735,0.6427099000429735,0.6427099000429735,0.0,0.6427099000429735,0.6427099000429735
controlled_mutations_fit_online,symbolic_smt,component_067_events_0063_objects_0031.jsonocel,,1,1,0,0,0,0,0,,fresh_offline_alignment,1,2.1383558999514207,2.1383558999514207,2.1383558999514207,2.1383558999514207,0.0,2.1383558999514207,2.1383558999514207,1,0.033942157142086045,0.033942157142086045,0.033942157142086045,0.033942157142086045,0.0,0.033942157142086045,0.033942157142086045,1,0.12666700000409037,0.12666700000409037,0.12666700000409037,0.12666700000409037,0.0,0.12666700000409037,0.12666700000409037,1,0.0,0.0,0.0,0.0,0.0,0.0,0.0,1,2.1383558999514207,2.1383558999514207,2.1383558999514207,2.1383558999514207,0.0,2.1383558999514207,2.1383558999514207,1,3.3655831000069156,3.3655831000069156,3.3655831000069156,3.3655831000069156,0.0,3.3655831000069156,3.3655831000069156
controlled_mutations_fit_online,symbolic_smt,component_068_events_0009_objects_0005.jsonocel,,1,1,0,0,0,0,0,,fresh_offline_alignment,1,0.24247219983953983,0.24247219983953983,0.24247219983953983,0.24247219983953983,0.0,0.24247219983953983,0.24247219983953983,1,0.026941355537726648,0.026941355537726648,0.026941355537726648,0.026941355537726648,0.0,0.026941355537726648,0.026941355537726648,1,0.09199670003727078,0.09199670003727078,0.09199670003727078,0.09199670003727078,0.0,0.09199670003727078,0.09199670003727078,1,0.0,0.0,0.0,0.0,0.0,0.0,0.0,1,0.24247219983953983,0.24247219983953983,0.24247219983953983,0.24247219983953983,0.0,0.24247219983953983,0.24247219983953983,1,0.526561800041236,0.526561800041236,0.526561800041236,0.526561800041236,0.0,0.526561800041236,0.526561800041236
controlled_mutations_object_extra_item_relation_online,symbolic_smt,component_002_events_0028_objects_0013.jsonocel,,1,1,0,0,0,0,1,,fresh_offline_alignment,1,0.8566303004045039,0.8566303004045039,0.8566303004045039,0.8566303004045039,0.0,0.8566303004045039,0.8566303004045039,1,0.030593939300160855,0.030593939300160855,0.030593939300160855,0.030593939300160855,0.0,0.030593939300160855,0.030593939300160855,1,0.13301220000721514,0.13301220000721514,0.13301220000721514,0.13301220000721514,0.0,0.13301220000721514,0.13301220000721514,1,0.0,0.0,0.0,0.0,0.0,0.0,0.0,1,0.8566303004045039,0.8566303004045039,0.8566303004045039,0.8566303004045039,0.0,0.8566303004045039,0.8566303004045039,1,1.3313836000161245,1.3313836000161245,1.3313836000161245,1.3313836000161245,0.0,1.3313836000161245,1.3313836000161245
controlled_mutations_object_extra_item_relation_online,symbolic_smt,component_003_events_0022_objects_0011.jsonocel,,1,1,0,0,0,0,1,,fresh_offline_alignment,1,0.9065504998434335,0.9065504998434335,0.9065504998434335,0.9065504998434335,0.0,0.9065504998434335,0.9065504998434335,1,0.04120684090197425,0.04120684090197425,0.04120684090197425,0.04120684090197425,0.0,0.04120684090197425,0.04120684090197425,1,0.21175729995593429,0.21175729995593429,0.21175729995593429,0.21175729995593429,0.0,0.21175729995593429,0.21175729995593429,1,0.0,0.0,0.0,0.0,0.0,0.0,0.0,1,0.9065504998434335,0.9065504998434335,0.9065504998434335,0.9065504998434335,0.0,0.9065504998434335,0.9065504998434335,1,1.4308638999937102,1.4308638999937102,1.4308638999937102,1.4308638999937102,0.0,1.4308638999937102,1.4308638999937102
controlled_mutations_object_extra_item_relation_online,symbolic_smt,component_005_events_0035_objects_0016.jsonocel,,1,1,0,0,0,0,1,,fresh_offline_alignment,1,1.5580121998209506,1.5580121998209506,1.5580121998209506,1.5580121998209506,0.0,1.5580121998209506,1.5580121998209506,1,0.04451463428059859,0.04451463428059859,0.04451463428059859,0.04451463428059859,0.0,0.04451463428059859,0.04451463428059859,1,0.24498690001200885,0.24498690001200885,0.24498690001200885,0.24498690001200885,0.0,0.24498690001200885,0.24498690001200885,1,0.0,0.0,0.0,0.0,0.0,0.0,0.0,1,1.5580121998209506,1.5580121998209506,1.5580121998209506,1.5580121998209506,0.0,1.5580121998209506,1.5580121998209506,1,2.3540681999875233,2.3540681999875233,2.3540681999875233,2.3540681999875233,0.0,2.3540681999875233,2.3540681999875233
controlled_mutations_object_extra_item_relation_online,symbolic_smt,component_006_events_0031_objects_0015.jsonocel,,1,1,0,0,0,0,1,,fresh_offline_alignment,1,1.0563607002841309,1.0563607002841309,1.0563607002841309,1.0563607002841309,0.0,1.0563607002841309,1.0563607002841309,1,0.034076151622068736,0.034076151622068736,0.034076151622068736,0.034076151622068736,0.0,0.034076151622068736,0.034076151622068736,1,0.11536469997372478,0.11536469997372478,0.11536469997372478,0.11536469997372478,0.0,0.11536469997372478,0.11536469997372478,1,0.0,0.0,0.0,0.0,0.0,0.0,0.0,1,1.0563607002841309,1.0563607002841309,1.0563607002841309,1.0563607002841309,0.0,1.0563607002841309,1.0563607002841309,1,1.6473429999314249,1.6473429999314249,1.6473429999314249,1.6473429999314249,0.0,1.6473429999314249,1.6473429999314249
controlled_mutations_object_extra_item_relation_online,symbolic_smt,component_014_events_0102_objects_0053.jsonocel,,1,1,0,0,0,0,1,,fresh_offline_alignment,1,10.165539200184867,10.165539200184867,10.165539200184867,10.165539200184867,0.0,10.165539200184867,10.165539200184867,1,0.09966214902142026,0.09966214902142026,0.09966214902142026,0.09966214902142026,0.0,0.09966214902142026,0.09966214902142026,1,0.413228900055401,0.413228900055401,0.413228900055401,0.413228900055401,0.0,0.413228900055401,0.413228900055401,1,0.0,0.0,0.0,0.0,0.0,0.0,0.0,1,10.165539200184867,10.165539200184867,10.165539200184867,10.165539200184867,0.0,10.165539200184867,10.165539200184867,1,18.16301040002145,18.16301040002145,18.16301040002145,18.16301040002145,0.0,18.16301040002145,18.16301040002145
controlled_mutations_object_extra_item_relation_online,symbolic_smt,component_021_events_0013_objects_0005.jsonocel,,1,1,0,0,0,0,1,,fresh_offline_alignment,1,0.3420154000632465,0.3420154000632465,0.3420154000632465,0.3420154000632465,0.0,0.3420154000632465,0.3420154000632465,1,0.026308876927942038,0.026308876927942038,0.026308876927942038,0.026308876927942038,0.0,0.026308876927942038,0.026308876927942038,1,0.0772761000553146,0.0772761000553146,0.0772761000553146,0.0772761000553146,0.0,0.0772761000553146,0.0772761000553146,1,0.0,0.0,0.0,0.0,0.0,0.0,0.0,1,0.3420154000632465,0.3420154000632465,0.3420154000632465,0.3420154000632465,0.0,0.3420154000632465,0.3420154000632465,1,0.751837500021793,0.751837500021793,0.751837500021793,0.751837500021793,0.0,0.751837500021793,0.751837500021793
controlled_mutations_object_extra_item_relation_online,symbolic_smt,component_029_events_0021_objects_0010.jsonocel,,1,1,0,0,0,0,1,,fresh_offline_alignment,1,0.626648899866268,0.626648899866268,0.626648899866268,0.626648899866268,0.0,0.626648899866268,0.626648899866268,1,0.02984042380315562,0.02984042380315562,0.02984042380315562,0.02984042380315562,0.0,0.02984042380315562,0.02984042380315562,1,0.1521426000399515,0.1521426000399515,0.1521426000399515,0.1521426000399515,0.0,0.1521426000399515,0.1521426000399515,1,0.0,0.0,0.0,0.0,0.0,0.0,0.0,1,0.626648899866268,0.626648899866268,0.626648899866268,0.626648899866268,0.0,0.626648899866268,0.626648899866268,1,1.0391063999850303,1.0391063999850303,1.0391063999850303,1.0391063999850303,0.0,1.0391063999850303,1.0391063999850303
controlled_mutations_object_extra_item_relation_online,symbolic_smt,component_030_events_0061_objects_0033.jsonocel,,1,1,0,0,0,0,1,,fresh_offline_alignment,1,2.6971741002053022,2.6971741002053022,2.6971741002053022,2.6971741002053022,0.0,2.6971741002053022,2.6971741002053022,1,0.04421596885582463,0.04421596885582463,0.04421596885582463,0.04421596885582463,0.0,0.04421596885582463,0.04421596885582463,1,0.1967547000385821,0.1967547000385821,0.1967547000385821,0.1967547000385821,0.0,0.1967547000385821,0.1967547000385821,1,0.0,0.0,0.0,0.0,0.0,0.0,0.0,1,2.6971741002053022,2.6971741002053022,2.6971741002053022,2.6971741002053022,0.0,2.6971741002053022,2.6971741002053022,1,4.644326000008732,4.644326000008732,4.644326000008732,4.644326000008732,0.0,4.644326000008732,4.644326000008732
controlled_mutations_object_extra_item_relation_online,symbolic_smt,component_063_events_0035_objects_0019.jsonocel,,1,1,0,0,0,0,1,,fresh_offline_alignment,1,1.1451349002309144,1.1451349002309144,1.1451349002309144,1.1451349002309144,0.0,1.1451349002309144,1.1451349002309144,1,0.032718140006597556,0.032718140006597556,0.032718140006597556,0.032718140006597556,0.0,0.032718140006597556,0.032718140006597556,1,0.10094440006650984,0.10094440006650984,0.10094440006650984,0.10094440006650984,0.0,0.10094440006650984,0.10094440006650984,1,0.0,0.0,0.0,0.0,0.0,0.0,0.0,1,1.1451349002309144,1.1451349002309144,1.1451349002309144,1.1451349002309144,0.0,1.1451349002309144,1.1451349002309144,1,1.7672410000814125,1.7672410000814125,1.7672410000814125,1.7672410000814125,0.0,1.7672410000814125,1.7672410000814125
controlled_mutations_object_extra_item_relation_online,symbolic_smt,component_064_events_0116_objects_0055.jsonocel,,1,1,0,0,0,0,1,,fresh_offline_alignment,1,9.75318089989014,9.75318089989014,9.75318089989014,9.75318089989014,0.0,9.75318089989014,9.75318089989014,1,0.0840791456887081,0.0840791456887081,0.0840791456887081,0.0840791456887081,0.0,0.0840791456887081,0.0840791456887081,1,0.25690319994464517,0.25690319994464517,0.25690319994464517,0.25690319994464517,0.0,0.25690319994464517,0.25690319994464517,1,0.0,0.0,0.0,0.0,0.0,0.0,0.0,1,9.75318089989014,9.75318089989014,9.75318089989014,9.75318089989014,0.0,9.75318089989014,9.75318089989014,1,16.90343569999095,16.90343569999095,16.90343569999095,16.90343569999095,0.0,16.90343569999095,16.90343569999095
controlled_mutations_object_extra_item_relation_online,symbolic_smt,component_065_events_0098_objects_0050.jsonocel,,1,1,0,0,0,0,1,,fresh_offline_alignment,1,6.865033300360665,6.865033300360665,6.865033300360665,6.865033300360665,0.0,6.865033300360665,6.865033300360665,1,0.07005136020776188,0.07005136020776188,0.07005136020776188,0.07005136020776188,0.0,0.07005136020776188,0.07005136020776188,1,0.21726940001826733,0.21726940001826733,0.21726940001826733,0.21726940001826733,0.0,0.21726940001826733,0.21726940001826733,1,0.0,0.0,0.0,0.0,0.0,0.0,0.0,1,6.865033300360665,6.865033300360665,6.865033300360665,6.865033300360665,0.0,6.865033300360665,6.865033300360665,1,12.074082100065425,12.074082100065425,12.074082100065425,12.074082100065425,0.0,12.074082100065425,12.074082100065425
controlled_mutations_object_extra_item_relation_online,symbolic_smt,component_067_events_0063_objects_0031.jsonocel,,1,1,0,0,0,0,1,,fresh_offline_alignment,1,2.33008809981402,2.33008809981402,2.33008809981402,2.33008809981402,0.0,2.33008809981402,2.33008809981402,1,0.036985525393873335,0.036985525393873335,0.036985525393873335,0.036985525393873335,0.0,0.036985525393873335,0.036985525393873335,1,0.1266465000808239,0.1266465000808239,0.1266465000808239,0.1266465000808239,0.0,0.1266465000808239,0.1266465000808239,1,0.0,0.0,0.0,0.0,0.0,0.0,0.0,1,2.33008809981402,2.33008809981402,2.33008809981402,2.33008809981402,0.0,2.33008809981402,2.33008809981402,1,3.781684000045061,3.781684000045061,3.781684000045061,3.781684000045061,0.0,3.781684000045061,3.781684000045061
controlled_mutations_object_missing_item_relation_online,symbolic_smt,component_001_events_0030_objects_0020.jsonocel,,1,1,0,0,0,0,1,,fresh_offline_alignment,1,1.728019600152038,1.728019600152038,1.728019600152038,1.728019600152038,0.0,1.728019600152038,1.728019600152038,1,0.05760065333840127,0.05760065333840127,0.05760065333840127,0.05760065333840127,0.0,0.05760065333840127,0.05760065333840127,1,0.8037575000198558,0.8037575000198558,0.8037575000198558,0.8037575000198558,0.0,0.8037575000198558,0.8037575000198558,1,0.0,0.0,0.0,0.0,0.0,0.0,0.0,1,1.728019600152038,1.728019600152038,1.728019600152038,1.728019600152038,0.0,1.728019600152038,1.728019600152038,1,2.232273699948564,2.232273699948564,2.232273699948564,2.232273699948564,0.0,2.232273699948564,2.232273699948564
controlled_mutations_object_missing_item_relation_online,symbolic_smt,component_002_events_0028_objects_0013.jsonocel,,1,1,0,0,0,0,1,,fresh_offline_alignment,1,1.2917704997817054,1.2917704997817054,1.2917704997817054,1.2917704997817054,0.0,1.2917704997817054,1.2917704997817054,1,0.04613466070648948,0.04613466070648948,0.04613466070648948,0.04613466070648948,0.0,0.04613466070648948,0.04613466070648948,1,0.5140997000271454,0.5140997000271454,0.5140997000271454,0.5140997000271454,0.0,0.5140997000271454,0.5140997000271454,1,0.0,0.0,0.0,0.0,0.0,0.0,0.0,1,1.2917704997817054,1.2917704997817054,1.2917704997817054,1.2917704997817054,0.0,1.2917704997817054,1.2917704997817054,1,1.8397768998984247,1.8397768998984247,1.8397768998984247,1.8397768998984247,0.0,1.8397768998984247,1.8397768998984247
controlled_mutations_object_missing_item_relation_online,symbolic_smt,component_003_events_0022_objects_0011.jsonocel,,1,1,0,0,0,0,1,,fresh_offline_alignment,1,0.6454779000487179,0.6454779000487179,0.6454779000487179,0.6454779000487179,0.0,0.6454779000487179,0.6454779000487179,1,0.029339904547668993,0.029339904547668993,0.029339904547668993,0.029339904547668993,0.0,0.029339904547668993,0.029339904547668993,1,0.16701230010949075,0.16701230010949075,0.16701230010949075,0.16701230010949075,0.0,0.16701230010949075,0.16701230010949075,1,0.0,0.0,0.0,0.0,0.0,0.0,0.0,1,0.6454779000487179,0.6454779000487179,0.6454779000487179,0.6454779000487179,0.0,0.6454779000487179,0.6454779000487179,1,1.1438607000745833,1.1438607000745833,1.1438607000745833,1.1438607000745833,0.0,1.1438607000745833,1.1438607000745833
controlled_mutations_object_missing_item_relation_online,symbolic_smt,component_004_events_0013_objects_0009.jsonocel,,1,1,0,0,0,0,1,,fresh_offline_alignment,1,0.395557000185363,0.395557000185363,0.395557000185363,0.395557000185363,0.0,0.395557000185363,0.395557000185363,1,0.03042746155272023,0.03042746155272023,0.03042746155272023,0.03042746155272023,0.0,0.03042746155272023,0.03042746155272023,1,0.14611410000361502,0.14611410000361502,0.14611410000361502,0.14611410000361502,0.0,0.14611410000361502,0.14611410000361502,1,0.0,0.0,0.0,0.0,0.0,0.0,0.0,1,0.395557000185363,0.395557000185363,0.395557000185363,0.395557000185363,0.0,0.395557000185363,0.395557000185363,1,0.7278122999705374,0.7278122999705374,0.7278122999705374,0.7278122999705374,0.0,0.7278122999705374,0.7278122999705374
controlled_mutations_object_missing_item_relation_online,symbolic_smt,component_005_events_0035_objects_0016.jsonocel,,1,1,0,0,0,0,1,,fresh_offline_alignment,1,1.6401249003829435,1.6401249003829435,1.6401249003829435,1.6401249003829435,0.0,1.6401249003829435,1.6401249003829435,1,0.04686071143951267,0.04686071143951267,0.04686071143951267,0.04686071143951267,0.0,0.04686071143951267,0.04686071143951267,1,0.6288969999877736,0.6288969999877736,0.6288969999877736,0.6288969999877736,0.0,0.6288969999877736,0.6288969999877736,1,0.0,0.0,0.0,0.0,0.0,0.0,0.0,1,1.6401249003829435,1.6401249003829435,1.6401249003829435,1.6401249003829435,0.0,1.6401249003829435,1.6401249003829435,1,2.245064500020817,2.245064500020817,2.245064500020817,2.245064500020817,0.0,2.245064500020817,2.245064500020817
controlled_mutations_object_missing_item_relation_online,symbolic_smt,component_006_events_0031_objects_0015.jsonocel,,1,1,0,0,0,0,1,,fresh_offline_alignment,1,1.332738200086169,1.332738200086169,1.332738200086169,1.332738200086169,0.0,1.332738200086169,1.332738200086169,1,0.042991554841489324,0.042991554841489324,0.042991554841489324,0.042991554841489324,0.0,0.042991554841489324,0.042991554841489324,1,0.46738629997707903,0.46738629997707903,0.46738629997707903,0.46738629997707903,0.0,0.46738629997707903,0.46738629997707903,1,0.0,0.0,0.0,0.0,0.0,0.0,0.0,1,1.332738200086169,1.332738200086169,1.332738200086169,1.332738200086169,0.0,1.332738200086169,1.332738200086169,1,1.8392199999652803,1.8392199999652803,1.8392199999652803,1.8392199999652803,0.0,1.8392199999652803,1.8392199999652803
controlled_mutations_object_missing_item_relation_online,symbolic_smt,component_009_events_0015_objects_0008.jsonocel,,1,1,0,0,0,0,1,,fresh_offline_alignment,1,0.4176869000075385,0.4176869000075385,0.4176869000075385,0.4176869000075385,0.0,0.4176869000075385,0.4176869000075385,1,0.0278457933338359,0.0278457933338359,0.0278457933338359,0.0278457933338359,0.0,0.0278457933338359,0.0278457933338359,1,0.13128880003932863,0.13128880003932863,0.13128880003932863,0.13128880003932863,0.0,0.13128880003932863,0.13128880003932863,1,0.0,0.0,0.0,0.0,0.0,0.0,0.0,1,0.4176869000075385,0.4176869000075385,0.4176869000075385,0.4176869000075385,0.0,0.4176869000075385,0.4176869000075385,1,0.7288669000845402,0.7288669000845402,0.7288669000845402,0.7288669000845402,0.0,0.7288669000845402,0.7288669000845402
controlled_mutations_object_missing_item_relation_online,symbolic_smt,component_011_events_0028_objects_0017.jsonocel,,1,1,0,0,0,0,1,,fresh_offline_alignment,1,1.5068600999657065,1.5068600999657065,1.5068600999657065,1.5068600999657065,0.0,1.5068600999657065,1.5068600999657065,1,0.05381643214163238,0.05381643214163238,0.05381643214163238,0.05381643214163238,0.0,0.05381643214163238,0.05381643214163238,1,0.6752107000211254,0.6752107000211254,0.6752107000211254,0.6752107000211254,0.0,0.6752107000211254,0.6752107000211254,1,0.0,0.0,0.0,0.0,0.0,0.0,0.0,1,1.5068600999657065,1.5068600999657065,1.5068600999657065,1.5068600999657065,0.0,1.5068600999657065,1.5068600999657065,1,1.9351298999972641,1.9351298999972641,1.9351298999972641,1.9351298999972641,0.0,1.9351298999972641,1.9351298999972641
controlled_mutations_object_missing_item_relation_online,symbolic_smt,component_014_events_0102_objects_0053.jsonocel,,1,1,0,0,0,0,1,,fresh_offline_alignment,1,9.340226699598134,9.340226699598134,9.340226699598134,9.340226699598134,0.0,9.340226699598134,9.340226699598134,1,0.09157084999606013,0.09157084999606013,0.09157084999606013,0.09157084999606013,0.0,0.09157084999606013,0.09157084999606013,1,0.38430770009290427,0.38430770009290427,0.38430770009290427,0.38430770009290427,0.0,0.38430770009290427,0.38430770009290427,1,0.0,0.0,0.0,0.0,0.0,0.0,0.0,1,9.340226699598134,9.340226699598134,9.340226699598134,9.340226699598134,0.0,9.340226699598134,9.340226699598134,1,16.7095228000544,16.7095228000544,16.7095228000544,16.7095228000544,0.0,16.7095228000544,16.7095228000544
controlled_mutations_object_missing_item_relation_online,symbolic_smt,component_020_events_0022_objects_0009.jsonocel,,1,1,0,0,0,0,1,,fresh_offline_alignment,1,0.6223043004283682,0.6223043004283682,0.6223043004283682,0.6223043004283682,0.0,0.6223043004283682,0.6223043004283682,1,0.02828655911038037,0.02828655911038037,0.02828655911038037,0.02828655911038037,0.0,0.02828655911038037,0.02828655911038037,1,0.15131700003985316,0.15131700003985316,0.15131700003985316,0.15131700003985316,0.0,0.15131700003985316,0.15131700003985316,1,0.0,0.0,0.0,0.0,0.0,0.0,0.0,1,0.6223043004283682,0.6223043004283682,0.6223043004283682,0.6223043004283682,0.0,0.6223043004283682,0.6223043004283682,1,1.0634167999960482,1.0634167999960482,1.0634167999960482,1.0634167999960482,0.0,1.0634167999960482,1.0634167999960482
controlled_mutations_object_missing_item_relation_online,symbolic_smt,component_021_events_0013_objects_0005.jsonocel,,1,1,0,0,0,0,1,,fresh_offline_alignment,1,0.3538950001820922,0.3538950001820922,0.3538950001820922,0.3538950001820922,0.0,0.3538950001820922,0.3538950001820922,1,0.0272226923216994,0.0272226923216994,0.0272226923216994,0.0272226923216994,0.0,0.0272226923216994,0.0272226923216994,1,0.07831809995695949,0.07831809995695949,0.07831809995695949,0.07831809995695949,0.0,0.07831809995695949,0.07831809995695949,1,0.0,0.0,0.0,0.0,0.0,0.0,0.0,1,0.3538950001820922,0.3538950001820922,0.3538950001820922,0.3538950001820922,0.0,0.3538950001820922,0.3538950001820922,1,0.729126000078395,0.729126000078395,0.729126000078395,0.729126000078395,0.0,0.729126000078395,0.729126000078395
controlled_mutations_object_missing_item_relation_online,symbolic_smt,component_024_events_0010_objects_0005.jsonocel,,1,1,0,0,0,0,1,,fresh_offline_alignment,1,0.28275000012945384,0.28275000012945384,0.28275000012945384,0.28275000012945384,0.0,0.28275000012945384,0.28275000012945384,1,0.028275000012945382,0.028275000012945382,0.028275000012945382,0.028275000012945382,0.0,0.028275000012945382,0.028275000012945382,1,0.09290950000286102,0.09290950000286102,0.09290950000286102,0.09290950000286102,0.0,0.09290950000286102,0.09290950000286102,1,0.0,0.0,0.0,0.0,0.0,0.0,0.0,1,0.28275000012945384,0.28275000012945384,0.28275000012945384,0.28275000012945384,0.0,0.28275000012945384,0.28275000012945384,1,0.6234924000455067,0.6234924000455067,0.6234924000455067,0.6234924000455067,0.0,0.6234924000455067,0.6234924000455067
controlled_mutations_object_missing_item_relation_online,symbolic_smt,component_028_events_0012_objects_0008.jsonocel,,1,1,0,0,0,0,1,,fresh_offline_alignment,1,0.3617412999738008,0.3617412999738008,0.3617412999738008,0.3617412999738008,0.0,0.3617412999738008,0.3617412999738008,1,0.030145108331150066,0.030145108331150066,0.030145108331150066,0.030145108331150066,0.0,0.030145108331150066,0.030145108331150066,1,0.13100129994563758,0.13100129994563758,0.13100129994563758,0.13100129994563758,0.0,0.13100129994563758,0.13100129994563758,1,0.0,0.0,0.0,0.0,0.0,0.0,0.0,1,0.3617412999738008,0.3617412999738008,0.3617412999738008,0.3617412999738008,0.0,0.3617412999738008,0.3617412999738008,1,0.7216691999929026,0.7216691999929026,0.7216691999929026,0.7216691999929026,0.0,0.7216691999929026,0.7216691999929026
controlled_mutations_object_missing_item_relation_online,symbolic_smt,component_029_events_0021_objects_0010.jsonocel,,1,1,0,0,0,0,1,,fresh_offline_alignment,1,0.5717395000392571,0.5717395000392571,0.5717395000392571,0.5717395000392571,0.0,0.5717395000392571,0.5717395000392571,1,0.027225690478059863,0.027225690478059863,0.027225690478059863,0.027225690478059863,0.0,0.027225690478059863,0.027225690478059863,1,0.14604589994996786,0.14604589994996786,0.14604589994996786,0.14604589994996786,0.0,0.14604589994996786,0.14604589994996786,1,0.0,0.0,0.0,0.0,0.0,0.0,0.0,1,0.5717395000392571,0.5717395000392571,0.5717395000392571,0.5717395000392571,0.0,0.5717395000392571,0.5717395000392571,1,1.0318788000149652,1.0318788000149652,1.0318788000149652,1.0318788000149652,0.0,1.0318788000149652,1.0318788000149652
controlled_mutations_object_missing_item_relation_online,symbolic_smt,component_030_events_0061_objects_0033.jsonocel,,1,1,0,0,0,0,1,,fresh_offline_alignment,1,3.164422000059858,3.164422000059858,3.164422000059858,3.164422000059858,0.0,3.164422000059858,3.164422000059858,1,0.05187577049278456,0.05187577049278456,0.05187577049278456,0.05187577049278456,0.0,0.05187577049278456,0.05187577049278456,1,0.394304700079374,0.394304700079374,0.394304700079374,0.394304700079374,0.0,0.394304700079374,0.394304700079374,1,0.0,0.0,0.0,0.0,0.0,0.0,0.0,1,3.164422000059858,3.164422000059858,3.164422000059858,3.164422000059858,0.0,3.164422000059858,3.164422000059858,1,5.345723200007342,5.345723200007342,5.345723200007342,5.345723200007342,0.0,5.345723200007342,5.345723200007342
controlled_mutations_object_missing_item_relation_online,symbolic_smt,component_031_events_0009_objects_0005.jsonocel,,1,1,0,0,0,0,1,,fresh_offline_alignment,1,0.25666719989385456,0.25666719989385456,0.25666719989385456,0.25666719989385456,0.0,0.25666719989385456,0.25666719989385456,1,0.02851857776598384,0.02851857776598384,0.02851857776598384,0.02851857776598384,0.0,0.02851857776598384,0.02851857776598384,1,0.09395819995552301,0.09395819995552301,0.09395819995552301,0.09395819995552301,0.0,0.09395819995552301,0.09395819995552301,1,0.0,0.0,0.0,0.0,0.0,0.0,0.0,1,0.25666719989385456,0.25666719989385456,0.25666719989385456,0.25666719989385456,0.0,0.25666719989385456,0.25666719989385456,1,0.6339440000010654,0.6339440000010654,0.6339440000010654,0.6339440000010654,0.0,0.6339440000010654,0.6339440000010654
controlled_mutations_object_missing_item_relation_online,symbolic_smt,component_032_events_0007_objects_0003.jsonocel,,1,1,0,0,0,0,1,,fresh_offline_alignment,1,0.22877819975838065,0.22877819975838065,0.22877819975838065,0.22877819975838065,0.0,0.22877819975838065,0.22877819975838065,1,0.03268259996548295,0.03268259996548295,0.03268259996548295,0.03268259996548295,0.0,0.03268259996548295,0.03268259996548295,1,0.07468139997217804,0.07468139997217804,0.07468139997217804,0.07468139997217804,0.0,0.07468139997217804,0.07468139997217804,1,0.0,0.0,0.0,0.0,0.0,0.0,0.0,1,0.22877819975838065,0.22877819975838065,0.22877819975838065,0.22877819975838065,0.0,0.22877819975838065,0.22877819975838065,1,0.5231625000014901,0.5231625000014901,0.5231625000014901,0.5231625000014901,0.0,0.5231625000014901,0.5231625000014901
controlled_mutations_object_missing_item_relation_online,symbolic_smt,component_036_events_0017_objects_0008.jsonocel,,1,1,0,0,0,0,1,,fresh_offline_alignment,1,0.47008629993069917,0.47008629993069917,0.47008629993069917,0.47008629993069917,0.0,0.47008629993069917,0.47008629993069917,1,0.027652135290041128,0.027652135290041128,0.027652135290041128,0.027652135290041128,0.0,0.027652135290041128,0.027652135290041128,1,0.0992179000750184,0.0992179000750184,0.0992179000750184,0.0992179000750184,0.0,0.0992179000750184,0.0992179000750184,1,0.0,0.0,0.0,0.0,0.0,0.0,0.0,1,0.47008629993069917,0.47008629993069917,0.47008629993069917,0.47008629993069917,0.0,0.47008629993069917,0.47008629993069917,1,0.8252377000171691,0.8252377000171691,0.8252377000171691,0.8252377000171691,0.0,0.8252377000171691,0.8252377000171691
controlled_mutations_object_missing_item_relation_online,symbolic_smt,component_037_events_0012_objects_0006.jsonocel,,1,1,0,0,0,0,1,,fresh_offline_alignment,1,0.33342619985342026,0.33342619985342026,0.33342619985342026,0.33342619985342026,0.0,0.33342619985342026,0.33342619985342026,1,0.027785516654451687,0.027785516654451687,0.027785516654451687,0.027785516654451687,0.0,0.027785516654451687,0.027785516654451687,1,0.10626369994133711,0.10626369994133711,0.10626369994133711,0.10626369994133711,0.0,0.10626369994133711,0.10626369994133711,1,0.0,0.0,0.0,0.0,0.0,0.0,0.0,1,0.33342619985342026,0.33342619985342026,0.33342619985342026,0.33342619985342026,0.0,0.33342619985342026,0.33342619985342026,1,0.7272674000123516,0.7272674000123516,0.7272674000123516,0.7272674000123516,0.0,0.7272674000123516,0.7272674000123516
controlled_mutations_object_missing_item_relation_online,symbolic_smt,component_038_events_0008_objects_0004.jsonocel,,1,1,0,0,0,0,1,,fresh_offline_alignment,1,0.23257719993125647,0.23257719993125647,0.23257719993125647,0.23257719993125647,0.0,0.23257719993125647,0.23257719993125647,1,0.02907214999140706,0.02907214999140706,0.02907214999140706,0.02907214999140706,0.0,0.02907214999140706,0.02907214999140706,1,0.07640010002069175,0.07640010002069175,0.07640010002069175,0.07640010002069175,0.0,0.07640010002069175,0.07640010002069175,1,0.0,0.0,0.0,0.0,0.0,0.0,0.0,1,0.23257719993125647,0.23257719993125647,0.23257719993125647,0.23257719993125647,0.0,0.23257719993125647,0.23257719993125647,1,0.520868799998425,0.520868799998425,0.520868799998425,0.520868799998425,0.0,0.520868799998425,0.520868799998425
controlled_mutations_object_missing_item_relation_online,symbolic_smt,component_042_events_0009_objects_0005.jsonocel,,1,1,0,0,0,0,1,,fresh_offline_alignment,1,0.258270799764432,0.258270799764432,0.258270799764432,0.258270799764432,0.0,0.258270799764432,0.258270799764432,1,0.028696755529381335,0.028696755529381335,0.028696755529381335,0.028696755529381335,0.0,0.028696755529381335,0.028696755529381335,1,0.0929242999991402,0.0929242999991402,0.0929242999991402,0.0929242999991402,0.0,0.0929242999991402,0.0929242999991402,1,0.0,0.0,0.0,0.0,0.0,0.0,0.0,1,0.258270799764432,0.258270799764432,0.258270799764432,0.258270799764432,0.0,0.258270799764432,0.258270799764432,1,0.5190170999849215,0.5190170999849215,0.5190170999849215,0.5190170999849215,0.0,0.5190170999849215,0.5190170999849215
controlled_mutations_object_missing_item_relation_online,symbolic_smt,component_048_events_0011_objects_0007.jsonocel,,1,1,0,0,0,0,1,,fresh_offline_alignment,1,0.3267165998695418,0.3267165998695418,0.3267165998695418,0.3267165998695418,0.0,0.3267165998695418,0.3267165998695418,1,0.029701509079049258,0.029701509079049258,0.029701509079049258,0.029701509079049258,0.0,0.029701509079049258,0.029701509079049258,1,0.11985549994278699,0.11985549994278699,0.11985549994278699,0.11985549994278699,0.0,0.11985549994278699,0.11985549994278699,1,0.0,0.0,0.0,0.0,0.0,0.0,0.0,1,0.3267165998695418,0.3267165998695418,0.3267165998695418,0.3267165998695418,0.0,0.3267165998695418,0.3267165998695418,1,0.622165400069207,0.622165400069207,0.622165400069207,0.622165400069207,0.0,0.622165400069207,0.622165400069207
controlled_mutations_object_missing_item_relation_online,symbolic_smt,component_050_events_0008_objects_0004.jsonocel,,1,1,0,0,0,0,1,,fresh_offline_alignment,1,0.2312921998091042,0.2312921998091042,0.2312921998091042,0.2312921998091042,0.0,0.2312921998091042,0.2312921998091042,1,0.028911524976138026,0.028911524976138026,0.028911524976138026,0.028911524976138026,0.0,0.028911524976138026,0.028911524976138026,1,0.0770205999724567,0.0770205999724567,0.0770205999724567,0.0770205999724567,0.0,0.0770205999724567,0.0770205999724567,1,0.0,0.0,0.0,0.0,0.0,0.0,0.0,1,0.2312921998091042,0.2312921998091042,0.2312921998091042,0.2312921998091042,0.0,0.2312921998091042,0.2312921998091042,1,0.5210223998874426,0.5210223998874426,0.5210223998874426,0.5210223998874426,0.0,0.5210223998874426,0.5210223998874426
controlled_mutations_object_missing_item_relation_online,symbolic_smt,component_051_events_0011_objects_0007.jsonocel,,1,1,0,0,0,0,1,,fresh_offline_alignment,1,0.32294119999278337,0.32294119999278337,0.32294119999278337,0.32294119999278337,0.0,0.32294119999278337,0.32294119999278337,1,0.02935829090843485,0.02935829090843485,0.02935829090843485,0.02935829090843485,0.0,0.02935829090843485,0.02935829090843485,1,0.11847169999964535,0.11847169999964535,0.11847169999964535,0.11847169999964535,0.0,0.11847169999964535,0.11847169999964535,1,0.0,0.0,0.0,0.0,0.0,0.0,0.0,1,0.32294119999278337,0.32294119999278337,0.32294119999278337,0.32294119999278337,0.0,0.32294119999278337,0.32294119999278337,1,0.624348400044255,0.624348400044255,0.624348400044255,0.624348400044255,0.0,0.624348400044255,0.624348400044255
controlled_mutations_object_missing_item_relation_online,symbolic_smt,component_057_events_0011_objects_0005.jsonocel,,1,1,0,0,0,0,1,,fresh_offline_alignment,1,0.3122634997125715,0.3122634997125715,0.3122634997125715,0.3122634997125715,0.0,0.3122634997125715,0.3122634997125715,1,0.028387590882961045,0.028387590882961045,0.028387590882961045,0.028387590882961045,0.0,0.028387590882961045,0.028387590882961045,1,0.09839539998210967,0.09839539998210967,0.09839539998210967,0.09839539998210967,0.0,0.09839539998210967,0.09839539998210967,1,0.0,0.0,0.0,0.0,0.0,0.0,0.0,1,0.3122634997125715,0.3122634997125715,0.3122634997125715,0.3122634997125715,0.0,0.3122634997125715,0.3122634997125715,1,0.6249120000284165,0.6249120000284165,0.6249120000284165,0.6249120000284165,0.0,0.6249120000284165,0.6249120000284165
controlled_mutations_object_missing_item_relation_online,symbolic_smt,component_058_events_0009_objects_0005.jsonocel,,1,1,0,0,0,0,1,,fresh_offline_alignment,1,0.256186299957335,0.256186299957335,0.256186299957335,0.256186299957335,0.0,0.256186299957335,0.256186299957335,1,0.02846514443970389,0.02846514443970389,0.02846514443970389,0.02846514443970389,0.0,0.02846514443970389,0.02846514443970389,1,0.0912051999475807,0.0912051999475807,0.0912051999475807,0.0912051999475807,0.0,0.0912051999475807,0.0912051999475807,1,0.0,0.0,0.0,0.0,0.0,0.0,0.0,1,0.256186299957335,0.256186299957335,0.256186299957335,0.256186299957335,0.0,0.256186299957335,0.256186299957335,1,0.6242145999567583,0.6242145999567583,0.6242145999567583,0.6242145999567583,0.0,0.6242145999567583,0.6242145999567583
controlled_mutations_object_missing_item_relation_online,symbolic_smt,component_059_events_0010_objects_0006.jsonocel,,1,1,0,0,0,0,1,,fresh_offline_alignment,1,0.29932359990198165,0.29932359990198165,0.29932359990198165,0.29932359990198165,0.0,0.29932359990198165,0.29932359990198165,1,0.029932359990198165,0.029932359990198165,0.029932359990198165,0.029932359990198165,0.0,0.029932359990198165,0.029932359990198165,1,0.1081801000982523,0.1081801000982523,0.1081801000982523,0.1081801000982523,0.0,0.1081801000982523,0.1081801000982523,1,0.0,0.0,0.0,0.0,0.0,0.0,0.0,1,0.29932359990198165,0.29932359990198165,0.29932359990198165,0.29932359990198165,0.0,0.29932359990198165,0.29932359990198165,1,0.6265878999838606,0.6265878999838606,0.6265878999838606,0.6265878999838606,0.0,0.6265878999838606,0.6265878999838606
controlled_mutations_object_missing_item_relation_online,symbolic_smt,component_061_events_0007_objects_0003.jsonocel,,1,1,0,0,0,0,1,,fresh_offline_alignment,1,0.2256819998146966,0.2256819998146966,0.2256819998146966,0.2256819998146966,0.0,0.2256819998146966,0.2256819998146966,1,0.0322402856878138,0.0322402856878138,0.0322402856878138,0.0322402856878138,0.0,0.0322402856878138,0.0322402856878138,1,0.07549120008479804,0.07549120008479804,0.07549120008479804,0.07549120008479804,0.0,0.07549120008479804,0.07549120008479804,1,0.0,0.0,0.0,0.0,0.0,0.0,0.0,1,0.2256819998146966,0.2256819998146966,0.2256819998146966,0.2256819998146966,0.0,0.2256819998146966,0.2256819998146966,1,0.5229316001059487,0.5229316001059487,0.5229316001059487,0.5229316001059487,0.0,0.5229316001059487,0.5229316001059487
controlled_mutations_object_missing_item_relation_online,symbolic_smt,component_063_events_0035_objects_0019.jsonocel,,1,1,0,0,0,0,1,,fresh_offline_alignment,1,1.7368327995063737,1.7368327995063737,1.7368327995063737,1.7368327995063737,0.0,1.7368327995063737,1.7368327995063737,1,0.04962379427161068,0.04962379427161068,0.04962379427161068,0.04962379427161068,0.0,0.04962379427161068,0.04962379427161068,1,0.6698136999038979,0.6698136999038979,0.6698136999038979,0.6698136999038979,0.0,0.6698136999038979,0.6698136999038979,1,0.0,0.0,0.0,0.0,0.0,0.0,0.0,1,1.7368327995063737,1.7368327995063737,1.7368327995063737,1.7368327995063737,0.0,1.7368327995063737,1.7368327995063737,1,2.3455101000145078,2.3455101000145078,2.3455101000145078,2.3455101000145078,0.0,2.3455101000145078,2.3455101000145078
controlled_mutations_object_missing_item_relation_online,symbolic_smt,component_064_events_0116_objects_0055.jsonocel,,1,1,0,0,0,0,1,,fresh_offline_alignment,1,10.751469200127758,10.751469200127758,10.751469200127758,10.751469200127758,0.0,10.751469200127758,10.751469200127758,1,0.09268507931144619,0.09268507931144619,0.09268507931144619,0.09268507931144619,0.0,0.09268507931144619,0.09268507931144619,1,0.69761550007388,0.69761550007388,0.69761550007388,0.69761550007388,0.0,0.69761550007388,0.69761550007388,1,0.0,0.0,0.0,0.0,0.0,0.0,0.0,1,10.751469200127758,10.751469200127758,10.751469200127758,10.751469200127758,0.0,10.751469200127758,10.751469200127758,1,18.401695199892856,18.401695199892856,18.401695199892856,18.401695199892856,0.0,18.401695199892856,18.401695199892856
controlled_mutations_object_missing_item_relation_online,symbolic_smt,component_065_events_0098_objects_0050.jsonocel,,1,1,0,0,0,0,1,,fresh_offline_alignment,1,6.929656699765474,6.929656699765474,6.929656699765474,6.929656699765474,0.0,6.929656699765474,6.929656699765474,1,0.0707107826506681,0.0707107826506681,0.0707107826506681,0.0707107826506681,0.0,0.0707107826506681,0.0707107826506681,1,0.538124099955894,0.538124099955894,0.538124099955894,0.538124099955894,0.0,0.538124099955894,0.538124099955894,1,0.0,0.0,0.0,0.0,0.0,0.0,0.0,1,6.929656699765474,6.929656699765474,6.929656699765474,6.929656699765474,0.0,6.929656699765474,6.929656699765474,1,11.73402850003913,11.73402850003913,11.73402850003913,11.73402850003913,0.0,11.73402850003913,11.73402850003913
controlled_mutations_object_missing_item_relation_online,symbolic_smt,component_066_events_0011_objects_0006.jsonocel,,1,1,0,0,0,0,1,,fresh_offline_alignment,1,0.3082029002252966,0.3082029002252966,0.3082029002252966,0.3082029002252966,0.0,0.3082029002252966,0.3082029002252966,1,0.028018445475026965,0.028018445475026965,0.028018445475026965,0.028018445475026965,0.0,0.028018445475026965,0.028018445475026965,1,0.10456360003445297,0.10456360003445297,0.10456360003445297,0.10456360003445297,0.0,0.10456360003445297,0.10456360003445297,1,0.0,0.0,0.0,0.0,0.0,0.0,0.0,1,0.3082029002252966,0.3082029002252966,0.3082029002252966,0.3082029002252966,0.0,0.3082029002252966,0.3082029002252966,1,0.644608199945651,0.644608199945651,0.644608199945651,0.644608199945651,0.0,0.644608199945651,0.644608199945651
controlled_mutations_object_missing_item_relation_online,symbolic_smt,component_067_events_0063_objects_0031.jsonocel,,1,1,0,0,0,0,1,,fresh_offline_alignment,1,2.8460616999072954,2.8460616999072954,2.8460616999072954,2.8460616999072954,0.0,2.8460616999072954,2.8460616999072954,1,0.04517558253821104,0.04517558253821104,0.04517558253821104,0.04517558253821104,0.0,0.04517558253821104,0.04517558253821104,1,0.43514980003237724,0.43514980003237724,0.43514980003237724,0.43514980003237724,0.0,0.43514980003237724,0.43514980003237724,1,0.0,0.0,0.0,0.0,0.0,0.0,0.0,1,2.8460616999072954,2.8460616999072954,2.8460616999072954,2.8460616999072954,0.0,2.8460616999072954,2.8460616999072954,1,4.40356869995594,4.40356869995594,4.40356869995594,4.40356869995594,0.0,4.40356869995594,4.40356869995594
controlled_mutations_object_missing_item_relation_online,symbolic_smt,component_068_events_0009_objects_0005.jsonocel,,1,1,0,0,0,0,1,,fresh_offline_alignment,1,0.2626212000614032,0.2626212000614032,0.2626212000614032,0.2626212000614032,0.0,0.2626212000614032,0.2626212000614032,1,0.029180133340155914,0.029180133340155914,0.029180133340155914,0.029180133340155914,0.0,0.029180133340155914,0.029180133340155914,1,0.09304369997698814,0.09304369997698814,0.09304369997698814,0.09304369997698814,0.0,0.09304369997698814,0.09304369997698814,1,0.0,0.0,0.0,0.0,0.0,0.0,0.0,1,0.2626212000614032,0.2626212000614032,0.2626212000614032,0.2626212000614032,0.0,0.2626212000614032,0.2626212000614032,1,0.6271612000418827,0.6271612000418827,0.6271612000418827,0.6271612000418827,0.0,0.6271612000418827,0.6271612000418827
deviation_scale_extended_online,symbolic_smt,products_020_budget.jsonocel,20,1,1,0,0,0,0,1,,fresh_offline_alignment,1,6.712326099979691,6.712326099979691,6.712326099979691,6.712326099979691,0.0,6.712326099979691,6.712326099979691,1,0.2918402652165083,0.2918402652165083,0.2918402652165083,0.2918402652165083,0.0,0.2918402652165083,0.2918402652165083,1,2.7479751999489963,2.7479751999489963,2.7479751999489963,2.7479751999489963,0.0,2.7479751999489963,2.7479751999489963,1,0.0,0.0,0.0,0.0,0.0,0.0,0.0,1,6.712326099979691,6.712326099979691,6.712326099979691,6.712326099979691,0.0,6.712326099979691,6.712326099979691,1,7.4467297999653965,7.4467297999653965,7.4467297999653965,7.4467297999653965,0.0,7.4467297999653965,7.4467297999653965
deviation_scale_extended_online,symbolic_smt,products_020_cost.jsonocel,20,1,1,0,0,0,0,1,,fresh_offline_alignment,1,7.0080121998908,7.0080121998908,7.0080121998908,7.0080121998908,0.0,7.0080121998908,7.0080121998908,1,0.3046961826039478,0.3046961826039478,0.3046961826039478,0.3046961826039478,0.0,0.3046961826039478,0.3046961826039478,1,2.980924200033769,2.980924200033769,2.980924200033769,2.980924200033769,0.0,2.980924200033769,2.980924200033769,1,0.0,0.0,0.0,0.0,0.0,0.0,0.0,1,7.0080121998908,7.0080121998908,7.0080121998908,7.0080121998908,0.0,7.0080121998908,7.0080121998908,1,7.845210299943574,7.845210299943574,7.845210299943574,7.845210299943574,0.0,7.845210299943574,7.845210299943574
deviation_scale_extended_online,symbolic_smt,products_020_early_place_data.jsonocel,20,1,0,0,0,0,0,,,fresh_offline_alignment,1,0.0,0.0,0.0,0.0,0.0,0.0,0.0,1,0.0,0.0,0.0,0.0,0.0,0.0,0.0,1,0.0,0.0,0.0,0.0,0.0,0.0,0.0,,,,,,,,,1,0.0,0.0,0.0,0.0,0.0,0.0,0.0,1,60.53378860000521,60.53378860000521,60.53378860000521,60.53378860000521,0.0,60.53378860000521,60.53378860000521
deviation_scale_extended_online,symbolic_smt,products_020_fit.jsonocel,20,1,1,0,0,0,0,0,,fresh_offline_alignment,1,9.69079860043712,9.69079860043712,9.69079860043712,9.69079860043712,0.0,9.69079860043712,9.69079860043712,1,0.42133906958422257,0.42133906958422257,0.42133906958422257,0.42133906958422257,0.0,0.42133906958422257,0.42133906958422257,1,4.6156651000492275,4.6156651000492275,4.6156651000492275,4.6156651000492275,0.0,4.6156651000492275,4.6156651000492275,1,0.0,0.0,0.0,0.0,0.0,0.0,0.0,1,9.69079860043712,9.69079860043712,9.69079860043712,9.69079860043712,0.0,9.69079860043712,9.69079860043712,1,11.514272299944423,11.514272299944423,11.514272299944423,11.514272299944423,0.0,11.514272299944423,11.514272299944423
deviation_scale_extended_online,symbolic_smt,products_020_late_ship_data.jsonocel,20,1,1,0,0,0,0,1,,fresh_offline_alignment,1,8.516293300199322,8.516293300199322,8.516293300199322,8.516293300199322,0.0,8.516293300199322,8.516293300199322,1,0.3702736217477966,0.3702736217477966,0.3702736217477966,0.3702736217477966,0.0,0.3702736217477966,0.3702736217477966,1,4.2441279999911785,4.2441279999911785,4.2441279999911785,4.2441279999911785,0.0,4.2441279999911785,4.2441279999911785,1,0.0,0.0,0.0,0.0,0.0,0.0,0.0,1,8.516293300199322,8.516293300199322,8.516293300199322,8.516293300199322,0.0,8.516293300199322,8.516293300199322,1,9.374708899995312,9.374708899995312,9.374708899995312,9.374708899995312,0.0,9.374708899995312,9.374708899995312
deviation_scale_extended_online,symbolic_smt,products_020_priority.jsonocel,20,1,1,0,0,0,0,1,,fresh_offline_alignment,1,9.10212880000472,9.10212880000472,9.10212880000472,9.10212880000472,0.0,9.10212880000472,9.10212880000472,1,0.39574473043498787,0.39574473043498787,0.39574473043498787,0.39574473043498787,0.0,0.39574473043498787,0.39574473043498787,1,4.207663799985312,4.207663799985312,4.207663799985312,4.207663799985312,0.0,4.207663799985312,4.207663799985312,1,0.0,0.0,0.0,0.0,0.0,0.0,0.0,1,9.10212880000472,9.10212880000472,9.10212880000472,9.10212880000472,0.0,9.10212880000472,9.10212880000472,1,9.963652499951422,9.963652499951422,9.963652499951422,9.963652499951422,0.0,9.963652499951422,9.963652499951422
deviation_scale_extended_online,symbolic_smt,products_020_vip.jsonocel,20,1,0,0,0,0,0,,,fresh_offline_alignment,1,0.0,0.0,0.0,0.0,0.0,0.0,0.0,1,0.0,0.0,0.0,0.0,0.0,0.0,0.0,1,0.0,0.0,0.0,0.0,0.0,0.0,0.0,,,,,,,,,1,0.0,0.0,0.0,0.0,0.0,0.0,0.0,1,60.50620699999854,60.50620699999854,60.50620699999854,60.50620699999854,0.0,60.50620699999854,60.50620699999854
deviation_scale_online,symbolic_smt,products_001_budget.jsonocel,1,1,1,0,0,0,0,1,,fresh_offline_alignment,1,0.8682162000332028,0.8682162000332028,0.8682162000332028,0.8682162000332028,0.0,0.8682162000332028,0.8682162000332028,1,0.2170540500083007,0.2170540500083007,0.2170540500083007,0.2170540500083007,0.0,0.2170540500083007,0.2170540500083007,1,0.33712799998465925,0.33712799998465925,0.33712799998465925,0.33712799998465925,0.0,0.33712799998465925,0.33712799998465925,1,0.0,0.0,0.0,0.0,0.0,0.0,0.0,1,0.8682162000332028,0.8682162000332028,0.8682162000332028,0.8682162000332028,0.0,0.8682162000332028,0.8682162000332028,1,1.2855024000164121,1.2855024000164121,1.2855024000164121,1.2855024000164121,0.0,1.2855024000164121,1.2855024000164121
deviation_scale_online,symbolic_smt,products_001_cost.jsonocel,1,1,1,0,0,0,0,1,,fresh_offline_alignment,1,0.8759862999431789,0.8759862999431789,0.8759862999431789,0.8759862999431789,0.0,0.8759862999431789,0.8759862999431789,1,0.21899657498579472,0.21899657498579472,0.21899657498579472,0.21899657498579472,0.0,0.21899657498579472,0.21899657498579472,1,0.3376573999412358,0.3376573999412358,0.3376573999412358,0.3376573999412358,0.0,0.3376573999412358,0.3376573999412358,1,0.0,0.0,0.0,0.0,0.0,0.0,0.0,1,0.8759862999431789,0.8759862999431789,0.8759862999431789,0.8759862999431789,0.0,0.8759862999431789,0.8759862999431789,1,1.2816181000089273,1.2816181000089273,1.2816181000089273,1.2816181000089273,0.0,1.2816181000089273,1.2816181000089273
deviation_scale_online,symbolic_smt,products_001_early_place_data.jsonocel,1,1,1,0,0,0,0,1,,fresh_offline_alignment,1,0.9065780000528321,0.9065780000528321,0.9065780000528321,0.9065780000528321,0.0,0.9065780000528321,0.9065780000528321,1,0.22664450001320802,0.22664450001320802,0.22664450001320802,0.22664450001320802,0.0,0.22664450001320802,0.22664450001320802,1,0.3413141999626532,0.3413141999626532,0.3413141999626532,0.3413141999626532,0.0,0.3413141999626532,0.3413141999626532,1,0.0,0.0,0.0,0.0,0.0,0.0,0.0,1,0.9065780000528321,0.9065780000528321,0.9065780000528321,0.9065780000528321,0.0,0.9065780000528321,0.9065780000528321,1,1.3023096000542864,1.3023096000542864,1.3023096000542864,1.3023096000542864,0.0,1.3023096000542864,1.3023096000542864
deviation_scale_online,symbolic_smt,products_001_fit.jsonocel,1,1,1,0,0,0,0,0,,fresh_offline_alignment,1,0.8647436000173911,0.8647436000173911,0.8647436000173911,0.8647436000173911,0.0,0.8647436000173911,0.8647436000173911,1,0.2161859000043478,0.2161859000043478,0.2161859000043478,0.2161859000043478,0.0,0.2161859000043478,0.2161859000043478,1,0.334421299980022,0.334421299980022,0.334421299980022,0.334421299980022,0.0,0.334421299980022,0.334421299980022,1,0.0,0.0,0.0,0.0,0.0,0.0,0.0,1,0.8647436000173911,0.8647436000173911,0.8647436000173911,0.8647436000173911,0.0,0.8647436000173911,0.8647436000173911,1,1.2891515999799594,1.2891515999799594,1.2891515999799594,1.2891515999799594,0.0,1.2891515999799594,1.2891515999799594
deviation_scale_online,symbolic_smt,products_001_late_ship_data.jsonocel,1,1,1,0,0,0,0,1,,fresh_offline_alignment,1,0.8787096999585629,0.8787096999585629,0.8787096999585629,0.8787096999585629,0.0,0.8787096999585629,0.8787096999585629,1,0.2196774249896407,0.2196774249896407,0.2196774249896407,0.2196774249896407,0.0,0.2196774249896407,0.2196774249896407,1,0.33968680002726614,0.33968680002726614,0.33968680002726614,0.33968680002726614,0.0,0.33968680002726614,0.33968680002726614,1,0.0,0.0,0.0,0.0,0.0,0.0,0.0,1,0.8787096999585629,0.8787096999585629,0.8787096999585629,0.8787096999585629,0.0,0.8787096999585629,0.8787096999585629,1,1.2818864000728354,1.2818864000728354,1.2818864000728354,1.2818864000728354,0.0,1.2818864000728354,1.2818864000728354
deviation_scale_online,symbolic_smt,products_001_priority.jsonocel,1,1,1,0,0,0,0,1,,fresh_offline_alignment,1,0.878820699872449,0.878820699872449,0.878820699872449,0.878820699872449,0.0,0.878820699872449,0.878820699872449,1,0.21970517496811226,0.21970517496811226,0.21970517496811226,0.21970517496811226,0.0,0.21970517496811226,0.21970517496811226,1,0.3488749999087304,0.3488749999087304,0.3488749999087304,0.3488749999087304,0.0,0.3488749999087304,0.3488749999087304,1,0.0,0.0,0.0,0.0,0.0,0.0,0.0,1,0.878820699872449,0.878820699872449,0.878820699872449,0.878820699872449,0.0,0.878820699872449,0.878820699872449,1,1.2863919000374153,1.2863919000374153,1.2863919000374153,1.2863919000374153,0.0,1.2863919000374153,1.2863919000374153
deviation_scale_online,symbolic_smt,products_001_vip.jsonocel,1,1,1,0,0,0,0,1,,fresh_offline_alignment,1,0.905020899954252,0.905020899954252,0.905020899954252,0.905020899954252,0.0,0.905020899954252,0.905020899954252,1,0.226255224988563,0.226255224988563,0.226255224988563,0.226255224988563,0.0,0.226255224988563,0.226255224988563,1,0.3385304999537766,0.3385304999537766,0.3385304999537766,0.3385304999537766,0.0,0.3385304999537766,0.3385304999537766,1,0.0,0.0,0.0,0.0,0.0,0.0,0.0,1,0.905020899954252,0.905020899954252,0.905020899954252,0.905020899954252,0.0,0.905020899954252,0.905020899954252,1,1.28659399994649,1.28659399994649,1.28659399994649,1.28659399994649,0.0,1.28659399994649,1.28659399994649
deviation_scale_online,symbolic_smt,products_002_budget.jsonocel,2,1,1,0,0,0,0,1,,fresh_offline_alignment,1,1.1041874000802636,1.1041874000802636,1.1041874000802636,1.1041874000802636,0.0,1.1041874000802636,1.1041874000802636,1,0.22083748001605272,0.22083748001605272,0.22083748001605272,0.22083748001605272,0.0,0.22083748001605272,0.22083748001605272,1,0.41004240000620484,0.41004240000620484,0.41004240000620484,0.41004240000620484,0.0,0.41004240000620484,0.41004240000620484,1,0.0,0.0,0.0,0.0,0.0,0.0,0.0,1,1.1041874000802636,1.1041874000802636,1.1041874000802636,1.1041874000802636,0.0,1.1041874000802636,1.1041874000802636,1,2.437039399985224,2.437039399985224,2.437039399985224,2.437039399985224,0.0,2.437039399985224,2.437039399985224
deviation_scale_online,symbolic_smt,products_002_cost.jsonocel,2,1,1,0,0,0,0,1,,fresh_offline_alignment,1,1.091469399863854,1.091469399863854,1.091469399863854,1.091469399863854,0.0,1.091469399863854,1.091469399863854,1,0.2182938799727708,0.2182938799727708,0.2182938799727708,0.2182938799727708,0.0,0.2182938799727708,0.2182938799727708,1,0.4098079000832513,0.4098079000832513,0.4098079000832513,0.4098079000832513,0.0,0.4098079000832513,0.4098079000832513,1,0.0,0.0,0.0,0.0,0.0,0.0,0.0,1,1.091469399863854,1.091469399863854,1.091469399863854,1.091469399863854,0.0,1.091469399863854,1.091469399863854,1,1.4848913999740034,1.4848913999740034,1.4848913999740034,1.4848913999740034,0.0,1.4848913999740034,1.4848913999740034
deviation_scale_online,symbolic_smt,products_002_early_place_data.jsonocel,2,1,1,0,0,0,0,1,,fresh_offline_alignment,1,1.1905788999283686,1.1905788999283686,1.1905788999283686,1.1905788999283686,0.0,1.1905788999283686,1.1905788999283686,1,0.23811577998567374,0.23811577998567374,0.23811577998567374,0.23811577998567374,0.0,0.23811577998567374,0.23811577998567374,1,0.40956739999819547,0.40956739999819547,0.40956739999819547,0.40956739999819547,0.0,0.40956739999819547,0.40956739999819547,1,0.0,0.0,0.0,0.0,0.0,0.0,0.0,1,1.1905788999283686,1.1905788999283686,1.1905788999283686,1.1905788999283686,0.0,1.1905788999283686,1.1905788999283686,1,1.6034442000091076,1.6034442000091076,1.6034442000091076,1.6034442000091076,0.0,1.6034442000091076,1.6034442000091076
deviation_scale_online,symbolic_smt,products_002_fit.jsonocel,2,1,1,0,0,0,0,0,,fresh_offline_alignment,1,1.0673028999008238,1.0673028999008238,1.0673028999008238,1.0673028999008238,0.0,1.0673028999008238,1.0673028999008238,1,0.21346057998016477,0.21346057998016477,0.21346057998016477,0.21346057998016477,0.0,0.21346057998016477,0.21346057998016477,1,0.40029550006147474,0.40029550006147474,0.40029550006147474,0.40029550006147474,0.0,0.40029550006147474,0.40029550006147474,1,0.0,0.0,0.0,0.0,0.0,0.0,0.0,1,1.0673028999008238,1.0673028999008238,1.0673028999008238,1.0673028999008238,0.0,1.0673028999008238,1.0673028999008238,1,1.482693300000392,1.482693300000392,1.482693300000392,1.482693300000392,0.0,1.482693300000392,1.482693300000392
deviation_scale_online,symbolic_smt,products_002_late_ship_data.jsonocel,2,1,1,0,0,0,0,1,,fresh_offline_alignment,1,1.0818385999882594,1.0818385999882594,1.0818385999882594,1.0818385999882594,0.0,1.0818385999882594,1.0818385999882594,1,0.21636771999765186,0.21636771999765186,0.21636771999765186,0.21636771999765186,0.0,0.21636771999765186,0.21636771999765186,1,0.4084042999893427,0.4084042999893427,0.4084042999893427,0.4084042999893427,0.0,0.4084042999893427,0.4084042999893427,1,0.0,0.0,0.0,0.0,0.0,0.0,0.0,1,1.0818385999882594,1.0818385999882594,1.0818385999882594,1.0818385999882594,0.0,1.0818385999882594,1.0818385999882594,1,1.4848934999899939,1.4848934999899939,1.4848934999899939,1.4848934999899939,0.0,1.4848934999899939,1.4848934999899939
deviation_scale_online,symbolic_smt,products_002_priority.jsonocel,2,1,1,0,0,0,0,1,,fresh_offline_alignment,1,1.0793931999942288,1.0793931999942288,1.0793931999942288,1.0793931999942288,0.0,1.0793931999942288,1.0793931999942288,1,0.21587863999884577,0.21587863999884577,0.21587863999884577,0.21587863999884577,0.0,0.21587863999884577,0.21587863999884577,1,0.3996917000040412,0.3996917000040412,0.3996917000040412,0.3996917000040412,0.0,0.3996917000040412,0.3996917000040412,1,0.0,0.0,0.0,0.0,0.0,0.0,0.0,1,1.0793931999942288,1.0793931999942288,1.0793931999942288,1.0793931999942288,0.0,1.0793931999942288,1.0793931999942288,1,1.4864055999787524,1.4864055999787524,1.4864055999787524,1.4864055999787524,0.0,1.4864055999787524,1.4864055999787524
deviation_scale_online,symbolic_smt,products_002_vip.jsonocel,2,1,1,0,0,0,0,1,,fresh_offline_alignment,1,1.1672848998568952,1.1672848998568952,1.1672848998568952,1.1672848998568952,0.0,1.1672848998568952,1.1672848998568952,1,0.23345697997137904,0.23345697997137904,0.23345697997137904,0.23345697997137904,0.0,0.23345697997137904,0.23345697997137904,1,0.3965827999636531,0.3965827999636531,0.3965827999636531,0.3965827999636531,0.0,0.3965827999636531,0.3965827999636531,1,0.0,0.0,0.0,0.0,0.0,0.0,0.0,1,1.1672848998568952,1.1672848998568952,1.1672848998568952,1.1672848998568952,0.0,1.1672848998568952,1.1672848998568952,1,1.5999954000581056,1.5999954000581056,1.5999954000581056,1.5999954000581056,0.0,1.5999954000581056,1.5999954000581056
deviation_scale_online,symbolic_smt,products_005_budget.jsonocel,5,1,1,0,0,0,0,1,,fresh_offline_alignment,1,1.7678916999138892,1.7678916999138892,1.7678916999138892,1.7678916999138892,0.0,1.7678916999138892,1.7678916999138892,1,0.22098646248923615,0.22098646248923615,0.22098646248923615,0.22098646248923615,0.0,0.22098646248923615,0.22098646248923615,1,0.6442230000393465,0.6442230000393465,0.6442230000393465,0.6442230000393465,0.0,0.6442230000393465,0.6442230000393465,1,0.0,0.0,0.0,0.0,0.0,0.0,0.0,1,1.7678916999138892,1.7678916999138892,1.7678916999138892,1.7678916999138892,0.0,1.7678916999138892,1.7678916999138892,1,2.193174400017597,2.193174400017597,2.193174400017597,2.193174400017597,0.0,2.193174400017597,2.193174400017597
deviation_scale_online,symbolic_smt,products_005_cost.jsonocel,5,1,1,0,0,0,0,1,,fresh_offline_alignment,1,1.7757354999193922,1.7757354999193922,1.7757354999193922,1.7757354999193922,0.0,1.7757354999193922,1.7757354999193922,1,0.22196693748992402,0.22196693748992402,0.22196693748992402,0.22196693748992402,0.0,0.22196693748992402,0.22196693748992402,1,0.6344578999560326,0.6344578999560326,0.6344578999560326,0.6344578999560326,0.0,0.6344578999560326,0.6344578999560326,1,0.0,0.0,0.0,0.0,0.0,0.0,0.0,1,1.7757354999193922,1.7757354999193922,1.7757354999193922,1.7757354999193922,0.0,1.7757354999193922,1.7757354999193922,1,2.1934916999889538,2.1934916999889538,2.1934916999889538,2.1934916999889538,0.0,2.1934916999889538,2.1934916999889538
deviation_scale_online,symbolic_smt,products_005_early_place_data.jsonocel,5,1,1,0,0,0,0,1,,fresh_offline_alignment,1,2.7177662999602035,2.7177662999602035,2.7177662999602035,2.7177662999602035,0.0,2.7177662999602035,2.7177662999602035,1,0.33972078749502543,0.33972078749502543,0.33972078749502543,0.33972078749502543,0.0,0.33972078749502543,0.33972078749502543,1,1.2771488999715075,1.2771488999715075,1.2771488999715075,1.2771488999715075,0.0,1.2771488999715075,1.2771488999715075,1,0.0,0.0,0.0,0.0,0.0,0.0,0.0,1,2.7177662999602035,2.7177662999602035,2.7177662999602035,2.7177662999602035,0.0,2.7177662999602035,2.7177662999602035,1,3.1868662999477237,3.1868662999477237,3.1868662999477237,3.1868662999477237,0.0,3.1868662999477237,3.1868662999477237
deviation_scale_online,symbolic_smt,products_005_fit.jsonocel,5,1,1,0,0,0,0,0,,fresh_offline_alignment,1,1.7441774999024346,1.7441774999024346,1.7441774999024346,1.7441774999024346,0.0,1.7441774999024346,1.7441774999024346,1,0.21802218748780433,0.21802218748780433,0.21802218748780433,0.21802218748780433,0.0,0.21802218748780433,0.21802218748780433,1,0.6262538000009954,0.6262538000009954,0.6262538000009954,0.6262538000009954,0.0,0.6262538000009954,0.6262538000009954,1,0.0,0.0,0.0,0.0,0.0,0.0,0.0,1,1.7441774999024346,1.7441774999024346,1.7441774999024346,1.7441774999024346,0.0,1.7441774999024346,1.7441774999024346,1,2.1854269000468776,2.1854269000468776,2.1854269000468776,2.1854269000468776,0.0,2.1854269000468776,2.1854269000468776
deviation_scale_online,symbolic_smt,products_005_late_ship_data.jsonocel,5,1,1,0,0,0,0,1,,fresh_offline_alignment,1,1.7650265000993386,1.7650265000993386,1.7650265000993386,1.7650265000993386,0.0,1.7650265000993386,1.7650265000993386,1,0.22062831251241732,0.22062831251241732,0.22062831251241732,0.22062831251241732,0.0,0.22062831251241732,0.22062831251241732,1,0.6427924999734387,0.6427924999734387,0.6427924999734387,0.6427924999734387,0.0,0.6427924999734387,0.6427924999734387,1,0.0,0.0,0.0,0.0,0.0,0.0,0.0,1,1.7650265000993386,1.7650265000993386,1.7650265000993386,1.7650265000993386,0.0,1.7650265000993386,1.7650265000993386,1,2.187483699992299,2.187483699992299,2.187483699992299,2.187483699992299,0.0,2.187483699992299,2.187483699992299
deviation_scale_online,symbolic_smt,products_005_priority.jsonocel,5,1,1,0,0,0,0,1,,fresh_offline_alignment,1,1.7445347999455407,1.7445347999455407,1.7445347999455407,1.7445347999455407,0.0,1.7445347999455407,1.7445347999455407,1,0.2180668499931926,0.2180668499931926,0.2180668499931926,0.2180668499931926,0.0,0.2180668499931926,0.2180668499931926,1,0.6268413999350742,0.6268413999350742,0.6268413999350742,0.6268413999350742,0.0,0.6268413999350742,0.6268413999350742,1,0.0,0.0,0.0,0.0,0.0,0.0,0.0,1,1.7445347999455407,1.7445347999455407,1.7445347999455407,1.7445347999455407,0.0,1.7445347999455407,1.7445347999455407,1,2.185116400010884,2.185116400010884,2.185116400010884,2.185116400010884,0.0,2.185116400010884,2.185116400010884
deviation_scale_online,symbolic_smt,products_005_vip.jsonocel,5,1,1,0,0,0,0,1,,fresh_offline_alignment,1,2.6795702000381425,2.6795702000381425,2.6795702000381425,2.6795702000381425,0.0,2.6795702000381425,2.6795702000381425,1,0.3349462750047678,0.3349462750047678,0.3349462750047678,0.3349462750047678,0.0,0.3349462750047678,0.3349462750047678,1,1.2642533000325784,1.2642533000325784,1.2642533000325784,1.2642533000325784,0.0,1.2642533000325784,1.2642533000325784,1,0.0,0.0,0.0,0.0,0.0,0.0,0.0,1,2.6795702000381425,2.6795702000381425,2.6795702000381425,2.6795702000381425,0.0,2.6795702000381425,2.6795702000381425,1,3.0974446999607608,3.0974446999607608,3.0974446999607608,3.0974446999607608,0.0,3.0974446999607608,3.0974446999607608
deviation_scale_online,symbolic_smt,products_010_budget.jsonocel,10,1,1,0,0,0,0,1,,fresh_offline_alignment,1,3.0231476997723803,3.0231476997723803,3.0231476997723803,3.0231476997723803,0.0,3.0231476997723803,3.0231476997723803,1,0.23254982305941388,0.23254982305941388,0.23254982305941388,0.23254982305941388,0.0,0.23254982305941388,0.23254982305941388,1,1.1191216999432072,1.1191216999432072,1.1191216999432072,1.1191216999432072,0.0,1.1191216999432072,1.1191216999432072,1,0.0,0.0,0.0,0.0,0.0,0.0,0.0,1,3.0231476997723803,3.0231476997723803,3.0231476997723803,3.0231476997723803,0.0,3.0231476997723803,3.0231476997723803,1,3.4989176000235602,3.4989176000235602,3.4989176000235602,3.4989176000235602,0.0,3.4989176000235602,3.4989176000235602
deviation_scale_online,symbolic_smt,products_010_cost.jsonocel,10,1,1,0,0,0,0,1,,fresh_offline_alignment,1,3.2048322001937777,3.2048322001937777,3.2048322001937777,3.2048322001937777,0.0,3.2048322001937777,3.2048322001937777,1,0.24652555386105982,0.24652555386105982,0.24652555386105982,0.24652555386105982,0.0,0.24652555386105982,0.24652555386105982,1,1.2535398999461904,1.2535398999461904,1.2535398999461904,1.2535398999461904,0.0,1.2535398999461904,1.2535398999461904,1,0.0,0.0,0.0,0.0,0.0,0.0,0.0,1,3.2048322001937777,3.2048322001937777,3.2048322001937777,3.2048322001937777,0.0,3.2048322001937777,3.2048322001937777,1,4.646902899956331,4.646902899956331,4.646902899956331,4.646902899956331,0.0,4.646902899956331,4.646902899956331
deviation_scale_online,symbolic_smt,products_010_early_place_data.jsonocel,10,1,1,0,0,0,0,1,,fresh_offline_alignment,1,16.09484550007619,16.09484550007619,16.09484550007619,16.09484550007619,0.0,16.09484550007619,16.09484550007619,1,1.2380650384673992,1.2380650384673992,1.2380650384673992,1.2380650384673992,0.0,1.2380650384673992,1.2380650384673992,1,11.994572199997492,11.994572199997492,11.994572199997492,11.994572199997492,0.0,11.994572199997492,11.994572199997492,1,0.0,0.0,0.0,0.0,0.0,0.0,0.0,1,16.09484550007619,16.09484550007619,16.09484550007619,16.09484550007619,0.0,16.09484550007619,16.09484550007619,1,16.636556699988432,16.636556699988432,16.636556699988432,16.636556699988432,0.0,16.636556699988432,16.636556699988432
deviation_scale_online,symbolic_smt,products_010_fit.jsonocel,10,1,1,0,0,0,0,0,,fresh_offline_alignment,1,2.8466283002635464,2.8466283002635464,2.8466283002635464,2.8466283002635464,0.0,2.8466283002635464,2.8466283002635464,1,0.2189714077125805,0.2189714077125805,0.2189714077125805,0.2189714077125805,0.0,0.2189714077125805,0.2189714077125805,1,0.9914038000861183,0.9914038000861183,0.9914038000861183,0.9914038000861183,0.0,0.9914038000861183,0.9914038000861183,1,0.0,0.0,0.0,0.0,0.0,0.0,0.0,1,2.8466283002635464,2.8466283002635464,2.8466283002635464,2.8466283002635464,0.0,2.8466283002635464,2.8466283002635464,1,3.391873099957593,3.391873099957593,3.391873099957593,3.391873099957593,0.0,3.391873099957593,3.391873099957593
deviation_scale_online,symbolic_smt,products_010_late_ship_data.jsonocel,10,1,1,0,0,0,0,1,,fresh_offline_alignment,1,2.891349700046703,2.891349700046703,2.891349700046703,2.891349700046703,0.0,2.891349700046703,2.891349700046703,1,0.22241151538820794,0.22241151538820794,0.22241151538820794,0.22241151538820794,0.0,0.22241151538820794,0.22241151538820794,1,1.0184587000403553,1.0184587000403553,1.0184587000403553,1.0184587000403553,0.0,1.0184587000403553,1.0184587000403553,1,0.0,0.0,0.0,0.0,0.0,0.0,0.0,1,2.891349700046703,2.891349700046703,2.891349700046703,2.891349700046703,0.0,2.891349700046703,2.891349700046703,1,3.390944999991916,3.390944999991916,3.390944999991916,3.390944999991916,0.0,3.390944999991916,3.390944999991916
deviation_scale_online,symbolic_smt,products_010_priority.jsonocel,10,1,1,0,0,0,0,1,,fresh_offline_alignment,1,2.8831225003814325,2.8831225003814325,2.8831225003814325,2.8831225003814325,0.0,2.8831225003814325,2.8831225003814325,1,0.2217786538754948,0.2217786538754948,0.2217786538754948,0.2217786538754948,0.0,0.2217786538754948,0.2217786538754948,1,1.0141835000831634,1.0141835000831634,1.0141835000831634,1.0141835000831634,0.0,1.0141835000831634,1.0141835000831634,1,0.0,0.0,0.0,0.0,0.0,0.0,0.0,1,2.8831225003814325,2.8831225003814325,2.8831225003814325,2.8831225003814325,0.0,2.8831225003814325,2.8831225003814325,1,3.393475200049579,3.393475200049579,3.393475200049579,3.393475200049579,0.0,3.393475200049579,3.393475200049579
deviation_scale_online,symbolic_smt,products_010_vip.jsonocel,10,1,1,0,0,0,0,1,,fresh_offline_alignment,1,16.97694779979065,16.97694779979065,16.97694779979065,16.97694779979065,0.0,16.97694779979065,16.97694779979065,1,1.3059190615223577,1.3059190615223577,1.3059190615223577,1.3059190615223577,0.0,1.3059190615223577,1.3059190615223577,1,12.072119100019336,12.072119100019336,12.072119100019336,12.072119100019336,0.0,12.072119100019336,12.072119100019336,1,0.0,0.0,0.0,0.0,0.0,0.0,0.0,1,16.97694779979065,16.97694779979065,16.97694779979065,16.97694779979065,0.0,16.97694779979065,16.97694779979065,1,17.53061399993021,17.53061399993021,17.53061399993021,17.53061399993021,0.0,17.53061399993021,17.53061399993021
guard_complexity_complex_online,symbolic_smt,fit_20_products.jsonocel,,1,1,0,0,0,0,0,,fresh_offline_alignment,1,16.203115800046362,16.203115800046362,16.203115800046362,16.203115800046362,0.0,16.203115800046362,16.203115800046362,1,0.7044832956541897,0.7044832956541897,0.7044832956541897,0.7044832956541897,0.0,0.7044832956541897,0.7044832956541897,1,7.564358999952674,7.564358999952674,7.564358999952674,7.564358999952674,0.0,7.564358999952674,7.564358999952674,1,0.0,0.0,0.0,0.0,0.0,0.0,0.0,1,16.203115800046362,16.203115800046362,16.203115800046362,16.203115800046362,0.0,16.203115800046362,16.203115800046362,1,17.089004599954933,17.089004599954933,17.089004599954933,17.089004599954933,0.0,17.089004599954933,17.089004599954933
guard_complexity_complex_online,symbolic_smt,violate_budget_20_products.jsonocel,,1,0,0,0,0,0,,,fresh_offline_alignment,1,0.0,0.0,0.0,0.0,0.0,0.0,0.0,1,0.0,0.0,0.0,0.0,0.0,0.0,0.0,1,0.0,0.0,0.0,0.0,0.0,0.0,0.0,,,,,,,,,1,0.0,0.0,0.0,0.0,0.0,0.0,0.0,1,60.460880400030874,60.460880400030874,60.460880400030874,60.460880400030874,0.0,60.460880400030874,60.460880400030874
guard_complexity_medium_online,symbolic_smt,fit_20_products.jsonocel,,1,1,0,0,0,0,0,,fresh_offline_alignment,1,6.511104900040664,6.511104900040664,6.511104900040664,6.511104900040664,0.0,6.511104900040664,6.511104900040664,1,0.2830915173930723,0.2830915173930723,0.2830915173930723,0.2830915173930723,0.0,0.2830915173930723,0.2830915173930723,1,2.75065090006683,2.75065090006683,2.75065090006683,2.75065090006683,0.0,2.75065090006683,2.75065090006683,1,0.0,0.0,0.0,0.0,0.0,0.0,0.0,1,6.511104900040664,6.511104900040664,6.511104900040664,6.511104900040664,0.0,6.511104900040664,6.511104900040664,1,7.213718599989079,7.213718599989079,7.213718599989079,7.213718599989079,0.0,7.213718599989079,7.213718599989079
guard_complexity_medium_online,symbolic_smt,violate_budget_20_products.jsonocel,,1,1,0,0,0,0,1,,fresh_offline_alignment,1,7.1900658999802545,7.1900658999802545,7.1900658999802545,7.1900658999802545,0.0,7.1900658999802545,7.1900658999802545,1,0.31261156086870673,0.31261156086870673,0.31261156086870673,0.31261156086870673,0.0,0.31261156086870673,0.31261156086870673,1,3.378716900013387,3.378716900013387,3.378716900013387,3.378716900013387,0.0,3.378716900013387,3.378716900013387,1,0.0,0.0,0.0,0.0,0.0,0.0,0.0,1,7.1900658999802545,7.1900658999802545,7.1900658999802545,7.1900658999802545,0.0,7.1900658999802545,7.1900658999802545,1,8.032480400055647,8.032480400055647,8.032480400055647,8.032480400055647,0.0,8.032480400055647,8.032480400055647
guard_complexity_simple_online,symbolic_smt,fit_20_products.jsonocel,,1,1,0,0,0,0,0,,fresh_offline_alignment,1,2.1214643000857905,2.1214643000857905,2.1214643000857905,2.1214643000857905,0.0,2.1214643000857905,2.1214643000857905,1,0.09223757826459958,0.09223757826459958,0.09223757826459958,0.09223757826459958,0.0,0.09223757826459958,0.09223757826459958,1,1.0013783999020234,1.0013783999020234,1.0013783999020234,1.0013783999020234,0.0,1.0013783999020234,1.0013783999020234,1,0.0,0.0,0.0,0.0,0.0,0.0,0.0,1,2.1214643000857905,2.1214643000857905,2.1214643000857905,2.1214643000857905,0.0,2.1214643000857905,2.1214643000857905,1,2.7183577000396326,2.7183577000396326,2.7183577000396326,2.7183577000396326,0.0,2.7183577000396326,2.7183577000396326
guard_complexity_simple_online,symbolic_smt,violate_budget_20_products.jsonocel,,1,1,0,0,0,0,1,,fresh_offline_alignment,1,2.174824699992314,2.174824699992314,2.174824699992314,2.174824699992314,0.0,2.174824699992314,2.174824699992314,1,0.09455759565183974,0.09455759565183974,0.09455759565183974,0.09455759565183974,0.0,0.09455759565183974,0.09455759565183974,1,1.038080699974671,1.038080699974671,1.038080699974671,1.038080699974671,0.0,1.038080699974671,1.038080699974671,1,0.0,0.0,0.0,0.0,0.0,0.0,0.0,1,2.174824699992314,2.174824699992314,2.174824699992314,2.174824699992314,0.0,2.174824699992314,2.174824699992314,1,3.755667000077665,3.755667000077665,3.755667000077665,3.755667000077665,0.0,3.755667000077665,3.755667000077665
length_scale_online,symbolic_smt,products_001_events_004.jsonocel,1,1,1,0,0,0,0,0,,fresh_offline_alignment,1,0.8487613999750465,0.8487613999750465,0.8487613999750465,0.8487613999750465,0.0,0.8487613999750465,0.8487613999750465,1,0.21219034999376163,0.21219034999376163,0.21219034999376163,0.21219034999376163,0.0,0.21219034999376163,0.21219034999376163,1,0.33593659999314696,0.33593659999314696,0.33593659999314696,0.33593659999314696,0.0,0.33593659999314696,0.33593659999314696,1,0.0,0.0,0.0,0.0,0.0,0.0,0.0,1,0.8487613999750465,0.8487613999750465,0.8487613999750465,0.8487613999750465,0.0,0.8487613999750465,0.8487613999750465,1,1.2820252000819892,1.2820252000819892,1.2820252000819892,1.2820252000819892,0.0,1.2820252000819892,1.2820252000819892
length_scale_online,symbolic_smt,products_002_events_005.jsonocel,2,1,1,0,0,0,0,0,,fresh_offline_alignment,1,1.0525582999689505,1.0525582999689505,1.0525582999689505,1.0525582999689505,0.0,1.0525582999689505,1.0525582999689505,1,0.2105116599937901,0.2105116599937901,0.2105116599937901,0.2105116599937901,0.0,0.2105116599937901,0.2105116599937901,1,0.404098300030455,0.404098300030455,0.404098300030455,0.404098300030455,0.0,0.404098300030455,0.404098300030455,1,0.0,0.0,0.0,0.0,0.0,0.0,0.0,1,1.0525582999689505,1.0525582999689505,1.0525582999689505,1.0525582999689505,0.0,1.0525582999689505,1.0525582999689505,1,1.4795159000204876,1.4795159000204876,1.4795159000204876,1.4795159000204876,0.0,1.4795159000204876,1.4795159000204876
length_scale_online,symbolic_smt,products_005_events_008.jsonocel,5,1,1,0,0,0,0,0,,fresh_offline_alignment,1,1.7848405999829993,1.7848405999829993,1.7848405999829993,1.7848405999829993,0.0,1.7848405999829993,1.7848405999829993,1,0.2231050749978749,0.2231050749978749,0.2231050749978749,0.2231050749978749,0.0,0.2231050749978749,0.2231050749978749,1,0.6431510000256822,0.6431510000256822,0.6431510000256822,0.6431510000256822,0.0,0.6431510000256822,0.6431510000256822,1,0.0,0.0,0.0,0.0,0.0,0.0,0.0,1,1.7848405999829993,1.7848405999829993,1.7848405999829993,1.7848405999829993,0.0,1.7848405999829993,1.7848405999829993,1,2.1858932999894023,2.1858932999894023,2.1858932999894023,2.1858932999894023,0.0,2.1858932999894023,2.1858932999894023
length_scale_online,symbolic_smt,products_010_events_013.jsonocel,10,1,1,0,0,0,0,0,,fresh_offline_alignment,1,3.1273347003152594,3.1273347003152594,3.1273347003152594,3.1273347003152594,0.0,3.1273347003152594,3.1273347003152594,1,0.24056420771655843,0.24056420771655843,0.24056420771655843,0.24056420771655843,0.0,0.24056420771655843,0.24056420771655843,1,1.2424154999898747,1.2424154999898747,1.2424154999898747,1.2424154999898747,0.0,1.2424154999898747,1.2424154999898747,1,0.0,0.0,0.0,0.0,0.0,0.0,0.0,1,3.1273347003152594,3.1273347003152594,3.1273347003152594,3.1273347003152594,0.0,3.1273347003152594,3.1273347003152594,1,3.7106241000583395,3.7106241000583395,3.7106241000583395,3.7106241000583395,0.0,3.7106241000583395,3.7106241000583395
length_scale_online,symbolic_smt,products_020_events_023.jsonocel,20,1,1,0,0,0,0,0,,fresh_offline_alignment,1,6.865646800142713,6.865646800142713,6.865646800142713,6.865646800142713,0.0,6.865646800142713,6.865646800142713,1,0.29850638261490053,0.29850638261490053,0.29850638261490053,0.29850638261490053,0.0,0.29850638261490053,0.29850638261490053,1,2.817091300035827,2.817091300035827,2.817091300035827,2.817091300035827,0.0,2.817091300035827,2.817091300035827,1,0.0,0.0,0.0,0.0,0.0,0.0,0.0,1,6.865646800142713,6.865646800142713,6.865646800142713,6.865646800142713,0.0,6.865646800142713,6.865646800142713,1,7.628651199978776,7.628651199978776,7.628651199978776,7.628651199978776,0.0,7.628651199978776,7.628651199978776
length_scale_online,symbolic_smt,products_050_events_053.jsonocel,50,1,1,0,0,0,0,0,,fresh_offline_alignment,1,24.375327800400555,24.375327800400555,24.375327800400555,24.375327800400555,0.0,24.375327800400555,24.375327800400555,1,0.4599118452905765,0.4599118452905765,0.4599118452905765,0.4599118452905765,0.0,0.4599118452905765,0.4599118452905765,1,8.984221499995328,8.984221499995328,8.984221499995328,8.984221499995328,0.0,8.984221499995328,8.984221499995328,1,0.0,0.0,0.0,0.0,0.0,0.0,0.0,1,24.375327800400555,24.375327800400555,24.375327800400555,24.375327800400555,0.0,24.375327800400555,24.375327800400555,1,28.178450100007467,28.178450100007467,28.178450100007467,28.178450100007467,0.0,28.178450100007467,28.178450100007467
length_scale_online,symbolic_smt,products_100_events_103.jsonocel,100,1,1,0,0,0,0,0,,fresh_offline_alignment,1,61.46432860032655,61.46432860032655,61.46432860032655,61.46432860032655,0.0,61.46432860032655,61.46432860032655,1,0.5967410543721025,0.5967410543721025,0.5967410543721025,0.5967410543721025,0.0,0.5967410543721025,0.5967410543721025,1,15.827548300032504,15.827548300032504,15.827548300032504,15.827548300032504,0.0,15.827548300032504,15.827548300032504,1,0.0,0.0,0.0,0.0,0.0,0.0,0.0,1,61.46432860032655,61.46432860032655,61.46432860032655,61.46432860032655,0.0,61.46432860032655,61.46432860032655,1,87.6977985999547,87.6977985999547,87.6977985999547,87.6977985999547,0.0,87.6977985999547,87.6977985999547
merge_scale_extended_online,symbolic_smt,merge_c02_p05.jsonocel,,1,1,0,0,0,0,4,,fresh_offline_alignment,1,3.718708800151944,3.718708800151944,3.718708800151944,3.718708800151944,0.0,3.718708800151944,3.718708800151944,1,0.21874757647952614,0.21874757647952614,0.21874757647952614,0.21874757647952614,0.0,0.21874757647952614,0.21874757647952614,1,1.007522500003688,1.007522500003688,1.007522500003688,1.007522500003688,0.0,1.007522500003688,1.007522500003688,1,0.0,0.0,0.0,0.0,0.0,0.0,0.0,1,3.718708800151944,3.718708800151944,3.718708800151944,3.718708800151944,0.0,3.718708800151944,3.718708800151944,1,4.196549299987964,4.196549299987964,4.196549299987964,4.196549299987964,0.0,4.196549299987964,4.196549299987964
merge_scale_extended_online,symbolic_smt,merge_c03_p02.jsonocel,,1,1,0,0,0,0,6,,fresh_offline_alignment,1,3.610550799756311,3.610550799756311,3.610550799756311,3.610550799756311,0.0,3.610550799756311,3.610550799756311,1,0.22565942498476943,0.22565942498476943,0.22565942498476943,0.22565942498476943,0.0,0.22565942498476943,0.22565942498476943,1,0.9250307000475004,0.9250307000475004,0.9250307000475004,0.9250307000475004,0.0,0.9250307000475004,0.9250307000475004,1,0.0,0.0,0.0,0.0,0.0,0.0,0.0,1,3.610550799756311,3.610550799756311,3.610550799756311,3.610550799756311,0.0,3.610550799756311,3.610550799756311,1,4.093198399990797,4.093198399990797,4.093198399990797,4.093198399990797,0.0,4.093198399990797,4.093198399990797
merge_scale_extended_online,symbolic_smt,merge_c03_p05.jsonocel,,1,1,0,0,0,0,6,,fresh_offline_alignment,1,8.4121979996562,8.4121979996562,8.4121979996562,8.4121979996562,0.0,8.4121979996562,8.4121979996562,1,0.336487919986248,0.336487919986248,0.336487919986248,0.336487919986248,0.0,0.336487919986248,0.336487919986248,1,1.5402961999643594,1.5402961999643594,1.5402961999643594,1.5402961999643594,0.0,1.5402961999643594,1.5402961999643594,1,0.0,0.0,0.0,0.0,0.0,0.0,0.0,1,8.4121979996562,8.4121979996562,8.4121979996562,8.4121979996562,0.0,8.4121979996562,8.4121979996562,1,9.013003500062041,9.013003500062041,9.013003500062041,9.013003500062041,0.0,9.013003500062041,9.013003500062041
merge_scale_extended_online,symbolic_smt,merge_c05_p01.jsonocel,,1,1,0,0,0,0,10,,fresh_offline_alignment,1,5.460915500298142,5.460915500298142,5.460915500298142,5.460915500298142,0.0,5.460915500298142,5.460915500298142,1,0.2600435952522925,0.2600435952522925,0.2600435952522925,0.2600435952522925,0.0,0.2600435952522925,0.2600435952522925,1,0.8636938000563532,0.8636938000563532,0.8636938000563532,0.8636938000563532,0.0,0.8636938000563532,0.8636938000563532,1,0.0,0.0,0.0,0.0,0.0,0.0,0.0,1,5.460915500298142,5.460915500298142,5.460915500298142,5.460915500298142,0.0,5.460915500298142,5.460915500298142,1,5.992851500050165,5.992851500050165,5.992851500050165,5.992851500050165,0.0,5.992851500050165,5.992851500050165
merge_scale_extended_online,symbolic_smt,merge_c05_p02.jsonocel,,1,1,0,0,0,0,10,,fresh_offline_alignment,1,6.617782200104557,6.617782200104557,6.617782200104557,6.617782200104557,0.0,6.617782200104557,6.617782200104557,1,0.254530084619406,0.254530084619406,0.254530084619406,0.254530084619406,0.0,0.254530084619406,0.254530084619406,1,0.6597237000241876,0.6597237000241876,0.6597237000241876,0.6597237000241876,0.0,0.6597237000241876,0.6597237000241876,1,0.0,0.0,0.0,0.0,0.0,0.0,0.0,1,6.617782200104557,6.617782200104557,6.617782200104557,6.617782200104557,0.0,6.617782200104557,6.617782200104557,1,7.202183199930005,7.202183199930005,7.202183199930005,7.202183199930005,0.0,7.202183199930005,7.202183199930005
merge_scale_extended_online,symbolic_smt,merge_c05_p05.jsonocel,,1,1,0,0,0,0,10,,fresh_offline_alignment,1,15.015111499931663,15.015111499931663,15.015111499931663,15.015111499931663,0.0,15.015111499931663,15.015111499931663,1,0.3662222317056503,0.3662222317056503,0.3662222317056503,0.3662222317056503,0.0,0.3662222317056503,0.3662222317056503,1,1.577437900006771,1.577437900006771,1.577437900006771,1.577437900006771,0.0,1.577437900006771,1.577437900006771,1,0.0,0.0,0.0,0.0,0.0,0.0,0.0,1,15.015111499931663,15.015111499931663,15.015111499931663,15.015111499931663,0.0,15.015111499931663,15.015111499931663,1,15.9478615000844,15.9478615000844,15.9478615000844,15.9478615000844,0.0,15.9478615000844,15.9478615000844
merge_scale_online,symbolic_smt,merge_c02_p01.jsonocel,,1,1,0,0,0,0,4,,fresh_offline_alignment,1,1.634178299922496,1.634178299922496,1.634178299922496,1.634178299922496,0.0,1.634178299922496,1.634178299922496,1,0.18157536665805513,0.18157536665805513,0.18157536665805513,0.18157536665805513,0.0,0.18157536665805513,0.18157536665805513,1,0.3430376999313012,0.3430376999313012,0.3430376999313012,0.3430376999313012,0.0,0.3430376999313012,0.3430376999313012,1,0.0,0.0,0.0,0.0,0.0,0.0,0.0,1,1.634178299922496,1.634178299922496,1.634178299922496,1.634178299922496,0.0,1.634178299922496,1.634178299922496,1,2.0929060999769717,2.0929060999769717,2.0929060999769717,2.0929060999769717,0.0,2.0929060999769717,2.0929060999769717
merge_scale_online,symbolic_smt,merge_c02_p02.jsonocel,,1,1,0,0,0,0,4,,fresh_offline_alignment,1,2.045094999833964,2.045094999833964,2.045094999833964,2.045094999833964,0.0,2.045094999833964,2.045094999833964,1,0.1859177272576331,0.1859177272576331,0.1859177272576331,0.1859177272576331,0.0,0.1859177272576331,0.1859177272576331,1,0.39455179998185486,0.39455179998185486,0.39455179998185486,0.39455179998185486,0.0,0.39455179998185486,0.39455179998185486,1,0.0,0.0,0.0,0.0,0.0,0.0,0.0,1,2.045094999833964,2.045094999833964,2.045094999833964,2.045094999833964,0.0,2.045094999833964,2.045094999833964,1,2.494830199982971,2.494830199982971,2.494830199982971,2.494830199982971,0.0,2.494830199982971,2.494830199982971
merge_scale_online,symbolic_smt,merge_c03_p01.jsonocel,,1,1,0,0,0,0,6,,fresh_offline_alignment,1,2.3763242004206404,2.3763242004206404,2.3763242004206404,2.3763242004206404,0.0,2.3763242004206404,2.3763242004206404,1,0.1827941692631262,0.1827941692631262,0.1827941692631262,0.1827941692631262,0.0,0.1827941692631262,0.1827941692631262,1,0.32483449997380376,0.32483449997380376,0.32483449997380376,0.32483449997380376,0.0,0.32483449997380376,0.32483449997380376,1,0.0,0.0,0.0,0.0,0.0,0.0,0.0,1,2.3763242004206404,2.3763242004206404,2.3763242004206404,2.3763242004206404,0.0,2.3763242004206404,2.3763242004206404,1,2.8988555000396445,2.8988555000396445,2.8988555000396445,2.8988555000396445,0.0,2.8988555000396445,2.8988555000396445
multi_deviation_benchmark_stress_4_5_online,symbolic_smt,component_002_events_0028_objects_0013__stress_4_5_072.jsonocel,,1,0,0,0,0,0,1,,fresh_offline_alignment,1,0.7201277000131086,0.7201277000131086,0.7201277000131086,0.7201277000131086,0.0,0.7201277000131086,0.7201277000131086,1,0.04236045294194756,0.04236045294194756,0.04236045294194756,0.04236045294194756,0.0,0.04236045294194756,0.04236045294194756,1,0.19126069999765605,0.19126069999765605,0.19126069999765605,0.19126069999765605,0.0,0.19126069999765605,0.19126069999765605,,,,,,,,,1,0.7201277000131086,0.7201277000131086,0.7201277000131086,0.7201277000131086,0.0,0.7201277000131086,0.7201277000131086,1,61.163896000012755,61.163896000012755,61.163896000012755,61.163896000012755,0.0,61.163896000012755,61.163896000012755
multi_deviation_benchmark_stress_4_5_online,symbolic_smt,component_003_events_0022_objects_0011__stress_4_5_071.jsonocel,,1,0,0,0,0,0,1,,fresh_offline_alignment,1,0.4106191999744624,0.4106191999744624,0.4106191999744624,0.4106191999744624,0.0,0.4106191999744624,0.4106191999744624,1,0.03421826666453853,0.03421826666453853,0.03421826666453853,0.03421826666453853,0.0,0.03421826666453853,0.03421826666453853,1,0.16272560006473213,0.16272560006473213,0.16272560006473213,0.16272560006473213,0.0,0.16272560006473213,0.16272560006473213,,,,,,,,,1,0.4106191999744624,0.4106191999744624,0.4106191999744624,0.4106191999744624,0.0,0.4106191999744624,0.4106191999744624,1,60.81848570005968,60.81848570005968,60.81848570005968,60.81848570005968,0.0,60.81848570005968,60.81848570005968
multi_deviation_benchmark_stress_4_5_online,symbolic_smt,component_004_events_0013_objects_0009__stress_4_5_069.jsonocel,,1,0,0,0,0,0,0,,fresh_offline_alignment,1,0.28451410005800426,0.28451410005800426,0.28451410005800426,0.28451410005800426,0.0,0.28451410005800426,0.28451410005800426,1,0.03556426250725053,0.03556426250725053,0.03556426250725053,0.03556426250725053,0.0,0.03556426250725053,0.03556426250725053,1,0.14650909998454154,0.14650909998454154,0.14650909998454154,0.14650909998454154,0.0,0.14650909998454154,0.14650909998454154,,,,,,,,,1,0.28451410005800426,0.28451410005800426,0.28451410005800426,0.28451410005800426,0.0,0.28451410005800426,0.28451410005800426,1,60.616964900051244,60.616964900051244,60.616964900051244,60.616964900051244,0.0,60.616964900051244,60.616964900051244
multi_deviation_benchmark_stress_4_5_online,symbolic_smt,component_006_events_0031_objects_0015__stress_4_5_073.jsonocel,,1,0,0,0,0,0,0,,fresh_offline_alignment,1,0.5085879000835121,0.5085879000835121,0.5085879000835121,0.5085879000835121,0.0,0.5085879000835121,0.5085879000835121,1,0.03632770714882229,0.03632770714882229,0.03632770714882229,0.03632770714882229,0.0,0.03632770714882229,0.03632770714882229,1,0.11588830000255257,0.11588830000255257,0.11588830000255257,0.11588830000255257,0.0,0.11588830000255257,0.11588830000255257,,,,,,,,,1,0.5085879000835121,0.5085879000835121,0.5085879000835121,0.5085879000835121,0.0,0.5085879000835121,0.5085879000835121,1,60.95225009997375,60.95225009997375,60.95225009997375,60.95225009997375,0.0,60.95225009997375,60.95225009997375
multi_deviation_benchmark_stress_4_5_online,symbolic_smt,component_009_events_0015_objects_0008__stress_4_5_070.jsonocel,,1,1,0,0,0,0,3,,fresh_offline_alignment,1,1.004986600135453,1.004986600135453,1.004986600135453,1.004986600135453,0.0,1.004986600135453,1.004986600135453,1,0.05911685883149724,0.05911685883149724,0.05911685883149724,0.05911685883149724,0.0,0.05911685883149724,0.05911685883149724,1,0.4547550000716001,0.4547550000716001,0.4547550000716001,0.4547550000716001,0.0,0.4547550000716001,0.4547550000716001,1,0.0,0.0,0.0,0.0,0.0,0.0,0.0,1,1.004986600135453,1.004986600135453,1.004986600135453,1.004986600135453,0.0,1.004986600135453,1.004986600135453,1,1.430504099931568,1.430504099931568,1.430504099931568,1.430504099931568,0.0,1.430504099931568,1.430504099931568
multi_deviation_benchmark_stress_4_5_online,symbolic_smt,component_051_events_0011_objects_0007__stress_4_5_067.jsonocel,,1,0,0,0,0,0,1,,fresh_offline_alignment,1,0.30698990006931126,0.30698990006931126,0.30698990006931126,0.30698990006931126,0.0,0.30698990006931126,0.30698990006931126,1,0.04385570000990161,0.04385570000990161,0.04385570000990161,0.04385570000990161,0.0,0.04385570000990161,0.04385570000990161,1,0.1298213000409305,0.1298213000409305,0.1298213000409305,0.1298213000409305,0.0,0.1298213000409305,0.1298213000409305,,,,,,,,,1,0.30698990006931126,0.30698990006931126,0.30698990006931126,0.30698990006931126,0.0,0.30698990006931126,0.30698990006931126,1,60.76037799997721,60.76037799997721,60.76037799997721,60.76037799997721,0.0,60.76037799997721,60.76037799997721
multi_deviation_benchmark_stress_4_5_online,symbolic_smt,component_063_events_0035_objects_0019__stress_4_5_074.jsonocel,,1,1,0,0,0,0,3,,fresh_offline_alignment,1,1.476044099777937,1.476044099777937,1.476044099777937,1.476044099777937,0.0,1.476044099777937,1.476044099777937,1,0.03989308377778208,0.03989308377778208,0.03989308377778208,0.03989308377778208,0.0,0.03989308377778208,0.03989308377778208,1,0.15391290001571178,0.15391290001571178,0.15391290001571178,0.15391290001571178,0.0,0.15391290001571178,0.15391290001571178,1,0.0,0.0,0.0,0.0,0.0,0.0,0.0,1,1.476044099777937,1.476044099777937,1.476044099777937,1.476044099777937,0.0,1.476044099777937,1.476044099777937,1,2.1336340000852942,2.1336340000852942,2.1336340000852942,2.1336340000852942,0.0,2.1336340000852942,2.1336340000852942
multi_deviation_benchmark_stress_4_5_online,symbolic_smt,component_064_events_0116_objects_0055__stress_4_5_076.jsonocel,,1,1,0,0,0,0,4,,fresh_offline_alignment,1,7.359856499475427,7.359856499475427,7.359856499475427,7.359856499475427,0.0,7.359856499475427,7.359856499475427,1,0.06344703878858127,0.06344703878858127,0.06344703878858127,0.06344703878858127,0.0,0.06344703878858127,0.06344703878858127,1,0.1977158000227064,0.1977158000227064,0.1977158000227064,0.1977158000227064,0.0,0.1977158000227064,0.1977158000227064,1,0.0,0.0,0.0,0.0,0.0,0.0,0.0,1,7.359856499475427,7.359856499475427,7.359856499475427,7.359856499475427,0.0,7.359856499475427,7.359856499475427,1,12.128829800058156,12.128829800058156,12.128829800058156,12.128829800058156,0.0,12.128829800058156,12.128829800058156
multi_deviation_benchmark_stress_4_5_online,symbolic_smt,component_065_events_0098_objects_0050__stress_4_5_075.jsonocel,,1,0,0,0,0,0,1,,fresh_offline_alignment,1,1.2157827999908477,1.2157827999908477,1.2157827999908477,1.2157827999908477,0.0,1.2157827999908477,1.2157827999908477,1,0.060789139999542385,0.060789139999542385,0.060789139999542385,0.060789139999542385,0.0,0.060789139999542385,0.060789139999542385,1,0.5536462999880314,0.5536462999880314,0.5536462999880314,0.5536462999880314,0.0,0.5536462999880314,0.5536462999880314,,,,,,,,,1,1.2157827999908477,1.2157827999908477,1.2157827999908477,1.2157827999908477,0.0,1.2157827999908477,1.2157827999908477,1,61.7188434000127,61.7188434000127,61.7188434000127,61.7188434000127,0.0,61.7188434000127,61.7188434000127
multi_deviation_benchmark_stress_4_5_online,symbolic_smt,component_066_events_0011_objects_0006__stress_4_5_068.jsonocel,,1,0,0,0,0,0,0,,fresh_offline_alignment,1,0.20589920005295426,0.20589920005295426,0.20589920005295426,0.20589920005295426,0.0,0.20589920005295426,0.20589920005295426,1,0.051474800013238564,0.051474800013238564,0.051474800013238564,0.051474800013238564,0.0,0.051474800013238564,0.051474800013238564,1,0.12456739996559918,0.12456739996559918,0.12456739996559918,0.12456739996559918,0.0,0.12456739996559918,0.12456739996559918,,,,,,,,,1,0.20589920005295426,0.20589920005295426,0.20589920005295426,0.20589920005295426,0.0,0.20589920005295426,0.20589920005295426,1,60.57020640000701,60.57020640000701,60.57020640000701,60.57020640000701,0.0,60.57020640000701,60.57020640000701
multi_deviation_benchmark_three_mixed_online,symbolic_smt,component_002_events_0028_objects_0013__three_mixed_060.jsonocel,,1,1,0,0,0,0,3,,fresh_offline_alignment,1,1.5163666998269036,1.5163666998269036,1.5163666998269036,1.5163666998269036,0.0,1.5163666998269036,1.5163666998269036,1,0.052288506890582884,0.052288506890582884,0.052288506890582884,0.052288506890582884,0.0,0.052288506890582884,0.052288506890582884,1,0.5199324999703094,0.5199324999703094,0.5199324999703094,0.5199324999703094,0.0,0.5199324999703094,0.5199324999703094,1,0.0,0.0,0.0,0.0,0.0,0.0,0.0,1,1.5163666998269036,1.5163666998269036,1.5163666998269036,1.5163666998269036,0.0,1.5163666998269036,1.5163666998269036,1,2.0372065000701696,2.0372065000701696,2.0372065000701696,2.0372065000701696,0.0,2.0372065000701696,2.0372065000701696
multi_deviation_benchmark_three_mixed_online,symbolic_smt,component_003_events_0022_objects_0011__three_mixed_059.jsonocel,,1,0,0,0,0,0,0,,fresh_offline_alignment,1,0.3582402002066374,0.3582402002066374,0.3582402002066374,0.3582402002066374,0.0,0.3582402002066374,0.3582402002066374,1,0.03256729092787613,0.03256729092787613,0.03256729092787613,0.03256729092787613,0.0,0.03256729092787613,0.03256729092787613,1,0.1643928000703454,0.1643928000703454,0.1643928000703454,0.1643928000703454,0.0,0.1643928000703454,0.1643928000703454,,,,,,,,,1,0.3582402002066374,0.3582402002066374,0.3582402002066374,0.3582402002066374,0.0,0.3582402002066374,0.3582402002066374,1,60.79019960004371,60.79019960004371,60.79019960004371,60.79019960004371,0.0,60.79019960004371,60.79019960004371
multi_deviation_benchmark_three_mixed_online,symbolic_smt,component_004_events_0013_objects_0009__three_mixed_056.jsonocel,,1,0,0,0,0,0,2,,fresh_offline_alignment,1,0.6601847998099402,0.6601847998099402,0.6601847998099402,0.6601847998099402,0.0,0.6601847998099402,0.6601847998099402,1,0.06001679998272183,0.06001679998272183,0.06001679998272183,0.06001679998272183,0.0,0.06001679998272183,0.06001679998272183,1,0.31324689998291433,0.31324689998291433,0.31324689998291433,0.31324689998291433,0.0,0.31324689998291433,0.31324689998291433,,,,,,,,,1,0.6601847998099402,0.6601847998099402,0.6601847998099402,0.6601847998099402,0.0,0.6601847998099402,0.6601847998099402,1,61.07306239998434,61.07306239998434,61.07306239998434,61.07306239998434,0.0,61.07306239998434,61.07306239998434
multi_deviation_benchmark_three_mixed_online,symbolic_smt,component_006_events_0031_objects_0015__three_mixed_062.jsonocel,,1,0,0,0,0,0,0,,fresh_offline_alignment,1,0.5756594999693334,0.5756594999693334,0.5756594999693334,0.5756594999693334,0.0,0.5756594999693334,0.5756594999693334,1,0.03597871874808334,0.03597871874808334,0.03597871874808334,0.03597871874808334,0.0,0.03597871874808334,0.03597871874808334,1,0.10486230009701103,0.10486230009701103,0.10486230009701103,0.10486230009701103,0.0,0.10486230009701103,0.10486230009701103,,,,,,,,,1,0.5756594999693334,0.5756594999693334,0.5756594999693334,0.5756594999693334,0.0,0.5756594999693334,0.5756594999693334,1,60.964279400068335,60.964279400068335,60.964279400068335,60.964279400068335,0.0,60.964279400068335,60.964279400068335
multi_deviation_benchmark_three_mixed_online,symbolic_smt,component_011_events_0028_objects_0017__three_mixed_061.jsonocel,,1,0,0,0,0,0,0,,fresh_offline_alignment,1,0.8873529002303258,0.8873529002303258,0.8873529002303258,0.8873529002303258,0.0,0.8873529002303258,0.8873529002303258,1,0.04225490001096789,0.04225490001096789,0.04225490001096789,0.04225490001096789,0.0,0.04225490001096789,0.04225490001096789,1,0.20072600001003593,0.20072600001003593,0.20072600001003593,0.20072600001003593,0.0,0.20072600001003593,0.20072600001003593,,,,,,,,,1,0.8873529002303258,0.8873529002303258,0.8873529002303258,0.8873529002303258,0.0,0.8873529002303258,0.8873529002303258,1,61.30268620001152,61.30268620001152,61.30268620001152,61.30268620001152,0.0,61.30268620001152,61.30268620001152
multi_deviation_benchmark_three_mixed_online,symbolic_smt,component_021_events_0013_objects_0005__three_mixed_057.jsonocel,,1,0,0,0,0,0,1,,fresh_offline_alignment,1,0.3066613001283258,0.3066613001283258,0.3066613001283258,0.3066613001283258,0.0,0.3066613001283258,0.3066613001283258,1,0.0511102166880543,0.0511102166880543,0.0511102166880543,0.0511102166880543,0.0,0.0511102166880543,0.0511102166880543,1,0.16335480008274317,0.16335480008274317,0.16335480008274317,0.16335480008274317,0.0,0.16335480008274317,0.16335480008274317,,,,,,,,,1,0.3066613001283258,0.3066613001283258,0.3066613001283258,0.3066613001283258,0.0,0.3066613001283258,0.3066613001283258,1,60.64243499992881,60.64243499992881,60.64243499992881,60.64243499992881,0.0,60.64243499992881,60.64243499992881
multi_deviation_benchmark_three_mixed_online,symbolic_smt,component_028_events_0012_objects_0008__three_mixed_055.jsonocel,,1,0,0,0,0,0,1,,fresh_offline_alignment,1,0.31376759987324476,0.31376759987324476,0.31376759987324476,0.31376759987324476,0.0,0.31376759987324476,0.31376759987324476,1,0.03486306665258275,0.03486306665258275,0.03486306665258275,0.03486306665258275,0.0,0.03486306665258275,0.03486306665258275,1,0.12991729995701462,0.12991729995701462,0.12991729995701462,0.12991729995701462,0.0,0.12991729995701462,0.12991729995701462,,,,,,,,,1,0.31376759987324476,0.31376759987324476,0.31376759987324476,0.31376759987324476,0.0,0.31376759987324476,0.31376759987324476,1,60.68138990004081,60.68138990004081,60.68138990004081,60.68138990004081,0.0,60.68138990004081,60.68138990004081
multi_deviation_benchmark_three_mixed_online,symbolic_smt,component_032_events_0007_objects_0003__three_mixed_047.jsonocel,,1,1,0,0,0,0,3,,fresh_offline_alignment,1,0.42579569993540645,0.42579569993540645,0.42579569993540645,0.42579569993540645,0.0,0.42579569993540645,0.42579569993540645,1,0.053224462491925806,0.053224462491925806,0.053224462491925806,0.053224462491925806,0.0,0.053224462491925806,0.053224462491925806,1,0.16691819997504354,0.16691819997504354,0.16691819997504354,0.16691819997504354,0.0,0.16691819997504354,0.16691819997504354,1,0.0,0.0,0.0,0.0,0.0,0.0,0.0,1,0.42579569993540645,0.42579569993540645,0.42579569993540645,0.42579569993540645,0.0,0.42579569993540645,0.42579569993540645,1,0.7250562000554055,0.7250562000554055,0.7250562000554055,0.7250562000554055,0.0,0.7250562000554055,0.7250562000554055
multi_deviation_benchmark_three_mixed_online,symbolic_smt,component_036_events_0017_objects_0008__three_mixed_058.jsonocel,,1,0,0,0,0,0,1,,fresh_offline_alignment,1,0.32273359992541373,0.32273359992541373,0.32273359992541373,0.32273359992541373,0.0,0.32273359992541373,0.32273359992541373,1,0.040341699990676716,0.040341699990676716,0.040341699990676716,0.040341699990676716,0.0,0.040341699990676716,0.040341699990676716,1,0.10499379993416369,0.10499379993416369,0.10499379993416369,0.10499379993416369,0.0,0.10499379993416369,0.10499379993416369,,,,,,,,,1,0.32273359992541373,0.32273359992541373,0.32273359992541373,0.32273359992541373,0.0,0.32273359992541373,0.32273359992541373,1,60.69741220003925,60.69741220003925,60.69741220003925,60.69741220003925,0.0,60.69741220003925,60.69741220003925
multi_deviation_benchmark_three_mixed_online,symbolic_smt,component_038_events_0008_objects_0004__three_mixed_048.jsonocel,,1,1,0,0,0,0,3,,fresh_offline_alignment,1,6.032512699952349,6.032512699952349,6.032512699952349,6.032512699952349,0.0,6.032512699952349,6.032512699952349,1,0.6702791888835944,0.6702791888835944,0.6702791888835944,0.6702791888835944,0.0,0.6702791888835944,0.6702791888835944,1,5.2689989999635145,5.2689989999635145,5.2689989999635145,5.2689989999635145,0.0,5.2689989999635145,5.2689989999635145,1,0.0,0.0,0.0,0.0,0.0,0.0,0.0,1,6.032512699952349,6.032512699952349,6.032512699952349,6.032512699952349,0.0,6.032512699952349,6.032512699952349,1,6.442516100010835,6.442516100010835,6.442516100010835,6.442516100010835,0.0,6.442516100010835,6.442516100010835
multi_deviation_benchmark_three_mixed_online,symbolic_smt,component_042_events_0009_objects_0005__three_mixed_050.jsonocel,,1,0,0,0,0,0,2,,fresh_offline_alignment,1,0.43104809999931604,0.43104809999931604,0.43104809999931604,0.43104809999931604,0.0,0.43104809999931604,0.43104809999931604,1,0.06157829999990229,0.06157829999990229,0.06157829999990229,0.06157829999990229,0.0,0.06157829999990229,0.06157829999990229,1,0.19171440007630736,0.19171440007630736,0.19171440007630736,0.19171440007630736,0.0,0.19171440007630736,0.19171440007630736,,,,,,,,,1,0.43104809999931604,0.43104809999931604,0.43104809999931604,0.43104809999931604,0.0,0.43104809999931604,0.43104809999931604,1,60.8765058000572,60.8765058000572,60.8765058000572,60.8765058000572,0.0,60.8765058000572,60.8765058000572
multi_deviation_benchmark_three_mixed_online,symbolic_smt,component_048_events_0011_objects_0007__three_mixed_053.jsonocel,,1,0,0,0,0,0,1,,fresh_offline_alignment,1,0.4284366002539173,0.4284366002539173,0.4284366002539173,0.4284366002539173,0.0,0.4284366002539173,0.4284366002539173,1,0.061205228607702465,0.061205228607702465,0.061205228607702465,0.061205228607702465,0.0,0.061205228607702465,0.061205228607702465,1,0.20314629992935807,0.20314629992935807,0.20314629992935807,0.20314629992935807,0.0,0.20314629992935807,0.20314629992935807,,,,,,,,,1,0.4284366002539173,0.4284366002539173,0.4284366002539173,0.4284366002539173,0.0,0.4284366002539173,0.4284366002539173,1,60.818105899961665,60.818105899961665,60.818105899961665,60.818105899961665,0.0,60.818105899961665,60.818105899961665
multi_deviation_benchmark_three_mixed_online,symbolic_smt,component_050_events_0008_objects_0004__three_mixed_049.jsonocel,,1,0,0,0,0,0,1,,fresh_offline_alignment,1,0.2787320999195799,0.2787320999195799,0.2787320999195799,0.2787320999195799,0.0,0.2787320999195799,0.2787320999195799,1,0.06968302497989498,0.06968302497989498,0.06968302497989498,0.06968302497989498,0.0,0.06968302497989498,0.06968302497989498,1,0.14652419998310506,0.14652419998310506,0.14652419998310506,0.14652419998310506,0.0,0.14652419998310506,0.14652419998310506,,,,,,,,,1,0.2787320999195799,0.2787320999195799,0.2787320999195799,0.2787320999195799,0.0,0.2787320999195799,0.2787320999195799,1,60.61025819997303,60.61025819997303,60.61025819997303,60.61025819997303,0.0,60.61025819997303,60.61025819997303
multi_deviation_benchmark_three_mixed_online,symbolic_smt,component_057_events_0011_objects_0005__three_mixed_054.jsonocel,,1,0,0,0,0,0,2,,fresh_offline_alignment,1,0.45096120017115027,0.45096120017115027,0.45096120017115027,0.45096120017115027,0.0,0.45096120017115027,0.45096120017115027,1,0.0501068000190167,0.0501068000190167,0.0501068000190167,0.0501068000190167,0.0,0.0501068000190167,0.0501068000190167,1,0.18862340005580336,0.18862340005580336,0.18862340005580336,0.18862340005580336,0.0,0.18862340005580336,0.18862340005580336,,,,,,,,,1,0.45096120017115027,0.45096120017115027,0.45096120017115027,0.45096120017115027,0.0,0.45096120017115027,0.45096120017115027,1,60.806158100022,60.806158100022,60.806158100022,60.806158100022,0.0,60.806158100022,60.806158100022
multi_deviation_benchmark_three_mixed_online,symbolic_smt,component_059_events_0010_objects_0006__three_mixed_052.jsonocel,,1,0,0,0,0,0,1,,fresh_offline_alignment,1,0.24987689987756312,0.24987689987756312,0.24987689987756312,0.24987689987756312,0.0,0.24987689987756312,0.24987689987756312,1,0.03569669998250902,0.03569669998250902,0.03569669998250902,0.03569669998250902,0.0,0.03569669998250902,0.03569669998250902,1,0.10618790006265044,0.10618790006265044,0.10618790006265044,0.10618790006265044,0.0,0.10618790006265044,0.10618790006265044,,,,,,,,,1,0.24987689987756312,0.24987689987756312,0.24987689987756312,0.24987689987756312,0.0,0.24987689987756312,0.24987689987756312,1,60.62417279998772,60.62417279998772,60.62417279998772,60.62417279998772,0.0,60.62417279998772,60.62417279998772
multi_deviation_benchmark_three_mixed_online,symbolic_smt,component_063_events_0035_objects_0019__three_mixed_063.jsonocel,,1,0,0,0,0,0,0,,fresh_offline_alignment,1,0.7312453000340611,0.7312453000340611,0.7312453000340611,0.7312453000340611,0.0,0.7312453000340611,0.7312453000340611,1,0.034821204763526716,0.034821204763526716,0.034821204763526716,0.034821204763526716,0.0,0.034821204763526716,0.034821204763526716,1,0.10016680008266121,0.10016680008266121,0.10016680008266121,0.10016680008266121,0.0,0.10016680008266121,0.10016680008266121,,,,,,,,,1,0.7312453000340611,0.7312453000340611,0.7312453000340611,0.7312453000340611,0.0,0.7312453000340611,0.7312453000340611,1,61.188125399989076,61.188125399989076,61.188125399989076,61.188125399989076,0.0,61.188125399989076,61.188125399989076
multi_deviation_benchmark_three_mixed_online,symbolic_smt,component_064_events_0116_objects_0055__three_mixed_066.jsonocel,,1,0,0,0,0,0,0,,fresh_offline_alignment,1,0.9659571001539007,0.9659571001539007,0.9659571001539007,0.9659571001539007,0.0,0.9659571001539007,0.9659571001539007,1,0.03715219615976541,0.03715219615976541,0.03715219615976541,0.03715219615976541,0.0,0.03715219615976541,0.03715219615976541,1,0.1885139000369236,0.1885139000369236,0.1885139000369236,0.1885139000369236,0.0,0.1885139000369236,0.1885139000369236,,,,,,,,,1,0.9659571001539007,0.9659571001539007,0.9659571001539007,0.9659571001539007,0.0,0.9659571001539007,0.9659571001539007,1,61.496399700059555,61.496399700059555,61.496399700059555,61.496399700059555,0.0,61.496399700059555,61.496399700059555
multi_deviation_benchmark_three_mixed_online,symbolic_smt,component_065_events_0098_objects_0050__three_mixed_065.jsonocel,,1,1,0,0,0,0,3,,fresh_offline_alignment,1,7.336963800014928,7.336963800014928,7.336963800014928,7.336963800014928,0.0,7.336963800014928,7.336963800014928,1,0.07563880206200957,0.07563880206200957,0.07563880206200957,0.07563880206200957,0.0,0.07563880206200957,0.07563880206200957,1,0.5748689000029117,0.5748689000029117,0.5748689000029117,0.5748689000029117,0.0,0.5748689000029117,0.5748689000029117,1,0.0,0.0,0.0,0.0,0.0,0.0,0.0,1,7.336963800014928,7.336963800014928,7.336963800014928,7.336963800014928,0.0,7.336963800014928,7.336963800014928,1,11.971939900075085,11.971939900075085,11.971939900075085,11.971939900075085,0.0,11.971939900075085,11.971939900075085
multi_deviation_benchmark_three_mixed_online,symbolic_smt,component_067_events_0063_objects_0031__three_mixed_064.jsonocel,,1,1,0,0,0,0,3,,fresh_offline_alignment,1,3.0234693004749715,3.0234693004749715,3.0234693004749715,3.0234693004749715,0.0,3.0234693004749715,3.0234693004749715,1,0.04724170781992143,0.04724170781992143,0.04724170781992143,0.04724170781992143,0.0,0.04724170781992143,0.04724170781992143,1,0.4070930000161752,0.4070930000161752,0.4070930000161752,0.4070930000161752,0.0,0.4070930000161752,0.4070930000161752,1,0.0,0.0,0.0,0.0,0.0,0.0,0.0,1,3.0234693004749715,3.0234693004749715,3.0234693004749715,3.0234693004749715,0.0,3.0234693004749715,3.0234693004749715,1,4.377413400099613,4.377413400099613,4.377413400099613,4.377413400099613,0.0,4.377413400099613,4.377413400099613
multi_deviation_benchmark_three_mixed_online,symbolic_smt,component_068_events_0009_objects_0005__three_mixed_051.jsonocel,,1,1,0,0,0,0,3,,fresh_offline_alignment,1,39.20863630005624,39.20863630005624,39.20863630005624,39.20863630005624,0.0,39.20863630005624,39.20863630005624,1,3.9208636300056243,3.9208636300056243,3.9208636300056243,3.9208636300056243,0.0,3.9208636300056243,3.9208636300056243,1,38.75103109993506,38.75103109993506,38.75103109993506,38.75103109993506,0.0,38.75103109993506,38.75103109993506,1,0.0,0.0,0.0,0.0,0.0,0.0,0.0,1,39.20863630005624,39.20863630005624,39.20863630005624,39.20863630005624,0.0,39.20863630005624,39.20863630005624,1,39.84111129993107,39.84111129993107,39.84111129993107,39.84111129993107,0.0,39.84111129993107,39.84111129993107
multi_deviation_benchmark_two_mixed_online,symbolic_smt,component_001_events_0030_objects_0020__two_mixed_026.jsonocel,,1,1,0,0,0,0,2,,fresh_offline_alignment,1,2.0049961000913754,2.0049961000913754,2.0049961000913754,2.0049961000913754,0.0,2.0049961000913754,2.0049961000913754,1,0.06683320333637918,0.06683320333637918,0.06683320333637918,0.06683320333637918,0.0,0.06683320333637918,0.06683320333637918,1,0.8198629999533296,0.8198629999533296,0.8198629999533296,0.8198629999533296,0.0,0.8198629999533296,0.8198629999533296,1,0.0,0.0,0.0,0.0,0.0,0.0,0.0,1,2.0049961000913754,2.0049961000913754,2.0049961000913754,2.0049961000913754,0.0,2.0049961000913754,2.0049961000913754,1,2.4333606000291184,2.4333606000291184,2.4333606000291184,2.4333606000291184,0.0,2.4333606000291184,2.4333606000291184
multi_deviation_benchmark_two_mixed_online,symbolic_smt,component_002_events_0028_objects_0013__two_mixed_024.jsonocel,,1,1,0,0,0,0,2,,fresh_offline_alignment,1,1.0127757996087894,1.0127757996087894,1.0127757996087894,1.0127757996087894,0.0,1.0127757996087894,1.0127757996087894,1,0.03492330343478584,0.03492330343478584,0.03492330343478584,0.03492330343478584,0.0,0.03492330343478584,0.03492330343478584,1,0.19569620001129806,0.19569620001129806,0.19569620001129806,0.19569620001129806,0.0,0.19569620001129806,0.19569620001129806,1,0.0,0.0,0.0,0.0,0.0,0.0,0.0,1,1.0127757996087894,1.0127757996087894,1.0127757996087894,1.0127757996087894,0.0,1.0127757996087894,1.0127757996087894,1,1.5397998000262305,1.5397998000262305,1.5397998000262305,1.5397998000262305,0.0,1.5397998000262305,1.5397998000262305
multi_deviation_benchmark_two_mixed_online,symbolic_smt,component_003_events_0022_objects_0011__two_mixed_022.jsonocel,,1,0,0,0,0,0,0,,fresh_offline_alignment,1,0.3572657002368942,0.3572657002368942,0.3572657002368942,0.3572657002368942,0.0,0.3572657002368942,0.3572657002368942,1,0.032478700021535835,0.032478700021535835,0.032478700021535835,0.032478700021535835,0.0,0.032478700021535835,0.032478700021535835,1,0.16072639997582883,0.16072639997582883,0.16072639997582883,0.16072639997582883,0.0,0.16072639997582883,0.16072639997582883,,,,,,,,,1,0.3572657002368942,0.3572657002368942,0.3572657002368942,0.3572657002368942,0.0,0.3572657002368942,0.3572657002368942,1,60.71548749995418,60.71548749995418,60.71548749995418,60.71548749995418,0.0,60.71548749995418,60.71548749995418
multi_deviation_benchmark_two_mixed_online,symbolic_smt,component_004_events_0013_objects_0009__two_mixed_017.jsonocel,,1,1,0,0,0,0,2,,fresh_offline_alignment,1,0.44407560012768954,0.44407560012768954,0.44407560012768954,0.44407560012768954,0.0,0.44407560012768954,0.44407560012768954,1,0.031719685723406395,0.031719685723406395,0.031719685723406395,0.031719685723406395,0.0,0.031719685723406395,0.031719685723406395,1,0.14804400003049523,0.14804400003049523,0.14804400003049523,0.14804400003049523,0.0,0.14804400003049523,0.14804400003049523,1,0.0,0.0,0.0,0.0,0.0,0.0,0.0,1,0.44407560012768954,0.44407560012768954,0.44407560012768954,0.44407560012768954,0.0,0.44407560012768954,0.44407560012768954,1,0.8264961999375373,0.8264961999375373,0.8264961999375373,0.8264961999375373,0.0,0.8264961999375373,0.8264961999375373
multi_deviation_benchmark_two_mixed_online,symbolic_smt,component_005_events_0035_objects_0016__two_mixed_028.jsonocel,,1,0,0,0,0,0,0,,fresh_offline_alignment,1,0.6736373002640903,0.6736373002640903,0.6736373002640903,0.6736373002640903,0.0,0.6736373002640903,0.6736373002640903,1,0.0320779666792424,0.0320779666792424,0.0320779666792424,0.0320779666792424,0.0,0.0320779666792424,0.0320779666792424,1,0.151577900047414,0.151577900047414,0.151577900047414,0.151577900047414,0.0,0.151577900047414,0.151577900047414,,,,,,,,,1,0.6736373002640903,0.6736373002640903,0.6736373002640903,0.6736373002640903,0.0,0.6736373002640903,0.6736373002640903,1,61.121625200030394,61.121625200030394,61.121625200030394,61.121625200030394,0.0,61.121625200030394,61.121625200030394
multi_deviation_benchmark_two_mixed_online,symbolic_smt,component_006_events_0031_objects_0015__two_mixed_027.jsonocel,,1,1,0,0,0,0,2,,fresh_offline_alignment,1,1.4708643998019397,1.4708643998019397,1.4708643998019397,1.4708643998019397,0.0,1.4708643998019397,1.4708643998019397,1,0.04744723870328838,0.04744723870328838,0.04744723870328838,0.04744723870328838,0.0,0.04744723870328838,0.04744723870328838,1,0.4783304000739008,0.4783304000739008,0.4783304000739008,0.4783304000739008,0.0,0.4783304000739008,0.4783304000739008,1,0.0,0.0,0.0,0.0,0.0,0.0,0.0,1,1.4708643998019397,1.4708643998019397,1.4708643998019397,1.4708643998019397,0.0,1.4708643998019397,1.4708643998019397,1,2.054630999919027,2.054630999919027,2.054630999919027,2.054630999919027,0.0,2.054630999919027,2.054630999919027
multi_deviation_benchmark_two_mixed_online,symbolic_smt,component_009_events_0015_objects_0008__two_mixed_019.jsonocel,,1,0,0,0,0,0,0,,fresh_offline_alignment,1,0.28605259978212416,0.28605259978212416,0.28605259978212416,0.28605259978212416,0.0,0.28605259978212416,0.28605259978212416,1,0.0317836221980138,0.0317836221980138,0.0317836221980138,0.0317836221980138,0.0,0.0317836221980138,0.0317836221980138,1,0.13071500009391457,0.13071500009391457,0.13071500009391457,0.13071500009391457,0.0,0.13071500009391457,0.13071500009391457,,,,,,,,,1,0.28605259978212416,0.28605259978212416,0.28605259978212416,0.28605259978212416,0.0,0.28605259978212416,0.28605259978212416,1,60.70102939999197,60.70102939999197,60.70102939999197,60.70102939999197,0.0,60.70102939999197,60.70102939999197
multi_deviation_benchmark_two_mixed_online,symbolic_smt,component_011_events_0028_objects_0017__two_mixed_025.jsonocel,,1,0,0,0,0,0,0,,fresh_offline_alignment,1,0.6984051000326872,0.6984051000326872,0.6984051000326872,0.6984051000326872,0.0,0.6984051000326872,0.6984051000326872,1,0.03325738571584225,0.03325738571584225,0.03325738571584225,0.03325738571584225,0.0,0.03325738571584225,0.03325738571584225,1,0.1387331000296399,0.1387331000296399,0.1387331000296399,0.1387331000296399,0.0,0.1387331000296399,0.1387331000296399,,,,,,,,,1,0.6984051000326872,0.6984051000326872,0.6984051000326872,0.6984051000326872,0.0,0.6984051000326872,0.6984051000326872,1,61.16993720002938,61.16993720002938,61.16993720002938,61.16993720002938,0.0,61.16993720002938,61.16993720002938
multi_deviation_benchmark_two_mixed_online,symbolic_smt,component_014_events_0102_objects_0053__two_mixed_033.jsonocel,,1,1,0,0,0,0,2,,fresh_offline_alignment,1,9.535366699681617,9.535366699681617,9.535366699681617,9.535366699681617,0.0,9.535366699681617,9.535366699681617,1,0.09348398725178056,0.09348398725178056,0.09348398725178056,0.09348398725178056,0.0,0.09348398725178056,0.09348398725178056,1,0.3812590000452474,0.3812590000452474,0.3812590000452474,0.3812590000452474,0.0,0.3812590000452474,0.3812590000452474,1,0.0,0.0,0.0,0.0,0.0,0.0,0.0,1,9.535366699681617,9.535366699681617,9.535366699681617,9.535366699681617,0.0,9.535366699681617,9.535366699681617,1,17.127649700036272,17.127649700036272,17.127649700036272,17.127649700036272,0.0,17.127649700036272,17.127649700036272
multi_deviation_benchmark_two_mixed_online,symbolic_smt,component_020_events_0022_objects_0009__two_mixed_023.jsonocel,,1,1,0,0,0,0,2,,fresh_offline_alignment,1,0.666901700431481,0.666901700431481,0.666901700431481,0.666901700431481,0.0,0.666901700431481,0.666901700431481,1,0.028995726105716567,0.028995726105716567,0.028995726105716567,0.028995726105716567,0.0,0.028995726105716567,0.028995726105716567,1,0.14729880006052554,0.14729880006052554,0.14729880006052554,0.14729880006052554,0.0,0.14729880006052554,0.14729880006052554,1,0.0,0.0,0.0,0.0,0.0,0.0,0.0,1,0.666901700431481,0.666901700431481,0.666901700431481,0.666901700431481,0.0,0.666901700431481,0.666901700431481,1,1.1470046000322327,1.1470046000322327,1.1470046000322327,1.1470046000322327,0.0,1.1470046000322327,1.1470046000322327
multi_deviation_benchmark_two_mixed_online,symbolic_smt,component_021_events_0013_objects_0005__two_mixed_018.jsonocel,,1,1,0,0,0,0,2,,fresh_offline_alignment,1,0.5552926997188479,0.5552926997188479,0.5552926997188479,0.5552926997188479,0.0,0.5552926997188479,0.5552926997188479,1,0.03966376426563199,0.03966376426563199,0.03966376426563199,0.03966376426563199,0.0,0.03966376426563199,0.03966376426563199,1,0.20304299995768815,0.20304299995768815,0.20304299995768815,0.20304299995768815,0.0,0.20304299995768815,0.20304299995768815,1,0.0,0.0,0.0,0.0,0.0,0.0,0.0,1,0.5552926997188479,0.5552926997188479,0.5552926997188479,0.5552926997188479,0.0,0.5552926997188479,0.5552926997188479,1,0.9302387000061572,0.9302387000061572,0.9302387000061572,0.9302387000061572,0.0,0.9302387000061572,0.9302387000061572
multi_deviation_benchmark_two_mixed_online,symbolic_smt,component_024_events_0010_objects_0005__two_mixed_009.jsonocel,,1,1,0,0,0,0,2,,fresh_offline_alignment,1,3.2116508000763133,3.2116508000763133,3.2116508000763133,3.2116508000763133,0.0,3.2116508000763133,3.2116508000763133,1,0.32116508000763133,0.32116508000763133,0.32116508000763133,0.32116508000763133,0.0,0.32116508000763133,0.32116508000763133,1,2.736953799962066,2.736953799962066,2.736953799962066,2.736953799962066,0.0,2.736953799962066,2.736953799962066,1,0.0,0.0,0.0,0.0,0.0,0.0,0.0,1,3.2116508000763133,3.2116508000763133,3.2116508000763133,3.2116508000763133,0.0,3.2116508000763133,3.2116508000763133,1,3.6369480000576004,3.6369480000576004,3.6369480000576004,3.6369480000576004,0.0,3.6369480000576004,3.6369480000576004
multi_deviation_benchmark_two_mixed_online,symbolic_smt,component_028_events_0012_objects_0008__two_mixed_015.jsonocel,,1,1,0,0,0,0,2,,fresh_offline_alignment,1,0.677865500212647,0.677865500212647,0.677865500212647,0.677865500212647,0.0,0.677865500212647,0.677865500212647,1,0.05648879168438725,0.05648879168438725,0.05648879168438725,0.05648879168438725,0.0,0.05648879168438725,0.05648879168438725,1,0.32826659991405904,0.32826659991405904,0.32826659991405904,0.32826659991405904,0.0,0.32826659991405904,0.32826659991405904,1,0.0,0.0,0.0,0.0,0.0,0.0,0.0,1,0.677865500212647,0.677865500212647,0.677865500212647,0.677865500212647,0.0,0.677865500212647,0.677865500212647,1,1.024963099975139,1.024963099975139,1.024963099975139,1.024963099975139,0.0,1.024963099975139,1.024963099975139
multi_deviation_benchmark_two_mixed_online,symbolic_smt,component_029_events_0021_objects_0010__two_mixed_021.jsonocel,,1,1,0,0,0,0,2,,fresh_offline_alignment,1,0.9167072002310306,0.9167072002310306,0.9167072002310306,0.9167072002310306,0.0,0.9167072002310306,0.9167072002310306,1,0.04365272382052526,0.04365272382052526,0.04365272382052526,0.04365272382052526,0.0,0.04365272382052526,0.04365272382052526,1,0.3676714999601245,0.3676714999601245,0.3676714999601245,0.3676714999601245,0.0,0.3676714999601245,0.3676714999601245,1,0.0,0.0,0.0,0.0,0.0,0.0,0.0,1,0.9167072002310306,0.9167072002310306,0.9167072002310306,0.9167072002310306,0.0,0.9167072002310306,0.9167072002310306,1,1.3411577000515535,1.3411577000515535,1.3411577000515535,1.3411577000515535,0.0,1.3411577000515535,1.3411577000515535
multi_deviation_benchmark_two_mixed_online,symbolic_smt,component_030_events_0061_objects_0033__two_mixed_030.jsonocel,,1,1,0,0,0,0,2,,fresh_offline_alignment,1,3.4710309993242845,3.4710309993242845,3.4710309993242845,3.4710309993242845,0.0,3.4710309993242845,3.4710309993242845,1,0.0559843709568433,0.0559843709568433,0.0559843709568433,0.0559843709568433,0.0,0.0559843709568433,0.0559843709568433,1,0.5389556000009179,0.5389556000009179,0.5389556000009179,0.5389556000009179,0.0,0.5389556000009179,0.5389556000009179,1,0.0,0.0,0.0,0.0,0.0,0.0,0.0,1,3.4710309993242845,3.4710309993242845,3.4710309993242845,3.4710309993242845,0.0,3.4710309993242845,3.4710309993242845,1,5.393829500069842,5.393829500069842,5.393829500069842,5.393829500069842,0.0,5.393829500069842,5.393829500069842
multi_deviation_benchmark_two_mixed_online,symbolic_smt,component_031_events_0009_objects_0005__two_mixed_005.jsonocel,,1,1,0,0,0,0,2,,fresh_offline_alignment,1,0.30867719976231456,0.30867719976231456,0.30867719976231456,0.30867719976231456,0.0,0.30867719976231456,0.30867719976231456,1,0.030867719976231455,0.030867719976231455,0.030867719976231455,0.030867719976231455,0.0,0.030867719976231455,0.030867719976231455,1,0.09292870003264397,0.09292870003264397,0.09292870003264397,0.09292870003264397,0.0,0.09292870003264397,0.09292870003264397,1,0.0,0.0,0.0,0.0,0.0,0.0,0.0,1,0.30867719976231456,0.30867719976231456,0.30867719976231456,0.30867719976231456,0.0,0.30867719976231456,0.30867719976231456,1,0.6311888999771327,0.6311888999771327,0.6311888999771327,0.6311888999771327,0.0,0.6311888999771327,0.6311888999771327
multi_deviation_benchmark_two_mixed_online,symbolic_smt,component_032_events_0007_objects_0003__two_mixed_001.jsonocel,,1,1,0,0,0,0,2,,fresh_offline_alignment,1,43.31271830003243,43.31271830003243,43.31271830003243,43.31271830003243,0.0,43.31271830003243,43.31271830003243,1,7.218786383338738,7.218786383338738,7.218786383338738,7.218786383338738,0.0,7.218786383338738,7.218786383338738,1,23.212942700018175,23.212942700018175,23.212942700018175,23.212942700018175,0.0,23.212942700018175,23.212942700018175,1,0.0,0.0,0.0,0.0,0.0,0.0,0.0,1,43.31271830003243,43.31271830003243,43.31271830003243,43.31271830003243,0.0,43.31271830003243,43.31271830003243,1,43.77812100003939,43.77812100003939,43.77812100003939,43.77812100003939,0.0,43.77812100003939,43.77812100003939
multi_deviation_benchmark_two_mixed_online,symbolic_smt,component_036_events_0017_objects_0008__two_mixed_020.jsonocel,,1,1,0,0,0,0,2,,fresh_offline_alignment,1,0.7768465997651219,0.7768465997651219,0.7768465997651219,0.7768465997651219,0.0,0.7768465997651219,0.7768465997651219,1,0.045696858809713053,0.045696858809713053,0.045696858809713053,0.045696858809713053,0.0,0.045696858809713053,0.045696858809713053,1,0.3237941999686882,0.3237941999686882,0.3237941999686882,0.3237941999686882,0.0,0.3237941999686882,0.3237941999686882,1,0.0,0.0,0.0,0.0,0.0,0.0,0.0,1,0.7768465997651219,0.7768465997651219,0.7768465997651219,0.7768465997651219,0.0,0.7768465997651219,0.7768465997651219,1,1.1287666000425816,1.1287666000425816,1.1287666000425816,1.1287666000425816,0.0,1.1287666000425816,1.1287666000425816
multi_deviation_benchmark_two_mixed_online,symbolic_smt,component_037_events_0012_objects_0006__two_mixed_016.jsonocel,,1,1,0,0,0,0,2,,fresh_offline_alignment,1,0.37897589977364987,0.37897589977364987,0.37897589977364987,0.37897589977364987,0.0,0.37897589977364987,0.37897589977364987,1,0.02915199229028076,0.02915199229028076,0.02915199229028076,0.02915199229028076,0.0,0.02915199229028076,0.02915199229028076,1,0.10796539997681975,0.10796539997681975,0.10796539997681975,0.10796539997681975,0.0,0.10796539997681975,0.10796539997681975,1,0.0,0.0,0.0,0.0,0.0,0.0,0.0,1,0.37897589977364987,0.37897589977364987,0.37897589977364987,0.37897589977364987,0.0,0.37897589977364987,0.37897589977364987,1,0.7283327999757603,0.7283327999757603,0.7283327999757603,0.7283327999757603,0.0,0.7283327999757603,0.7283327999757603
multi_deviation_benchmark_two_mixed_online,symbolic_smt,component_038_events_0008_objects_0004__two_mixed_003.jsonocel,,1,1,0,0,0,0,2,,fresh_offline_alignment,1,0.4039503001840785,0.4039503001840785,0.4039503001840785,0.4039503001840785,0.0,0.4039503001840785,0.4039503001840785,1,0.050493787523009814,0.050493787523009814,0.050493787523009814,0.050493787523009814,0.0,0.050493787523009814,0.050493787523009814,1,0.1900076000019908,0.1900076000019908,0.1900076000019908,0.1900076000019908,0.0,0.1900076000019908,0.1900076000019908,1,0.0,0.0,0.0,0.0,0.0,0.0,0.0,1,0.4039503001840785,0.4039503001840785,0.4039503001840785,0.4039503001840785,0.0,0.4039503001840785,0.4039503001840785,1,0.7241339000174776,0.7241339000174776,0.7241339000174776,0.7241339000174776,0.0,0.7241339000174776,0.7241339000174776
multi_deviation_benchmark_two_mixed_online,symbolic_smt,component_042_events_0009_objects_0005__two_mixed_006.jsonocel,,1,1,0,0,0,0,2,,fresh_offline_alignment,1,0.4618862996576354,0.4618862996576354,0.4618862996576354,0.4618862996576354,0.0,0.4618862996576354,0.4618862996576354,1,0.04618862996576354,0.04618862996576354,0.04618862996576354,0.04618862996576354,0.0,0.04618862996576354,0.04618862996576354,1,0.18689199991058558,0.18689199991058558,0.18689199991058558,0.18689199991058558,0.0,0.18689199991058558,0.18689199991058558,1,0.0,0.0,0.0,0.0,0.0,0.0,0.0,1,0.4618862996576354,0.4618862996576354,0.4618862996576354,0.4618862996576354,0.0,0.4618862996576354,0.4618862996576354,1,0.8255946000572294,0.8255946000572294,0.8255946000572294,0.8255946000572294,0.0,0.8255946000572294,0.8255946000572294
multi_deviation_benchmark_two_mixed_online,symbolic_smt,component_048_events_0011_objects_0007__two_mixed_011.jsonocel,,1,1,0,0,0,0,2,,fresh_offline_alignment,1,0.37914959993213415,0.37914959993213415,0.37914959993213415,0.37914959993213415,0.0,0.37914959993213415,0.37914959993213415,1,0.03159579999434451,0.03159579999434451,0.03159579999434451,0.03159579999434451,0.0,0.03159579999434451,0.03159579999434451,1,0.1254340000450611,0.1254340000450611,0.1254340000450611,0.1254340000450611,0.0,0.1254340000450611,0.1254340000450611,1,0.0,0.0,0.0,0.0,0.0,0.0,0.0,1,0.37914959993213415,0.37914959993213415,0.37914959993213415,0.37914959993213415,0.0,0.37914959993213415,0.37914959993213415,1,0.7281974999932572,0.7281974999932572,0.7281974999932572,0.7281974999932572,0.0,0.7281974999932572,0.7281974999932572
multi_deviation_benchmark_two_mixed_online,symbolic_smt,component_050_events_0008_objects_0004__two_mixed_004.jsonocel,,1,1,0,0,0,0,2,,fresh_offline_alignment,1,0.28267220000270754,0.28267220000270754,0.28267220000270754,0.28267220000270754,0.0,0.28267220000270754,0.28267220000270754,1,0.03140802222252306,0.03140802222252306,0.03140802222252306,0.03140802222252306,0.0,0.03140802222252306,0.03140802222252306,1,0.08457659999839962,0.08457659999839962,0.08457659999839962,0.08457659999839962,0.0,0.08457659999839962,0.08457659999839962,1,0.0,0.0,0.0,0.0,0.0,0.0,0.0,1,0.28267220000270754,0.28267220000270754,0.28267220000270754,0.28267220000270754,0.0,0.28267220000270754,0.28267220000270754,1,0.6228408999741077,0.6228408999741077,0.6228408999741077,0.6228408999741077,0.0,0.6228408999741077,0.6228408999741077
multi_deviation_benchmark_two_mixed_online,symbolic_smt,component_051_events_0011_objects_0007__two_mixed_012.jsonocel,,1,1,0,0,0,0,2,,fresh_offline_alignment,1,0.6528346999548376,0.6528346999548376,0.6528346999548376,0.6528346999548376,0.0,0.6528346999548376,0.6528346999548376,1,0.05440289166290313,0.05440289166290313,0.05440289166290313,0.05440289166290313,0.0,0.05440289166290313,0.05440289166290313,1,0.31112800003029406,0.31112800003029406,0.31112800003029406,0.31112800003029406,0.0,0.31112800003029406,0.31112800003029406,1,0.0,0.0,0.0,0.0,0.0,0.0,0.0,1,0.6528346999548376,0.6528346999548376,0.6528346999548376,0.6528346999548376,0.0,0.6528346999548376,0.6528346999548376,1,1.0304747000336647,1.0304747000336647,1.0304747000336647,1.0304747000336647,0.0,1.0304747000336647,1.0304747000336647
multi_deviation_benchmark_two_mixed_online,symbolic_smt,component_057_events_0011_objects_0005__two_mixed_013.jsonocel,,1,0,0,0,0,0,0,,fresh_offline_alignment,1,0.21558770001865923,0.21558770001865923,0.21558770001865923,0.21558770001865923,0.0,0.21558770001865923,0.21558770001865923,1,0.03079824285980846,0.03079824285980846,0.03079824285980846,0.03079824285980846,0.0,0.03079824285980846,0.03079824285980846,1,0.1017602999927476,0.1017602999927476,0.1017602999927476,0.1017602999927476,0.0,0.1017602999927476,0.1017602999927476,,,,,,,,,1,0.21558770001865923,0.21558770001865923,0.21558770001865923,0.21558770001865923,0.0,0.21558770001865923,0.21558770001865923,1,60.59523200010881,60.59523200010881,60.59523200010881,60.59523200010881,0.0,60.59523200010881,60.59523200010881
multi_deviation_benchmark_two_mixed_online,symbolic_smt,component_058_events_0009_objects_0005__two_mixed_007.jsonocel,,1,0,0,0,0,0,0,,fresh_offline_alignment,1,0.1645607998361811,0.1645607998361811,0.1645607998361811,0.1645607998361811,0.0,0.1645607998361811,0.1645607998361811,1,0.041140199959045276,0.041140199959045276,0.041140199959045276,0.041140199959045276,0.0,0.041140199959045276,0.041140199959045276,1,0.09966780000831932,0.09966780000831932,0.09966780000831932,0.09966780000831932,0.0,0.09966780000831932,0.09966780000831932,,,,,,,,,1,0.1645607998361811,0.1645607998361811,0.1645607998361811,0.1645607998361811,0.0,0.1645607998361811,0.1645607998361811,1,60.557686700019985,60.557686700019985,60.557686700019985,60.557686700019985,0.0,60.557686700019985,60.557686700019985
multi_deviation_benchmark_two_mixed_online,symbolic_smt,component_059_events_0010_objects_0006__two_mixed_010.jsonocel,,1,1,0,0,0,0,2,,fresh_offline_alignment,1,0.3490955001907423,0.3490955001907423,0.3490955001907423,0.3490955001907423,0.0,0.3490955001907423,0.3490955001907423,1,0.03173595456279476,0.03173595456279476,0.03173595456279476,0.03173595456279476,0.0,0.03173595456279476,0.03173595456279476,1,0.10541389998979867,0.10541389998979867,0.10541389998979867,0.10541389998979867,0.0,0.10541389998979867,0.10541389998979867,1,0.0,0.0,0.0,0.0,0.0,0.0,0.0,1,0.3490955001907423,0.3490955001907423,0.3490955001907423,0.3490955001907423,0.0,0.3490955001907423,0.3490955001907423,1,0.6235477000009269,0.6235477000009269,0.6235477000009269,0.6235477000009269,0.0,0.6235477000009269,0.6235477000009269
multi_deviation_benchmark_two_mixed_online,symbolic_smt,component_061_events_0007_objects_0003__two_mixed_002.jsonocel,,1,1,0,0,0,0,2,,fresh_offline_alignment,1,0.3725848998874426,0.3725848998874426,0.3725848998874426,0.3725848998874426,0.0,0.3725848998874426,0.3725848998874426,1,0.053226414269634655,0.053226414269634655,0.053226414269634655,0.053226414269634655,0.0,0.053226414269634655,0.053226414269634655,1,0.1663690999848768,0.1663690999848768,0.1663690999848768,0.1663690999848768,0.0,0.1663690999848768,0.1663690999848768,1,0.0,0.0,0.0,0.0,0.0,0.0,0.0,1,0.3725848998874426,0.3725848998874426,0.3725848998874426,0.3725848998874426,0.0,0.3725848998874426,0.3725848998874426,1,0.7209357999963686,0.7209357999963686,0.7209357999963686,0.7209357999963686,0.0,0.7209357999963686,0.7209357999963686
multi_deviation_benchmark_two_mixed_online,symbolic_smt,component_063_events_0035_objects_0019__two_mixed_029.jsonocel,,1,1,0,0,0,0,2,,fresh_offline_alignment,1,1.7891422000247985,1.7891422000247985,1.7891422000247985,1.7891422000247985,0.0,1.7891422000247985,1.7891422000247985,1,0.04969839444513329,0.04969839444513329,0.04969839444513329,0.04969839444513329,0.0,0.04969839444513329,0.04969839444513329,1,0.6924955999711528,0.6924955999711528,0.6924955999711528,0.6924955999711528,0.0,0.6924955999711528,0.6924955999711528,1,0.0,0.0,0.0,0.0,0.0,0.0,0.0,1,1.7891422000247985,1.7891422000247985,1.7891422000247985,1.7891422000247985,0.0,1.7891422000247985,1.7891422000247985,1,2.3423030000412837,2.3423030000412837,2.3423030000412837,2.3423030000412837,0.0,2.3423030000412837,2.3423030000412837
multi_deviation_benchmark_two_mixed_online,symbolic_smt,component_064_events_0116_objects_0055__two_mixed_034.jsonocel,,1,1,0,0,0,0,2,,fresh_offline_alignment,1,10.84815669991076,10.84815669991076,10.84815669991076,10.84815669991076,0.0,10.84815669991076,10.84815669991076,1,0.09433179739052834,0.09433179739052834,0.09433179739052834,0.09433179739052834,0.0,0.09433179739052834,0.09433179739052834,1,0.2632601000368595,0.2632601000368595,0.2632601000368595,0.2632601000368595,0.0,0.2632601000368595,0.2632601000368595,1,0.0,0.0,0.0,0.0,0.0,0.0,0.0,1,10.84815669991076,10.84815669991076,10.84815669991076,10.84815669991076,0.0,10.84815669991076,10.84815669991076,1,19.09653909993358,19.09653909993358,19.09653909993358,19.09653909993358,0.0,19.09653909993358,19.09653909993358
multi_deviation_benchmark_two_mixed_online,symbolic_smt,component_065_events_0098_objects_0050__two_mixed_032.jsonocel,,1,1,0,0,0,0,2,,fresh_offline_alignment,1,6.917774200323038,6.917774200323038,6.917774200323038,6.917774200323038,0.0,6.917774200323038,6.917774200323038,1,0.06987650707397008,0.06987650707397008,0.06987650707397008,0.06987650707397008,0.0,0.06987650707397008,0.06987650707397008,1,0.2449052999727428,0.2449052999727428,0.2449052999727428,0.2449052999727428,0.0,0.2449052999727428,0.2449052999727428,1,0.0,0.0,0.0,0.0,0.0,0.0,0.0,1,6.917774200323038,6.917774200323038,6.917774200323038,6.917774200323038,0.0,6.917774200323038,6.917774200323038,1,12.074484699987806,12.074484699987806,12.074484699987806,12.074484699987806,0.0,12.074484699987806,12.074484699987806
multi_deviation_benchmark_two_mixed_online,symbolic_smt,component_066_events_0011_objects_0006__two_mixed_014.jsonocel,,1,1,0,0,0,0,2,,fresh_offline_alignment,1,0.5583183000562713,0.5583183000562713,0.5583183000562713,0.5583183000562713,0.0,0.5583183000562713,0.5583183000562713,1,0.05075620909602466,0.05075620909602466,0.05075620909602466,0.05075620909602466,0.0,0.05075620909602466,0.05075620909602466,1,0.2626472000265494,0.2626472000265494,0.2626472000265494,0.2626472000265494,0.0,0.2626472000265494,0.2626472000265494,1,0.0,0.0,0.0,0.0,0.0,0.0,0.0,1,0.5583183000562713,0.5583183000562713,0.5583183000562713,0.5583183000562713,0.0,0.5583183000562713,0.5583183000562713,1,0.9377254999708384,0.9377254999708384,0.9377254999708384,0.9377254999708384,0.0,0.9377254999708384,0.9377254999708384
multi_deviation_benchmark_two_mixed_online,symbolic_smt,component_067_events_0063_objects_0031__two_mixed_031.jsonocel,,1,1,0,0,0,0,2,,fresh_offline_alignment,1,2.9371289004338905,2.9371289004338905,2.9371289004338905,2.9371289004338905,0.0,2.9371289004338905,2.9371289004338905,1,0.04737304678119178,0.04737304678119178,0.04737304678119178,0.04737304678119178,0.0,0.04737304678119178,0.04737304678119178,1,0.5119070999789983,0.5119070999789983,0.5119070999789983,0.5119070999789983,0.0,0.5119070999789983,0.5119070999789983,1,0.0,0.0,0.0,0.0,0.0,0.0,0.0,1,2.9371289004338905,2.9371289004338905,2.9371289004338905,2.9371289004338905,0.0,2.9371289004338905,2.9371289004338905,1,4.371124100056477,4.371124100056477,4.371124100056477,4.371124100056477,0.0,4.371124100056477,4.371124100056477
multi_deviation_benchmark_two_mixed_online,symbolic_smt,component_068_events_0009_objects_0005__two_mixed_008.jsonocel,,1,1,0,0,0,0,2,,fresh_offline_alignment,1,1.609128300100565,1.609128300100565,1.609128300100565,1.609128300100565,0.0,1.609128300100565,1.609128300100565,1,0.17879203334450722,0.17879203334450722,0.17879203334450722,0.17879203334450722,0.0,0.17879203334450722,0.17879203334450722,1,1.23611970001366,1.23611970001366,1.23611970001366,1.23611970001366,0.0,1.23611970001366,1.23611970001366,1,0.0,0.0,0.0,0.0,0.0,0.0,0.0,1,1.609128300100565,1.609128300100565,1.609128300100565,1.609128300100565,0.0,1.609128300100565,1.609128300100565,1,1.932001500041224,1.932001500041224,1.932001500041224,1.932001500041224,0.0,1.932001500041224,1.932001500041224
multi_deviation_benchmark_two_same_dimension_online,symbolic_smt,component_003_events_0022_objects_0011__two_same_dimension_042.jsonocel,,1,1,0,0,0,0,2,,fresh_offline_alignment,1,1.1475833000149578,1.1475833000149578,1.1475833000149578,1.1475833000149578,0.0,1.1475833000149578,1.1475833000149578,1,0.052162877273407175,0.052162877273407175,0.052162877273407175,0.052162877273407175,0.0,0.052162877273407175,0.052162877273407175,1,0.5277360000181943,0.5277360000181943,0.5277360000181943,0.5277360000181943,0.0,0.5277360000181943,0.5277360000181943,1,0.0,0.0,0.0,0.0,0.0,0.0,0.0,1,1.1475833000149578,1.1475833000149578,1.1475833000149578,1.1475833000149578,0.0,1.1475833000149578,1.1475833000149578,1,1.6299055999843404,1.6299055999843404,1.6299055999843404,1.6299055999843404,0.0,1.6299055999843404,1.6299055999843404
multi_deviation_benchmark_two_same_dimension_online,symbolic_smt,component_005_events_0035_objects_0016__two_same_dimension_044.jsonocel,,1,0,0,0,0,0,1,,fresh_offline_alignment,1,0.9771048001712188,0.9771048001712188,0.9771048001712188,0.9771048001712188,0.0,0.9771048001712188,0.9771048001712188,1,0.032570160005707297,0.032570160005707297,0.032570160005707297,0.032570160005707297,0.0,0.032570160005707297,0.032570160005707297,1,0.14609999989625067,0.14609999989625067,0.14609999989625067,0.14609999989625067,0.0,0.14609999989625067,0.14609999989625067,,,,,,,,,1,0.9771048001712188,0.9771048001712188,0.9771048001712188,0.9771048001712188,0.0,0.9771048001712188,0.9771048001712188,1,61.611932699917816,61.611932699917816,61.611932699917816,61.611932699917816,0.0,61.611932699917816,61.611932699917816
multi_deviation_benchmark_two_same_dimension_online,symbolic_smt,component_009_events_0015_objects_0008__two_same_dimension_041.jsonocel,,1,1,0,0,0,0,2,,fresh_offline_alignment,1,0.5102280999999493,0.5102280999999493,0.5102280999999493,0.5102280999999493,0.0,0.5102280999999493,0.5102280999999493,1,0.030013417647055844,0.030013417647055844,0.030013417647055844,0.030013417647055844,0.0,0.030013417647055844,0.030013417647055844,1,0.13087190000806004,0.13087190000806004,0.13087190000806004,0.13087190000806004,0.0,0.13087190000806004,0.13087190000806004,1,0.0,0.0,0.0,0.0,0.0,0.0,0.0,1,0.5102280999999493,0.5102280999999493,0.5102280999999493,0.5102280999999493,0.0,0.5102280999999493,0.5102280999999493,1,0.9284148000879213,0.9284148000879213,0.9284148000879213,0.9284148000879213,0.0,0.9284148000879213,0.9284148000879213
multi_deviation_benchmark_two_same_dimension_online,symbolic_smt,component_011_events_0028_objects_0017__two_same_dimension_043.jsonocel,,1,0,0,0,0,0,0,,fresh_offline_alignment,1,0.718843000009656,0.718843000009656,0.718843000009656,0.718843000009656,0.0,0.718843000009656,0.718843000009656,1,0.032674681818620724,0.032674681818620724,0.032674681818620724,0.032674681818620724,0.0,0.032674681818620724,0.032674681818620724,1,0.1328679999569431,0.1328679999569431,0.1328679999569431,0.1328679999569431,0.0,0.1328679999569431,0.1328679999569431,,,,,,,,,1,0.718843000009656,0.718843000009656,0.718843000009656,0.718843000009656,0.0,0.718843000009656,0.718843000009656,1,61.153157200082205,61.153157200082205,61.153157200082205,61.153157200082205,0.0,61.153157200082205,61.153157200082205
multi_deviation_benchmark_two_same_dimension_online,symbolic_smt,component_032_events_0007_objects_0003__two_same_dimension_035.jsonocel,,1,1,0,0,0,0,2,,fresh_offline_alignment,1,0.27484879991970956,0.27484879991970956,0.27484879991970956,0.27484879991970956,0.0,0.27484879991970956,0.27484879991970956,1,0.030538755546634395,0.030538755546634395,0.030538755546634395,0.030538755546634395,0.0,0.030538755546634395,0.030538755546634395,1,0.06384069996420294,0.06384069996420294,0.06384069996420294,0.06384069996420294,0.0,0.06384069996420294,0.06384069996420294,1,0.0,0.0,0.0,0.0,0.0,0.0,0.0,1,0.27484879991970956,0.27484879991970956,0.27484879991970956,0.27484879991970956,0.0,0.27484879991970956,0.27484879991970956,1,0.6225248000118881,0.6225248000118881,0.6225248000118881,0.6225248000118881,0.0,0.6225248000118881,0.6225248000118881
multi_deviation_benchmark_two_same_dimension_online,symbolic_smt,component_037_events_0012_objects_0006__two_same_dimension_040.jsonocel,,1,0,0,0,0,0,0,,fresh_offline_alignment,1,0.208023100043647,0.208023100043647,0.208023100043647,0.208023100043647,0.0,0.208023100043647,0.208023100043647,1,0.034670516673941165,0.034670516673941165,0.034670516673941165,0.034670516673941165,0.0,0.034670516673941165,0.034670516673941165,1,0.10656570002902299,0.10656570002902299,0.10656570002902299,0.10656570002902299,0.0,0.10656570002902299,0.10656570002902299,,,,,,,,,1,0.208023100043647,0.208023100043647,0.208023100043647,0.208023100043647,0.0,0.208023100043647,0.208023100043647,1,60.561798400012776,60.561798400012776,60.561798400012776,60.561798400012776,0.0,60.561798400012776,60.561798400012776
multi_deviation_benchmark_two_same_dimension_online,symbolic_smt,component_050_events_0008_objects_0004__two_same_dimension_036.jsonocel,,1,1,0,0,0,0,2,,fresh_offline_alignment,1,0.3167532002553344,0.3167532002553344,0.3167532002553344,0.3167532002553344,0.0,0.3167532002553344,0.3167532002553344,1,0.031675320025533436,0.031675320025533436,0.031675320025533436,0.031675320025533436,0.0,0.031675320025533436,0.031675320025533436,1,0.07834510004613549,0.07834510004613549,0.07834510004613549,0.07834510004613549,0.0,0.07834510004613549,0.07834510004613549,1,0.0,0.0,0.0,0.0,0.0,0.0,0.0,1,0.3167532002553344,0.3167532002553344,0.3167532002553344,0.3167532002553344,0.0,0.3167532002553344,0.3167532002553344,1,0.620990699972026,0.620990699972026,0.620990699972026,0.620990699972026,0.0,0.620990699972026,0.620990699972026
multi_deviation_benchmark_two_same_dimension_online,symbolic_smt,component_057_events_0011_objects_0005__two_same_dimension_039.jsonocel,,1,0,0,0,0,0,0,,fresh_offline_alignment,1,0.1951665001688525,0.1951665001688525,0.1951665001688525,0.1951665001688525,0.0,0.1951665001688525,0.1951665001688525,1,0.03252775002814209,0.03252775002814209,0.03252775002814209,0.03252775002814209,0.0,0.03252775002814209,0.03252775002814209,1,0.09402120008599013,0.09402120008599013,0.09402120008599013,0.09402120008599013,0.0,0.09402120008599013,0.09402120008599013,,,,,,,,,1,0.1951665001688525,0.1951665001688525,0.1951665001688525,0.1951665001688525,0.0,0.1951665001688525,0.1951665001688525,1,60.583662100019865,60.583662100019865,60.583662100019865,60.583662100019865,0.0,60.583662100019865,60.583662100019865
multi_deviation_benchmark_two_same_dimension_online,symbolic_smt,component_058_events_0009_objects_0005__two_same_dimension_037.jsonocel,,1,1,0,0,0,0,2,,fresh_offline_alignment,1,0.5010216997470707,0.5010216997470707,0.5010216997470707,0.5010216997470707,0.0,0.5010216997470707,0.5010216997470707,1,0.05566907774967452,0.05566907774967452,0.05566907774967452,0.05566907774967452,0.0,0.05566907774967452,0.05566907774967452,1,0.2532379999756813,0.2532379999756813,0.2532379999756813,0.2532379999756813,0.0,0.2532379999756813,0.2532379999756813,1,0.0,0.0,0.0,0.0,0.0,0.0,0.0,1,0.5010216997470707,0.5010216997470707,0.5010216997470707,0.5010216997470707,0.0,0.5010216997470707,0.5010216997470707,1,0.8248547000112012,0.8248547000112012,0.8248547000112012,0.8248547000112012,0.0,0.8248547000112012,0.8248547000112012
multi_deviation_benchmark_two_same_dimension_online,symbolic_smt,component_059_events_0010_objects_0006__two_same_dimension_038.jsonocel,,1,0,0,0,0,0,0,,fresh_offline_alignment,1,0.2066270998911932,0.2066270998911932,0.2066270998911932,0.2066270998911932,0.0,0.2066270998911932,0.2066270998911932,1,0.03443784998186553,0.03443784998186553,0.03443784998186553,0.03443784998186553,0.0,0.03443784998186553,0.03443784998186553,1,0.10709780000615865,0.10709780000615865,0.10709780000615865,0.10709780000615865,0.0,0.10709780000615865,0.10709780000615865,,,,,,,,,1,0.2066270998911932,0.2066270998911932,0.2066270998911932,0.2066270998911932,0.0,0.2066270998911932,0.2066270998911932,1,60.55233129998669,60.55233129998669,60.55233129998669,60.55233129998669,0.0,60.55233129998669,60.55233129998669
multi_deviation_benchmark_two_same_dimension_online,symbolic_smt,component_064_events_0116_objects_0055__two_same_dimension_046.jsonocel,,1,1,0,0,0,0,2,,fresh_offline_alignment,1,10.673492198926397,10.673492198926397,10.673492198926397,10.673492198926397,0.0,10.673492198926397,10.673492198926397,1,0.09045332371971522,0.09045332371971522,0.09045332371971522,0.09045332371971522,0.0,0.09045332371971522,0.09045332371971522,1,0.2525211999891326,0.2525211999891326,0.2525211999891326,0.2525211999891326,0.0,0.2525211999891326,0.2525211999891326,1,0.0,0.0,0.0,0.0,0.0,0.0,0.0,1,10.673492198926397,10.673492198926397,10.673492198926397,10.673492198926397,0.0,10.673492198926397,10.673492198926397,1,19.315589800011367,19.315589800011367,19.315589800011367,19.315589800011367,0.0,19.315589800011367,19.315589800011367
multi_deviation_benchmark_two_same_dimension_online,symbolic_smt,component_067_events_0063_objects_0031__two_same_dimension_045.jsonocel,,1,1,0,0,0,0,2,,fresh_offline_alignment,1,2.197348799672909,2.197348799672909,2.197348799672909,2.197348799672909,0.0,2.197348799672909,2.197348799672909,1,0.03602211147004769,0.03602211147004769,0.03602211147004769,0.03602211147004769,0.0,0.03602211147004769,0.03602211147004769,1,0.1244277999503538,0.1244277999503538,0.1244277999503538,0.1244277999503538,0.0,0.1244277999503538,0.1244277999503538,1,0.0,0.0,0.0,0.0,0.0,0.0,0.0,1,2.197348799672909,2.197348799672909,2.197348799672909,2.197348799672909,0.0,2.197348799672909,2.197348799672909,1,3.5175652999896556,3.5175652999896556,3.5175652999896556,3.5175652999896556,0.0,3.5175652999896556,3.5175652999896556
object_attributes_online,symbolic_smt,00_fit_all_object_guards.jsonocel,,1,1,0,0,0,0,0,,fresh_offline_alignment,1,1.0928351000184193,1.0928351000184193,1.0928351000184193,1.0928351000184193,0.0,1.0928351000184193,1.0928351000184193,1,0.21856702000368386,0.21856702000368386,0.21856702000368386,0.21856702000368386,0.0,0.21856702000368386,0.21856702000368386,1,0.40321070002391934,0.40321070002391934,0.40321070002391934,0.40321070002391934,0.0,0.40321070002391934,0.40321070002391934,1,0.0,0.0,0.0,0.0,0.0,0.0,0.0,1,1.0928351000184193,1.0928351000184193,1.0928351000184193,1.0928351000184193,0.0,1.0928351000184193,1.0928351000184193,1,1.487296300008893,1.487296300008893,1.487296300008893,1.487296300008893,0.0,1.487296300008893,1.487296300008893
object_attributes_online,symbolic_smt,01_violate_order_vip.jsonocel,,1,1,0,0,0,0,1,,fresh_offline_alignment,1,1.2583995999302715,1.2583995999302715,1.2583995999302715,1.2583995999302715,0.0,1.2583995999302715,1.2583995999302715,1,0.2516799199860543,0.2516799199860543,0.2516799199860543,0.2516799199860543,0.0,0.2516799199860543,0.2516799199860543,1,0.419810299994424,0.419810299994424,0.419810299994424,0.419810299994424,0.0,0.419810299994424,0.419810299994424,1,0.0,0.0,0.0,0.0,0.0,0.0,0.0,1,1.2583995999302715,1.2583995999302715,1.2583995999302715,1.2583995999302715,0.0,1.2583995999302715,1.2583995999302715,1,1.6798322000540793,1.6798322000540793,1.6798322000540793,1.6798322000540793,0.0,1.6798322000540793,1.6798322000540793
object_attributes_online,symbolic_smt,02_violate_order_budget.jsonocel,,1,1,0,0,0,0,1,,fresh_offline_alignment,1,1.0759296998148784,1.0759296998148784,1.0759296998148784,1.0759296998148784,0.0,1.0759296998148784,1.0759296998148784,1,0.2151859399629757,0.2151859399629757,0.2151859399629757,0.2151859399629757,0.0,0.2151859399629757,0.2151859399629757,1,0.4047784999711439,0.4047784999711439,0.4047784999711439,0.4047784999711439,0.0,0.4047784999711439,0.4047784999711439,1,0.0,0.0,0.0,0.0,0.0,0.0,0.0,1,1.0759296998148784,1.0759296998148784,1.0759296998148784,1.0759296998148784,0.0,1.0759296998148784,1.0759296998148784,1,1.4801109000109136,1.4801109000109136,1.4801109000109136,1.4801109000109136,0.0,1.4801109000109136,1.4801109000109136
object_attributes_online,symbolic_smt,03_violate_order_priority.jsonocel,,1,1,0,0,0,0,1,,fresh_offline_alignment,1,1.1023728997679427,1.1023728997679427,1.1023728997679427,1.1023728997679427,0.0,1.1023728997679427,1.1023728997679427,1,0.22047457995358855,0.22047457995358855,0.22047457995358855,0.22047457995358855,0.0,0.22047457995358855,0.22047457995358855,1,0.4175860999384895,0.4175860999384895,0.4175860999384895,0.4175860999384895,0.0,0.4175860999384895,0.4175860999384895,1,0.0,0.0,0.0,0.0,0.0,0.0,0.0,1,1.1023728997679427,1.1023728997679427,1.1023728997679427,1.1023728997679427,0.0,1.1023728997679427,1.1023728997679427,1,1.4769551999634132,1.4769551999634132,1.4769551999634132,1.4769551999634132,0.0,1.4769551999634132,1.4769551999634132
object_attributes_online,symbolic_smt,04_violate_product_cost_sum.jsonocel,,1,1,0,0,0,0,1,,fresh_offline_alignment,1,1.0934930999064818,1.0934930999064818,1.0934930999064818,1.0934930999064818,0.0,1.0934930999064818,1.0934930999064818,1,0.21869861998129636,0.21869861998129636,0.21869861998129636,0.21869861998129636,0.0,0.21869861998129636,0.21869861998129636,1,0.4027343000052497,0.4027343000052497,0.4027343000052497,0.4027343000052497,0.0,0.4027343000052497,0.4027343000052497,1,0.0,0.0,0.0,0.0,0.0,0.0,0.0,1,1.0934930999064818,1.0934930999064818,1.0934930999064818,1.0934930999064818,0.0,1.0934930999064818,1.0934930999064818,1,2.434830000041984,2.434830000041984,2.434830000041984,2.434830000041984,0.0,2.434830000041984,2.434830000041984
object_attributes_online,symbolic_smt,05_fit_credit_card_despite_high_product_cost.jsonocel,,1,1,0,0,0,0,0,,fresh_offline_alignment,1,0.7619124002521858,0.7619124002521858,0.7619124002521858,0.7619124002521858,0.0,0.7619124002521858,0.7619124002521858,1,0.15238248005043714,0.15238248005043714,0.15238248005043714,0.15238248005043714,0.0,0.15238248005043714,0.15238248005043714,1,0.3971902000484988,0.3971902000484988,0.3971902000484988,0.3971902000484988,0.0,0.3971902000484988,0.3971902000484988,1,0.0,0.0,0.0,0.0,0.0,0.0,0.0,1,0.7619124002521858,0.7619124002521858,0.7619124002521858,0.7619124002521858,0.0,0.7619124002521858,0.7619124002521858,1,1.1865646000951529,1.1865646000951529,1.1865646000951529,1.1865646000951529,0.0,1.1865646000951529,1.1865646000951529
object_attributes_online,symbolic_smt,06_violate_event_and_object_data.jsonocel,,1,1,0,0,0,0,2,,fresh_offline_alignment,1,5.052148399990983,5.052148399990983,5.052148399990983,5.052148399990983,0.0,5.052148399990983,5.052148399990983,1,1.0104296799981967,1.0104296799981967,1.0104296799981967,1.0104296799981967,0.0,1.0104296799981967,1.0104296799981967,1,4.358614300028421,4.358614300028421,4.358614300028421,4.358614300028421,0.0,4.358614300028421,4.358614300028421,1,0.0,0.0,0.0,0.0,0.0,0.0,0.0,1,5.052148399990983,5.052148399990983,5.052148399990983,5.052148399990983,0.0,5.052148399990983,5.052148399990983,1,5.510342699941248,5.510342699941248,5.510342699941248,5.510342699941248,0.0,5.510342699941248,5.510342699941248
object_attributes_online,symbolic_smt,07_violate_place_event_and_object_guard.jsonocel,,1,1,0,0,0,0,2,,fresh_offline_alignment,1,1.758960299892351,1.758960299892351,1.758960299892351,1.758960299892351,0.0,1.758960299892351,1.758960299892351,1,0.3517920599784702,0.3517920599784702,0.3517920599784702,0.3517920599784702,0.0,0.3517920599784702,0.3517920599784702,1,0.48583139991387725,0.48583139991387725,0.48583139991387725,0.48583139991387725,0.0,0.48583139991387725,0.48583139991387725,1,0.0,0.0,0.0,0.0,0.0,0.0,0.0,1,1.758960299892351,1.758960299892351,1.758960299892351,1.758960299892351,0.0,1.758960299892351,1.758960299892351,1,2.193833600031212,2.193833600031212,2.193833600031212,2.193833600031212,0.0,2.193833600031212,2.193833600031212
