file,result_file,returncode,online_status,offline_status,offline_semantics,native_crash_retry_count,native_crash_attempts,prefix_feasible,prefix_total,prefix_control_flow,prefix_data,prefix_object,prefix_encode_seconds,prefix_solve_seconds,offline_feasible,offline_total,offline_control_flow,offline_data,offline_object,offline_encode_seconds,offline_solve_seconds,online_updates,online_total_seconds,online_avg_seconds,online_max_seconds,offline_total_seconds,conformance_total_seconds,prefix_timing_count,symbolic_queries,symbolic_prepared_builds,symbolic_prepared_hits,symbolic_filtered_transitions,symbolic_por_pruned,symbolic_signature_pruned,symbolic_state_dominated,symbolic_upper_bound_pruned,symbolic_upper_bound_seeded,symbolic_offline_seeded,symbolic_object_attribute_soft_terms,symbolic_query_cache_hits,symbolic_lower_bound_hits,symbolic_merge_warm_starts,symbolic_merge_checkpoint_reused,symbolic_zero_cost_sync_attempts,symbolic_zero_cost_sync_hits,symbolic_zero_cost_delta_checks,symbolic_zero_cost_delta_hits,symbolic_canonical_creation_restrictions,symbolic_silent_macro_attempts,symbolic_silent_macro_hits,symbolic_silent_macro_moves,symbolic_merge_frontier_compositions,symbolic_merge_frontier_hits,symbolic_symmetry_canonicalizations,symbolic_focused_model_queries,symbolic_focused_model_hits,symbolic_focused_model_fallbacks,symbolic_component_context_builds,symbolic_component_context_reuses,symbolic_component_context_extensions,symbolic_context_capacity,symbolic_context_build_seconds_ms,symbolic_context_variable_seconds_ms,symbolic_context_initial_seconds_ms,symbolic_context_transition_seconds_ms,symbolic_context_object_type_seconds_ms,symbolic_context_freshness_seconds_ms,symbolic_context_moving_seconds_ms,symbolic_context_remaining_seconds_ms,symbolic_context_data_seconds_ms,symbolic_context_cache_seconds_ms,symbolic_context_require_seconds_ms,symbolic_lazy_path_attempts,symbolic_lazy_path_hits,symbolic_lazy_path_fallbacks,symbolic_lazy_path_build_seconds_ms,symbolic_lazy_path_solve_seconds_ms,symbolic_eager_context_avoided,symbolic_eager_fallback_queries,symbolic_lazy_certification_failures,symbolic_lazy_nonzero_fallbacks,symbolic_delta_local_guard_checks,symbolic_delta_local_guard_hits,symbolic_delta_dependency_fallbacks,symbolic_delta_historical_reads,symbolic_delta_token_data_hits,symbolic_delta_provenance_hits,symbolic_delta_token_lookup_attempts,symbolic_delta_token_lookup_misses,symbolic_delta_global_lookup_attempts,symbolic_delta_global_lookup_misses,symbolic_exact_extension_attempts,symbolic_exact_extension_hits,symbolic_exact_extension_fallbacks,symbolic_nonzero_pruned_before_fallback,symbolic_positive_lower_bound_proofs,symbolic_positive_lower_bound_terminations,symbolic_positive_fixed_path_incumbents,symbolic_zero_deviation_guard_checks,symbolic_zero_deviation_guard_false,symbolic_zero_deviation_guard_true,symbolic_zero_deviation_guard_unknown,symbolic_zero_cost_early_terminations,symbolic_analytic_all_log_seeds,symbolic_merge_direct_compositions,symbolic_merge_direct_hits,symbolic_merge_structural_log_proofs,symbolic_merge_lower_bound_terminations,symbolic_merge_frontier_heap_pops,symbolic_merge_frontier_incompatible,symbolic_merge_incompatible_object_binding,symbolic_merge_incompatible_marking,symbolic_merge_incompatible_process_data,symbolic_merge_incompatible_token_data,symbolic_merge_incompatible_partial_order,symbolic_merge_incompatible_variable_version,symbolic_merge_namespaced_data_conflicts,symbolic_merge_bridge_checks,symbolic_merge_bridge_hits,symbolic_merge_bridge_log_hits,symbolic_merge_one_parent_repairs,symbolic_merge_one_parent_repair_hits,symbolic_merge_full_search_fallbacks,symbolic_local_repair_search_attempts,symbolic_local_repair_search_candidates,symbolic_local_repair_search_solver_calls,symbolic_local_repair_search_hits,symbolic_local_repair_search_proven,symbolic_local_repair_search_incumbents,symbolic_local_repair_incumbents_preserved,symbolic_local_repair_incumbents_restored,symbolic_local_repair_search_fallbacks,symbolic_local_repair_search_pruned_budget,symbolic_local_repair_search_max_depth,symbolic_local_repair_event_binding_probes,symbolic_local_repair_missing_token_producers,symbolic_local_repair_missing_token_targeted_enqueues,symbolic_local_repair_relation_candidates_pruned,symbolic_local_repair_invariant_failures_pruned,symbolic_checkpoint_bound_binding_attempts,symbolic_checkpoint_bound_binding_candidates,symbolic_checkpoint_bound_binding_hits,symbolic_checkpoint_bound_binding_proven,symbolic_candidate_structural_lb_raised,symbolic_pre_jodap_upper_bound_pruned,symbolic_pre_jodap_log_cost_pruned,symbolic_pre_jodap_model_cost_pruned,symbolic_strict_improvement_mode_entries,symbolic_strict_improvement_pre_solve_pruned,symbolic_strict_improvement_lazy_unsat_pruned,symbolic_strict_improvement_eager_queries,symbolic_strict_improvement_eager_unsat,symbolic_strict_improvement_lower_bound_closed,symbolic_strict_improvement_generation_pruned,symbolic_strict_improvement_generation_log_pruned,symbolic_strict_improvement_generation_model_pruned,symbolic_strict_improvement_generation_node_closed,symbolic_guard_directed_list_attempts,symbolic_guard_directed_list_supported,symbolic_guard_directed_list_candidates_pruned,symbolic_guard_directed_list_candidates_kept,symbolic_guard_directed_list_fallbacks,symbolic_guard_directed_binding_generation_attempts,symbolic_guard_directed_binding_generation_supported,symbolic_guard_directed_binding_generation_candidates,symbolic_guard_directed_binding_generation_subsets_avoided,symbolic_guard_directed_binding_generation_fallbacks,symbolic_marking_domain_reduction_attempts,symbolic_marking_domain_reduction_supported,symbolic_marking_domain_objects_pruned,symbolic_marking_domain_candidates_pruned,symbolic_marking_domain_reduction_fallbacks,symbolic_checkpoint_context_attempts,symbolic_checkpoint_context_builds,symbolic_checkpoint_context_hits,symbolic_checkpoint_context_fallbacks,symbolic_checkpoint_context_objects_full,symbolic_checkpoint_context_objects_kept,symbolic_checkpoint_context_objects_pruned,symbolic_checkpoint_context_subset_space_full,symbolic_checkpoint_context_subset_space_kept,symbolic_checkpoint_context_build_seconds_ms,symbolic_checkpoint_context_moving_seconds_ms,symbolic_persistent_checkpoint_lineage_seeded,symbolic_persistent_checkpoint_lineage_propagated,symbolic_persistent_checkpoint_lineage_reused,symbolic_persistent_checkpoint_lineage_assignment_recovered,symbolic_persistent_checkpoint_lineage_missing_on_parent,symbolic_persistent_checkpoint_lineage_missing_on_candidate,symbolic_persistent_checkpoint_lineage_dropped_on_canonical_reuse,symbolic_persistent_checkpoint_lineage_attached_on_reuse,symbolic_persistent_checkpoint_context_attempts,symbolic_persistent_checkpoint_context_proven,symbolic_persistent_checkpoint_context_upper_bounds,symbolic_persistent_checkpoint_context_fallbacks,symbolic_context_absolute_depth_escalations,wall_seconds,experiment,combo,repetition,observation_timeout,observation_timeout_seconds,observation_elapsed_seconds,timeout_update,timeout_stream_position,timeout_component,timeout_event_id,timeout_activity,timeout_event_objects,timeout_component_events,timeout_component_objects,prefix_count,partial_result_saved,completed_stream_units,total_stream_units,completed_online_updates,last_completed_stream_position,symbolic_context_adaptive_builds,symbolic_context_adaptive_extensions,symbolic_context_requested_depth_max,symbolic_context_geometric_growths,symbolic_checkpoint_slice_attempts,symbolic_checkpoint_slice_hits,symbolic_checkpoint_slice_proven,symbolic_checkpoint_slice_upper_bounds,symbolic_checkpoint_slice_fallbacks,symbolic_checkpoint_slice_model_steps,symbolic_merge_bridge_fresh_creations,symbolic_merge_bridge_guarded_zero_cost_proofs,symbolic_merge_fast_attempts,symbolic_merge_fast_no_compositions,symbolic_merge_fast_structural_sync,symbolic_merge_fast_bridge_prepare_failures,symbolic_merge_fast_materialize_failures,symbolic_merge_fast_sync_attempts,symbolic_merge_fast_sync_failures,symbolic_merge_fast_successes,symbolic_merge_cooptimal_parent_rewrite_attempts,symbolic_merge_cooptimal_parent_rewrite_candidates,symbolic_merge_cooptimal_parent_rewrite_hits,symbolic_merge_cooptimal_parent_rewrite_failures,symbolic_exact_zero_cost_goal_hits,symbolic_exact_zero_cost_expansion_stops,symbolic_zero_cost_sync_declines,symbolic_zero_cost_sync_binding_failures,symbolic_zero_cost_sync_marking_failures,symbolic_zero_cost_sync_token_data_failures,symbolic_zero_cost_sync_data_mismatches,symbolic_zero_cost_sync_guard_unknown,symbolic_zero_cost_sync_guard_false,symbolic_zero_cost_sync_output_failures,symbolic_merge_bridge_creation_declines,symbolic_fresh_object_sync_attempts,symbolic_fresh_object_sync_preparations,symbolic_fresh_object_sync_created_objects,symbolic_fresh_object_sync_successes,symbolic_fresh_object_sync_failures,symbolic_fresh_object_sync_prepare_failures,symbolic_one_step_repair_attempts,symbolic_one_step_repair_candidates,symbolic_one_step_repair_hits,symbolic_one_step_repair_proven,symbolic_one_step_repair_incumbents,symbolic_one_step_repair_fallbacks,symbolic_one_step_repair_lb_proofs,symbolic_extra_event_fast_attempts,symbolic_extra_event_fast_recognized,symbolic_extra_event_fast_lb_proofs,symbolic_extra_event_fast_hits,symbolic_extra_event_fast_proven,symbolic_extra_event_fast_incumbents,symbolic_extra_event_fast_fallbacks,symbolic_guard_data_repair_attempts,symbolic_guard_data_repair_candidates,symbolic_guard_data_repair_hits,symbolic_guard_data_repair_proven,symbolic_guard_data_repair_fallbacks,symbolic_guard_data_repair_lb_proofs,symbolic_object_relation_repair_attempts,symbolic_object_relation_repair_candidates,symbolic_object_relation_repair_hits,symbolic_object_relation_repair_proven,symbolic_object_relation_repair_incumbents,symbolic_object_relation_repair_fallbacks,symbolic_object_relation_repair_lb_proofs,symbolic_object_relation_extra_hits,symbolic_object_relation_missing_hits,symbolic_object_relation_carry_attempts,symbolic_object_relation_carry_hits,symbolic_object_relation_carry_misses,symbolic_object_relation_carry_free_extensions,symbolic_object_relation_provenance_candidates,symbolic_object_relation_cross_component_hits,symbolic_object_relation_virtual_dependencies,symbolic_object_relation_virtual_dependency_reuses,symbolic_object_relation_latent_completion_attempts,symbolic_object_relation_latent_completion_hits,symbolic_first_event_latent_relation_attempts,symbolic_first_event_latent_relation_hits,symbolic_cooptimal_parent_boundary_reuses,symbolic_cooptimal_continuation_boundaries,symbolic_cooptimal_continuation_reuses,symbolic_first_event_latent_after_macro_attempts,symbolic_first_event_latent_after_macro_hits,symbolic_parent_boundary_fallbacks,symbolic_object_relation_multirelation_candidates,symbolic_object_relation_multirelation_hits,symbolic_object_relation_max_repair_cardinality,symbolic_context_checkpoint_relative_depth_max,symbolic_provenance_slice_attempts,symbolic_provenance_slice_hits,symbolic_provenance_slice_proven,symbolic_provenance_slice_incumbent_improvements,symbolic_provenance_slice_fallbacks,symbolic_provenance_slice_guard_vars,symbolic_provenance_slice_transitions_total,symbolic_provenance_slice_transitions_kept,symbolic_provenance_slice_model_steps_reopened,symbolic_provenance_slice_nodes_expanded,symbolic_provenance_slice_seconds_ms,symbolic_provenance_boundary_builds,symbolic_provenance_boundary_marking_facts,symbolic_provenance_boundary_token_data_facts,symbolic_provenance_boundary_data_facts,symbolic_provenance_boundary_object_attr_facts,symbolic_provenance_sliced_jodap_queries,symbolic_provenance_sliced_jodap_hits,symbolic_provenance_sliced_jodap_fallbacks,symbolic_provenance_sliced_jodap_build_seconds_ms,symbolic_provenance_sliced_jodap_solve_seconds_ms,symbolic_provenance_query_slice_attempts,symbolic_provenance_query_slice_hits,symbolic_provenance_query_slice_proven,symbolic_provenance_query_slice_upper_bounds,symbolic_provenance_query_slice_fallbacks,symbolic_symbolic_list_guard_fast_paths,symbolic_symbolic_list_guard_fallbacks,symbolic_symbolic_list_guard_subsets_avoided,error_file
00_fit.jsonocel,C:\Users\User\Documents\odacc\experiment_runs\20260919_111654\comprehensive_online\symbolic_smt\run_001\00_fit.json,0,ONLINE_OK,NOT_RUN,fresh_offline_alignment,0,0,True,0,0,0,0,0.0,0.0,,,,,,,,2,0.14248080004472286,0.07124040002236143,0.10251190001145005,0,0.14248080004472286,2,0,0,0,0,0,0,0,0,1,0,0,0,0,0,0,1,1,1,1,0,1,1,3,0,0,0,0,0,0,0,0,0,0,0,0,0,0,0,0,0,0,0,0,0,1,1,0,24,1,1,0,0,0,1,1,0,1,1,1,1,0,0,0,0,0,0,0,0,0,0,2,0,2,0,2,1,0,0,0,0,0,0,0,0,0,0,0,0,0,0,0,0,0,0,0,0,0,0,0,0,0,0,0,0,0,0,0,0,0,0,0,0,0,0,0,0,0,0,0,1,0,0,0,0,0,0,0,0,0,0,0,0,0,0,0,0,0,0,0,0,0,0,0,0,0,0,0,0,0,0,0,0,0,0,0,1,1,0,0,0,0,0,0,0,0,0,0,0,0.5952598999720067,comprehensive_online,symbolic_smt,1,,,,,,,,,,,,,,,,,,,,,,,,,,,,,,,,,,,,,,,,,,,,,,,,,,,,,,,,,,,,,,,,,,,,,,,,,,,,,,,,,,,,,,,,,,,,,,,,,,,,,,,,,,,,,,,,,,,,,,,,,,,,,,,,,,,,,,,,,,,
01_data_place_order_guard_violation.jsonocel,C:\Users\User\Documents\odacc\experiment_runs\20260919_111654\comprehensive_online\symbolic_smt\run_001\01_data_place_order_guard_violation.json,0,ONLINE_OK,NOT_RUN,fresh_offline_alignment,0,0,True,1,0,1,0,0.0,0.0,,,,,,,,2,0.1786022000014782,0.0893011000007391,0.15858779998961836,0,0.1786022000014782,2,0,0,0,0,0,0,0,0,1,0,0,0,0,0,0,1,1,4,1,0,1,1,3,0,0,0,0,0,0,0,0,0,0,0,0,0,0,0,0,0,0,0,0,0,1,1,0,26,1,1,0,0,0,4,1,0,1,1,1,1,0,0,0,0,0,0,0,1,2,0,2,1,1,0,0,1,0,0,0,0,0,0,0,0,0,0,0,0,0,0,0,0,0,0,0,0,0,0,0,0,0,0,0,0,0,0,0,0,0,0,0,0,0,0,0,0,0,0,0,1,0,0,0,0,0,0,0,0,0,0,0,0,0,0,0,0,0,0,0,3,3,0,0,0,0,0,0,0,0,0,0,0,0,0,0,1,1,0,0,0,0,0,0,0,0,0,0,0,0.5970424000406638,comprehensive_online,symbolic_smt,1,,,,,,,,,,,,,,,,,,,,,,,,,,,,,,,,,,,,,,,,,,,,,,,,,,,,,,,,,,,,,,,,,,,,,,,,,,,,,,,,,,,,,,,,,,,,,,,,,,,,,,,,,,,,,,,,,,,,,,,,,,,,,,,,,,,,,,,,,,,
02_data_ship_guard_violation.jsonocel,C:\Users\User\Documents\odacc\experiment_runs\20260919_111654\comprehensive_online\symbolic_smt\run_001\02_data_ship_guard_violation.json,0,ONLINE_OK,NOT_RUN,fresh_offline_alignment,0,0,True,1,0,1,0,0.021785999997518957,0.0024416999658569694,,,,,,,,2,0.26003440003842115,0.13001720001921058,0.15870510006789118,0,0.26003440003842115,2,0,0,0,0,0,0,0,0,1,0,0,0,0,0,0,1,0,1,0,0,1,1,3,0,0,0,0,0,0,0,0,0,0,0,0,0,0,0,0,0,0,0,0,0,2,2,0,47,3,1,0,0,0,1,0,0,1,1,1,1,0,0,0,1,1,0,0,1,2,1,2,1,1,0,1,1,0,0,0,0,0,0,0,0,0,0,0,0,0,0,0,0,0,0,0,0,0,0,0,0,0,0,0,0,0,0,0,0,0,0,0,0,0,0,0,0,0,0,0,1,0,0,0,0,0,0,0,0,0,0,0,0,0,0,0,0,0,0,0,0,0,0,0,0,0,0,0,0,0,0,0,0,0,0,0,1,1,0,0,0,0,0,0,0,0,0,0,0,0.6883641000604257,comprehensive_online,symbolic_smt,1,,,,,,,,,,,,,,,,,,,,,,,,,,,,,,,,,,,,,,,,,,,,,,,,,,,,,,,,,,,,,,,,,,,,,,,,,,,,,,,,,,,,,,,,,,,,,,,,,,,,,,,,,,,,,,,,,,,,,,,,,,,,,,,,,,,,,,,,,,,
03_data_ship_combined_guard_violation.jsonocel,C:\Users\User\Documents\odacc\experiment_runs\20260919_111654\comprehensive_online\symbolic_smt\run_001\03_data_ship_combined_guard_violation.json,0,ONLINE_OK,NOT_RUN,fresh_offline_alignment,0,0,True,1,0,1,0,0.022643000003881752,0.0026153000071644783,,,,,,,,2,0.26092779997270554,0.13046389998635277,0.16432219999842346,0,0.26092779997270554,2,0,0,0,0,0,0,0,0,1,0,0,0,0,0,0,1,0,1,0,0,1,1,3,0,0,0,0,0,0,0,0,0,0,0,0,0,0,0,0,0,0,0,0,0,2,2,0,45,3,1,0,0,0,1,0,0,1,1,0,1,0,0,0,1,1,0,0,1,2,1,2,1,1,0,1,1,0,0,0,0,0,0,0,0,0,0,0,0,0,0,0,0,0,0,0,0,0,0,0,0,0,0,0,0,0,0,0,0,0,0,0,0,0,0,0,0,0,0,0,1,0,0,0,0,0,0,0,0,0,0,0,0,0,0,0,0,0,0,0,0,0,0,0,0,0,0,0,0,0,0,0,0,0,0,0,1,1,0,0,0,0,0,0,0,0,0,0,0,0.6875238999491557,comprehensive_online,symbolic_smt,1,,,,,,,,,,,,,,,,,,,,,,,,,,,,,,,,,,,,,,,,,,,,,,,,,,,,,,,,,,,,,,,,,,,,,,,,,,,,,,,,,,,,,,,,,,,,,,,,,,,,,,,,,,,,,,,,,,,,,,,,,,,,,,,,,,,,,,,,,,,
04_object_missing_product_at_ship.jsonocel,C:\Users\User\Documents\odacc\experiment_runs\20260919_111654\comprehensive_online\symbolic_smt\run_001\04_object_missing_product_at_ship.json,0,ONLINE_OK,NOT_RUN,fresh_offline_alignment,0,0,True,0,0,0,0,0.0,0.0,,,,,,,,2,0.14307490002829581,0.07153745001414791,0.1035058000124991,0,0.14307490002829581,2,0,0,0,0,0,0,0,0,1,0,0,0,0,0,0,1,1,1,1,0,1,1,3,0,0,0,0,0,0,0,0,0,0,0,0,0,0,0,0,0,0,0,0,0,1,1,0,24,1,1,0,0,0,1,1,0,1,1,1,1,0,0,0,0,0,0,0,0,0,0,2,0,2,0,2,1,0,0,0,0,0,0,0,0,0,0,0,0,0,0,0,0,0,0,0,0,0,0,0,0,0,0,0,0,0,0,0,0,0,0,0,0,0,0,0,0,0,0,0,1,0,0,0,0,0,0,0,0,0,0,0,0,0,0,0,0,0,0,0,0,0,0,0,0,0,0,0,0,0,0,0,0,0,0,0,1,1,0,0,0,0,0,0,0,0,0,0,0,0.4835505000082776,comprehensive_online,symbolic_smt,1,,,,,,,,,,,,,,,,,,,,,,,,,,,,,,,,,,,,,,,,,,,,,,,,,,,,,,,,,,,,,,,,,,,,,,,,,,,,,,,,,,,,,,,,,,,,,,,,,,,,,,,,,,,,,,,,,,,,,,,,,,,,,,,,,,,,,,,,,,,
05_object_extra_product_at_ship.jsonocel,C:\Users\User\Documents\odacc\experiment_runs\20260919_111654\comprehensive_online\symbolic_smt\run_001\05_object_extra_product_at_ship.json,0,ONLINE_OK,NOT_RUN,fresh_offline_alignment,0,0,True,4,4,0,0,0.002345200045965612,0.0023421000223606825,,,,,,,,2,1.1823723999550566,0.5911861999775283,1.0863614999689162,0,1.1823723999550566,2,182,7,175,48,22,19,0,1,2,0,0,2,56,0,0,1,0,2,0,28,1,1,3,0,0,0,0,0,0,7,175,1,8,285,11,5,2,23,28,108,54,19,19,6,6,2,4,40,2,1,182,0,0,2,1,0,2,2,1,2,0,0,0,0,0,0,0,0,0,0,3,0,3,0,1,2,0,0,0,0,0,0,0,0,0,0,0,0,0,0,0,0,0,0,0,0,0,0,0,0,0,0,0,0,0,0,0,0,0,0,0,0,0,0,0,68,0,0,0,181,0,0,178,125,0,107,47,60,1,0,0,0,0,0,0,0,0,0,0,7,7,3,3,0,10,5,5,0,40,37,3,160,136,104,37,1,12,0,0,180,180,2,0,11,3,0,8,0,2.63896529993508,comprehensive_online,symbolic_smt,1,,,,,,,,,,,,,,,,,,,,,,,,,,,,,,,,,,,,,,,,,,,,,,,,,,,,,,,,,,,,,,,,,,,,,,,,,,,,,,,,,,,,,,,,,,,,,,,,,,,,,,,,,,,,,,,,,,,,,,,,,,,,,,,,,,,,,,,,,,,
06_incomplete_after_place_order.jsonocel,C:\Users\User\Documents\odacc\experiment_runs\20260919_111654\comprehensive_online\symbolic_smt\run_001\06_incomplete_after_place_order.json,0,ONLINE_OK,NOT_RUN,fresh_offline_alignment,0,0,True,0,0,0,0,0.02420480002183467,0.0012157999444752932,,,,,,,,1,0.10258080007042736,0.10258080007042736,0.10258080007042736,0,0.10258080007042736,1,0,0,0,0,0,0,0,0,1,0,0,0,0,0,0,0,0,0,0,0,1,1,3,0,0,0,0,0,0,0,0,0,0,0,0,0,0,0,0,0,0,0,0,0,1,1,0,23,1,0,0,0,0,0,0,0,0,0,0,0,0,0,0,0,0,0,0,0,0,0,1,0,1,0,1,1,0,0,0,0,0,0,0,0,0,0,0,0,0,0,0,0,0,0,0,0,0,0,0,0,0,0,0,0,0,0,0,0,0,0,0,0,0,0,0,0,0,0,0,1,0,0,0,0,0,0,0,0,0,0,0,0,0,0,0,0,0,0,0,0,0,0,0,0,0,0,0,0,0,0,0,0,0,0,0,0,0,0,0,0,0,0,0,0,0,0,0,0,2.1555148999905214,comprehensive_online,symbolic_smt,1,,,,,,,,,,,,,,,,,,,,,,,,,,,,,,,,,,,,,,,,,,,,,,,,,,,,,,,,,,,,,,,,,,,,,,,,,,,,,,,,,,,,,,,,,,,,,,,,,,,,,,,,,,,,,,,,,,,,,,,,,,,,,,,,,,,,,,,,,,,
07_extra_ship_event.jsonocel,C:\Users\User\Documents\odacc\experiment_runs\20260919_111654\comprehensive_online\symbolic_smt\run_001\07_extra_ship_event.json,0,ONLINE_OK,NOT_RUN,fresh_offline_alignment,0,0,True,3,3,0,0,0.0,0.0,,,,,,,,3,0.7503495001001284,0.2501165000333761,0.6108056000666693,0,0.7503495001001284,3,57,6,51,28,4,12,0,1,2,0,0,19,14,0,0,2,1,4,1,4,1,1,3,0,0,0,0,0,0,6,51,0,8,189,9,1,1,14,17,65,34,15,13,6,6,1,5,26,1,8,57,0,0,4,1,0,1,1,1,1,0,0,0,1,0,1,0,0,0,0,3,0,3,0,2,2,0,0,0,0,0,0,0,0,0,0,0,0,0,0,0,0,0,0,0,1,1,1,1,0,1,1,1,0,0,1,1,1,1,3,0,0,0,0,0,34,0,0,0,78,0,0,76,43,0,32,24,8,2,0,0,0,0,0,0,0,0,0,0,3,3,2,2,0,8,5,3,0,24,24,0,64,64,94,30,2,21,0,0,60,58,3,0,13,1,0,12,0,1.1091092999558896,comprehensive_online,symbolic_smt,1,,,,,,,,,,,,,,,,,,,,,,,,,,,,,,,,,,,,,,,,,,,,,,,,,,,,,,,,,,,,,,,,,,,,,,,,,,,,,,,,,,,,,,,,,,,,,,,,,,,,,,,,,,,,,,,,,,,,,,,,,,,,,,,,,,,,,,,,,,,
08_wrong_order_ship_before_place_order.jsonocel,C:\Users\User\Documents\odacc\experiment_runs\20260919_111654\comprehensive_online\symbolic_smt\run_001\08_wrong_order_ship_before_place_order.json,0,ONLINE_OK,NOT_RUN,fresh_offline_alignment,0,0,True,3,3,0,0,0.0017260999884456396,0.0017228999640792608,,,,,,,,2,0.5863339999923483,0.2931669999961741,0.3783347000135109,0,0.5863339999923483,2,118,2,116,32,6,15,0,3,2,0,0,3,34,0,0,0,0,1,0,11,1,0,0,0,0,0,0,0,0,2,116,1,8,146,5,1,2,11,14,52,27,12,11,2,5,1,4,19,1,0,118,0,0,1,0,0,0,0,0,0,0,0,0,0,0,0,0,0,0,0,1,0,1,0,0,2,0,0,0,0,0,0,0,0,0,0,0,0,0,0,0,0,0,0,0,0,0,0,0,0,0,0,0,0,0,0,0,0,0,0,0,0,0,0,0,65,2,0,2,70,0,0,70,46,0,28,20,8,0,0,0,0,0,0,0,0,0,0,0,3,3,2,2,0,0,0,0,0,0,0,0,0,0,0,0,0,0,0,0,138,136,0,0,0,0,0,0,0,1.963995199999772,comprehensive_online,symbolic_smt,1,,,,,,,,,,,,,,,,,,,,,,,,,,,,,,,,,,,,,,,,,,,,,,,,,,,,,,,,,,,,,,,,,,,,,,,,,,,,,,,,,,,,,,,,,,,,,,,,,,,,,,,,,,,,,,,,,,,,,,,,,,,,,,,,,,,,,,,,,,,
09_unmodeled_cancel_event.jsonocel,C:\Users\User\Documents\odacc\experiment_runs\20260919_111654\comprehensive_online\symbolic_smt\run_001\09_unmodeled_cancel_event.json,0,ONLINE_OK,NOT_RUN,fresh_offline_alignment,0,0,True,1,1,0,0,0.01891270000487566,0.001115199993364513,,,,,,,,3,0.5838525000726804,0.1946175000242268,0.3300726000452414,0,0.5838525000726804,3,15,4,11,0,0,1,0,0,2,0,0,1,4,0,0,1,1,1,0,2,1,1,3,0,0,0,0,0,0,4,11,1,8,168,7,0,2,13,16,59,31,14,11,4,4,2,1,65,3,11,15,0,0,1,0,1,0,0,0,1,1,0,0,1,1,0,0,0,1,0,2,0,2,0,1,2,0,0,0,0,0,0,0,0,0,0,0,0,0,0,0,0,0,0,0,0,0,0,0,0,0,0,0,0,0,0,0,0,0,0,0,0,0,0,0,5,0,0,0,17,0,0,15,9,0,30,6,20,1,0,0,0,0,0,0,0,0,0,0,0,0,0,0,0,6,2,4,0,18,18,0,48,48,27,8,2,7,0,0,5,5,1,0,6,2,1,3,0,1.0129806000040844,comprehensive_online,symbolic_smt,1,,,,,,,,,,,,,,,,,,,,,,,,,,,,,,,,,,,,,,,,,,,,,,,,,,,,,,,,,,,,,,,,,,,,,,,,,,,,,,,,,,,,,,,,,,,,,,,,,,,,,,,,,,,,,,,,,,,,,,,,,,,,,,,,,,,,,,,,,,,
10_object_attributes_and_unreferenced_object.jsonocel,C:\Users\User\Documents\odacc\experiment_runs\20260919_111654\comprehensive_online\symbolic_smt\run_001\10_object_attributes_and_unreferenced_object.json,0,ONLINE_OK,NOT_RUN,fresh_offline_alignment,0,0,True,0,0,0,0,0.0,0.0,,,,,,,,2,0.13116770004853606,0.06558385002426803,0.09296629996970296,0,0.13116770004853606,2,0,0,0,0,0,0,0,0,1,0,0,0,0,0,0,1,1,1,1,0,1,1,3,0,0,0,0,0,0,0,0,0,0,0,0,0,0,0,0,0,0,0,0,0,1,1,0,22,1,1,0,0,0,1,1,0,1,1,1,1,0,0,0,0,0,0,0,0,0,0,2,0,2,0,2,1,0,0,0,0,0,0,0,0,0,0,0,0,0,0,0,0,0,0,0,0,0,0,0,0,0,0,0,0,0,0,0,0,0,0,0,0,0,0,0,0,0,0,0,1,0,0,0,0,0,0,0,0,0,0,0,0,0,0,0,0,0,0,0,0,0,0,0,0,0,0,0,0,0,0,0,0,0,0,0,1,1,0,0,0,0,0,0,0,0,0,0,0,0.493538900045678,comprehensive_online,symbolic_smt,1,,,,,,,,,,,,,,,,,,,,,,,,,,,,,,,,,,,,,,,,,,,,,,,,,,,,,,,,,,,,,,,,,,,,,,,,,,,,,,,,,,,,,,,,,,,,,,,,,,,,,,,,,,,,,,,,,,,,,,,,,,,,,,,,,,,,,,,,,,,
11_two_independent_components.jsonocel,C:\Users\User\Documents\odacc\experiment_runs\20260919_111654\comprehensive_online\symbolic_smt\run_001\11_two_independent_components.json,0,ONLINE_OK,NOT_RUN,fresh_offline_alignment,0,0,True,0,0,0,0,0.0,0.0,,,,,,,,4,0.23105519998352975,0.05776379999588244,0.0976699999300763,0,0.23105519998352975,4,0,0,0,0,0,0,0,0,2,0,0,0,0,0,0,2,2,2,2,0,2,2,5,0,0,0,0,0,0,0,0,0,0,0,0,0,0,0,0,0,0,0,0,0,2,2,0,43,2,2,0,0,0,2,2,0,2,2,2,2,0,0,0,0,0,0,0,0,0,0,4,0,4,0,4,2,0,0,0,0,0,0,0,0,0,0,0,0,0,0,0,0,0,0,0,0,0,0,0,0,0,0,0,0,0,0,0,0,0,0,0,0,0,0,0,0,0,0,0,2,0,0,0,0,0,0,0,0,0,0,0,0,0,0,0,0,0,0,0,0,0,0,0,0,0,0,0,0,0,0,0,0,0,0,0,2,2,0,0,0,0,0,0,0,0,0,0,0,1.525677900062874,comprehensive_online,symbolic_smt,1,,,,,,,,,,,,,,,,,,,,,,,,,,,,,,,,,,,,,,,,,,,,,,,,,,,,,,,,,,,,,,,,,,,,,,,,,,,,,,,,,,,,,,,,,,,,,,,,,,,,,,,,,,,,,,,,,,,,,,,,,,,,,,,,,,,,,,,,,,,
12_component_merge_stress.jsonocel,C:\Users\User\Documents\odacc\experiment_runs\20260919_111654\comprehensive_online\symbolic_smt\run_001\12_component_merge_stress.json,0,ONLINE_OK,NOT_RUN,fresh_offline_alignment,0,0,True,4,4,0,0,0.0,0.0,,,,,,,,3,0.15915369999129325,0.05305123333043108,0.08071460004430264,0,0.15915369999129325,3,0,0,0,0,0,0,0,0,3,0,0,0,0,1,1,0,0,0,0,0,2,2,4,1,0,0,0,0,0,0,0,0,0,0,0,0,0,0,0,0,0,0,0,0,2,2,0,47,2,0,0,0,0,0,0,0,0,0,0,0,0,0,0,0,0,0,0,0,1,0,2,0,2,0,2,3,1,1,1,1,1,0,0,0,0,0,0,0,2,1,0,1,0,0,0,0,0,0,0,0,0,0,0,0,0,0,0,0,0,0,0,0,0,0,0,0,0,0,0,2,0,0,0,0,0,0,0,0,0,0,0,0,0,0,0,0,0,0,0,0,0,0,0,0,0,0,0,0,0,0,0,0,0,0,0,0,0,0,0,1,0,0,0,0,0,0,0,0,0.6058188000461087,comprehensive_online,symbolic_smt,1,,,,,,,,,,,,,,,,,,,,,,,,,,,,,,,,,,,,,,,,,,,,,,,,,,,,,,,,,,,,,,,,,,,,,,,,,,,,,,,,,,,,,,,,,,,,,,,,,,,,,,,,,,,,,,,,,,,,,,,,,,,,,,,,,,,,,,,,,,,
00_fit_all_object_guards.jsonocel,C:\Users\User\Documents\odacc\experiment_runs\20260919_111654\object_attributes_online\symbolic_smt\run_001\00_fit_all_object_guards.json,0,ONLINE_OK,NOT_RUN,fresh_offline_alignment,0,0,True,0,0,0,0,0.055757900001481175,0.001451499992981553,,,,,,,,5,1.0928351000184193,0.21856702000368386,0.40321070002391934,0,1.0928351000184193,5,0,0,0,0,0,0,0,0,1,0,0,0,0,0,0,4,4,4,2,0,1,1,3,0,0,0,0,0,0,0,0,0,0,0,0,0,0,0,0,0,0,0,0,0,3,3,0,132,3,4,0,0,0,4,2,2,1,1,1,1,0,3,3,2,2,0,0,0,0,0,3,0,5,0,5,1,0,0,0,0,0,0,0,0,0,0,0,0,0,0,0,0,0,0,0,0,0,0,0,0,0,0,0,0,0,0,0,0,0,0,0,0,0,0,0,0,0,0,0,1,0,0,0,0,0,0,0,0,0,0,0,0,0,0,0,0,0,0,0,0,0,0,0,0,0,0,0,0,0,0,0,0,0,0,0,4,4,0,0,0,0,0,0,0,0,0,0,0,1.487296300008893,object_attributes_online,symbolic_smt,1,,,,,,,,,,,,,,,,,,,,,,,,,,,,,,,,,,,,,,,,,,,,,,,,,,,,,,,,,,,,,,,,,,,,,,,,,,,,,,,,,,,,,,,,,,,,,,,,,,,,,,,,,,,,,,,,,,,,,,,,,,,,,,,,,,,,,,,,,,,
01_violate_order_vip.jsonocel,C:\Users\User\Documents\odacc\experiment_runs\20260919_111654\object_attributes_online\symbolic_smt\run_001\01_violate_order_vip.json,0,ONLINE_OK,NOT_RUN,fresh_offline_alignment,0,0,True,1,0,1,0,0.04161210008896887,0.0018112000543624163,,,,,,,,5,1.2583995999302715,0.2516799199860543,0.419810299994424,0,1.2583995999302715,5,0,0,0,0,0,0,0,0,1,0,0,0,0,0,0,4,4,7,2,0,1,1,3,0,0,0,0,0,0,0,0,0,0,0,0,0,0,0,0,0,0,0,0,0,3,3,0,123,3,4,0,0,0,7,2,2,1,1,1,1,0,5,5,2,2,0,0,1,5,0,3,1,4,0,0,1,0,0,0,0,0,0,0,0,0,0,0,0,0,0,0,0,0,0,0,0,0,0,0,0,0,0,0,0,0,0,0,0,0,0,0,0,0,0,0,0,0,0,0,1,0,0,0,0,0,0,0,0,0,0,0,0,0,0,0,0,0,0,0,3,3,0,0,0,0,0,0,0,0,0,0,0,0,0,0,4,4,0,0,0,0,0,0,0,0,0,0,0,1.6798322000540793,object_attributes_online,symbolic_smt,1,,,,,,,,,,,,,,,,,,,,,,,,,,,,,,,,,,,,,,,,,,,,,,,,,,,,,,,,,,,,,,,,,,,,,,,,,,,,,,,,,,,,,,,,,,,,,,,,,,,,,,,,,,,,,,,,,,,,,,,,,,,,,,,,,,,,,,,,,,,
02_violate_order_budget.jsonocel,C:\Users\User\Documents\odacc\experiment_runs\20260919_111654\object_attributes_online\symbolic_smt\run_001\02_violate_order_budget.json,0,ONLINE_OK,NOT_RUN,fresh_offline_alignment,0,0,True,1,0,1,0,0.05358549999073148,0.0013832999393343925,,,,,,,,5,1.0759296998148784,0.2151859399629757,0.4047784999711439,0,1.0759296998148784,5,0,0,0,0,0,0,0,0,1,0,0,0,0,0,0,4,3,4,2,0,1,1,3,0,0,0,0,0,0,0,0,0,0,0,0,0,0,0,0,0,0,0,0,0,3,3,0,130,5,4,0,0,0,4,2,1,1,1,1,1,0,3,3,2,2,0,0,1,3,1,3,1,4,0,3,1,0,0,0,0,0,0,0,0,0,0,0,0,0,0,0,0,0,0,0,0,0,0,0,0,0,0,0,0,0,0,0,0,0,0,0,0,0,0,0,0,0,0,0,1,0,0,0,0,0,0,0,0,0,0,0,0,0,0,0,0,0,0,0,0,0,0,0,0,0,0,0,0,0,0,0,0,0,0,0,4,4,0,0,0,0,0,0,0,0,0,0,0,1.4801109000109136,object_attributes_online,symbolic_smt,1,,,,,,,,,,,,,,,,,,,,,,,,,,,,,,,,,,,,,,,,,,,,,,,,,,,,,,,,,,,,,,,,,,,,,,,,,,,,,,,,,,,,,,,,,,,,,,,,,,,,,,,,,,,,,,,,,,,,,,,,,,,,,,,,,,,,,,,,,,,
03_violate_order_priority.jsonocel,C:\Users\User\Documents\odacc\experiment_runs\20260919_111654\object_attributes_online\symbolic_smt\run_001\03_violate_order_priority.json,0,ONLINE_OK,NOT_RUN,fresh_offline_alignment,0,0,True,1,0,1,0,0.05762980005238205,0.004011100041680038,,,,,,,,5,1.1023728997679427,0.22047457995358855,0.4175860999384895,0,1.1023728997679427,5,0,0,0,0,0,0,0,0,1,0,0,0,0,0,0,4,3,4,2,0,1,1,3,0,0,0,0,0,0,0,0,0,0,0,0,0,0,0,0,0,0,0,0,0,3,3,0,135,5,4,0,0,0,4,2,1,1,1,1,1,0,3,3,2,2,0,0,1,2,1,3,1,4,0,4,1,0,0,0,0,0,0,0,0,0,0,0,0,0,0,0,0,0,0,0,0,0,0,0,0,0,0,0,0,0,0,0,0,0,0,0,0,0,0,0,0,0,0,0,1,0,0,0,0,0,0,0,0,0,0,0,0,0,0,0,0,0,0,0,0,0,0,0,0,0,0,0,0,0,0,0,0,0,0,0,4,4,0,0,0,0,0,0,0,0,0,0,0,1.4769551999634132,object_attributes_online,symbolic_smt,1,,,,,,,,,,,,,,,,,,,,,,,,,,,,,,,,,,,,,,,,,,,,,,,,,,,,,,,,,,,,,,,,,,,,,,,,,,,,,,,,,,,,,,,,,,,,,,,,,,,,,,,,,,,,,,,,,,,,,,,,,,,,,,,,,,,,,,,,,,,
04_violate_product_cost_sum.jsonocel,C:\Users\User\Documents\odacc\experiment_runs\20260919_111654\object_attributes_online\symbolic_smt\run_001\04_violate_product_cost_sum.json,0,ONLINE_OK,NOT_RUN,fresh_offline_alignment,0,0,True,1,0,1,0,0.05617480003274977,0.0016910999547690153,,,,,,,,5,1.0934930999064818,0.21869861998129636,0.4027343000052497,0,1.0934930999064818,5,0,0,0,0,0,0,0,0,1,0,0,0,0,0,0,4,3,4,2,0,1,1,3,0,0,0,0,0,0,0,0,0,0,0,0,0,0,0,0,0,0,0,0,0,3,3,0,132,5,4,0,0,0,4,2,1,1,1,1,1,0,3,3,2,2,0,0,1,3,1,3,1,4,0,3,1,0,0,0,0,0,0,0,0,0,0,0,0,0,0,0,0,0,0,0,0,0,0,0,0,0,0,0,0,0,0,0,0,0,0,0,0,0,0,0,0,0,0,0,1,0,0,0,0,0,0,0,0,0,0,0,0,0,0,0,0,0,0,0,0,0,0,0,0,0,0,0,0,0,0,0,0,0,0,0,4,4,0,0,0,0,0,0,0,0,0,0,0,2.434830000041984,object_attributes_online,symbolic_smt,1,,,,,,,,,,,,,,,,,,,,,,,,,,,,,,,,,,,,,,,,,,,,,,,,,,,,,,,,,,,,,,,,,,,,,,,,,,,,,,,,,,,,,,,,,,,,,,,,,,,,,,,,,,,,,,,,,,,,,,,,,,,,,,,,,,,,,,,,,,,
05_fit_credit_card_despite_high_product_cost.jsonocel,C:\Users\User\Documents\odacc\experiment_runs\20260919_111654\object_attributes_online\symbolic_smt\run_001\05_fit_credit_card_despite_high_product_cost.json,0,ONLINE_OK,NOT_RUN,fresh_offline_alignment,0,0,True,0,0,0,0,0.03745629999320954,0.0011622000019997358,,,,,,,,5,0.7619124002521858,0.15238248005043714,0.3971902000484988,0,0.7619124002521858,5,0,0,0,0,0,0,0,0,1,0,0,0,0,0,0,4,4,4,3,0,1,1,3,0,0,0,0,0,0,0,0,0,0,0,0,0,0,0,0,0,0,0,0,0,2,2,0,79,2,4,0,0,0,4,3,1,1,1,1,1,0,1,1,1,1,0,0,0,0,0,2,0,5,0,5,1,0,0,0,0,0,0,0,0,0,0,0,0,0,0,0,0,0,0,0,0,0,0,0,0,0,0,0,0,0,0,0,0,0,0,0,0,0,0,0,0,0,0,0,1,0,0,0,0,0,0,0,0,0,0,0,0,0,0,0,0,0,0,0,0,0,0,0,0,0,0,0,0,0,0,0,0,0,0,0,4,4,0,0,0,0,0,0,0,0,0,0,0,1.1865646000951529,object_attributes_online,symbolic_smt,1,,,,,,,,,,,,,,,,,,,,,,,,,,,,,,,,,,,,,,,,,,,,,,,,,,,,,,,,,,,,,,,,,,,,,,,,,,,,,,,,,,,,,,,,,,,,,,,,,,,,,,,,,,,,,,,,,,,,,,,,,,,,,,,,,,,,,,,,,,,
06_violate_event_and_object_data.jsonocel,C:\Users\User\Documents\odacc\experiment_runs\20260919_111654\object_attributes_online\symbolic_smt\run_001\06_violate_event_and_object_data.json,0,ONLINE_OK,NOT_RUN,fresh_offline_alignment,0,0,True,2,0,2,0,0.01975289999973029,0.019747600075788796,,,,,,,,5,5.052148399990983,1.0104296799981967,4.358614300028421,0,5.052148399990983,5,204,21,183,39,4,21,0,0,2,0,318,1,27,0,0,4,3,11,2,4,1,1,3,0,0,0,0,0,0,21,183,1,8,1563,38,13,15,106,84,703,244,144,126,22,6,3,2,192,8,13,204,0,0,11,2,1,8,8,6,8,0,8,8,2,2,0,0,1,0,1,3,1,4,0,4,2,0,0,0,0,0,0,0,0,0,0,0,0,0,0,0,0,0,0,0,1,1,0,1,0,1,1,1,0,0,0,1,0,0,0,2,0,0,0,0,115,0,0,0,216,0,0,205,173,0,45,27,18,4,1,0,0,0,1,0,0,0,0,1,6,6,0,0,0,68,19,49,0,204,204,0,544,544,1291,578,4,84,0,0,87,85,12,0,68,10,2,56,0,5.510342699941248,object_attributes_online,symbolic_smt,1,,,,,,,,,,,,,,,,,,,,,,,,,,,,,,,,,,,,,,,,,,,,,,,,,,,,,,,,,,,,,,,,,,,,,,,,,,,,,,,,,,,,,,,,,,,,,,,,,,,,,,,,,,,,,,,,,,,,,,,,,,,,,,,,,,,,,,,,,,,
07_violate_place_event_and_object_guard.jsonocel,C:\Users\User\Documents\odacc\experiment_runs\20260919_111654\object_attributes_online\symbolic_smt\run_001\07_violate_place_event_and_object_guard.json,0,ONLINE_OK,NOT_RUN,fresh_offline_alignment,0,0,True,2,0,2,0,0.039066200028173625,0.0018906000768765807,,,,,,,,5,1.758960299892351,0.3517920599784702,0.48583139991387725,0,1.758960299892351,5,73,3,70,13,6,10,0,2,2,0,73,8,9,0,0,3,3,6,1,5,1,0,0,0,0,0,0,0,0,3,70,1,8,290,7,2,3,20,16,133,45,27,23,3,7,2,4,152,4,0,73,0,1,6,1,2,1,1,1,1,0,5,5,2,2,0,0,1,3,0,3,1,3,0,0,2,0,0,0,0,0,0,0,0,0,0,0,0,0,0,0,0,0,0,0,0,0,0,0,0,0,0,0,0,0,0,0,0,0,0,0,0,0,0,0,55,1,0,1,80,0,0,80,58,0,20,14,6,5,0,0,0,0,0,0,0,0,0,0,3,3,0,0,0,1,1,0,0,3,3,0,8,8,24,10,3,3,0,0,89,90,0,0,0,0,0,0,0,2.193833600031212,object_attributes_online,symbolic_smt,1,,,,,,,,,,,,,,,,,,,,,,,,,,,,,,,,,,,,,,,,,,,,,,,,,,,,,,,,,,,,,,,,,,,,,,,,,,,,,,,,,,,,,,,,,,,,,,,,,,,,,,,,,,,,,,,,,,,,,,,,,,,,,,,,,,,,,,,,,,,
orders_01_interleaved.jsonocel,C:\Users\User\Documents\odacc\experiment_runs\20260919_111654\component_scale_online\symbolic_smt\run_001\orders_01_interleaved.json,0,ONLINE_OK,NOT_RUN,fresh_offline_alignment,0,0,True,0,0,0,0,0.057584699941799045,0.001742499996908009,,,,,,,,5,1.0854442999698222,0.21708885999396443,0.41920080001000315,0,1.0854442999698222,5,0,0,0,0,0,0,0,0,1,0,0,0,0,0,0,4,4,4,2,0,1,1,3,0,0,0,0,0,0,0,0,0,0,0,0,0,0,0,0,0,0,0,0,0,3,3,0,133,3,4,0,0,0,4,2,2,1,1,1,1,0,3,3,2,2,0,0,0,0,0,3,0,5,0,5,1,0,0,0,0,0,0,0,0,0,0,0,0,0,0,0,0,0,0,0,0,0,0,0,0,0,0,0,0,0,0,0,0,0,0,0,0,0,0,0,0,0,0,0,1,0,0,0,0,0,0,0,0,0,0,0,0,0,0,0,0,0,0,0,0,0,0,0,0,0,0,0,0,0,0,0,0,0,0,0,4,4,0,0,0,0,0,0,0,0,0,0,0,1.500302700093016,component_scale_online,symbolic_smt,1,,,,,,,,,,,,,,,,,,,,,,,,,,,,,,,,,,,,,,,,,,,,,,,,,,,,,,,,,,,,,,,,,,,,,,,,,,,,,,,,,,,,,,,,,,,,,,,,,,,,,,,,,,,,,,,,,,,,,,,,,,,,,,,,,,,,,,,,,,,
orders_02_interleaved.jsonocel,C:\Users\User\Documents\odacc\experiment_runs\20260919_111654\component_scale_online\symbolic_smt\run_001\orders_02_interleaved.json,0,ONLINE_OK,NOT_RUN,fresh_offline_alignment,0,0,True,0,0,0,0,0.03934430005028844,0.00181489996612072,,,,,,,,10,2.1449830998899415,0.21449830998899416,0.4159876999910921,0,2.1449830998899415,10,0,0,0,0,0,0,0,0,2,0,0,0,0,0,0,8,8,8,4,0,2,2,6,0,0,0,0,0,0,0,0,0,0,0,0,0,0,0,0,0,0,0,0,0,6,6,0,235,6,8,0,0,0,8,4,4,2,2,2,2,0,6,6,4,4,0,0,0,0,0,6,0,10,0,10,2,0,0,0,0,0,0,0,0,0,0,0,0,0,0,0,0,0,0,0,0,0,0,0,0,0,0,0,0,0,0,0,0,0,0,0,0,0,0,0,0,0,0,0,2,0,0,0,0,0,0,0,0,0,0,0,0,0,0,0,0,0,0,0,0,0,0,0,0,0,0,0,0,0,0,0,0,0,0,0,8,8,0,0,0,0,0,0,0,0,0,0,0,2.6235153999878094,component_scale_online,symbolic_smt,1,,,,,,,,,,,,,,,,,,,,,,,,,,,,,,,,,,,,,,,,,,,,,,,,,,,,,,,,,,,,,,,,,,,,,,,,,,,,,,,,,,,,,,,,,,,,,,,,,,,,,,,,,,,,,,,,,,,,,,,,,,,,,,,,,,,,,,,,,,,
orders_05_interleaved.jsonocel,C:\Users\User\Documents\odacc\experiment_runs\20260919_111654\component_scale_online\symbolic_smt\run_001\orders_05_interleaved.json,0,ONLINE_OK,NOT_RUN,fresh_offline_alignment,0,0,True,0,0,0,0,0.10149769997224212,0.004245899966917932,,,,,,,,25,9.242570800008252,0.3697028320003301,1.0879918000428006,0,9.242570800008252,25,0,0,0,0,0,0,0,0,5,0,0,0,0,0,0,20,20,20,10,0,5,5,15,0,0,0,0,0,0,0,0,0,0,0,0,0,0,0,0,0,0,0,0,0,15,15,0,942,23,20,0,0,0,20,10,10,5,5,5,5,0,15,15,10,10,0,0,0,0,0,15,0,25,0,25,5,0,0,0,0,0,0,0,0,0,0,0,0,0,0,0,0,0,0,0,0,0,0,0,0,0,0,0,0,0,0,0,0,0,0,0,0,0,0,0,0,0,0,0,5,0,0,0,0,0,0,0,0,0,0,0,0,0,0,0,0,0,0,0,0,0,0,0,0,0,0,0,0,0,0,0,0,0,0,0,20,20,0,0,0,0,0,0,0,0,0,0,0,9.854767699958757,component_scale_online,symbolic_smt,1,,,,,,,,,,,,,,,,,,,,,,,,,,,,,,,,,,,,,,,,,,,,,,,,,,,,,,,,,,,,,,,,,,,,,,,,,,,,,,,,,,,,,,,,,,,,,,,,,,,,,,,,,,,,,,,,,,,,,,,,,,,,,,,,,,,,,,,,,,,
orders_10_interleaved.jsonocel,C:\Users\User\Documents\odacc\experiment_runs\20260919_111654\component_scale_online\symbolic_smt\run_001\orders_10_interleaved.json,0,ONLINE_OK,NOT_RUN,fresh_offline_alignment,0,0,True,0,0,0,0,0.10047870001289994,0.004482400021515787,,,,,,,,50,17.305056300363503,0.34610112600727005,1.0253590000793338,0,17.305056300363503,50,0,0,0,0,0,0,0,0,10,0,0,0,0,0,0,40,40,40,20,0,10,10,30,0,0,0,0,0,0,0,0,0,0,0,0,0,0,0,0,0,0,0,0,0,30,30,0,1820,44,40,0,0,0,40,20,20,10,10,10,10,0,30,30,20,20,0,0,0,0,0,30,0,50,0,50,10,0,0,0,0,0,0,0,0,0,0,0,0,0,0,0,0,0,0,0,0,0,0,0,0,0,0,0,0,0,0,0,0,0,0,0,0,0,0,0,0,0,0,0,10,0,0,0,0,0,0,0,0,0,0,0,0,0,0,0,0,0,0,0,0,0,0,0,0,0,0,0,0,0,0,0,0,0,0,0,40,40,0,0,0,0,0,0,0,0,0,0,0,19.34491230000276,component_scale_online,symbolic_smt,1,,,,,,,,,,,,,,,,,,,,,,,,,,,,,,,,,,,,,,,,,,,,,,,,,,,,,,,,,,,,,,,,,,,,,,,,,,,,,,,,,,,,,,,,,,,,,,,,,,,,,,,,,,,,,,,,,,,,,,,,,,,,,,,,,,,,,,,,,,,
orders_20_interleaved.jsonocel,C:\Users\User\Documents\odacc\experiment_runs\20260919_111654\component_scale_online\symbolic_smt\run_001\orders_20_interleaved.json,0,ONLINE_OK,NOT_RUN,fresh_offline_alignment,0,0,True,0,0,0,0,0.06756989995483309,0.0029624999733641744,,,,,,,,100,40.37552149978001,0.4037552149978001,1.059242199989967,0,40.37552149978001,100,0,0,0,0,0,0,0,0,20,0,0,0,0,0,0,80,80,80,40,0,20,20,60,0,0,0,0,0,0,0,0,0,0,0,0,0,0,0,0,0,0,0,0,0,60,60,0,3932,88,80,0,0,0,80,40,40,20,20,20,20,0,60,60,40,40,0,0,0,0,0,60,0,100,0,100,20,0,0,0,0,0,0,0,0,0,0,0,0,0,0,0,0,0,0,0,0,0,0,0,0,0,0,0,0,0,0,0,0,0,0,0,0,0,0,0,0,0,0,0,20,0,0,0,0,0,0,0,0,0,0,0,0,0,0,0,0,0,0,0,0,0,0,0,0,0,0,0,0,0,0,0,0,0,0,0,80,80,0,0,0,0,0,0,0,0,0,0,0,42.90660700004082,component_scale_online,symbolic_smt,1,,,,,,,,,,,,,,,,,,,,,,,,,,,,,,,,,,,,,,,,,,,,,,,,,,,,,,,,,,,,,,,,,,,,,,,,,,,,,,,,,,,,,,,,,,,,,,,,,,,,,,,,,,,,,,,,,,,,,,,,,,,,,,,,,,,,,,,,,,,
products_001_budget.jsonocel,C:\Users\User\Documents\odacc\experiment_runs\20260919_111654\deviation_scale_online\symbolic_smt\run_001\products_001_budget.json,0,ONLINE_OK,NOT_RUN,fresh_offline_alignment,0,0,True,1,0,1,0,0.039300399948842824,0.0013214999344199896,,,,,,,,4,0.8682162000332028,0.2170540500083007,0.33712799998465925,0,0.8682162000332028,4,0,0,0,0,0,0,0,0,1,0,0,0,0,0,0,3,2,3,1,0,1,1,2,0,0,0,0,0,0,0,0,0,0,0,0,0,0,0,0,0,0,0,0,0,3,3,0,129,4,3,0,0,0,3,1,1,1,1,1,1,0,3,3,2,2,0,0,1,3,1,3,1,3,0,2,1,0,0,0,0,0,0,0,0,0,0,0,0,0,0,0,0,0,0,0,0,0,0,0,0,0,0,0,0,0,0,0,0,0,0,0,0,0,0,0,0,0,0,0,1,0,0,0,0,0,0,0,0,0,0,0,0,0,0,0,0,0,0,0,0,0,0,0,0,0,0,0,0,0,0,0,0,0,0,0,3,3,0,0,0,0,0,0,0,0,0,0,0,1.2855024000164121,deviation_scale_online,symbolic_smt,1,,,,,,,,,,,,,,,,,,,,,,,,,,,,,,,,,,,,,,,,,,,,,,,,,,,,,,,,,,,,,,,,,,,,,,,,,,,,,,,,,,,,,,,,,,,,,,,,,,,,,,,,,,,,,,,,,,,,,,,,,,,,,,,,,,,,,,,,,,,
products_001_cost.jsonocel,C:\Users\User\Documents\odacc\experiment_runs\20260919_111654\deviation_scale_online\symbolic_smt\run_001\products_001_cost.json,0,ONLINE_OK,NOT_RUN,fresh_offline_alignment,0,0,True,1,0,1,0,0.03911720006726682,0.001356900087557733,,,,,,,,4,0.8759862999431789,0.21899657498579472,0.3376573999412358,0,0.8759862999431789,4,0,0,0,0,0,0,0,0,1,0,0,0,0,0,0,3,2,3,1,0,1,1,2,0,0,0,0,0,0,0,0,0,0,0,0,0,0,0,0,0,0,0,0,0,3,3,0,130,4,3,0,0,0,3,1,1,1,1,1,1,0,3,3,2,2,0,0,1,3,1,3,1,3,0,2,1,0,0,0,0,0,0,0,0,0,0,0,0,0,0,0,0,0,0,0,0,0,0,0,0,0,0,0,0,0,0,0,0,0,0,0,0,0,0,0,0,0,0,0,1,0,0,0,0,0,0,0,0,0,0,0,0,0,0,0,0,0,0,0,0,0,0,0,0,0,0,0,0,0,0,0,0,0,0,0,3,3,0,0,0,0,0,0,0,0,0,0,0,1.2816181000089273,deviation_scale_online,symbolic_smt,1,,,,,,,,,,,,,,,,,,,,,,,,,,,,,,,,,,,,,,,,,,,,,,,,,,,,,,,,,,,,,,,,,,,,,,,,,,,,,,,,,,,,,,,,,,,,,,,,,,,,,,,,,,,,,,,,,,,,,,,,,,,,,,,,,,,,,,,,,,,
products_001_early_place_data.jsonocel,C:\Users\User\Documents\odacc\experiment_runs\20260919_111654\deviation_scale_online\symbolic_smt\run_001\products_001_early_place_data.json,0,ONLINE_OK,NOT_RUN,fresh_offline_alignment,0,0,True,1,0,1,0,0.04029939998872578,0.001450599986128509,,,,,,,,4,0.9065780000528321,0.22664450001320802,0.3413141999626532,0,0.9065780000528321,4,0,0,0,0,0,0,0,0,1,0,0,0,0,0,0,3,3,4,1,0,1,1,2,0,0,0,0,0,0,0,0,0,0,0,0,0,0,0,0,0,0,0,0,0,3,3,0,119,3,3,0,0,0,4,1,2,1,1,1,1,0,3,3,2,2,0,0,1,4,0,3,1,3,0,0,1,0,0,0,0,0,0,0,0,0,0,0,0,0,0,0,0,0,0,0,0,0,0,0,0,0,0,0,0,0,0,0,0,0,0,0,0,0,0,0,0,0,0,0,1,0,0,0,0,0,0,0,0,0,0,0,0,0,0,0,0,0,0,0,1,1,0,0,0,0,0,0,0,0,0,0,0,0,0,0,3,3,0,0,0,0,0,0,0,0,0,0,0,1.3023096000542864,deviation_scale_online,symbolic_smt,1,,,,,,,,,,,,,,,,,,,,,,,,,,,,,,,,,,,,,,,,,,,,,,,,,,,,,,,,,,,,,,,,,,,,,,,,,,,,,,,,,,,,,,,,,,,,,,,,,,,,,,,,,,,,,,,,,,,,,,,,,,,,,,,,,,,,,,,,,,,
products_001_fit.jsonocel,C:\Users\User\Documents\odacc\experiment_runs\20260919_111654\deviation_scale_online\symbolic_smt\run_001\products_001_fit.json,0,ONLINE_OK,NOT_RUN,fresh_offline_alignment,0,0,True,0,0,0,0,0.03907739999704063,0.001586400088854134,,,,,,,,4,0.8647436000173911,0.2161859000043478,0.334421299980022,0,0.8647436000173911,4,0,0,0,0,0,0,0,0,1,0,0,0,0,0,0,3,3,3,1,0,1,1,2,0,0,0,0,0,0,0,0,0,0,0,0,0,0,0,0,0,0,0,0,0,3,3,0,127,3,3,0,0,0,3,1,2,1,1,1,1,0,3,3,2,2,0,0,0,0,0,3,0,4,0,4,1,0,0,0,0,0,0,0,0,0,0,0,0,0,0,0,0,0,0,0,0,0,0,0,0,0,0,0,0,0,0,0,0,0,0,0,0,0,0,0,0,0,0,0,1,0,0,0,0,0,0,0,0,0,0,0,0,0,0,0,0,0,0,0,0,0,0,0,0,0,0,0,0,0,0,0,0,0,0,0,3,3,0,0,0,0,0,0,0,0,0,0,0,1.2891515999799594,deviation_scale_online,symbolic_smt,1,,,,,,,,,,,,,,,,,,,,,,,,,,,,,,,,,,,,,,,,,,,,,,,,,,,,,,,,,,,,,,,,,,,,,,,,,,,,,,,,,,,,,,,,,,,,,,,,,,,,,,,,,,,,,,,,,,,,,,,,,,,,,,,,,,,,,,,,,,,
products_001_late_ship_data.jsonocel,C:\Users\User\Documents\odacc\experiment_runs\20260919_111654\deviation_scale_online\symbolic_smt\run_001\products_001_late_ship_data.json,0,ONLINE_OK,NOT_RUN,fresh_offline_alignment,0,0,True,1,0,1,0,0.042159699951298535,0.004060699953697622,,,,,,,,4,0.8787096999585629,0.2196774249896407,0.33968680002726614,0,0.8787096999585629,4,0,0,0,0,0,0,0,0,1,0,0,0,0,0,0,3,2,3,1,0,1,1,2,0,0,0,0,0,0,0,0,0,0,0,0,0,0,0,0,0,0,0,0,0,3,3,0,130,6,3,0,0,0,3,1,1,1,1,1,1,0,3,3,2,2,0,0,1,2,1,3,1,3,0,3,1,0,0,0,0,0,0,0,0,0,0,0,0,0,0,0,0,0,0,0,0,0,0,0,0,0,0,0,0,0,0,0,0,0,0,0,0,0,0,0,0,0,0,0,1,0,0,0,0,0,0,0,0,0,0,0,0,0,0,0,0,0,0,0,0,0,0,0,0,0,0,0,0,0,0,0,0,0,0,0,3,3,0,0,0,0,0,0,0,0,0,0,0,1.2818864000728354,deviation_scale_online,symbolic_smt,1,,,,,,,,,,,,,,,,,,,,,,,,,,,,,,,,,,,,,,,,,,,,,,,,,,,,,,,,,,,,,,,,,,,,,,,,,,,,,,,,,,,,,,,,,,,,,,,,,,,,,,,,,,,,,,,,,,,,,,,,,,,,,,,,,,,,,,,,,,,
products_001_priority.jsonocel,C:\Users\User\Documents\odacc\experiment_runs\20260919_111654\deviation_scale_online\symbolic_smt\run_001\products_001_priority.json,0,ONLINE_OK,NOT_RUN,fresh_offline_alignment,0,0,True,1,0,1,0,0.04262740002013743,0.0033304999815300107,,,,,,,,4,0.878820699872449,0.21970517496811226,0.3488749999087304,0,0.878820699872449,4,0,0,0,0,0,0,0,0,1,0,0,0,0,0,0,3,2,3,1,0,1,1,2,0,0,0,0,0,0,0,0,0,0,0,0,0,0,0,0,0,0,0,0,0,3,3,0,131,5,3,0,0,0,3,1,1,1,1,1,1,0,3,3,2,2,0,0,1,2,1,3,1,3,0,3,1,0,0,0,0,0,0,0,0,0,0,0,0,0,0,0,0,0,0,0,0,0,0,0,0,0,0,0,0,0,0,0,0,0,0,0,0,0,0,0,0,0,0,0,1,0,0,0,0,0,0,0,0,0,0,0,0,0,0,0,0,0,0,0,0,0,0,0,0,0,0,0,0,0,0,0,0,0,0,0,3,3,0,0,0,0,0,0,0,0,0,0,0,1.2863919000374153,deviation_scale_online,symbolic_smt,1,,,,,,,,,,,,,,,,,,,,,,,,,,,,,,,,,,,,,,,,,,,,,,,,,,,,,,,,,,,,,,,,,,,,,,,,,,,,,,,,,,,,,,,,,,,,,,,,,,,,,,,,,,,,,,,,,,,,,,,,,,,,,,,,,,,,,,,,,,,
products_001_vip.jsonocel,C:\Users\User\Documents\odacc\experiment_runs\20260919_111654\deviation_scale_online\symbolic_smt\run_001\products_001_vip.json,0,ONLINE_OK,NOT_RUN,fresh_offline_alignment,0,0,True,1,0,1,0,0.04048139997757971,0.001665899995714426,,,,,,,,4,0.905020899954252,0.226255224988563,0.3385304999537766,0,0.905020899954252,4,0,0,0,0,0,0,0,0,1,0,0,0,0,0,0,3,3,4,1,0,1,1,2,0,0,0,0,0,0,0,0,0,0,0,0,0,0,0,0,0,0,0,0,0,3,3,0,120,3,3,0,0,0,4,1,2,1,1,1,1,0,3,3,2,2,0,0,1,4,0,3,1,3,0,0,1,0,0,0,0,0,0,0,0,0,0,0,0,0,0,0,0,0,0,0,0,0,0,0,0,0,0,0,0,0,0,0,0,0,0,0,0,0,0,0,0,0,0,0,1,0,0,0,0,0,0,0,0,0,0,0,0,0,0,0,0,0,0,0,1,1,0,0,0,0,0,0,0,0,0,0,0,0,0,0,3,3,0,0,0,0,0,0,0,0,0,0,0,1.28659399994649,deviation_scale_online,symbolic_smt,1,,,,,,,,,,,,,,,,,,,,,,,,,,,,,,,,,,,,,,,,,,,,,,,,,,,,,,,,,,,,,,,,,,,,,,,,,,,,,,,,,,,,,,,,,,,,,,,,,,,,,,,,,,,,,,,,,,,,,,,,,,,,,,,,,,,,,,,,,,,
products_002_budget.jsonocel,C:\Users\User\Documents\odacc\experiment_runs\20260919_111654\deviation_scale_online\symbolic_smt\run_001\products_002_budget.json,0,ONLINE_OK,NOT_RUN,fresh_offline_alignment,0,0,True,1,0,1,0,0.05643539992161095,0.0013507999246940017,,,,,,,,5,1.1041874000802636,0.22083748001605272,0.41004240000620484,0,1.1041874000802636,5,0,0,0,0,0,0,0,0,1,0,0,0,0,0,0,4,3,4,2,0,1,1,3,0,0,0,0,0,0,0,0,0,0,0,0,0,0,0,0,0,0,0,0,0,3,3,0,135,5,4,0,0,0,4,2,1,1,1,1,1,0,3,3,2,2,0,0,1,3,1,3,1,4,0,3,1,0,0,0,0,0,0,0,0,0,0,0,0,0,0,0,0,0,0,0,0,0,0,0,0,0,0,0,0,0,0,0,0,0,0,0,0,0,0,0,0,0,0,0,1,0,0,0,0,0,0,0,0,0,0,0,0,0,0,0,0,0,0,0,0,0,0,0,0,0,0,0,0,0,0,0,0,0,0,0,4,4,0,0,0,0,0,0,0,0,0,0,0,2.437039399985224,deviation_scale_online,symbolic_smt,1,,,,,,,,,,,,,,,,,,,,,,,,,,,,,,,,,,,,,,,,,,,,,,,,,,,,,,,,,,,,,,,,,,,,,,,,,,,,,,,,,,,,,,,,,,,,,,,,,,,,,,,,,,,,,,,,,,,,,,,,,,,,,,,,,,,,,,,,,,,
products_002_cost.jsonocel,C:\Users\User\Documents\odacc\experiment_runs\20260919_111654\deviation_scale_online\symbolic_smt\run_001\products_002_cost.json,0,ONLINE_OK,NOT_RUN,fresh_offline_alignment,0,0,True,1,0,1,0,0.056245600106194615,0.0017157000256702304,,,,,,,,5,1.091469399863854,0.2182938799727708,0.4098079000832513,0,1.091469399863854,5,0,0,0,0,0,0,0,0,1,0,0,0,0,0,0,4,3,4,2,0,1,1,3,0,0,0,0,0,0,0,0,0,0,0,0,0,0,0,0,0,0,0,0,0,3,3,0,137,5,4,0,0,0,4,2,1,1,1,1,1,0,3,3,2,2,0,0,1,3,1,3,1,4,0,3,1,0,0,0,0,0,0,0,0,0,0,0,0,0,0,0,0,0,0,0,0,0,0,0,0,0,0,0,0,0,0,0,0,0,0,0,0,0,0,0,0,0,0,0,1,0,0,0,0,0,0,0,0,0,0,0,0,0,0,0,0,0,0,0,0,0,0,0,0,0,0,0,0,0,0,0,0,0,0,0,4,4,0,0,0,0,0,0,0,0,0,0,0,1.4848913999740034,deviation_scale_online,symbolic_smt,1,,,,,,,,,,,,,,,,,,,,,,,,,,,,,,,,,,,,,,,,,,,,,,,,,,,,,,,,,,,,,,,,,,,,,,,,,,,,,,,,,,,,,,,,,,,,,,,,,,,,,,,,,,,,,,,,,,,,,,,,,,,,,,,,,,,,,,,,,,,
products_002_early_place_data.jsonocel,C:\Users\User\Documents\odacc\experiment_runs\20260919_111654\deviation_scale_online\symbolic_smt\run_001\products_002_early_place_data.json,0,ONLINE_OK,NOT_RUN,fresh_offline_alignment,0,0,True,1,0,1,0,0.03994049993343651,0.001932899933308363,,,,,,,,5,1.1905788999283686,0.23811577998567374,0.40956739999819547,0,1.1905788999283686,5,0,0,0,0,0,0,0,0,1,0,0,0,0,0,0,4,4,7,2,0,1,1,3,0,0,0,0,0,0,0,0,0,0,0,0,0,0,0,0,0,0,0,0,0,3,3,0,117,3,4,0,0,0,7,2,2,1,1,1,1,0,5,5,2,2,0,0,1,5,0,3,1,4,0,0,1,0,0,0,0,0,0,0,0,0,0,0,0,0,0,0,0,0,0,0,0,0,0,0,0,0,0,0,0,0,0,0,0,0,0,0,0,0,0,0,0,0,0,0,1,0,0,0,0,0,0,0,0,0,0,0,0,0,0,0,0,0,0,0,3,3,0,0,0,0,0,0,0,0,0,0,0,0,0,0,4,4,0,0,0,0,0,0,0,0,0,0,0,1.6034442000091076,deviation_scale_online,symbolic_smt,1,,,,,,,,,,,,,,,,,,,,,,,,,,,,,,,,,,,,,,,,,,,,,,,,,,,,,,,,,,,,,,,,,,,,,,,,,,,,,,,,,,,,,,,,,,,,,,,,,,,,,,,,,,,,,,,,,,,,,,,,,,,,,,,,,,,,,,,,,,,
products_002_fit.jsonocel,C:\Users\User\Documents\odacc\experiment_runs\20260919_111654\deviation_scale_online\symbolic_smt\run_001\products_002_fit.json,0,ONLINE_OK,NOT_RUN,fresh_offline_alignment,0,0,True,0,0,0,0,0.056842499994672835,0.0017616000259295106,,,,,,,,5,1.0673028999008238,0.21346057998016477,0.40029550006147474,0,1.0673028999008238,5,0,0,0,0,0,0,0,0,1,0,0,0,0,0,0,4,4,4,2,0,1,1,3,0,0,0,0,0,0,0,0,0,0,0,0,0,0,0,0,0,0,0,0,0,3,3,0,133,3,4,0,0,0,4,2,2,1,1,1,1,0,3,3,2,2,0,0,0,0,0,3,0,5,0,5,1,0,0,0,0,0,0,0,0,0,0,0,0,0,0,0,0,0,0,0,0,0,0,0,0,0,0,0,0,0,0,0,0,0,0,0,0,0,0,0,0,0,0,0,1,0,0,0,0,0,0,0,0,0,0,0,0,0,0,0,0,0,0,0,0,0,0,0,0,0,0,0,0,0,0,0,0,0,0,0,4,4,0,0,0,0,0,0,0,0,0,0,0,1.482693300000392,deviation_scale_online,symbolic_smt,1,,,,,,,,,,,,,,,,,,,,,,,,,,,,,,,,,,,,,,,,,,,,,,,,,,,,,,,,,,,,,,,,,,,,,,,,,,,,,,,,,,,,,,,,,,,,,,,,,,,,,,,,,,,,,,,,,,,,,,,,,,,,,,,,,,,,,,,,,,,
products_002_late_ship_data.jsonocel,C:\Users\User\Documents\odacc\experiment_runs\20260919_111654\deviation_scale_online\symbolic_smt\run_001\products_002_late_ship_data.json,0,ONLINE_OK,NOT_RUN,fresh_offline_alignment,0,0,True,1,0,1,0,0.06285180000122637,0.004411199945025146,,,,,,,,5,1.0818385999882594,0.21636771999765186,0.4084042999893427,0,1.0818385999882594,5,0,0,0,0,0,0,0,0,1,0,0,0,0,0,0,4,3,4,2,0,1,1,3,0,0,0,0,0,0,0,0,0,0,0,0,0,0,0,0,0,0,0,0,0,3,3,0,137,6,4,0,0,0,4,2,1,1,1,1,1,0,3,3,2,2,0,0,1,2,1,3,1,4,0,4,1,0,0,0,0,0,0,0,0,0,0,0,0,0,0,0,0,0,0,0,0,0,0,0,0,0,0,0,0,0,0,0,0,0,0,0,0,0,0,0,0,0,0,0,1,0,0,0,0,0,0,0,0,0,0,0,0,0,0,0,0,0,0,0,0,0,0,0,0,0,0,0,0,0,0,0,0,0,0,0,4,4,0,0,0,0,0,0,0,0,0,0,0,1.4848934999899939,deviation_scale_online,symbolic_smt,1,,,,,,,,,,,,,,,,,,,,,,,,,,,,,,,,,,,,,,,,,,,,,,,,,,,,,,,,,,,,,,,,,,,,,,,,,,,,,,,,,,,,,,,,,,,,,,,,,,,,,,,,,,,,,,,,,,,,,,,,,,,,,,,,,,,,,,,,,,,
products_002_priority.jsonocel,C:\Users\User\Documents\odacc\experiment_runs\20260919_111654\deviation_scale_online\symbolic_smt\run_001\products_002_priority.json,0,ONLINE_OK,NOT_RUN,fresh_offline_alignment,0,0,True,1,0,1,0,0.055912200012244284,0.0038324000779539347,,,,,,,,5,1.0793931999942288,0.21587863999884577,0.3996917000040412,0,1.0793931999942288,5,0,0,0,0,0,0,0,0,1,0,0,0,0,0,0,4,3,4,2,0,1,1,3,0,0,0,0,0,0,0,0,0,0,0,0,0,0,0,0,0,0,0,0,0,3,3,0,130,5,4,0,0,0,4,2,1,1,1,1,1,0,3,3,2,2,0,0,1,2,1,3,1,4,0,4,1,0,0,0,0,0,0,0,0,0,0,0,0,0,0,0,0,0,0,0,0,0,0,0,0,0,0,0,0,0,0,0,0,0,0,0,0,0,0,0,0,0,0,0,1,0,0,0,0,0,0,0,0,0,0,0,0,0,0,0,0,0,0,0,0,0,0,0,0,0,0,0,0,0,0,0,0,0,0,0,4,4,0,0,0,0,0,0,0,0,0,0,0,1.4864055999787524,deviation_scale_online,symbolic_smt,1,,,,,,,,,,,,,,,,,,,,,,,,,,,,,,,,,,,,,,,,,,,,,,,,,,,,,,,,,,,,,,,,,,,,,,,,,,,,,,,,,,,,,,,,,,,,,,,,,,,,,,,,,,,,,,,,,,,,,,,,,,,,,,,,,,,,,,,,,,,
products_002_vip.jsonocel,C:\Users\User\Documents\odacc\experiment_runs\20260919_111654\deviation_scale_online\symbolic_smt\run_001\products_002_vip.json,0,ONLINE_OK,NOT_RUN,fresh_offline_alignment,0,0,True,1,0,1,0,0.03872650000266731,0.0018294999608770013,,,,,,,,5,1.1672848998568952,0.23345697997137904,0.3965827999636531,0,1.1672848998568952,5,0,0,0,0,0,0,0,0,1,0,0,0,0,0,0,4,4,7,2,0,1,1,3,0,0,0,0,0,0,0,0,0,0,0,0,0,0,0,0,0,0,0,0,0,3,3,0,116,3,4,0,0,0,7,2,2,1,1,1,1,0,5,5,2,2,0,0,1,5,0,3,1,4,0,0,1,0,0,0,0,0,0,0,0,0,0,0,0,0,0,0,0,0,0,0,0,0,0,0,0,0,0,0,0,0,0,0,0,0,0,0,0,0,0,0,0,0,0,0,1,0,0,0,0,0,0,0,0,0,0,0,0,0,0,0,0,0,0,0,3,3,0,0,0,0,0,0,0,0,0,0,0,0,0,0,4,4,0,0,0,0,0,0,0,0,0,0,0,1.5999954000581056,deviation_scale_online,symbolic_smt,1,,,,,,,,,,,,,,,,,,,,,,,,,,,,,,,,,,,,,,,,,,,,,,,,,,,,,,,,,,,,,,,,,,,,,,,,,,,,,,,,,,,,,,,,,,,,,,,,,,,,,,,,,,,,,,,,,,,,,,,,,,,,,,,,,,,,,,,,,,,
products_005_budget.jsonocel,C:\Users\User\Documents\odacc\experiment_runs\20260919_111654\deviation_scale_online\symbolic_smt\run_001\products_005_budget.json,0,ONLINE_OK,NOT_RUN,fresh_offline_alignment,0,0,True,1,0,1,0,0.040249899961054325,0.0016842000186443329,,,,,,,,8,1.7678916999138892,0.22098646248923615,0.6442230000393465,0,1.7678916999138892,8,0,0,0,0,0,0,0,0,1,0,0,0,0,0,0,7,6,7,5,0,1,1,6,0,0,0,0,0,0,0,0,0,0,0,0,0,0,0,0,0,0,0,0,0,3,3,0,120,5,7,0,0,0,7,5,1,1,1,1,1,0,3,3,2,2,0,0,1,3,1,3,1,7,0,6,1,0,0,0,0,0,0,0,0,0,0,0,0,0,0,0,0,0,0,0,0,0,0,0,0,0,0,0,0,0,0,0,0,0,0,0,0,0,0,0,0,0,0,0,1,0,0,0,0,0,0,0,0,0,0,0,0,0,0,0,0,0,0,0,0,0,0,0,0,0,0,0,0,0,0,0,0,0,0,0,7,7,0,0,0,0,0,0,0,0,0,0,0,2.193174400017597,deviation_scale_online,symbolic_smt,1,,,,,,,,,,,,,,,,,,,,,,,,,,,,,,,,,,,,,,,,,,,,,,,,,,,,,,,,,,,,,,,,,,,,,,,,,,,,,,,,,,,,,,,,,,,,,,,,,,,,,,,,,,,,,,,,,,,,,,,,,,,,,,,,,,,,,,,,,,,
products_005_cost.jsonocel,C:\Users\User\Documents\odacc\experiment_runs\20260919_111654\deviation_scale_online\symbolic_smt\run_001\products_005_cost.json,0,ONLINE_OK,NOT_RUN,fresh_offline_alignment,0,0,True,1,0,1,0,0.040156499948352575,0.0017985999584197998,,,,,,,,8,1.7757354999193922,0.22196693748992402,0.6344578999560326,0,1.7757354999193922,8,0,0,0,0,0,0,0,0,1,0,0,0,0,0,0,7,6,7,5,0,1,1,6,0,0,0,0,0,0,0,0,0,0,0,0,0,0,0,0,0,0,0,0,0,3,3,0,118,5,7,0,0,0,7,5,1,1,1,1,1,0,3,3,2,2,0,0,1,3,1,3,1,7,0,6,1,0,0,0,0,0,0,0,0,0,0,0,0,0,0,0,0,0,0,0,0,0,0,0,0,0,0,0,0,0,0,0,0,0,0,0,0,0,0,0,0,0,0,0,1,0,0,0,0,0,0,0,0,0,0,0,0,0,0,0,0,0,0,0,0,0,0,0,0,0,0,0,0,0,0,0,0,0,0,0,7,7,0,0,0,0,0,0,0,0,0,0,0,2.1934916999889538,deviation_scale_online,symbolic_smt,1,,,,,,,,,,,,,,,,,,,,,,,,,,,,,,,,,,,,,,,,,,,,,,,,,,,,,,,,,,,,,,,,,,,,,,,,,,,,,,,,,,,,,,,,,,,,,,,,,,,,,,,,,,,,,,,,,,,,,,,,,,,,,,,,,,,,,,,,,,,
products_005_early_place_data.jsonocel,C:\Users\User\Documents\odacc\experiment_runs\20260919_111654\deviation_scale_online\symbolic_smt\run_001\products_005_early_place_data.json,0,ONLINE_OK,NOT_RUN,fresh_offline_alignment,0,0,True,1,0,1,0,0.03980080003384501,0.0018753999611362815,,,,,,,,8,2.7177662999602035,0.33972078749502543,1.2771488999715075,0,2.7177662999602035,8,0,0,0,0,0,0,0,0,1,0,0,0,0,0,0,7,7,32,5,0,1,1,6,0,0,0,0,0,0,0,0,0,0,0,0,0,0,0,0,0,0,0,0,0,3,3,0,117,3,7,0,0,0,32,5,2,1,1,1,1,0,28,28,2,2,0,0,1,8,0,3,1,7,0,0,1,0,0,0,0,0,0,0,0,0,0,0,0,0,0,0,0,0,0,0,0,0,0,0,0,0,0,0,0,0,0,0,0,0,0,0,0,0,0,0,0,0,0,0,1,0,0,0,0,0,0,0,0,0,0,0,0,0,0,0,0,0,0,0,25,25,0,0,0,0,0,0,0,0,0,0,0,0,0,0,7,7,0,0,0,0,0,0,0,0,0,0,0,3.1868662999477237,deviation_scale_online,symbolic_smt,1,,,,,,,,,,,,,,,,,,,,,,,,,,,,,,,,,,,,,,,,,,,,,,,,,,,,,,,,,,,,,,,,,,,,,,,,,,,,,,,,,,,,,,,,,,,,,,,,,,,,,,,,,,,,,,,,,,,,,,,,,,,,,,,,,,,,,,,,,,,
products_005_fit.jsonocel,C:\Users\User\Documents\odacc\experiment_runs\20260919_111654\deviation_scale_online\symbolic_smt\run_001\products_005_fit.json,0,ONLINE_OK,NOT_RUN,fresh_offline_alignment,0,0,True,0,0,0,0,0.04066080006305128,0.002548700082115829,,,,,,,,8,1.7441774999024346,0.21802218748780433,0.6262538000009954,0,1.7441774999024346,8,0,0,0,0,0,0,0,0,1,0,0,0,0,0,0,7,7,7,5,0,1,1,6,0,0,0,0,0,0,0,0,0,0,0,0,0,0,0,0,0,0,0,0,0,3,3,0,119,4,7,0,0,0,7,5,2,1,1,1,1,0,3,3,2,2,0,0,0,0,0,3,0,8,0,8,1,0,0,0,0,0,0,0,0,0,0,0,0,0,0,0,0,0,0,0,0,0,0,0,0,0,0,0,0,0,0,0,0,0,0,0,0,0,0,0,0,0,0,0,1,0,0,0,0,0,0,0,0,0,0,0,0,0,0,0,0,0,0,0,0,0,0,0,0,0,0,0,0,0,0,0,0,0,0,0,7,7,0,0,0,0,0,0,0,0,0,0,0,2.1854269000468776,deviation_scale_online,symbolic_smt,1,,,,,,,,,,,,,,,,,,,,,,,,,,,,,,,,,,,,,,,,,,,,,,,,,,,,,,,,,,,,,,,,,,,,,,,,,,,,,,,,,,,,,,,,,,,,,,,,,,,,,,,,,,,,,,,,,,,,,,,,,,,,,,,,,,,,,,,,,,,
products_005_late_ship_data.jsonocel,C:\Users\User\Documents\odacc\experiment_runs\20260919_111654\deviation_scale_online\symbolic_smt\run_001\products_005_late_ship_data.json,0,ONLINE_OK,NOT_RUN,fresh_offline_alignment,0,0,True,1,0,1,0,0.04733289999421686,0.00693260005209595,,,,,,,,8,1.7650265000993386,0.22062831251241732,0.6427924999734387,0,1.7650265000993386,8,0,0,0,0,0,0,0,0,1,0,0,0,0,0,0,7,6,7,5,0,1,1,6,0,0,0,0,0,0,0,0,0,0,0,0,0,0,0,0,0,0,0,0,0,3,3,0,120,8,7,0,0,0,7,5,1,1,1,1,1,0,3,3,2,2,0,0,1,2,1,3,1,7,0,7,1,0,0,0,0,0,0,0,0,0,0,0,0,0,0,0,0,0,0,0,0,0,0,0,0,0,0,0,0,0,0,0,0,0,0,0,0,0,0,0,0,0,0,0,1,0,0,0,0,0,0,0,0,0,0,0,0,0,0,0,0,0,0,0,0,0,0,0,0,0,0,0,0,0,0,0,0,0,0,0,7,7,0,0,0,0,0,0,0,0,0,0,0,2.187483699992299,deviation_scale_online,symbolic_smt,1,,,,,,,,,,,,,,,,,,,,,,,,,,,,,,,,,,,,,,,,,,,,,,,,,,,,,,,,,,,,,,,,,,,,,,,,,,,,,,,,,,,,,,,,,,,,,,,,,,,,,,,,,,,,,,,,,,,,,,,,,,,,,,,,,,,,,,,,,,,
products_005_priority.jsonocel,C:\Users\User\Documents\odacc\experiment_runs\20260919_111654\deviation_scale_online\symbolic_smt\run_001\products_005_priority.json,0,ONLINE_OK,NOT_RUN,fresh_offline_alignment,0,0,True,1,0,1,0,0.04246170003898442,0.004574000020511448,,,,,,,,8,1.7445347999455407,0.2180668499931926,0.6268413999350742,0,1.7445347999455407,8,0,0,0,0,0,0,0,0,1,0,0,0,0,0,0,7,6,7,5,0,1,1,6,0,0,0,0,0,0,0,0,0,0,0,0,0,0,0,0,0,0,0,0,0,3,3,0,119,6,7,0,0,0,7,5,1,1,1,1,1,0,3,3,2,2,0,0,1,2,1,3,1,7,0,7,1,0,0,0,0,0,0,0,0,0,0,0,0,0,0,0,0,0,0,0,0,0,0,0,0,0,0,0,0,0,0,0,0,0,0,0,0,0,0,0,0,0,0,0,1,0,0,0,0,0,0,0,0,0,0,0,0,0,0,0,0,0,0,0,0,0,0,0,0,0,0,0,0,0,0,0,0,0,0,0,7,7,0,0,0,0,0,0,0,0,0,0,0,2.185116400010884,deviation_scale_online,symbolic_smt,1,,,,,,,,,,,,,,,,,,,,,,,,,,,,,,,,,,,,,,,,,,,,,,,,,,,,,,,,,,,,,,,,,,,,,,,,,,,,,,,,,,,,,,,,,,,,,,,,,,,,,,,,,,,,,,,,,,,,,,,,,,,,,,,,,,,,,,,,,,,
products_005_vip.jsonocel,C:\Users\User\Documents\odacc\experiment_runs\20260919_111654\deviation_scale_online\symbolic_smt\run_001\products_005_vip.json,0,ONLINE_OK,NOT_RUN,fresh_offline_alignment,0,0,True,1,0,1,0,0.04003280005417764,0.0024533000541850924,,,,,,,,8,2.6795702000381425,0.3349462750047678,1.2642533000325784,0,2.6795702000381425,8,0,0,0,0,0,0,0,0,1,0,0,0,0,0,0,7,7,32,5,0,1,1,6,0,0,0,0,0,0,0,0,0,0,0,0,0,0,0,0,0,0,0,0,0,3,3,0,118,4,7,0,0,0,32,5,2,1,1,1,1,0,28,28,2,2,0,0,1,8,0,3,1,7,0,0,1,0,0,0,0,0,0,0,0,0,0,0,0,0,0,0,0,0,0,0,0,0,0,0,0,0,0,0,0,0,0,0,0,0,0,0,0,0,0,0,0,0,0,0,1,0,0,0,0,0,0,0,0,0,0,0,0,0,0,0,0,0,0,0,25,25,0,0,0,0,0,0,0,0,0,0,0,0,0,0,7,7,0,0,0,0,0,0,0,0,0,0,0,3.0974446999607608,deviation_scale_online,symbolic_smt,1,,,,,,,,,,,,,,,,,,,,,,,,,,,,,,,,,,,,,,,,,,,,,,,,,,,,,,,,,,,,,,,,,,,,,,,,,,,,,,,,,,,,,,,,,,,,,,,,,,,,,,,,,,,,,,,,,,,,,,,,,,,,,,,,,,,,,,,,,,,
products_010_budget.jsonocel,C:\Users\User\Documents\odacc\experiment_runs\20260919_111654\deviation_scale_online\symbolic_smt\run_001\products_010_budget.json,0,ONLINE_OK,NOT_RUN,fresh_offline_alignment,0,0,True,1,0,1,0,0.042042499990202487,0.003561599995009601,,,,,,,,13,3.0231476997723803,0.23254982305941388,1.1191216999432072,0,3.0231476997723803,13,0,0,0,0,0,0,0,0,1,0,0,0,0,0,0,12,11,12,10,0,1,1,11,0,0,0,0,0,0,0,0,0,0,0,0,0,0,0,0,0,0,0,0,0,3,3,0,120,8,12,0,0,0,12,10,1,1,1,1,1,0,3,3,2,2,0,0,1,3,1,3,1,12,0,11,1,0,0,0,0,0,0,0,0,0,0,0,0,0,0,0,0,0,0,0,0,0,0,0,0,0,0,0,0,0,0,0,0,0,0,0,0,0,0,0,0,0,0,0,1,0,0,0,0,0,0,0,0,0,0,0,0,0,0,0,0,0,0,0,0,0,0,0,0,0,0,0,0,0,0,0,0,0,0,0,12,12,0,0,0,0,0,0,0,0,0,0,0,3.4989176000235602,deviation_scale_online,symbolic_smt,1,,,,,,,,,,,,,,,,,,,,,,,,,,,,,,,,,,,,,,,,,,,,,,,,,,,,,,,,,,,,,,,,,,,,,,,,,,,,,,,,,,,,,,,,,,,,,,,,,,,,,,,,,,,,,,,,,,,,,,,,,,,,,,,,,,,,,,,,,,,
products_010_cost.jsonocel,C:\Users\User\Documents\odacc\experiment_runs\20260919_111654\deviation_scale_online\symbolic_smt\run_001\products_010_cost.json,0,ONLINE_OK,NOT_RUN,fresh_offline_alignment,0,0,True,1,0,1,0,0.043974499916657805,0.0038612999487668276,,,,,,,,13,3.2048322001937777,0.24652555386105982,1.2535398999461904,0,3.2048322001937777,13,0,0,0,0,0,0,0,0,1,0,0,0,0,0,0,12,11,12,10,0,1,1,11,0,0,0,0,0,0,0,0,0,0,0,0,0,0,0,0,0,0,0,0,0,3,3,0,121,8,12,0,0,0,12,10,1,1,1,1,1,0,3,3,2,2,0,0,1,3,1,3,1,12,0,11,1,0,0,0,0,0,0,0,0,0,0,0,0,0,0,0,0,0,0,0,0,0,0,0,0,0,0,0,0,0,0,0,0,0,0,0,0,0,0,0,0,0,0,0,1,0,0,0,0,0,0,0,0,0,0,0,0,0,0,0,0,0,0,0,0,0,0,0,0,0,0,0,0,0,0,0,0,0,0,0,12,12,0,0,0,0,0,0,0,0,0,0,0,4.646902899956331,deviation_scale_online,symbolic_smt,1,,,,,,,,,,,,,,,,,,,,,,,,,,,,,,,,,,,,,,,,,,,,,,,,,,,,,,,,,,,,,,,,,,,,,,,,,,,,,,,,,,,,,,,,,,,,,,,,,,,,,,,,,,,,,,,,,,,,,,,,,,,,,,,,,,,,,,,,,,,
products_010_early_place_data.jsonocel,C:\Users\User\Documents\odacc\experiment_runs\20260919_111654\deviation_scale_online\symbolic_smt\run_001\products_010_early_place_data.json,0,ONLINE_OK,NOT_RUN,fresh_offline_alignment,0,0,True,1,0,1,0,0.06999129999894649,0.006629899959079921,,,,,,,,13,16.09484550007619,1.2380650384673992,11.994572199997492,0,16.09484550007619,13,0,0,0,0,0,0,0,0,1,0,0,0,0,0,0,12,12,187,10,0,1,1,11,0,0,0,0,0,0,0,0,0,0,0,0,0,0,0,0,0,0,0,0,0,3,3,0,169,7,12,0,0,0,187,10,2,1,1,1,1,0,178,178,2,2,0,0,1,13,0,3,1,12,0,0,1,0,0,0,0,0,0,0,0,0,0,0,0,0,0,0,0,0,0,0,0,0,0,0,0,0,0,0,0,0,0,0,0,0,0,0,0,0,0,0,0,0,0,0,1,0,0,0,0,0,0,0,0,0,0,0,0,0,0,0,0,0,0,0,175,175,0,0,0,0,0,0,0,0,0,0,0,0,0,0,12,12,0,0,0,0,0,0,0,0,0,0,0,16.636556699988432,deviation_scale_online,symbolic_smt,1,,,,,,,,,,,,,,,,,,,,,,,,,,,,,,,,,,,,,,,,,,,,,,,,,,,,,,,,,,,,,,,,,,,,,,,,,,,,,,,,,,,,,,,,,,,,,,,,,,,,,,,,,,,,,,,,,,,,,,,,,,,,,,,,,,,,,,,,,,,
products_010_fit.jsonocel,C:\Users\User\Documents\odacc\experiment_runs\20260919_111654\deviation_scale_online\symbolic_smt\run_001\products_010_fit.json,0,ONLINE_OK,NOT_RUN,fresh_offline_alignment,0,0,True,0,0,0,0,0.04089479998219758,0.003563000005669892,,,,,,,,13,2.8466283002635464,0.2189714077125805,0.9914038000861183,0,2.8466283002635464,13,0,0,0,0,0,0,0,0,1,0,0,0,0,0,0,12,12,12,10,0,1,1,11,0,0,0,0,0,0,0,0,0,0,0,0,0,0,0,0,0,0,0,0,0,3,3,0,117,5,12,0,0,0,12,10,2,1,1,1,1,0,3,3,2,2,0,0,0,0,0,3,0,13,0,13,1,0,0,0,0,0,0,0,0,0,0,0,0,0,0,0,0,0,0,0,0,0,0,0,0,0,0,0,0,0,0,0,0,0,0,0,0,0,0,0,0,0,0,0,1,0,0,0,0,0,0,0,0,0,0,0,0,0,0,0,0,0,0,0,0,0,0,0,0,0,0,0,0,0,0,0,0,0,0,0,12,12,0,0,0,0,0,0,0,0,0,0,0,3.391873099957593,deviation_scale_online,symbolic_smt,1,,,,,,,,,,,,,,,,,,,,,,,,,,,,,,,,,,,,,,,,,,,,,,,,,,,,,,,,,,,,,,,,,,,,,,,,,,,,,,,,,,,,,,,,,,,,,,,,,,,,,,,,,,,,,,,,,,,,,,,,,,,,,,,,,,,,,,,,,,,
products_010_late_ship_data.jsonocel,C:\Users\User\Documents\odacc\experiment_runs\20260919_111654\deviation_scale_online\symbolic_smt\run_001\products_010_late_ship_data.json,0,ONLINE_OK,NOT_RUN,fresh_offline_alignment,0,0,True,1,0,1,0,0.048075599945150316,0.010468499967828393,,,,,,,,13,2.891349700046703,0.22241151538820794,1.0184587000403553,0,2.891349700046703,13,0,0,0,0,0,0,0,0,1,0,0,0,0,0,0,12,11,12,10,0,1,1,11,0,0,0,0,0,0,0,0,0,0,0,0,0,0,0,0,0,0,0,0,0,3,3,0,122,12,12,0,0,0,12,10,1,1,1,1,1,0,3,3,2,2,0,0,1,2,1,3,1,12,0,12,1,0,0,0,0,0,0,0,0,0,0,0,0,0,0,0,0,0,0,0,0,0,0,0,0,0,0,0,0,0,0,0,0,0,0,0,0,0,0,0,0,0,0,0,1,0,0,0,0,0,0,0,0,0,0,0,0,0,0,0,0,0,0,0,0,0,0,0,0,0,0,0,0,0,0,0,0,0,0,0,12,12,0,0,0,0,0,0,0,0,0,0,0,3.390944999991916,deviation_scale_online,symbolic_smt,1,,,,,,,,,,,,,,,,,,,,,,,,,,,,,,,,,,,,,,,,,,,,,,,,,,,,,,,,,,,,,,,,,,,,,,,,,,,,,,,,,,,,,,,,,,,,,,,,,,,,,,,,,,,,,,,,,,,,,,,,,,,,,,,,,,,,,,,,,,,
products_010_priority.jsonocel,C:\Users\User\Documents\odacc\experiment_runs\20260919_111654\deviation_scale_online\symbolic_smt\run_001\products_010_priority.json,0,ONLINE_OK,NOT_RUN,fresh_offline_alignment,0,0,True,1,0,1,0,0.046869799960404634,0.009215099969878793,,,,,,,,13,2.8831225003814325,0.2217786538754948,1.0141835000831634,0,2.8831225003814325,13,0,0,0,0,0,0,0,0,1,0,0,0,0,0,0,12,11,12,10,0,1,1,11,0,0,0,0,0,0,0,0,0,0,0,0,0,0,0,0,0,0,0,0,0,3,3,0,119,11,12,0,0,0,12,10,1,1,1,1,1,0,3,3,2,2,0,0,1,2,1,3,1,12,0,12,1,0,0,0,0,0,0,0,0,0,0,0,0,0,0,0,0,0,0,0,0,0,0,0,0,0,0,0,0,0,0,0,0,0,0,0,0,0,0,0,0,0,0,0,1,0,0,0,0,0,0,0,0,0,0,0,0,0,0,0,0,0,0,0,0,0,0,0,0,0,0,0,0,0,0,0,0,0,0,0,12,12,0,0,0,0,0,0,0,0,0,0,0,3.393475200049579,deviation_scale_online,symbolic_smt,1,,,,,,,,,,,,,,,,,,,,,,,,,,,,,,,,,,,,,,,,,,,,,,,,,,,,,,,,,,,,,,,,,,,,,,,,,,,,,,,,,,,,,,,,,,,,,,,,,,,,,,,,,,,,,,,,,,,,,,,,,,,,,,,,,,,,,,,,,,,
products_010_vip.jsonocel,C:\Users\User\Documents\odacc\experiment_runs\20260919_111654\deviation_scale_online\symbolic_smt\run_001\products_010_vip.json,0,ONLINE_OK,NOT_RUN,fresh_offline_alignment,0,0,True,1,0,1,0,0.06815350009128451,0.005433900048956275,,,,,,,,13,16.97694779979065,1.3059190615223577,12.072119100019336,0,16.97694779979065,13,0,0,0,0,0,0,0,0,1,0,0,0,0,0,0,12,12,187,10,0,1,1,11,0,0,0,0,0,0,0,0,0,0,0,0,0,0,0,0,0,0,0,0,0,3,3,0,210,9,12,0,0,0,187,10,2,1,1,1,1,0,178,178,2,2,0,0,1,13,0,3,1,12,0,0,1,0,0,0,0,0,0,0,0,0,0,0,0,0,0,0,0,0,0,0,0,0,0,0,0,0,0,0,0,0,0,0,0,0,0,0,0,0,0,0,0,0,0,0,1,0,0,0,0,0,0,0,0,0,0,0,0,0,0,0,0,0,0,0,175,175,0,0,0,0,0,0,0,0,0,0,0,0,0,0,12,12,0,0,0,0,0,0,0,0,0,0,0,17.53061399993021,deviation_scale_online,symbolic_smt,1,,,,,,,,,,,,,,,,,,,,,,,,,,,,,,,,,,,,,,,,,,,,,,,,,,,,,,,,,,,,,,,,,,,,,,,,,,,,,,,,,,,,,,,,,,,,,,,,,,,,,,,,,,,,,,,,,,,,,,,,,,,,,,,,,,,,,,,,,,,
products_020_budget.jsonocel,C:\Users\User\Documents\odacc\experiment_runs\20260919_111654\deviation_scale_extended_online\symbolic_smt\run_001\products_020_budget.json,0,ONLINE_OK,NOT_RUN,fresh_offline_alignment,0,0,True,1,0,1,0,0.07767280004918575,0.011686300043947995,,,,,,,,23,6.712326099979691,0.2918402652165083,2.7479751999489963,0,6.712326099979691,23,0,0,0,0,0,0,0,0,1,0,0,0,0,0,0,22,21,22,20,0,1,1,21,0,0,0,0,0,0,0,0,0,0,0,0,0,0,0,0,0,0,0,0,0,3,3,0,149,18,22,0,0,0,22,20,1,1,1,1,1,0,3,3,2,2,0,0,1,3,1,3,1,22,0,21,1,0,0,0,0,0,0,0,0,0,0,0,0,0,0,0,0,0,0,0,0,0,0,0,0,0,0,0,0,0,0,0,0,0,0,0,0,0,0,0,0,0,0,0,1,0,0,0,0,0,0,0,0,0,0,0,0,0,0,0,0,0,0,0,0,0,0,0,0,0,0,0,0,0,0,0,0,0,0,0,22,22,0,0,0,0,0,0,0,0,0,0,0,7.4467297999653965,deviation_scale_extended_online,symbolic_smt,1,,,,,,,,,,,,,,,,,,,,,,,,,,,,,,,,,,,,,,,,,,,,,,,,,,,,,,,,,,,,,,,,,,,,,,,,,,,,,,,,,,,,,,,,,,,,,,,,,,,,,,,,,,,,,,,,,,,,,,,,,,,,,,,,,,,,,,,,,,,
products_020_cost.jsonocel,C:\Users\User\Documents\odacc\experiment_runs\20260919_111654\deviation_scale_extended_online\symbolic_smt\run_001\products_020_cost.json,0,ONLINE_OK,NOT_RUN,fresh_offline_alignment,0,0,True,1,0,1,0,0.07837959995958954,0.011799100087955594,,,,,,,,23,7.0080121998908,0.3046961826039478,2.980924200033769,0,7.0080121998908,23,0,0,0,0,0,0,0,0,1,0,0,0,0,0,0,22,21,22,20,0,1,1,21,0,0,0,0,0,0,0,0,0,0,0,0,0,0,0,0,0,0,0,0,0,3,3,0,151,18,22,0,0,0,22,20,1,1,1,1,1,0,3,3,2,2,0,0,1,3,1,3,1,22,0,21,1,0,0,0,0,0,0,0,0,0,0,0,0,0,0,0,0,0,0,0,0,0,0,0,0,0,0,0,0,0,0,0,0,0,0,0,0,0,0,0,0,0,0,0,1,0,0,0,0,0,0,0,0,0,0,0,0,0,0,0,0,0,0,0,0,0,0,0,0,0,0,0,0,0,0,0,0,0,0,0,22,22,0,0,0,0,0,0,0,0,0,0,0,7.845210299943574,deviation_scale_extended_online,symbolic_smt,1,,,,,,,,,,,,,,,,,,,,,,,,,,,,,,,,,,,,,,,,,,,,,,,,,,,,,,,,,,,,,,,,,,,,,,,,,,,,,,,,,,,,,,,,,,,,,,,,,,,,,,,,,,,,,,,,,,,,,,,,,,,,,,,,,,,,,,,,,,,
products_020_early_place_data.jsonocel,C:\Users\User\Documents\odacc\experiment_runs\20260919_111654\deviation_scale_extended_online\symbolic_smt\run_001\products_020_early_place_data.json,124,OBSERVATION_TIMEOUT,NOT_RUN,fresh_offline_alignment,0,0,,,,,,,,,,,,,,,0,0,0.0,0.0,,0,0,0,0,0,0,0,0,0,0,0,0,0,0,0,0,0,0,0,0,0,0,0,0,0,0,0,0,0,0,0,0,0,0,0,0,0,0,0,0,0,0,0,0,0,0,0,0,0,0,0,0,0,0,0,0,0,0,0,0,0,0,0,0,0,0,0,0,0,0,0,0,0,0,0,0,0,0,0,0,0,0,0,0,0,0,0,0,0,0,0,0,0,0,0,0,0,0,0,0,0,0,0,0,0,0,0,0,0,0,0,0,0,0,0,0,0,0,0,0,0,0,0,0,0,0,0,0,0,0,0,0,0,0,0,0,0,0,0,0,0,0,0,0,0,0,0,0,0,0,0,0,0,0,0,0,0,0,0,0,0,0,0,0,0,0,0,0,0,0,60.53378860000521,deviation_scale_extended_online,symbolic_smt,1,True,60.0,60.08151219994761,1,1,1,0,place order,21,1,21,0,True,0,23,0,,0,0,0,0,0,0,0,0,0,0,0,0,0,0,0,0,0,0,0,0,0,0,0,0,0,0,0,0,0,0,0,0,0,0,0,0,0,0,0,0,0,0,0,0,0,0,0,0,0,0,0,0,0,0,0,0,0,0,0,0,0,0,0,0,0,0,0,0,0,0,0,0,0,0,0,0,0,0,0,0,0,0,0,0,0,0,0,0,0,0,0,0,0,0,0,0,0,0,0,0,0,0,0,0,0,0,0,0,0,0,0,0,0,0,0,0,0,0,0,0,0,C:\Users\User\Documents\odacc\experiment_runs\20260919_111654\deviation_scale_extended_online\symbolic_smt\run_001\products_020_early_place_data.error.txt
products_020_fit.jsonocel,C:\Users\User\Documents\odacc\experiment_runs\20260919_111654\deviation_scale_extended_online\symbolic_smt\run_001\products_020_fit.json,0,ONLINE_OK,NOT_RUN,fresh_offline_alignment,0,0,True,0,0,0,0,0.13028289994690567,0.01928879995830357,,,,,,,,23,9.69079860043712,0.42133906958422257,4.6156651000492275,0,9.69079860043712,23,0,0,0,0,0,0,0,0,1,0,0,0,0,0,0,22,22,22,20,0,1,1,21,0,0,0,0,0,0,0,0,0,0,0,0,0,0,0,0,0,0,0,0,0,3,3,0,197,19,22,0,0,0,22,20,2,1,1,1,1,0,3,3,2,2,0,0,0,0,0,3,0,23,0,23,1,0,0,0,0,0,0,0,0,0,0,0,0,0,0,0,0,0,0,0,0,0,0,0,0,0,0,0,0,0,0,0,0,0,0,0,0,0,0,0,0,0,0,0,1,0,0,0,0,0,0,0,0,0,0,0,0,0,0,0,0,0,0,0,0,0,0,0,0,0,0,0,0,0,0,0,0,0,0,0,22,22,0,0,0,0,0,0,0,0,0,0,0,11.514272299944423,deviation_scale_extended_online,symbolic_smt,1,,,,,,,,,,,,,,,,,,,,,,,,,,,,,,,,,,,,,,,,,,,,,,,,,,,,,,,,,,,,,,,,,,,,,,,,,,,,,,,,,,,,,,,,,,,,,,,,,,,,,,,,,,,,,,,,,,,,,,,,,,,,,,,,,,,,,,,,,,,
products_020_late_ship_data.jsonocel,C:\Users\User\Documents\odacc\experiment_runs\20260919_111654\deviation_scale_extended_online\symbolic_smt\run_001\products_020_late_ship_data.json,0,ONLINE_OK,NOT_RUN,fresh_offline_alignment,0,0,True,1,0,1,0,0.1607477000216022,0.05072679999284446,,,,,,,,23,8.516293300199322,0.3702736217477966,4.2441279999911785,0,8.516293300199322,23,0,0,0,0,0,0,0,0,1,0,0,0,0,0,0,22,21,22,20,0,1,1,21,0,0,0,0,0,0,0,0,0,0,0,0,0,0,0,0,0,0,0,0,0,3,3,0,197,51,22,0,0,0,22,20,1,1,1,1,1,0,3,3,2,2,0,0,1,2,1,3,1,22,0,22,1,0,0,0,0,0,0,0,0,0,0,0,0,0,0,0,0,0,0,0,0,0,0,0,0,0,0,0,0,0,0,0,0,0,0,0,0,0,0,0,0,0,0,0,1,0,0,0,0,0,0,0,0,0,0,0,0,0,0,0,0,0,0,0,0,0,0,0,0,0,0,0,0,0,0,0,0,0,0,0,22,22,0,0,0,0,0,0,0,0,0,0,0,9.374708899995312,deviation_scale_extended_online,symbolic_smt,1,,,,,,,,,,,,,,,,,,,,,,,,,,,,,,,,,,,,,,,,,,,,,,,,,,,,,,,,,,,,,,,,,,,,,,,,,,,,,,,,,,,,,,,,,,,,,,,,,,,,,,,,,,,,,,,,,,,,,,,,,,,,,,,,,,,,,,,,,,,
products_020_priority.jsonocel,C:\Users\User\Documents\odacc\experiment_runs\20260919_111654\deviation_scale_extended_online\symbolic_smt\run_001\products_020_priority.json,0,ONLINE_OK,NOT_RUN,fresh_offline_alignment,0,0,True,1,0,1,0,0.11953030002769083,0.025512899970635772,,,,,,,,23,9.10212880000472,0.39574473043498787,4.207663799985312,0,9.10212880000472,23,0,0,0,0,0,0,0,0,1,0,0,0,0,0,0,22,21,22,20,0,1,1,21,0,0,0,0,0,0,0,0,0,0,0,0,0,0,0,0,0,0,0,0,0,3,3,0,186,28,22,0,0,0,22,20,1,1,1,1,1,0,3,3,2,2,0,0,1,2,1,3,1,22,0,22,1,0,0,0,0,0,0,0,0,0,0,0,0,0,0,0,0,0,0,0,0,0,0,0,0,0,0,0,0,0,0,0,0,0,0,0,0,0,0,0,0,0,0,0,1,0,0,0,0,0,0,0,0,0,0,0,0,0,0,0,0,0,0,0,0,0,0,0,0,0,0,0,0,0,0,0,0,0,0,0,22,22,0,0,0,0,0,0,0,0,0,0,0,9.963652499951422,deviation_scale_extended_online,symbolic_smt,1,,,,,,,,,,,,,,,,,,,,,,,,,,,,,,,,,,,,,,,,,,,,,,,,,,,,,,,,,,,,,,,,,,,,,,,,,,,,,,,,,,,,,,,,,,,,,,,,,,,,,,,,,,,,,,,,,,,,,,,,,,,,,,,,,,,,,,,,,,,
products_020_vip.jsonocel,C:\Users\User\Documents\odacc\experiment_runs\20260919_111654\deviation_scale_extended_online\symbolic_smt\run_001\products_020_vip.json,124,OBSERVATION_TIMEOUT,NOT_RUN,fresh_offline_alignment,0,0,,,,,,,,,,,,,,,0,0,0.0,0.0,,0,0,0,0,0,0,0,0,0,0,0,0,0,0,0,0,0,0,0,0,0,0,0,0,0,0,0,0,0,0,0,0,0,0,0,0,0,0,0,0,0,0,0,0,0,0,0,0,0,0,0,0,0,0,0,0,0,0,0,0,0,0,0,0,0,0,0,0,0,0,0,0,0,0,0,0,0,0,0,0,0,0,0,0,0,0,0,0,0,0,0,0,0,0,0,0,0,0,0,0,0,0,0,0,0,0,0,0,0,0,0,0,0,0,0,0,0,0,0,0,0,0,0,0,0,0,0,0,0,0,0,0,0,0,0,0,0,0,0,0,0,0,0,0,0,0,0,0,0,0,0,0,0,0,0,0,0,0,0,0,0,0,0,0,0,0,0,0,0,0,60.50620699999854,deviation_scale_extended_online,symbolic_smt,1,True,60.0,60.037112499936484,1,1,1,0,place order,21,1,21,0,True,0,23,0,,0,0,0,0,0,0,0,0,0,0,0,0,0,0,0,0,0,0,0,0,0,0,0,0,0,0,0,0,0,0,0,0,0,0,0,0,0,0,0,0,0,0,0,0,0,0,0,0,0,0,0,0,0,0,0,0,0,0,0,0,0,0,0,0,0,0,0,0,0,0,0,0,0,0,0,0,0,0,0,0,0,0,0,0,0,0,0,0,0,0,0,0,0,0,0,0,0,0,0,0,0,0,0,0,0,0,0,0,0,0,0,0,0,0,0,0,0,0,0,0,0,C:\Users\User\Documents\odacc\experiment_runs\20260919_111654\deviation_scale_extended_online\symbolic_smt\run_001\products_020_vip.error.txt
products_001_events_004.jsonocel,C:\Users\User\Documents\odacc\experiment_runs\20260919_111654\length_scale_online\symbolic_smt\run_001\products_001_events_004.json,0,ONLINE_OK,NOT_RUN,fresh_offline_alignment,0,0,True,0,0,0,0,0.038089599926024675,0.0013105999678373337,,,,,,,,4,0.8487613999750465,0.21219034999376163,0.33593659999314696,0,0.8487613999750465,4,0,0,0,0,0,0,0,0,1,0,0,0,0,0,0,3,3,3,1,0,1,1,2,0,0,0,0,0,0,0,0,0,0,0,0,0,0,0,0,0,0,0,0,0,3,3,0,126,3,3,0,0,0,3,1,2,1,1,1,1,0,3,3,2,2,0,0,0,0,0,3,0,4,0,4,1,0,0,0,0,0,0,0,0,0,0,0,0,0,0,0,0,0,0,0,0,0,0,0,0,0,0,0,0,0,0,0,0,0,0,0,0,0,0,0,0,0,0,0,1,0,0,0,0,0,0,0,0,0,0,0,0,0,0,0,0,0,0,0,0,0,0,0,0,0,0,0,0,0,0,0,0,0,0,0,3,3,0,0,0,0,0,0,0,0,0,0,0,1.2820252000819892,length_scale_online,symbolic_smt,1,,,,,,,,,,,,,,,,,,,,,,,,,,,,,,,,,,,,,,,,,,,,,,,,,,,,,,,,,,,,,,,,,,,,,,,,,,,,,,,,,,,,,,,,,,,,,,,,,,,,,,,,,,,,,,,,,,,,,,,,,,,,,,,,,,,,,,,,,,,
products_002_events_005.jsonocel,C:\Users\User\Documents\odacc\experiment_runs\20260919_111654\length_scale_online\symbolic_smt\run_001\products_002_events_005.json,0,ONLINE_OK,NOT_RUN,fresh_offline_alignment,0,0,True,0,0,0,0,0.05784609995316714,0.0017287000082433224,,,,,,,,5,1.0525582999689505,0.2105116599937901,0.404098300030455,0,1.0525582999689505,5,0,0,0,0,0,0,0,0,1,0,0,0,0,0,0,4,4,4,2,0,1,1,3,0,0,0,0,0,0,0,0,0,0,0,0,0,0,0,0,0,0,0,0,0,3,3,0,131,3,4,0,0,0,4,2,2,1,1,1,1,0,3,3,2,2,0,0,0,0,0,3,0,5,0,5,1,0,0,0,0,0,0,0,0,0,0,0,0,0,0,0,0,0,0,0,0,0,0,0,0,0,0,0,0,0,0,0,0,0,0,0,0,0,0,0,0,0,0,0,1,0,0,0,0,0,0,0,0,0,0,0,0,0,0,0,0,0,0,0,0,0,0,0,0,0,0,0,0,0,0,0,0,0,0,0,4,4,0,0,0,0,0,0,0,0,0,0,0,1.4795159000204876,length_scale_online,symbolic_smt,1,,,,,,,,,,,,,,,,,,,,,,,,,,,,,,,,,,,,,,,,,,,,,,,,,,,,,,,,,,,,,,,,,,,,,,,,,,,,,,,,,,,,,,,,,,,,,,,,,,,,,,,,,,,,,,,,,,,,,,,,,,,,,,,,,,,,,,,,,,,
products_005_events_008.jsonocel,C:\Users\User\Documents\odacc\experiment_runs\20260919_111654\length_scale_online\symbolic_smt\run_001\products_005_events_008.json,0,ONLINE_OK,NOT_RUN,fresh_offline_alignment,0,0,True,0,0,0,0,0.04068350000306964,0.002525900024920702,,,,,,,,8,1.7848405999829993,0.2231050749978749,0.6431510000256822,0,1.7848405999829993,8,0,0,0,0,0,0,0,0,1,0,0,0,0,0,0,7,7,7,5,0,1,1,6,0,0,0,0,0,0,0,0,0,0,0,0,0,0,0,0,0,0,0,0,0,3,3,0,119,4,7,0,0,0,7,5,2,1,1,1,1,0,3,3,2,2,0,0,0,0,0,3,0,8,0,8,1,0,0,0,0,0,0,0,0,0,0,0,0,0,0,0,0,0,0,0,0,0,0,0,0,0,0,0,0,0,0,0,0,0,0,0,0,0,0,0,0,0,0,0,1,0,0,0,0,0,0,0,0,0,0,0,0,0,0,0,0,0,0,0,0,0,0,0,0,0,0,0,0,0,0,0,0,0,0,0,7,7,0,0,0,0,0,0,0,0,0,0,0,2.1858932999894023,length_scale_online,symbolic_smt,1,,,,,,,,,,,,,,,,,,,,,,,,,,,,,,,,,,,,,,,,,,,,,,,,,,,,,,,,,,,,,,,,,,,,,,,,,,,,,,,,,,,,,,,,,,,,,,,,,,,,,,,,,,,,,,,,,,,,,,,,,,,,,,,,,,,,,,,,,,,
products_010_events_013.jsonocel,C:\Users\User\Documents\odacc\experiment_runs\20260919_111654\length_scale_online\symbolic_smt\run_001\products_010_events_013.json,0,ONLINE_OK,NOT_RUN,fresh_offline_alignment,0,0,True,0,0,0,0,0.04038390005007386,0.0033728000707924366,,,,,,,,13,3.1273347003152594,0.24056420771655843,1.2424154999898747,0,3.1273347003152594,13,0,0,0,0,0,0,0,0,1,0,0,0,0,0,0,12,12,12,10,0,1,1,11,0,0,0,0,0,0,0,0,0,0,0,0,0,0,0,0,0,0,0,0,0,3,3,0,117,6,12,0,0,0,12,10,2,1,1,1,1,0,3,3,2,2,0,0,0,0,0,3,0,13,0,13,1,0,0,0,0,0,0,0,0,0,0,0,0,0,0,0,0,0,0,0,0,0,0,0,0,0,0,0,0,0,0,0,0,0,0,0,0,0,0,0,0,0,0,0,1,0,0,0,0,0,0,0,0,0,0,0,0,0,0,0,0,0,0,0,0,0,0,0,0,0,0,0,0,0,0,0,0,0,0,0,12,12,0,0,0,0,0,0,0,0,0,0,0,3.7106241000583395,length_scale_online,symbolic_smt,1,,,,,,,,,,,,,,,,,,,,,,,,,,,,,,,,,,,,,,,,,,,,,,,,,,,,,,,,,,,,,,,,,,,,,,,,,,,,,,,,,,,,,,,,,,,,,,,,,,,,,,,,,,,,,,,,,,,,,,,,,,,,,,,,,,,,,,,,,,,
products_020_events_023.jsonocel,C:\Users\User\Documents\odacc\experiment_runs\20260919_111654\length_scale_online\symbolic_smt\run_001\products_020_events_023.json,0,ONLINE_OK,NOT_RUN,fresh_offline_alignment,0,0,True,0,0,0,0,0.07755500008352101,0.011239000014029443,,,,,,,,23,6.865646800142713,0.29850638261490053,2.817091300035827,0,6.865646800142713,23,0,0,0,0,0,0,0,0,1,0,0,0,0,0,0,22,22,22,20,0,1,1,21,0,0,0,0,0,0,0,0,0,0,0,0,0,0,0,0,0,0,0,0,0,3,3,0,149,14,22,0,0,0,22,20,2,1,1,1,1,0,3,3,2,2,0,0,0,0,0,3,0,23,0,23,1,0,0,0,0,0,0,0,0,0,0,0,0,0,0,0,0,0,0,0,0,0,0,0,0,0,0,0,0,0,0,0,0,0,0,0,0,0,0,0,0,0,0,0,1,0,0,0,0,0,0,0,0,0,0,0,0,0,0,0,0,0,0,0,0,0,0,0,0,0,0,0,0,0,0,0,0,0,0,0,22,22,0,0,0,0,0,0,0,0,0,0,0,7.628651199978776,length_scale_online,symbolic_smt,1,,,,,,,,,,,,,,,,,,,,,,,,,,,,,,,,,,,,,,,,,,,,,,,,,,,,,,,,,,,,,,,,,,,,,,,,,,,,,,,,,,,,,,,,,,,,,,,,,,,,,,,,,,,,,,,,,,,,,,,,,,,,,,,,,,,,,,,,,,,
products_050_events_053.jsonocel,C:\Users\User\Documents\odacc\experiment_runs\20260919_111654\length_scale_online\symbolic_smt\run_001\products_050_events_053.json,0,ONLINE_OK,NOT_RUN,fresh_offline_alignment,0,0,True,0,0,0,0,0.10905750002712011,0.03093749994877726,,,,,,,,53,24.375327800400555,0.4599118452905765,8.984221499995328,0,24.375327800400555,53,0,0,0,0,0,0,0,0,1,0,0,0,0,0,0,52,52,52,50,0,1,1,51,0,0,0,0,0,0,0,0,0,0,0,0,0,0,0,0,0,0,0,0,0,3,3,0,197,42,52,0,0,0,52,50,2,1,1,1,1,0,3,3,2,2,0,0,0,0,0,3,0,53,0,53,1,0,0,0,0,0,0,0,0,0,0,0,0,0,0,0,0,0,0,0,0,0,0,0,0,0,0,0,0,0,0,0,0,0,0,0,0,0,0,0,0,0,0,0,1,0,0,0,0,0,0,0,0,0,0,0,0,0,0,0,0,0,0,0,0,0,0,0,0,0,0,0,0,0,0,0,0,0,0,0,52,52,0,0,0,0,0,0,0,0,0,0,0,28.178450100007467,length_scale_online,symbolic_smt,1,,,,,,,,,,,,,,,,,,,,,,,,,,,,,,,,,,,,,,,,,,,,,,,,,,,,,,,,,,,,,,,,,,,,,,,,,,,,,,,,,,,,,,,,,,,,,,,,,,,,,,,,,,,,,,,,,,,,,,,,,,,,,,,,,,,,,,,,,,,
products_100_events_103.jsonocel,C:\Users\User\Documents\odacc\experiment_runs\20260919_111654\length_scale_online\symbolic_smt\run_001\products_100_events_103.json,0,ONLINE_OK,NOT_RUN,fresh_offline_alignment,0,0,True,0,0,0,0,0.19794969994109124,0.09424899995792657,,,,,,,,103,61.46432860032655,0.5967410543721025,15.827548300032504,0,61.46432860032655,103,0,0,0,0,0,0,0,0,1,0,0,0,0,0,0,102,102,102,100,0,1,1,101,0,0,0,0,0,0,0,0,0,0,0,0,0,0,0,0,0,0,0,0,0,3,3,0,312,170,102,0,0,0,102,100,2,1,1,1,1,0,3,3,2,2,0,0,0,0,0,3,0,103,0,103,1,0,0,0,0,0,0,0,0,0,0,0,0,0,0,0,0,0,0,0,0,0,0,0,0,0,0,0,0,0,0,0,0,0,0,0,0,0,0,0,0,0,0,0,1,0,0,0,0,0,0,0,0,0,0,0,0,0,0,0,0,0,0,0,0,0,0,0,0,0,0,0,0,0,0,0,0,0,0,0,102,102,0,0,0,0,0,0,0,0,0,0,0,87.6977985999547,length_scale_online,symbolic_smt,1,,,,,,,,,,,,,,,,,,,,,,,,,,,,,,,,,,,,,,,,,,,,,,,,,,,,,,,,,,,,,,,,,,,,,,,,,,,,,,,,,,,,,,,,,,,,,,,,,,,,,,,,,,,,,,,,,,,,,,,,,,,,,,,,,,,,,,,,,,,
merge_c02_p01.jsonocel,C:\Users\User\Documents\odacc\experiment_runs\20260919_111654\merge_scale_online\symbolic_smt\run_001\merge_c02_p01.json,0,ONLINE_OK,NOT_RUN,fresh_offline_alignment,0,0,True,4,4,0,0,0.0,0.0,,,,,,,,9,1.634178299922496,0.18157536665805513,0.3430376999313012,0,1.634178299922496,9,0,0,0,0,0,0,0,0,3,0,0,0,0,1,1,6,6,6,2,0,2,2,4,1,0,0,0,0,0,0,0,0,0,0,0,0,0,0,0,0,0,0,0,0,6,6,0,217,6,6,0,0,0,6,2,4,2,2,2,2,0,6,6,4,4,0,0,0,1,0,6,0,8,0,8,3,1,1,1,1,1,0,0,0,0,0,0,0,0,1,0,1,0,0,0,0,0,0,0,0,0,0,0,0,0,0,0,0,0,0,0,0,0,0,0,0,0,0,0,2,0,0,0,0,0,0,0,0,0,0,0,0,0,0,0,0,0,0,0,0,0,0,0,0,0,0,0,0,0,0,0,0,0,0,0,6,6,0,0,1,0,0,0,0,0,0,0,0,2.0929060999769717,merge_scale_online,symbolic_smt,1,,,,,,,,,,,,,,,,,,,,,,,,,,,,,,,,,,,,,,,,,,,,,,,,,,,,,,,,,,,,,,,,,,,,,,,,,,,,,,,,,,,,,,,,,,,,,,,,,,,,,,,,,,,,,,,,,,,,,,,,,,,,,,,,,,,,,,,,,,,
merge_c02_p02.jsonocel,C:\Users\User\Documents\odacc\experiment_runs\20260919_111654\merge_scale_online\symbolic_smt\run_001\merge_c02_p02.json,0,ONLINE_OK,NOT_RUN,fresh_offline_alignment,0,0,True,4,4,0,0,0.0,0.0,,,,,,,,11,2.045094999833964,0.1859177272576331,0.39455179998185486,0,2.045094999833964,11,0,0,0,0,0,0,0,0,3,0,0,0,0,1,1,8,8,8,4,0,2,2,6,1,0,0,0,0,0,0,0,0,0,0,0,0,0,0,0,0,0,0,0,0,6,6,0,216,6,8,0,0,0,8,4,4,2,2,2,2,0,6,6,4,4,0,0,0,1,0,6,0,10,0,10,3,1,1,1,1,1,0,0,0,0,0,0,0,0,1,0,1,0,0,0,0,0,0,0,0,0,0,0,0,0,0,0,0,0,0,0,0,0,0,0,0,0,0,0,2,0,0,0,0,0,0,0,0,0,0,0,0,0,0,0,0,0,0,0,0,0,0,0,0,0,0,0,0,0,0,0,0,0,0,0,8,8,0,0,1,0,0,0,0,0,0,0,0,2.494830199982971,merge_scale_online,symbolic_smt,1,,,,,,,,,,,,,,,,,,,,,,,,,,,,,,,,,,,,,,,,,,,,,,,,,,,,,,,,,,,,,,,,,,,,,,,,,,,,,,,,,,,,,,,,,,,,,,,,,,,,,,,,,,,,,,,,,,,,,,,,,,,,,,,,,,,,,,,,,,,
merge_c03_p01.jsonocel,C:\Users\User\Documents\odacc\experiment_runs\20260919_111654\merge_scale_online\symbolic_smt\run_001\merge_c03_p01.json,0,ONLINE_OK,NOT_RUN,fresh_offline_alignment,0,0,True,6,6,0,0,0.0,0.0,,,,,,,,13,2.3763242004206404,0.1827941692631262,0.32483449997380376,0,2.3763242004206404,13,0,0,0,0,0,0,0,0,4,0,0,0,0,1,1,9,9,9,3,0,3,3,6,1,0,0,0,0,0,0,0,0,0,0,0,0,0,0,0,0,0,0,0,0,9,9,0,330,8,9,0,0,0,9,3,6,3,3,3,3,0,9,9,6,6,0,0,0,1,0,9,0,12,0,12,4,1,1,1,1,1,0,0,0,0,0,0,0,0,1,0,1,0,0,0,0,0,0,0,0,0,0,0,0,0,0,0,0,0,0,0,0,0,0,0,0,0,0,0,3,0,0,0,0,0,0,0,0,0,0,0,0,0,0,0,0,0,0,0,0,0,0,0,0,0,0,0,0,0,0,0,0,0,0,0,9,9,0,0,1,0,0,0,0,0,0,0,0,2.8988555000396445,merge_scale_online,symbolic_smt,1,,,,,,,,,,,,,,,,,,,,,,,,,,,,,,,,,,,,,,,,,,,,,,,,,,,,,,,,,,,,,,,,,,,,,,,,,,,,,,,,,,,,,,,,,,,,,,,,,,,,,,,,,,,,,,,,,,,,,,,,,,,,,,,,,,,,,,,,,,,
merge_c02_p05.jsonocel,C:\Users\User\Documents\odacc\experiment_runs\20260919_111654\merge_scale_extended_online\symbolic_smt\run_001\merge_c02_p05.json,0,ONLINE_OK,NOT_RUN,fresh_offline_alignment,0,0,True,4,4,0,0,0.0,0.0,,,,,,,,17,3.718708800151944,0.21874757647952614,1.007522500003688,0,3.718708800151944,17,0,0,0,0,0,0,0,0,3,0,0,0,0,1,1,14,14,14,10,0,2,2,12,1,0,0,0,0,0,0,0,0,0,0,0,0,0,0,0,0,0,0,0,0,6,6,0,275,8,14,0,0,0,14,10,4,2,2,2,2,0,6,6,4,4,0,0,0,1,0,6,0,16,0,16,3,1,1,1,1,1,0,0,0,0,0,0,0,0,1,0,1,0,0,0,0,0,0,0,0,0,0,0,0,0,0,0,0,0,0,0,0,0,0,0,0,0,0,0,2,0,0,0,0,0,0,0,0,0,0,0,0,0,0,0,0,0,0,0,0,0,0,0,0,0,0,0,0,0,0,0,0,0,0,0,14,14,0,0,1,0,0,0,0,0,0,0,0,4.196549299987964,merge_scale_extended_online,symbolic_smt,1,,,,,,,,,,,,,,,,,,,,,,,,,,,,,,,,,,,,,,,,,,,,,,,,,,,,,,,,,,,,,,,,,,,,,,,,,,,,,,,,,,,,,,,,,,,,,,,,,,,,,,,,,,,,,,,,,,,,,,,,,,,,,,,,,,,,,,,,,,,
merge_c03_p02.jsonocel,C:\Users\User\Documents\odacc\experiment_runs\20260919_111654\merge_scale_extended_online\symbolic_smt\run_001\merge_c03_p02.json,0,ONLINE_OK,NOT_RUN,fresh_offline_alignment,0,0,True,6,6,0,0,0.0,0.0,,,,,,,,16,3.610550799756311,0.22565942498476943,0.9250307000475004,0,3.610550799756311,16,0,0,0,0,0,0,0,0,4,0,0,0,0,1,1,12,12,12,6,0,3,3,9,1,0,0,0,0,0,0,0,0,0,0,0,0,0,0,0,0,0,0,0,0,9,9,0,357,11,12,0,0,0,12,6,6,3,3,3,3,0,9,9,6,6,0,0,0,1,0,9,0,15,0,15,4,1,1,1,1,1,0,0,0,0,0,0,0,0,1,0,1,0,0,0,0,0,0,0,0,0,0,0,0,0,0,0,0,0,0,0,0,0,0,0,0,0,0,0,3,0,0,0,0,0,0,0,0,0,0,0,0,0,0,0,0,0,0,0,0,0,0,0,0,0,0,0,0,0,0,0,0,0,0,0,12,12,0,0,1,0,0,0,0,0,0,0,0,4.093198399990797,merge_scale_extended_online,symbolic_smt,1,,,,,,,,,,,,,,,,,,,,,,,,,,,,,,,,,,,,,,,,,,,,,,,,,,,,,,,,,,,,,,,,,,,,,,,,,,,,,,,,,,,,,,,,,,,,,,,,,,,,,,,,,,,,,,,,,,,,,,,,,,,,,,,,,,,,,,,,,,,
merge_c03_p05.jsonocel,C:\Users\User\Documents\odacc\experiment_runs\20260919_111654\merge_scale_extended_online\symbolic_smt\run_001\merge_c03_p05.json,0,ONLINE_OK,NOT_RUN,fresh_offline_alignment,0,0,True,6,6,0,0,0.0,0.0,,,,,,,,25,8.4121979996562,0.336487919986248,1.5402961999643594,0,8.4121979996562,25,0,0,0,0,0,0,0,0,4,0,0,0,0,1,1,21,21,21,15,0,3,3,18,1,0,0,0,0,0,0,0,0,0,0,0,0,0,0,0,0,0,0,0,0,9,9,0,528,14,21,0,0,0,21,15,6,3,3,3,3,0,9,9,6,6,0,0,0,1,0,9,0,24,0,24,4,1,1,1,1,1,0,0,0,0,0,0,0,0,1,0,1,0,0,0,0,0,0,0,0,0,0,0,0,0,0,0,0,0,0,0,0,0,0,0,0,0,0,0,3,0,0,0,0,0,0,0,0,0,0,0,0,0,0,0,0,0,0,0,0,0,0,0,0,0,0,0,0,0,0,0,0,0,0,0,21,21,0,0,1,0,0,0,0,0,0,0,0,9.013003500062041,merge_scale_extended_online,symbolic_smt,1,,,,,,,,,,,,,,,,,,,,,,,,,,,,,,,,,,,,,,,,,,,,,,,,,,,,,,,,,,,,,,,,,,,,,,,,,,,,,,,,,,,,,,,,,,,,,,,,,,,,,,,,,,,,,,,,,,,,,,,,,,,,,,,,,,,,,,,,,,,
merge_c05_p01.jsonocel,C:\Users\User\Documents\odacc\experiment_runs\20260919_111654\merge_scale_extended_online\symbolic_smt\run_001\merge_c05_p01.json,0,ONLINE_OK,NOT_RUN,fresh_offline_alignment,0,0,True,10,10,0,0,0.0,0.0,,,,,,,,21,5.460915500298142,0.2600435952522925,0.8636938000563532,0,5.460915500298142,21,0,0,0,0,0,0,0,0,6,0,0,0,0,1,1,15,15,15,5,0,5,5,10,1,0,0,0,0,0,0,0,0,0,0,0,0,0,0,0,0,0,0,0,0,15,15,0,719,19,15,0,0,0,15,5,10,5,5,5,5,0,15,15,10,10,0,0,0,1,0,15,0,20,0,20,6,1,1,1,1,1,0,0,0,0,0,0,0,0,1,0,1,0,0,0,0,0,0,0,0,0,0,0,0,0,0,0,0,0,0,0,0,0,0,0,0,0,0,0,5,0,0,0,0,0,0,0,0,0,0,0,0,0,0,0,0,0,0,0,0,0,0,0,0,0,0,0,0,0,0,0,0,0,0,0,15,15,0,0,1,0,0,0,0,0,0,0,0,5.992851500050165,merge_scale_extended_online,symbolic_smt,1,,,,,,,,,,,,,,,,,,,,,,,,,,,,,,,,,,,,,,,,,,,,,,,,,,,,,,,,,,,,,,,,,,,,,,,,,,,,,,,,,,,,,,,,,,,,,,,,,,,,,,,,,,,,,,,,,,,,,,,,,,,,,,,,,,,,,,,,,,,
merge_c05_p02.jsonocel,C:\Users\User\Documents\odacc\experiment_runs\20260919_111654\merge_scale_extended_online\symbolic_smt\run_001\merge_c05_p02.json,0,ONLINE_OK,NOT_RUN,fresh_offline_alignment,0,0,True,10,10,0,0,0.0,0.0,,,,,,,,26,6.617782200104557,0.254530084619406,0.6597237000241876,0,6.617782200104557,26,0,0,0,0,0,0,0,0,6,0,0,0,0,1,1,20,20,20,10,0,5,5,15,1,0,0,0,0,0,0,0,0,0,0,0,0,0,0,0,0,0,0,0,0,15,15,0,730,19,20,0,0,0,20,10,10,5,5,5,5,0,15,15,10,10,0,0,0,1,0,15,0,25,0,25,6,1,1,1,1,1,0,0,0,0,0,0,0,0,1,0,1,0,0,0,0,0,0,0,0,0,0,0,0,0,0,0,0,0,0,0,0,0,0,0,0,0,0,0,5,0,0,0,0,0,0,0,0,0,0,0,0,0,0,0,0,0,0,0,0,0,0,0,0,0,0,0,0,0,0,0,0,0,0,0,20,20,0,0,1,0,0,0,0,0,0,0,0,7.202183199930005,merge_scale_extended_online,symbolic_smt,1,,,,,,,,,,,,,,,,,,,,,,,,,,,,,,,,,,,,,,,,,,,,,,,,,,,,,,,,,,,,,,,,,,,,,,,,,,,,,,,,,,,,,,,,,,,,,,,,,,,,,,,,,,,,,,,,,,,,,,,,,,,,,,,,,,,,,,,,,,,
merge_c05_p05.jsonocel,C:\Users\User\Documents\odacc\experiment_runs\20260919_111654\merge_scale_extended_online\symbolic_smt\run_001\merge_c05_p05.json,0,ONLINE_OK,NOT_RUN,fresh_offline_alignment,0,0,True,10,10,0,0,0.0,0.0,,,,,,,,41,15.015111499931663,0.3662222317056503,1.577437900006771,0,15.015111499931663,41,0,0,0,0,0,0,0,0,6,0,0,0,0,1,1,35,35,35,25,0,5,5,30,1,0,0,0,0,0,0,0,0,0,0,0,0,0,0,0,0,0,0,0,0,15,15,0,926,32,35,0,0,0,35,25,10,5,5,5,5,0,15,15,10,10,0,0,0,1,0,15,0,40,0,40,6,1,1,1,1,1,0,0,0,0,0,0,0,0,1,0,1,0,0,0,0,0,0,0,0,0,0,0,0,0,0,0,0,0,0,0,0,0,0,0,0,0,0,0,5,0,0,0,0,0,0,0,0,0,0,0,0,0,0,0,0,0,0,0,0,0,0,0,0,0,0,0,0,0,0,0,0,0,0,0,35,35,0,0,1,0,0,0,0,0,0,0,0,15.9478615000844,merge_scale_extended_online,symbolic_smt,1,,,,,,,,,,,,,,,,,,,,,,,,,,,,,,,,,,,,,,,,,,,,,,,,,,,,,,,,,,,,,,,,,,,,,,,,,,,,,,,,,,,,,,,,,,,,,,,,,,,,,,,,,,,,,,,,,,,,,,,,,,,,,,,,,,,,,,,,,,,
fit_20_products.jsonocel,C:\Users\User\Documents\odacc\experiment_runs\20260919_111654\guard_complexity_simple_online\symbolic_smt\run_001\fit_20_products.json,0,ONLINE_OK,NOT_RUN,fresh_offline_alignment,0,0,True,0,0,0,0,0.0,0.0,,,,,,,,23,2.1214643000857905,0.09223757826459958,1.0013783999020234,0,2.1214643000857905,23,0,0,0,0,0,0,0,0,1,0,0,0,0,0,0,22,22,22,21,0,1,1,21,0,0,0,0,0,0,0,0,0,0,0,0,0,0,0,0,0,0,0,0,0,2,2,0,53,5,22,0,0,0,22,21,1,1,1,1,1,0,2,2,1,1,0,0,0,0,0,3,0,23,0,23,1,0,0,0,0,0,0,0,0,0,0,0,0,0,0,0,0,0,0,0,0,0,0,0,0,0,0,0,0,0,0,0,0,0,0,0,0,0,0,0,0,0,0,0,1,0,0,0,0,0,0,0,0,0,0,0,0,0,0,0,0,0,0,0,0,0,0,0,0,0,0,0,0,0,0,0,0,0,0,0,22,22,0,0,0,0,0,0,0,0,0,0,0,2.7183577000396326,guard_complexity_simple_online,symbolic_smt,1,,,,,,,,,,,,,,,,,,,,,,,,,,,,,,,,,,,,,,,,,,,,,,,,,,,,,,,,,,,,,,,,,,,,,,,,,,,,,,,,,,,,,,,,,,,,,,,,,,,,,,,,,,,,,,,,,,,,,,,,,,,,,,,,,,,,,,,,,,,
violate_budget_20_products.jsonocel,C:\Users\User\Documents\odacc\experiment_runs\20260919_111654\guard_complexity_simple_online\symbolic_smt\run_001\violate_budget_20_products.json,0,ONLINE_OK,NOT_RUN,fresh_offline_alignment,0,0,True,1,0,1,0,0.0,0.0,,,,,,,,23,2.174824699992314,0.09455759565183974,1.038080699974671,0,2.174824699992314,23,0,0,0,0,0,0,0,0,1,0,0,0,0,0,0,22,21,22,21,0,1,1,21,0,0,0,0,0,0,0,0,0,0,0,0,0,0,0,0,0,0,0,0,0,2,2,0,52,10,22,0,0,0,22,21,0,1,1,1,1,0,2,2,1,1,0,0,1,3,1,3,1,22,0,21,1,0,0,0,0,0,0,0,0,0,0,0,0,0,0,0,0,0,0,0,0,0,0,0,0,0,0,0,0,0,0,0,0,0,0,0,0,0,0,0,0,0,0,0,1,0,0,0,0,0,0,0,0,0,0,0,0,0,0,0,0,0,0,0,0,0,0,0,0,0,0,0,0,0,0,0,0,0,0,0,22,22,0,0,0,0,0,0,0,0,0,0,0,3.755667000077665,guard_complexity_simple_online,symbolic_smt,1,,,,,,,,,,,,,,,,,,,,,,,,,,,,,,,,,,,,,,,,,,,,,,,,,,,,,,,,,,,,,,,,,,,,,,,,,,,,,,,,,,,,,,,,,,,,,,,,,,,,,,,,,,,,,,,,,,,,,,,,,,,,,,,,,,,,,,,,,,,
fit_20_products.jsonocel,C:\Users\User\Documents\odacc\experiment_runs\20260919_111654\guard_complexity_medium_online\symbolic_smt\run_001\fit_20_products.json,0,ONLINE_OK,NOT_RUN,fresh_offline_alignment,0,0,True,0,0,0,0,0.0788025000365451,0.011132500017993152,,,,,,,,23,6.511104900040664,0.2830915173930723,2.75065090006683,0,6.511104900040664,23,0,0,0,0,0,0,0,0,1,0,0,0,0,0,0,22,22,22,20,0,1,1,21,0,0,0,0,0,0,0,0,0,0,0,0,0,0,0,0,0,0,0,0,0,3,3,0,147,14,22,0,0,0,22,20,2,1,1,1,1,0,3,3,2,2,0,0,0,0,0,3,0,23,0,23,1,0,0,0,0,0,0,0,0,0,0,0,0,0,0,0,0,0,0,0,0,0,0,0,0,0,0,0,0,0,0,0,0,0,0,0,0,0,0,0,0,0,0,0,1,0,0,0,0,0,0,0,0,0,0,0,0,0,0,0,0,0,0,0,0,0,0,0,0,0,0,0,0,0,0,0,0,0,0,0,22,22,0,0,0,0,0,0,0,0,0,0,0,7.213718599989079,guard_complexity_medium_online,symbolic_smt,1,,,,,,,,,,,,,,,,,,,,,,,,,,,,,,,,,,,,,,,,,,,,,,,,,,,,,,,,,,,,,,,,,,,,,,,,,,,,,,,,,,,,,,,,,,,,,,,,,,,,,,,,,,,,,,,,,,,,,,,,,,,,,,,,,,,,,,,,,,,
violate_budget_20_products.jsonocel,C:\Users\User\Documents\odacc\experiment_runs\20260919_111654\guard_complexity_medium_online\symbolic_smt\run_001\violate_budget_20_products.json,0,ONLINE_OK,NOT_RUN,fresh_offline_alignment,0,0,True,1,0,1,0,0.07931820000521839,0.011823600041680038,,,,,,,,23,7.1900658999802545,0.31261156086870673,3.378716900013387,0,7.1900658999802545,23,0,0,0,0,0,0,0,0,1,0,0,0,0,0,0,22,21,22,20,0,1,1,21,0,0,0,0,0,0,0,0,0,0,0,0,0,0,0,0,0,0,0,0,0,3,3,0,146,18,22,0,0,0,22,20,1,1,1,1,1,0,3,3,2,2,0,0,1,3,1,3,1,22,0,21,1,0,0,0,0,0,0,0,0,0,0,0,0,0,0,0,0,0,0,0,0,0,0,0,0,0,0,0,0,0,0,0,0,0,0,0,0,0,0,0,0,0,0,0,1,0,0,0,0,0,0,0,0,0,0,0,0,0,0,0,0,0,0,0,0,0,0,0,0,0,0,0,0,0,0,0,0,0,0,0,22,22,0,0,0,0,0,0,0,0,0,0,0,8.032480400055647,guard_complexity_medium_online,symbolic_smt,1,,,,,,,,,,,,,,,,,,,,,,,,,,,,,,,,,,,,,,,,,,,,,,,,,,,,,,,,,,,,,,,,,,,,,,,,,,,,,,,,,,,,,,,,,,,,,,,,,,,,,,,,,,,,,,,,,,,,,,,,,,,,,,,,,,,,,,,,,,,
fit_20_products.jsonocel,C:\Users\User\Documents\odacc\experiment_runs\20260919_111654\guard_complexity_complex_online\symbolic_smt\run_001\fit_20_products.json,0,ONLINE_OK,NOT_RUN,fresh_offline_alignment,0,0,True,0,0,0,0,0.17421680002007633,0.016934999963268638,,,,,,,,23,16.203115800046362,0.7044832956541897,7.564358999952674,0,16.203115800046362,23,0,0,0,0,0,0,0,0,1,0,0,0,0,0,0,22,22,22,20,0,1,1,21,0,0,0,0,0,0,0,0,0,0,0,0,0,0,0,0,0,0,0,0,0,3,3,0,381,26,22,0,0,0,22,20,2,1,1,1,1,0,4,4,2,2,0,0,0,0,0,3,0,23,0,23,1,0,0,0,0,0,0,0,0,0,0,0,0,0,0,0,0,0,0,0,0,0,0,0,0,0,0,0,0,0,0,0,0,0,0,0,0,0,0,0,0,0,0,0,1,0,0,0,0,0,0,0,0,0,0,0,0,0,0,0,0,0,0,0,0,0,0,0,0,0,0,0,0,0,0,0,0,0,0,0,22,22,0,0,0,0,0,0,0,0,0,0,0,17.089004599954933,guard_complexity_complex_online,symbolic_smt,1,,,,,,,,,,,,,,,,,,,,,,,,,,,,,,,,,,,,,,,,,,,,,,,,,,,,,,,,,,,,,,,,,,,,,,,,,,,,,,,,,,,,,,,,,,,,,,,,,,,,,,,,,,,,,,,,,,,,,,,,,,,,,,,,,,,,,,,,,,,
violate_budget_20_products.jsonocel,C:\Users\User\Documents\odacc\experiment_runs\20260919_111654\guard_complexity_complex_online\symbolic_smt\run_001\violate_budget_20_products.json,124,OBSERVATION_TIMEOUT,NOT_RUN,fresh_offline_alignment,0,0,,,,,,,,,,,,,,,0,0,0.0,0.0,,0,0,0,0,0,0,0,0,0,0,0,0,0,0,0,0,0,0,0,0,0,0,0,0,0,0,0,0,0,0,0,0,0,0,0,0,0,0,0,0,0,0,0,0,0,0,0,0,0,0,0,0,0,0,0,0,0,0,0,0,0,0,0,0,0,0,0,0,0,0,0,0,0,0,0,0,0,0,0,0,0,0,0,0,0,0,0,0,0,0,0,0,0,0,0,0,0,0,0,0,0,0,0,0,0,0,0,0,0,0,0,0,0,0,0,0,0,0,0,0,0,0,0,0,0,0,0,0,0,0,0,0,0,0,0,0,0,0,0,0,0,0,0,0,0,0,0,0,0,0,0,0,0,0,0,0,0,0,0,0,0,0,0,0,0,0,0,0,0,0,60.460880400030874,guard_complexity_complex_online,symbolic_smt,1,True,60.0,60.015103599987924,1,1,1,0,place order,21,1,21,0,True,0,23,0,,0,0,0,0,0,0,0,0,0,0,0,0,0,0,0,0,0,0,0,0,0,0,0,0,0,0,0,0,0,0,0,0,0,0,0,0,0,0,0,0,0,0,0,0,0,0,0,0,0,0,0,0,0,0,0,0,0,0,0,0,0,0,0,0,0,0,0,0,0,0,0,0,0,0,0,0,0,0,0,0,0,0,0,0,0,0,0,0,0,0,0,0,0,0,0,0,0,0,0,0,0,0,0,0,0,0,0,0,0,0,0,0,0,0,0,0,0,0,0,0,0,C:\Users\User\Documents\odacc\experiment_runs\20260919_111654\guard_complexity_complex_online\symbolic_smt\run_001\violate_budget_20_products.error.txt
component_001_events_0030_objects_0020.jsonocel,C:\Users\User\Documents\odacc\experiment_runs\20260919_111654\components_online\symbolic_smt\run_001\component_001_events_0030_objects_0020.json,0,ONLINE_OK,NOT_RUN,fresh_offline_alignment,0,0,True,0,0,0,0,0.0,0.0,,,,,,,,30,0.9710119999945164,0.03236706666648388,0.1208316000411287,0,0.9710119999945164,30,0,0,0,0,0,0,0,0,5,0,0,0,0,1,1,26,26,26,26,0,4,4,19,1,0,0,0,0,0,0,0,0,0,0,0,0,0,0,0,0,0,0,0,0,4,4,0,63,1,26,0,0,0,26,26,0,0,0,0,0,0,10,10,0,0,0,0,0,0,0,4,0,29,0,30,5,1,1,0,0,1,0,0,0,0,0,0,0,0,1,1,0,0,0,1,0,0,0,0,0,0,0,0,0,0,0,0,0,0,0,0,0,0,0,0,0,0,0,0,4,0,0,0,0,0,0,0,0,1,0,0,0,0,0,0,0,0,0,0,0,0,0,0,0,0,0,0,0,0,0,0,0,0,0,0,25,25,0,0,1,0,0,0,0,0,0,0,0,1.4928682000609115,components_online,symbolic_smt,1,,,,,,,,,,,,,,,,,,,,,,,,,,,,,,,,,,,,,,,,,,,,,,,,,,,,,,,,,,,,,,,,,,,,,,,,,,,,,,,,,,,,,,,,,,,,,,,,,,,,,,,,,,,,,,,,,,,,,,,,,,,,,,,,,,,,,,,,,,,
component_002_events_0028_objects_0013.jsonocel,C:\Users\User\Documents\odacc\experiment_runs\20260919_111654\components_online\symbolic_smt\run_001\component_002_events_0028_objects_0013.json,0,ONLINE_OK,NOT_RUN,fresh_offline_alignment,0,0,True,0,0,0,0,0.0,0.0,,,,,,,,28,0.8018463006010279,0.028637367878608138,0.13727269996888936,0,0.8018463006010279,28,0,0,0,0,0,0,0,0,3,0,0,0,0,1,1,26,26,26,26,0,2,2,11,1,0,0,0,0,0,0,0,0,0,0,0,0,0,0,0,0,0,0,0,0,2,2,0,33,1,26,0,0,0,26,26,0,0,0,0,0,0,8,8,0,0,0,0,0,0,0,3,0,27,0,28,3,1,1,0,0,1,0,0,0,0,0,0,0,0,1,1,0,0,0,1,0,0,0,0,0,0,0,0,0,0,0,0,0,0,0,0,0,0,0,0,0,0,0,0,2,0,0,0,0,0,0,0,0,1,0,0,0,0,0,0,0,0,0,0,0,0,0,0,0,0,0,0,0,0,0,0,0,0,0,0,25,24,0,0,2,0,0,0,0,0,0,0,0,1.3851954999845475,components_online,symbolic_smt,1,,,,,,,,,,,,,,,,,,,,,,,,,,,,,,,,,,,,,,,,,,,,,,,,,,,,,,,,,,,,,,,,,,,,,,,,,,,,,,,,,,,,,,,,,,,,,,,,,,,,,,,,,,,,,,,,,,,,,,,,,,,,,,,,,,,,,,,,,,,
component_003_events_0022_objects_0011.jsonocel,C:\Users\User\Documents\odacc\experiment_runs\20260919_111654\components_online\symbolic_smt\run_001\component_003_events_0022_objects_0011.json,0,ONLINE_OK,NOT_RUN,fresh_offline_alignment,0,0,True,0,0,0,0,0.0,0.0,,,,,,,,22,0.6317583996569738,0.028716290893498808,0.16398209996987134,0,0.6317583996569738,22,0,0,0,0,0,0,0,0,1,0,0,0,0,0,0,21,21,21,21,0,1,1,9,0,0,0,0,0,0,0,0,0,0,0,0,0,0,0,0,0,0,0,0,0,1,1,0,19,1,21,0,0,0,21,21,0,0,0,0,0,0,6,6,0,0,0,0,0,0,0,3,0,22,0,22,1,0,0,0,0,0,0,0,0,0,0,0,0,0,0,0,0,0,0,0,0,0,0,0,0,0,0,0,0,0,0,0,0,0,0,0,0,0,0,0,0,0,0,0,1,0,0,0,0,0,0,0,0,0,0,0,0,0,0,0,0,0,0,0,0,0,0,0,0,0,0,0,0,0,0,0,0,0,0,0,21,19,0,0,2,0,0,0,0,0,0,0,0,1.184847000055015,components_online,symbolic_smt,1,,,,,,,,,,,,,,,,,,,,,,,,,,,,,,,,,,,,,,,,,,,,,,,,,,,,,,,,,,,,,,,,,,,,,,,,,,,,,,,,,,,,,,,,,,,,,,,,,,,,,,,,,,,,,,,,,,,,,,,,,,,,,,,,,,,,,,,,,,,
component_004_events_0013_objects_0009.jsonocel,C:\Users\User\Documents\odacc\experiment_runs\20260919_111654\components_online\symbolic_smt\run_001\component_004_events_0013_objects_0009.json,0,ONLINE_OK,NOT_RUN,fresh_offline_alignment,0,0,True,0,0,0,0,0.0,0.0,,,,,,,,13,0.40787040011491627,0.031374646162685864,0.17141069995705038,0,0.40787040011491627,13,0,0,0,0,0,0,0,0,1,0,0,0,0,0,0,12,12,12,12,0,1,1,8,0,0,0,0,0,0,0,0,0,0,0,0,0,0,0,0,0,0,0,0,0,1,1,0,19,1,12,0,0,0,12,12,0,0,0,0,0,0,4,4,0,0,0,0,0,0,0,2,0,13,0,13,1,0,0,0,0,0,0,0,0,0,0,0,0,0,0,0,0,0,0,0,0,0,0,0,0,0,0,0,0,0,0,0,0,0,0,0,0,0,0,0,0,0,0,0,1,0,0,0,0,0,0,0,0,0,0,0,0,0,0,0,0,0,0,0,0,0,0,0,0,0,0,0,0,0,0,0,0,0,0,0,12,11,0,0,1,0,0,0,0,0,0,0,0,0.7772437001112849,components_online,symbolic_smt,1,,,,,,,,,,,,,,,,,,,,,,,,,,,,,,,,,,,,,,,,,,,,,,,,,,,,,,,,,,,,,,,,,,,,,,,,,,,,,,,,,,,,,,,,,,,,,,,,,,,,,,,,,,,,,,,,,,,,,,,,,,,,,,,,,,,,,,,,,,,
component_005_events_0035_objects_0016.jsonocel,C:\Users\User\Documents\odacc\experiment_runs\20260919_111654\components_online\symbolic_smt\run_001\component_005_events_0035_objects_0016.json,0,ONLINE_OK,NOT_RUN,fresh_offline_alignment,0,0,True,0,0,0,0,0.0,0.0,,,,,,,,35,1.078729399596341,0.030820839988466884,0.15171320002991706,0,1.078729399596341,35,0,0,0,0,0,0,0,0,3,0,0,0,0,1,1,33,33,33,33,0,2,2,14,1,0,0,0,0,0,0,0,0,0,0,0,0,0,0,0,0,0,0,0,0,2,2,0,33,1,33,0,0,0,33,33,0,0,0,0,0,0,8,8,0,0,0,0,0,0,0,3,0,34,0,35,3,1,1,0,0,1,0,0,0,0,0,0,0,0,1,1,0,0,0,1,0,0,0,0,0,0,0,0,0,0,0,0,0,0,0,0,0,0,0,0,0,0,0,0,2,0,0,0,0,0,0,0,0,1,0,0,0,0,0,0,0,0,0,0,0,0,0,0,0,0,0,0,0,0,0,0,0,0,0,0,32,31,0,0,2,0,0,0,0,0,0,0,0,2.7631061000283808,components_online,symbolic_smt,1,,,,,,,,,,,,,,,,,,,,,,,,,,,,,,,,,,,,,,,,,,,,,,,,,,,,,,,,,,,,,,,,,,,,,,,,,,,,,,,,,,,,,,,,,,,,,,,,,,,,,,,,,,,,,,,,,,,,,,,,,,,,,,,,,,,,,,,,,,,
component_006_events_0031_objects_0015.jsonocel,C:\Users\User\Documents\odacc\experiment_runs\20260919_111654\components_online\symbolic_smt\run_001\component_006_events_0031_objects_0015.json,0,ONLINE_OK,NOT_RUN,fresh_offline_alignment,0,0,True,0,0,0,0,0.0,0.0,,,,,,,,31,0.9118133001029491,0.029413332261385455,0.10862760001327842,0,0.9118133001029491,31,0,0,0,0,0,0,0,0,5,0,0,0,0,2,2,28,28,28,28,0,3,3,13,2,0,0,0,0,0,0,0,0,0,0,0,0,0,0,0,0,0,0,0,0,3,3,0,48,1,28,0,0,0,28,28,0,0,0,0,0,0,10,10,0,0,0,0,0,0,0,3,0,29,0,31,5,2,2,0,0,2,0,0,0,0,0,0,0,0,2,2,0,0,0,2,0,0,0,0,0,0,0,0,0,0,0,0,0,0,0,0,0,0,0,0,0,0,0,0,3,0,0,0,0,0,0,0,0,2,0,0,0,0,0,0,0,0,0,0,0,0,0,0,0,0,0,0,0,0,0,0,0,0,0,0,26,26,0,0,2,0,0,0,0,0,0,0,0,1.5026862000813708,components_online,symbolic_smt,1,,,,,,,,,,,,,,,,,,,,,,,,,,,,,,,,,,,,,,,,,,,,,,,,,,,,,,,,,,,,,,,,,,,,,,,,,,,,,,,,,,,,,,,,,,,,,,,,,,,,,,,,,,,,,,,,,,,,,,,,,,,,,,,,,,,,,,,,,,,
component_009_events_0015_objects_0008.jsonocel,C:\Users\User\Documents\odacc\experiment_runs\20260919_111654\components_online\symbolic_smt\run_001\component_009_events_0015_objects_0008.json,0,ONLINE_OK,NOT_RUN,fresh_offline_alignment,0,0,True,0,0,0,0,0.0,0.0,,,,,,,,15,0.42536969971843064,0.028357979981228708,0.1417773999273777,0,0.42536969971843064,15,0,0,0,0,0,0,0,0,1,0,0,0,0,0,0,14,14,14,14,0,1,1,7,0,0,0,0,0,0,0,0,0,0,0,0,0,0,0,0,0,0,0,0,0,1,1,0,18,1,14,0,0,0,14,14,0,0,0,0,0,0,4,4,0,0,0,0,0,0,0,2,0,15,0,15,1,0,0,0,0,0,0,0,0,0,0,0,0,0,0,0,0,0,0,0,0,0,0,0,0,0,0,0,0,0,0,0,0,0,0,0,0,0,0,0,0,0,0,0,1,0,0,0,0,0,0,0,0,0,0,0,0,0,0,0,0,0,0,0,0,0,0,0,0,0,0,0,0,0,0,0,0,0,0,0,14,13,0,0,1,0,0,0,0,0,0,0,0,0.8892460999777541,components_online,symbolic_smt,1,,,,,,,,,,,,,,,,,,,,,,,,,,,,,,,,,,,,,,,,,,,,,,,,,,,,,,,,,,,,,,,,,,,,,,,,,,,,,,,,,,,,,,,,,,,,,,,,,,,,,,,,,,,,,,,,,,,,,,,,,,,,,,,,,,,,,,,,,,,
component_011_events_0028_objects_0017.jsonocel,C:\Users\User\Documents\odacc\experiment_runs\20260919_111654\components_online\symbolic_smt\run_001\component_011_events_0028_objects_0017.json,0,ONLINE_OK,NOT_RUN,fresh_offline_alignment,0,0,True,0,0,0,0,0.0,0.0,,,,,,,,28,0.868411100236699,0.031014682151310678,0.13428050000220537,0,0.868411100236699,28,0,0,0,0,0,0,0,0,4,0,0,0,0,1,1,25,25,25,25,0,3,3,16,1,0,0,0,0,0,0,0,0,0,0,0,0,0,0,0,0,0,0,0,0,3,3,0,50,1,25,0,0,0,25,25,0,0,0,0,0,0,8,8,0,0,0,0,0,0,0,3,0,27,0,28,4,1,1,0,0,1,0,0,0,0,0,0,0,0,1,1,0,0,0,1,0,0,0,0,0,0,0,0,0,0,0,0,0,0,0,0,0,0,0,0,0,0,0,0,3,0,0,0,0,0,0,0,0,1,0,0,0,0,0,0,0,0,0,0,0,0,0,0,0,0,0,0,0,0,0,0,0,0,0,0,24,24,0,0,1,0,0,0,0,0,0,0,0,1.3910763999447227,components_online,symbolic_smt,1,,,,,,,,,,,,,,,,,,,,,,,,,,,,,,,,,,,,,,,,,,,,,,,,,,,,,,,,,,,,,,,,,,,,,,,,,,,,,,,,,,,,,,,,,,,,,,,,,,,,,,,,,,,,,,,,,,,,,,,,,,,,,,,,,,,,,,,,,,,
component_014_events_0102_objects_0053.jsonocel,C:\Users\User\Documents\odacc\experiment_runs\20260919_111654\components_online\symbolic_smt\run_001\component_014_events_0102_objects_0053.json,0,ONLINE_OK,NOT_RUN,fresh_offline_alignment,0,0,True,0,0,0,0,0.0,0.0,,,,,,,,102,8.839548900024965,0.08666224411789182,0.304839999997057,0,8.839548900024965,102,0,0,0,0,0,0,0,0,14,0,0,0,0,5,5,93,93,93,93,0,9,9,47,5,0,0,0,0,0,0,0,0,0,0,0,0,0,0,0,0,0,0,0,0,9,9,0,154,2,93,0,0,0,93,93,0,0,0,0,0,0,30,30,0,0,0,0,0,0,0,10,0,97,0,102,14,5,5,0,0,5,0,0,0,0,0,0,0,0,5,5,0,0,0,5,0,0,0,0,0,0,0,0,0,0,0,0,0,0,0,0,0,0,0,0,0,0,0,0,9,0,0,0,0,0,0,0,0,5,0,0,0,0,0,0,0,0,0,0,0,0,0,0,0,0,0,0,0,0,0,0,0,0,0,0,88,87,0,0,6,0,0,0,0,0,0,0,0,17.063246799982153,components_online,symbolic_smt,1,,,,,,,,,,,,,,,,,,,,,,,,,,,,,,,,,,,,,,,,,,,,,,,,,,,,,,,,,,,,,,,,,,,,,,,,,,,,,,,,,,,,,,,,,,,,,,,,,,,,,,,,,,,,,,,,,,,,,,,,,,,,,,,,,,,,,,,,,,,
component_020_events_0022_objects_0009.jsonocel,C:\Users\User\Documents\odacc\experiment_runs\20260919_111654\components_online\symbolic_smt\run_001\component_020_events_0022_objects_0009.json,0,ONLINE_OK,NOT_RUN,fresh_offline_alignment,0,0,True,0,0,0,0,0.0,0.0,,,,,,,,22,0.6150375000433996,0.027956250001972712,0.14847300003748387,0,0.6150375000433996,22,0,0,0,0,0,0,0,0,1,0,0,0,0,0,0,21,21,21,21,0,1,1,8,0,0,0,0,0,0,0,0,0,0,0,0,0,0,0,0,0,0,0,0,0,1,1,0,18,1,21,0,0,0,21,21,0,0,0,0,0,0,4,4,0,0,0,0,0,0,0,2,0,22,0,22,1,0,0,0,0,0,0,0,0,0,0,0,0,0,0,0,0,0,0,0,0,0,0,0,0,0,0,0,0,0,0,0,0,0,0,0,0,0,0,0,0,0,0,0,1,0,0,0,0,0,0,0,0,0,0,0,0,0,0,0,0,0,0,0,0,0,0,0,0,0,0,0,0,0,0,0,0,0,0,0,21,20,0,0,1,0,0,0,0,0,0,0,0,1.0944126000395045,components_online,symbolic_smt,1,,,,,,,,,,,,,,,,,,,,,,,,,,,,,,,,,,,,,,,,,,,,,,,,,,,,,,,,,,,,,,,,,,,,,,,,,,,,,,,,,,,,,,,,,,,,,,,,,,,,,,,,,,,,,,,,,,,,,,,,,,,,,,,,,,,,,,,,,,,
component_021_events_0013_objects_0005.jsonocel,C:\Users\User\Documents\odacc\experiment_runs\20260919_111654\components_online\symbolic_smt\run_001\component_021_events_0013_objects_0005.json,0,ONLINE_OK,NOT_RUN,fresh_offline_alignment,0,0,True,0,0,0,0,0.0,0.0,,,,,,,,13,0.30782579991500825,0.023678907685769864,0.07833299995400012,0,0.30782579991500825,13,0,0,0,0,0,0,0,0,1,0,0,0,0,0,0,12,12,12,12,0,1,1,3,0,0,0,0,0,0,0,0,0,0,0,0,0,0,0,0,0,0,0,0,0,1,1,0,18,1,12,0,0,0,12,12,0,0,0,0,0,0,6,6,0,0,0,0,0,0,0,3,0,13,0,13,1,0,0,0,0,0,0,0,0,0,0,0,0,0,0,0,0,0,0,0,0,0,0,0,0,0,0,0,0,0,0,0,0,0,0,0,0,0,0,0,0,0,0,0,1,0,0,0,0,0,0,0,0,0,0,0,0,0,0,0,0,0,0,0,0,0,0,0,0,0,0,0,0,0,0,0,0,0,0,0,12,10,0,0,2,0,0,0,0,0,0,0,0,0.6771139999618754,components_online,symbolic_smt,1,,,,,,,,,,,,,,,,,,,,,,,,,,,,,,,,,,,,,,,,,,,,,,,,,,,,,,,,,,,,,,,,,,,,,,,,,,,,,,,,,,,,,,,,,,,,,,,,,,,,,,,,,,,,,,,,,,,,,,,,,,,,,,,,,,,,,,,,,,,
component_024_events_0010_objects_0005.jsonocel,C:\Users\User\Documents\odacc\experiment_runs\20260919_111654\components_online\symbolic_smt\run_001\component_024_events_0010_objects_0005.json,0,ONLINE_OK,NOT_RUN,fresh_offline_alignment,0,0,True,0,0,0,0,0.0,0.0,,,,,,,,10,0.25915369973517954,0.025915369973517954,0.09096319996751845,0,0.25915369973517954,10,0,0,0,0,0,0,0,0,1,0,0,0,0,0,0,9,9,9,9,0,1,1,4,0,0,0,0,0,0,0,0,0,0,0,0,0,0,0,0,0,0,0,0,0,1,1,0,18,1,9,0,0,0,9,9,0,0,0,0,0,0,4,4,0,0,0,0,0,0,0,2,0,10,0,10,1,0,0,0,0,0,0,0,0,0,0,0,0,0,0,0,0,0,0,0,0,0,0,0,0,0,0,0,0,0,0,0,0,0,0,0,0,0,0,0,0,0,0,0,1,0,0,0,0,0,0,0,0,0,0,0,0,0,0,0,0,0,0,0,0,0,0,0,0,0,0,0,0,0,0,0,0,0,0,0,9,8,0,0,1,0,0,0,0,0,0,0,0,1.6335289999842644,components_online,symbolic_smt,1,,,,,,,,,,,,,,,,,,,,,,,,,,,,,,,,,,,,,,,,,,,,,,,,,,,,,,,,,,,,,,,,,,,,,,,,,,,,,,,,,,,,,,,,,,,,,,,,,,,,,,,,,,,,,,,,,,,,,,,,,,,,,,,,,,,,,,,,,,,
component_028_events_0012_objects_0008.jsonocel,C:\Users\User\Documents\odacc\experiment_runs\20260919_111654\components_online\symbolic_smt\run_001\component_028_events_0012_objects_0008.json,0,ONLINE_OK,NOT_RUN,fresh_offline_alignment,0,0,True,0,0,0,0,0.0,0.0,,,,,,,,12,0.35315180011093616,0.029429316675911348,0.13590590003877878,0,0.35315180011093616,12,0,0,0,0,0,0,0,0,1,0,0,0,0,0,0,11,11,11,11,0,1,1,7,0,0,0,0,0,0,0,0,0,0,0,0,0,0,0,0,0,0,0,0,0,1,1,0,18,1,11,0,0,0,11,11,0,0,0,0,0,0,4,4,0,0,0,0,0,0,0,2,0,12,0,12,1,0,0,0,0,0,0,0,0,0,0,0,0,0,0,0,0,0,0,0,0,0,0,0,0,0,0,0,0,0,0,0,0,0,0,0,0,0,0,0,0,0,0,0,1,0,0,0,0,0,0,0,0,0,0,0,0,0,0,0,0,0,0,0,0,0,0,0,0,0,0,0,0,0,0,0,0,0,0,0,11,10,0,0,1,0,0,0,0,0,0,0,0,0.7756431000307202,components_online,symbolic_smt,1,,,,,,,,,,,,,,,,,,,,,,,,,,,,,,,,,,,,,,,,,,,,,,,,,,,,,,,,,,,,,,,,,,,,,,,,,,,,,,,,,,,,,,,,,,,,,,,,,,,,,,,,,,,,,,,,,,,,,,,,,,,,,,,,,,,,,,,,,,,
component_029_events_0021_objects_0010.jsonocel,C:\Users\User\Documents\odacc\experiment_runs\20260919_111654\components_online\symbolic_smt\run_001\component_029_events_0021_objects_0010.json,0,ONLINE_OK,NOT_RUN,fresh_offline_alignment,0,0,True,0,0,0,0,0.0,0.0,,,,,,,,21,0.5572067997418344,0.02653365713056354,0.14685849996749312,0,0.5572067997418344,21,0,0,0,0,0,0,0,0,1,0,0,0,0,0,0,20,20,20,20,0,1,1,8,0,0,0,0,0,0,0,0,0,0,0,0,0,0,0,0,0,0,0,0,0,1,1,0,18,1,20,0,0,0,20,20,0,0,0,0,0,0,6,6,0,0,0,0,0,0,0,3,0,21,0,21,1,0,0,0,0,0,0,0,0,0,0,0,0,0,0,0,0,0,0,0,0,0,0,0,0,0,0,0,0,0,0,0,0,0,0,0,0,0,0,0,0,0,0,0,1,0,0,0,0,0,0,0,0,0,0,0,0,0,0,0,0,0,0,0,0,0,0,0,0,0,0,0,0,0,0,0,0,0,0,0,20,18,0,0,2,0,0,0,0,0,0,0,0,1.0805641999468207,components_online,symbolic_smt,1,,,,,,,,,,,,,,,,,,,,,,,,,,,,,,,,,,,,,,,,,,,,,,,,,,,,,,,,,,,,,,,,,,,,,,,,,,,,,,,,,,,,,,,,,,,,,,,,,,,,,,,,,,,,,,,,,,,,,,,,,,,,,,,,,,,,,,,,,,,
component_030_events_0061_objects_0033.jsonocel,C:\Users\User\Documents\odacc\experiment_runs\20260919_111654\components_online\symbolic_smt\run_001\component_030_events_0061_objects_0033.json,0,ONLINE_OK,NOT_RUN,fresh_offline_alignment,0,0,True,0,0,0,0,0.0,0.0,,,,,,,,61,2.4564854002092034,0.040270252462445956,0.196933800005354,0,2.4564854002092034,61,0,0,0,0,0,0,0,0,6,0,0,0,0,2,2,57,57,57,57,0,4,4,28,2,0,0,0,0,0,0,0,0,0,0,0,0,0,0,0,0,0,0,0,0,4,4,0,63,1,57,0,0,0,57,57,0,0,0,0,0,0,18,18,0,0,0,0,0,0,0,7,0,59,0,61,6,2,2,0,0,2,0,0,0,0,0,0,0,0,2,2,0,0,0,2,0,0,0,0,0,0,0,0,0,0,0,0,0,0,0,0,0,0,0,0,0,0,0,0,4,0,0,0,0,0,0,0,0,2,0,0,0,0,0,0,0,0,0,0,0,0,0,0,0,0,0,0,0,0,0,0,0,0,0,0,55,52,0,0,5,0,0,0,0,0,0,0,0,4.2459415999474,components_online,symbolic_smt,1,,,,,,,,,,,,,,,,,,,,,,,,,,,,,,,,,,,,,,,,,,,,,,,,,,,,,,,,,,,,,,,,,,,,,,,,,,,,,,,,,,,,,,,,,,,,,,,,,,,,,,,,,,,,,,,,,,,,,,,,,,,,,,,,,,,,,,,,,,,
component_031_events_0009_objects_0005.jsonocel,C:\Users\User\Documents\odacc\experiment_runs\20260919_111654\components_online\symbolic_smt\run_001\component_031_events_0009_objects_0005.json,0,ONLINE_OK,NOT_RUN,fresh_offline_alignment,0,0,True,0,0,0,0,0.0,0.0,,,,,,,,9,0.24483909993432462,0.02720434443714718,0.09117299993522465,0,0.24483909993432462,9,0,0,0,0,0,0,0,0,1,0,0,0,0,0,0,8,8,8,8,0,1,1,4,0,0,0,0,0,0,0,0,0,0,0,0,0,0,0,0,0,0,0,0,0,1,1,0,18,1,8,0,0,0,8,8,0,0,0,0,0,0,4,4,0,0,0,0,0,0,0,2,0,9,0,9,1,0,0,0,0,0,0,0,0,0,0,0,0,0,0,0,0,0,0,0,0,0,0,0,0,0,0,0,0,0,0,0,0,0,0,0,0,0,0,0,0,0,0,0,1,0,0,0,0,0,0,0,0,0,0,0,0,0,0,0,0,0,0,0,0,0,0,0,0,0,0,0,0,0,0,0,0,0,0,0,8,7,0,0,1,0,0,0,0,0,0,0,0,0.575095699983649,components_online,symbolic_smt,1,,,,,,,,,,,,,,,,,,,,,,,,,,,,,,,,,,,,,,,,,,,,,,,,,,,,,,,,,,,,,,,,,,,,,,,,,,,,,,,,,,,,,,,,,,,,,,,,,,,,,,,,,,,,,,,,,,,,,,,,,,,,,,,,,,,,,,,,,,,
component_032_events_0007_objects_0003.jsonocel,C:\Users\User\Documents\odacc\experiment_runs\20260919_111654\components_online\symbolic_smt\run_001\component_032_events_0007_objects_0003.json,0,ONLINE_OK,NOT_RUN,fresh_offline_alignment,0,0,True,0,0,0,0,0.0,0.0,,,,,,,,7,0.17956010031048208,0.02565144290149744,0.06329930003266782,0,0.17956010031048208,7,0,0,0,0,0,0,0,0,1,0,0,0,0,0,0,6,6,6,6,0,1,1,2,0,0,0,0,0,0,0,0,0,0,0,0,0,0,0,0,0,0,0,0,0,1,1,0,19,1,6,0,0,0,6,6,0,0,0,0,0,0,4,4,0,0,0,0,0,0,0,2,0,7,0,7,1,0,0,0,0,0,0,0,0,0,0,0,0,0,0,0,0,0,0,0,0,0,0,0,0,0,0,0,0,0,0,0,0,0,0,0,0,0,0,0,0,0,0,0,1,0,0,0,0,0,0,0,0,0,0,0,0,0,0,0,0,0,0,0,0,0,0,0,0,0,0,0,0,0,0,0,0,0,0,0,6,5,0,0,1,0,0,0,0,0,0,0,0,1.5357414999743924,components_online,symbolic_smt,1,,,,,,,,,,,,,,,,,,,,,,,,,,,,,,,,,,,,,,,,,,,,,,,,,,,,,,,,,,,,,,,,,,,,,,,,,,,,,,,,,,,,,,,,,,,,,,,,,,,,,,,,,,,,,,,,,,,,,,,,,,,,,,,,,,,,,,,,,,,
component_036_events_0017_objects_0008.jsonocel,C:\Users\User\Documents\odacc\experiment_runs\20260919_111654\components_online\symbolic_smt\run_001\component_036_events_0017_objects_0008.json,0,ONLINE_OK,NOT_RUN,fresh_offline_alignment,0,0,True,0,0,0,0,0.0,0.0,,,,,,,,17,0.4609007000690326,0.02711180588641368,0.10152549995109439,0,0.4609007000690326,17,0,0,0,0,0,0,0,0,3,0,0,0,0,1,1,15,15,15,15,0,2,2,7,1,0,0,0,0,0,0,0,0,0,0,0,0,0,0,0,0,0,0,0,0,2,2,0,33,1,15,0,0,0,15,15,0,0,0,0,0,0,6,6,0,0,0,0,0,0,0,2,0,16,0,17,3,1,1,0,0,1,0,0,0,0,0,0,0,0,1,1,0,0,0,1,0,0,0,0,0,0,0,0,0,0,0,0,0,0,0,0,0,0,0,0,0,0,0,0,2,0,0,0,0,0,0,0,0,1,0,0,0,0,0,0,0,0,0,0,0,0,0,0,0,0,0,0,0,0,0,0,0,0,0,0,14,14,0,0,1,0,0,0,0,0,0,0,0,0.8802109999815002,components_online,symbolic_smt,1,,,,,,,,,,,,,,,,,,,,,,,,,,,,,,,,,,,,,,,,,,,,,,,,,,,,,,,,,,,,,,,,,,,,,,,,,,,,,,,,,,,,,,,,,,,,,,,,,,,,,,,,,,,,,,,,,,,,,,,,,,,,,,,,,,,,,,,,,,,
component_037_events_0012_objects_0006.jsonocel,C:\Users\User\Documents\odacc\experiment_runs\20260919_111654\components_online\symbolic_smt\run_001\component_037_events_0012_objects_0006.json,0,ONLINE_OK,NOT_RUN,fresh_offline_alignment,0,0,True,0,0,0,0,0.0,0.0,,,,,,,,12,0.31212009966839105,0.026010008305699255,0.10532730002887547,0,0.31212009966839105,12,0,0,0,0,0,0,0,0,1,0,0,0,0,0,0,11,11,11,11,0,1,1,5,0,0,0,0,0,0,0,0,0,0,0,0,0,0,0,0,0,0,0,0,0,1,1,0,18,1,11,0,0,0,11,11,0,0,0,0,0,0,4,4,0,0,0,0,0,0,0,2,0,12,0,12,1,0,0,0,0,0,0,0,0,0,0,0,0,0,0,0,0,0,0,0,0,0,0,0,0,0,0,0,0,0,0,0,0,0,0,0,0,0,0,0,0,0,0,0,1,0,0,0,0,0,0,0,0,0,0,0,0,0,0,0,0,0,0,0,0,0,0,0,0,0,0,0,0,0,0,0,0,0,0,0,11,10,0,0,1,0,0,0,0,0,0,0,0,0.6801419999683276,components_online,symbolic_smt,1,,,,,,,,,,,,,,,,,,,,,,,,,,,,,,,,,,,,,,,,,,,,,,,,,,,,,,,,,,,,,,,,,,,,,,,,,,,,,,,,,,,,,,,,,,,,,,,,,,,,,,,,,,,,,,,,,,,,,,,,,,,,,,,,,,,,,,,,,,,
component_038_events_0008_objects_0004.jsonocel,C:\Users\User\Documents\odacc\experiment_runs\20260919_111654\components_online\symbolic_smt\run_001\component_038_events_0008_objects_0004.json,0,ONLINE_OK,NOT_RUN,fresh_offline_alignment,0,0,True,0,0,0,0,0.0,0.0,,,,,,,,8,0.21224830008577555,0.026531037510721944,0.07677189994137734,0,0.21224830008577555,8,0,0,0,0,0,0,0,0,1,0,0,0,0,0,0,7,7,7,7,0,1,1,3,0,0,0,0,0,0,0,0,0,0,0,0,0,0,0,0,0,0,0,0,0,1,1,0,18,1,7,0,0,0,7,7,0,0,0,0,0,0,4,4,0,0,0,0,0,0,0,2,0,8,0,8,1,0,0,0,0,0,0,0,0,0,0,0,0,0,0,0,0,0,0,0,0,0,0,0,0,0,0,0,0,0,0,0,0,0,0,0,0,0,0,0,0,0,0,0,1,0,0,0,0,0,0,0,0,0,0,0,0,0,0,0,0,0,0,0,0,0,0,0,0,0,0,0,0,0,0,0,0,0,0,0,7,6,0,0,1,0,0,0,0,0,0,0,0,1.53668140002992,components_online,symbolic_smt,1,,,,,,,,,,,,,,,,,,,,,,,,,,,,,,,,,,,,,,,,,,,,,,,,,,,,,,,,,,,,,,,,,,,,,,,,,,,,,,,,,,,,,,,,,,,,,,,,,,,,,,,,,,,,,,,,,,,,,,,,,,,,,,,,,,,,,,,,,,,
component_042_events_0009_objects_0005.jsonocel,C:\Users\User\Documents\odacc\experiment_runs\20260919_111654\components_online\symbolic_smt\run_001\component_042_events_0009_objects_0005.json,0,ONLINE_OK,NOT_RUN,fresh_offline_alignment,0,0,True,0,0,0,0,0.0,0.0,,,,,,,,9,0.25040620006620884,0.027822911118467648,0.0962067999644205,0,0.25040620006620884,9,0,0,0,0,0,0,0,0,1,0,0,0,0,0,0,8,8,8,8,0,1,1,4,0,0,0,0,0,0,0,0,0,0,0,0,0,0,0,0,0,0,0,0,0,1,1,0,18,1,8,0,0,0,8,8,0,0,0,0,0,0,4,4,0,0,0,0,0,0,0,2,0,9,0,9,1,0,0,0,0,0,0,0,0,0,0,0,0,0,0,0,0,0,0,0,0,0,0,0,0,0,0,0,0,0,0,0,0,0,0,0,0,0,0,0,0,0,0,0,1,0,0,0,0,0,0,0,0,0,0,0,0,0,0,0,0,0,0,0,0,0,0,0,0,0,0,0,0,0,0,0,0,0,0,0,8,7,0,0,1,0,0,0,0,0,0,0,0,0.6728095000144094,components_online,symbolic_smt,1,,,,,,,,,,,,,,,,,,,,,,,,,,,,,,,,,,,,,,,,,,,,,,,,,,,,,,,,,,,,,,,,,,,,,,,,,,,,,,,,,,,,,,,,,,,,,,,,,,,,,,,,,,,,,,,,,,,,,,,,,,,,,,,,,,,,,,,,,,,
component_048_events_0011_objects_0007.jsonocel,C:\Users\User\Documents\odacc\experiment_runs\20260919_111654\components_online\symbolic_smt\run_001\component_048_events_0011_objects_0007.json,0,ONLINE_OK,NOT_RUN,fresh_offline_alignment,0,0,True,0,0,0,0,0.0,0.0,,,,,,,,11,0.31218970008194447,0.028380881825631313,0.1189391000661999,0,0.31218970008194447,11,0,0,0,0,0,0,0,0,1,0,0,0,0,0,0,10,10,10,10,0,1,1,6,0,0,0,0,0,0,0,0,0,0,0,0,0,0,0,0,0,0,0,0,0,1,1,0,18,1,10,0,0,0,10,10,0,0,0,0,0,0,4,4,0,0,0,0,0,0,0,2,0,11,0,11,1,0,0,0,0,0,0,0,0,0,0,0,0,0,0,0,0,0,0,0,0,0,0,0,0,0,0,0,0,0,0,0,0,0,0,0,0,0,0,0,0,0,0,0,1,0,0,0,0,0,0,0,0,0,0,0,0,0,0,0,0,0,0,0,0,0,0,0,0,0,0,0,0,0,0,0,0,0,0,0,10,9,0,0,1,0,0,0,0,0,0,0,0,0.6801779000088573,components_online,symbolic_smt,1,,,,,,,,,,,,,,,,,,,,,,,,,,,,,,,,,,,,,,,,,,,,,,,,,,,,,,,,,,,,,,,,,,,,,,,,,,,,,,,,,,,,,,,,,,,,,,,,,,,,,,,,,,,,,,,,,,,,,,,,,,,,,,,,,,,,,,,,,,,
component_050_events_0008_objects_0004.jsonocel,C:\Users\User\Documents\odacc\experiment_runs\20260919_111654\components_online\symbolic_smt\run_001\component_050_events_0008_objects_0004.json,0,ONLINE_OK,NOT_RUN,fresh_offline_alignment,0,0,True,0,0,0,0,0.0,0.0,,,,,,,,8,0.2147340999217704,0.0268417624902213,0.07675100001506507,0,0.2147340999217704,8,0,0,0,0,0,0,0,0,1,0,0,0,0,0,0,7,7,7,7,0,1,1,3,0,0,0,0,0,0,0,0,0,0,0,0,0,0,0,0,0,0,0,0,0,1,1,0,18,1,7,0,0,0,7,7,0,0,0,0,0,0,4,4,0,0,0,0,0,0,0,2,0,8,0,8,1,0,0,0,0,0,0,0,0,0,0,0,0,0,0,0,0,0,0,0,0,0,0,0,0,0,0,0,0,0,0,0,0,0,0,0,0,0,0,0,0,0,0,0,1,0,0,0,0,0,0,0,0,0,0,0,0,0,0,0,0,0,0,0,0,0,0,0,0,0,0,0,0,0,0,0,0,0,0,0,7,6,0,0,1,0,0,0,0,0,0,0,0,0.5832831000443548,components_online,symbolic_smt,1,,,,,,,,,,,,,,,,,,,,,,,,,,,,,,,,,,,,,,,,,,,,,,,,,,,,,,,,,,,,,,,,,,,,,,,,,,,,,,,,,,,,,,,,,,,,,,,,,,,,,,,,,,,,,,,,,,,,,,,,,,,,,,,,,,,,,,,,,,,
component_051_events_0011_objects_0007.jsonocel,C:\Users\User\Documents\odacc\experiment_runs\20260919_111654\components_online\symbolic_smt\run_001\component_051_events_0011_objects_0007.json,0,ONLINE_OK,NOT_RUN,fresh_offline_alignment,0,0,True,0,0,0,0,0.0,0.0,,,,,,,,11,0.3182352998992428,0.028930481809022076,0.11979929998051375,0,0.3182352998992428,11,0,0,0,0,0,0,0,0,1,0,0,0,0,0,0,10,10,10,10,0,1,1,6,0,0,0,0,0,0,0,0,0,0,0,0,0,0,0,0,0,0,0,0,0,1,1,0,18,1,10,0,0,0,10,10,0,0,0,0,0,0,4,4,0,0,0,0,0,0,0,2,0,11,0,11,1,0,0,0,0,0,0,0,0,0,0,0,0,0,0,0,0,0,0,0,0,0,0,0,0,0,0,0,0,0,0,0,0,0,0,0,0,0,0,0,0,0,0,0,1,0,0,0,0,0,0,0,0,0,0,0,0,0,0,0,0,0,0,0,0,0,0,0,0,0,0,0,0,0,0,0,0,0,0,0,10,9,0,0,1,0,0,0,0,0,0,0,0,0.6725789000047371,components_online,symbolic_smt,1,,,,,,,,,,,,,,,,,,,,,,,,,,,,,,,,,,,,,,,,,,,,,,,,,,,,,,,,,,,,,,,,,,,,,,,,,,,,,,,,,,,,,,,,,,,,,,,,,,,,,,,,,,,,,,,,,,,,,,,,,,,,,,,,,,,,,,,,,,,
component_057_events_0011_objects_0005.jsonocel,C:\Users\User\Documents\odacc\experiment_runs\20260919_111654\components_online\symbolic_smt\run_001\component_057_events_0011_objects_0005.json,0,ONLINE_OK,NOT_RUN,fresh_offline_alignment,0,0,True,0,0,0,0,0.0,0.0,,,,,,,,11,0.28386819979641587,0.02580619998149235,0.09066099999472499,0,0.28386819979641587,11,0,0,0,0,0,0,0,0,1,0,0,0,0,0,0,10,10,10,10,0,1,1,4,0,0,0,0,0,0,0,0,0,0,0,0,0,0,0,0,0,0,0,0,0,1,1,0,18,1,10,0,0,0,10,10,0,0,0,0,0,0,4,4,0,0,0,0,0,0,0,2,0,11,0,11,1,0,0,0,0,0,0,0,0,0,0,0,0,0,0,0,0,0,0,0,0,0,0,0,0,0,0,0,0,0,0,0,0,0,0,0,0,0,0,0,0,0,0,0,1,0,0,0,0,0,0,0,0,0,0,0,0,0,0,0,0,0,0,0,0,0,0,0,0,0,0,0,0,0,0,0,0,0,0,0,10,9,0,0,1,0,0,0,0,0,0,0,0,1.6447594999335706,components_online,symbolic_smt,1,,,,,,,,,,,,,,,,,,,,,,,,,,,,,,,,,,,,,,,,,,,,,,,,,,,,,,,,,,,,,,,,,,,,,,,,,,,,,,,,,,,,,,,,,,,,,,,,,,,,,,,,,,,,,,,,,,,,,,,,,,,,,,,,,,,,,,,,,,,
component_058_events_0009_objects_0005.jsonocel,C:\Users\User\Documents\odacc\experiment_runs\20260919_111654\components_online\symbolic_smt\run_001\component_058_events_0009_objects_0005.json,0,ONLINE_OK,NOT_RUN,fresh_offline_alignment,0,0,True,0,0,0,0,0.0,0.0,,,,,,,,9,0.24913370003923774,0.027681522226581972,0.09441500005777925,0,0.24913370003923774,9,0,0,0,0,0,0,0,0,1,0,0,0,0,0,0,8,8,8,8,0,1,1,4,0,0,0,0,0,0,0,0,0,0,0,0,0,0,0,0,0,0,0,0,0,1,1,0,18,1,8,0,0,0,8,8,0,0,0,0,0,0,4,4,0,0,0,0,0,0,0,2,0,9,0,9,1,0,0,0,0,0,0,0,0,0,0,0,0,0,0,0,0,0,0,0,0,0,0,0,0,0,0,0,0,0,0,0,0,0,0,0,0,0,0,0,0,0,0,0,1,0,0,0,0,0,0,0,0,0,0,0,0,0,0,0,0,0,0,0,0,0,0,0,0,0,0,0,0,0,0,0,0,0,0,0,8,7,0,0,1,0,0,0,0,0,0,0,0,0.5705095999874175,components_online,symbolic_smt,1,,,,,,,,,,,,,,,,,,,,,,,,,,,,,,,,,,,,,,,,,,,,,,,,,,,,,,,,,,,,,,,,,,,,,,,,,,,,,,,,,,,,,,,,,,,,,,,,,,,,,,,,,,,,,,,,,,,,,,,,,,,,,,,,,,,,,,,,,,,
component_059_events_0010_objects_0006.jsonocel,C:\Users\User\Documents\odacc\experiment_runs\20260919_111654\components_online\symbolic_smt\run_001\component_059_events_0010_objects_0006.json,0,ONLINE_OK,NOT_RUN,fresh_offline_alignment,0,0,True,0,0,0,0,0.0,0.0,,,,,,,,10,0.2867313998285681,0.02867313998285681,0.10945739992894232,0,0.2867313998285681,10,0,0,0,0,0,0,0,0,1,0,0,0,0,0,0,9,9,9,9,0,1,1,5,0,0,0,0,0,0,0,0,0,0,0,0,0,0,0,0,0,0,0,0,0,1,1,0,18,1,9,0,0,0,9,9,0,0,0,0,0,0,4,4,0,0,0,0,0,0,0,2,0,10,0,10,1,0,0,0,0,0,0,0,0,0,0,0,0,0,0,0,0,0,0,0,0,0,0,0,0,0,0,0,0,0,0,0,0,0,0,0,0,0,0,0,0,0,0,0,1,0,0,0,0,0,0,0,0,0,0,0,0,0,0,0,0,0,0,0,0,0,0,0,0,0,0,0,0,0,0,0,0,0,0,0,9,8,0,0,1,0,0,0,0,0,0,0,0,1.6418771999888122,components_online,symbolic_smt,1,,,,,,,,,,,,,,,,,,,,,,,,,,,,,,,,,,,,,,,,,,,,,,,,,,,,,,,,,,,,,,,,,,,,,,,,,,,,,,,,,,,,,,,,,,,,,,,,,,,,,,,,,,,,,,,,,,,,,,,,,,,,,,,,,,,,,,,,,,,
component_061_events_0007_objects_0003.jsonocel,C:\Users\User\Documents\odacc\experiment_runs\20260919_111654\components_online\symbolic_smt\run_001\component_061_events_0007_objects_0003.json,0,ONLINE_OK,NOT_RUN,fresh_offline_alignment,0,0,True,0,0,0,0,0.0,0.0,,,,,,,,7,0.18143649981357157,0.025919499973367368,0.06301299994811416,0,0.18143649981357157,7,0,0,0,0,0,0,0,0,1,0,0,0,0,0,0,6,6,6,6,0,1,1,2,0,0,0,0,0,0,0,0,0,0,0,0,0,0,0,0,0,0,0,0,0,1,1,0,18,1,6,0,0,0,6,6,0,0,0,0,0,0,4,4,0,0,0,0,0,0,0,2,0,7,0,7,1,0,0,0,0,0,0,0,0,0,0,0,0,0,0,0,0,0,0,0,0,0,0,0,0,0,0,0,0,0,0,0,0,0,0,0,0,0,0,0,0,0,0,0,1,0,0,0,0,0,0,0,0,0,0,0,0,0,0,0,0,0,0,0,0,0,0,0,0,0,0,0,0,0,0,0,0,0,0,0,6,5,0,0,1,0,0,0,0,0,0,0,0,0.5739279000554234,components_online,symbolic_smt,1,,,,,,,,,,,,,,,,,,,,,,,,,,,,,,,,,,,,,,,,,,,,,,,,,,,,,,,,,,,,,,,,,,,,,,,,,,,,,,,,,,,,,,,,,,,,,,,,,,,,,,,,,,,,,,,,,,,,,,,,,,,,,,,,,,,,,,,,,,,
component_063_events_0035_objects_0019.jsonocel,C:\Users\User\Documents\odacc\experiment_runs\20260919_111654\components_online\symbolic_smt\run_001\component_063_events_0035_objects_0019.json,0,ONLINE_OK,NOT_RUN,fresh_offline_alignment,0,0,True,0,0,0,0,0.0,0.0,,,,,,,,35,1.065355799626559,0.0304387371321874,0.09964189992751926,0,1.065355799626559,35,0,0,0,0,0,0,0,0,6,0,0,0,0,1,1,30,30,30,30,0,5,5,17,1,0,0,0,0,0,0,0,0,0,0,0,0,0,0,0,0,0,0,0,0,5,5,0,79,1,30,0,0,0,30,30,0,0,0,0,0,0,14,14,0,0,0,0,0,0,0,6,0,34,0,35,6,1,1,0,0,1,0,0,0,0,0,0,0,0,1,1,0,0,0,1,0,0,0,0,0,0,0,0,0,0,0,0,0,0,0,0,0,0,0,0,0,0,0,0,5,0,0,0,0,0,0,0,0,1,0,0,0,0,0,0,0,0,0,0,0,0,0,0,0,0,0,0,0,0,0,0,0,0,0,0,29,28,0,0,2,0,0,0,0,0,0,0,0,1.7168252000119537,components_online,symbolic_smt,1,,,,,,,,,,,,,,,,,,,,,,,,,,,,,,,,,,,,,,,,,,,,,,,,,,,,,,,,,,,,,,,,,,,,,,,,,,,,,,,,,,,,,,,,,,,,,,,,,,,,,,,,,,,,,,,,,,,,,,,,,,,,,,,,,,,,,,,,,,,
component_064_events_0116_objects_0055.jsonocel,C:\Users\User\Documents\odacc\experiment_runs\20260919_111654\components_online\symbolic_smt\run_001\component_064_events_0116_objects_0055.json,0,ONLINE_OK,NOT_RUN,fresh_offline_alignment,0,0,True,0,0,0,0,0.0,0.0,,,,,,,,116,9.394036700599827,0.08098307500517092,0.24618060002103448,0,9.394036700599827,116,0,0,0,0,0,0,0,0,18,0,0,0,0,6,6,104,104,104,104,0,12,12,48,6,0,0,0,0,0,0,0,0,0,0,0,0,0,0,0,0,0,0,0,0,12,12,0,223,2,104,0,0,0,104,104,0,0,0,0,0,0,38,38,0,0,0,0,0,0,0,13,0,110,0,116,18,6,6,0,0,6,0,0,0,0,0,0,0,0,6,6,0,0,0,6,0,0,0,0,0,0,0,0,0,0,0,0,0,0,0,0,0,0,0,0,0,0,0,0,12,0,0,0,0,0,0,0,0,6,0,0,0,0,0,0,0,0,0,0,0,0,0,0,0,0,0,0,0,0,0,0,0,0,0,0,98,97,0,0,7,0,0,0,0,0,0,0,0,16.563328800024465,components_online,symbolic_smt,1,,,,,,,,,,,,,,,,,,,,,,,,,,,,,,,,,,,,,,,,,,,,,,,,,,,,,,,,,,,,,,,,,,,,,,,,,,,,,,,,,,,,,,,,,,,,,,,,,,,,,,,,,,,,,,,,,,,,,,,,,,,,,,,,,,,,,,,,,,,
component_065_events_0098_objects_0050.jsonocel,C:\Users\User\Documents\odacc\experiment_runs\20260919_111654\components_online\symbolic_smt\run_001\component_065_events_0098_objects_0050.json,0,ONLINE_OK,NOT_RUN,fresh_offline_alignment,0,0,True,0,0,0,0,0.0,0.0,,,,,,,,98,6.684849100187421,0.0682127459202798,0.2588615999557078,0,6.684849100187421,98,0,0,0,0,0,0,0,0,15,0,0,0,0,4,4,87,87,87,87,0,11,11,45,4,0,0,0,0,0,0,0,0,0,0,0,0,0,0,0,0,0,0,0,0,11,11,0,193,2,87,0,0,0,87,87,0,0,0,0,0,0,32,32,0,0,0,0,0,0,0,12,0,94,0,98,15,4,4,0,0,4,0,0,0,0,0,0,0,0,4,4,0,0,0,4,0,0,0,0,0,0,0,0,0,0,0,0,0,0,0,0,0,0,0,0,0,0,0,0,11,0,0,0,0,0,0,0,0,4,0,0,0,0,0,0,0,0,0,0,0,0,0,0,0,0,0,0,0,0,0,0,0,0,0,0,83,82,0,0,5,0,0,0,0,0,0,0,0,11.729512399993837,components_online,symbolic_smt,1,,,,,,,,,,,,,,,,,,,,,,,,,,,,,,,,,,,,,,,,,,,,,,,,,,,,,,,,,,,,,,,,,,,,,,,,,,,,,,,,,,,,,,,,,,,,,,,,,,,,,,,,,,,,,,,,,,,,,,,,,,,,,,,,,,,,,,,,,,,
component_066_events_0011_objects_0006.jsonocel,C:\Users\User\Documents\odacc\experiment_runs\20260919_111654\components_online\symbolic_smt\run_001\component_066_events_0011_objects_0006.json,0,ONLINE_OK,NOT_RUN,fresh_offline_alignment,0,0,True,0,0,0,0,0.0,0.0,,,,,,,,11,0.3036693000467494,0.027606300004249948,0.10575340001378208,0,0.3036693000467494,11,0,0,0,0,0,0,0,0,1,0,0,0,0,0,0,10,10,10,10,0,1,1,5,0,0,0,0,0,0,0,0,0,0,0,0,0,0,0,0,0,0,0,0,0,1,1,0,18,1,10,0,0,0,10,10,0,0,0,0,0,0,4,4,0,0,0,0,0,0,0,2,0,11,0,11,1,0,0,0,0,0,0,0,0,0,0,0,0,0,0,0,0,0,0,0,0,0,0,0,0,0,0,0,0,0,0,0,0,0,0,0,0,0,0,0,0,0,0,0,1,0,0,0,0,0,0,0,0,0,0,0,0,0,0,0,0,0,0,0,0,0,0,0,0,0,0,0,0,0,0,0,0,0,0,0,10,9,0,0,1,0,0,0,0,0,0,0,0,0.6990004999097437,components_online,symbolic_smt,1,,,,,,,,,,,,,,,,,,,,,,,,,,,,,,,,,,,,,,,,,,,,,,,,,,,,,,,,,,,,,,,,,,,,,,,,,,,,,,,,,,,,,,,,,,,,,,,,,,,,,,,,,,,,,,,,,,,,,,,,,,,,,,,,,,,,,,,,,,,
component_067_events_0063_objects_0031.jsonocel,C:\Users\User\Documents\odacc\experiment_runs\20260919_111654\components_online\symbolic_smt\run_001\component_067_events_0063_objects_0031.json,0,ONLINE_OK,NOT_RUN,fresh_offline_alignment,0,0,True,0,0,0,0,0.0,0.0,,,,,,,,63,2.14321479992941,0.03401928253856207,0.12603299994952977,0,2.14321479992941,63,0,0,0,0,0,0,0,0,10,0,0,0,0,3,3,56,56,56,56,0,7,7,28,3,0,0,0,0,0,0,0,0,0,0,0,0,0,0,0,0,0,0,0,0,7,7,0,117,1,56,0,0,0,56,56,0,0,0,0,0,0,20,20,0,0,0,0,0,0,0,7,0,60,0,63,10,3,3,0,0,3,0,0,0,0,0,0,0,0,3,3,0,0,0,3,0,0,0,0,0,0,0,0,0,0,0,0,0,0,0,0,0,0,0,0,0,0,0,0,7,0,0,0,0,0,0,0,0,3,0,0,0,0,0,0,0,0,0,0,0,0,0,0,0,0,0,0,0,0,0,0,0,0,0,0,53,53,0,0,3,0,0,0,0,0,0,0,0,3.447110299952328,components_online,symbolic_smt,1,,,,,,,,,,,,,,,,,,,,,,,,,,,,,,,,,,,,,,,,,,,,,,,,,,,,,,,,,,,,,,,,,,,,,,,,,,,,,,,,,,,,,,,,,,,,,,,,,,,,,,,,,,,,,,,,,,,,,,,,,,,,,,,,,,,,,,,,,,,
component_068_events_0009_objects_0005.jsonocel,C:\Users\User\Documents\odacc\experiment_runs\20260919_111654\components_online\symbolic_smt\run_001\component_068_events_0009_objects_0005.json,0,ONLINE_OK,NOT_RUN,fresh_offline_alignment,0,0,True,0,0,0,0,0.0,0.0,,,,,,,,9,0.24834539974108338,0.02759393330456482,0.09177820000331849,0,0.24834539974108338,9,0,0,0,0,0,0,0,0,1,0,0,0,0,0,0,8,8,8,8,0,1,1,4,0,0,0,0,0,0,0,0,0,0,0,0,0,0,0,0,0,0,0,0,0,1,1,0,18,1,8,0,0,0,8,8,0,0,0,0,0,0,4,4,0,0,0,0,0,0,0,2,0,9,0,9,1,0,0,0,0,0,0,0,0,0,0,0,0,0,0,0,0,0,0,0,0,0,0,0,0,0,0,0,0,0,0,0,0,0,0,0,0,0,0,0,0,0,0,0,1,0,0,0,0,0,0,0,0,0,0,0,0,0,0,0,0,0,0,0,0,0,0,0,0,0,0,0,0,0,0,0,0,0,0,0,8,7,0,0,1,0,0,0,0,0,0,0,0,0.5816083999816328,components_online,symbolic_smt,1,,,,,,,,,,,,,,,,,,,,,,,,,,,,,,,,,,,,,,,,,,,,,,,,,,,,,,,,,,,,,,,,,,,,,,,,,,,,,,,,,,,,,,,,,,,,,,,,,,,,,,,,,,,,,,,,,,,,,,,,,,,,,,,,,,,,,,,,,,,
component_001_events_0030_objects_0020.jsonocel,C:\Users\User\Documents\odacc\experiment_runs\20260919_111654\controlled_mutations_fit_online\symbolic_smt\run_001\component_001_events_0030_objects_0020.json,0,ONLINE_OK,NOT_RUN,fresh_offline_alignment,0,0,True,0,0,0,0,0.0,0.0,,,,,,,,30,0.9513588999398053,0.031711963331326844,0.11772469989955425,0,0.9513588999398053,30,0,0,0,0,0,0,0,0,5,0,0,0,0,1,1,26,26,26,26,0,4,4,19,1,0,0,0,0,0,0,0,0,0,0,0,0,0,0,0,0,0,0,0,0,4,4,0,61,1,26,0,0,0,26,26,0,0,0,0,0,0,10,10,0,0,0,0,0,0,0,4,0,29,0,30,5,1,1,0,0,1,0,0,0,0,0,0,0,0,1,1,0,0,0,1,0,0,0,0,0,0,0,0,0,0,0,0,0,0,0,0,0,0,0,0,0,0,0,0,4,0,0,0,0,0,0,0,0,1,0,0,0,0,0,0,0,0,0,0,0,0,0,0,0,0,0,0,0,0,0,0,0,0,0,0,25,25,0,0,1,0,0,0,0,0,0,0,0,1.499266800004989,controlled_mutations_fit_online,symbolic_smt,1,,,,,,,,,,,,,,,,,,,,,,,,,,,,,,,,,,,,,,,,,,,,,,,,,,,,,,,,,,,,,,,,,,,,,,,,,,,,,,,,,,,,,,,,,,,,,,,,,,,,,,,,,,,,,,,,,,,,,,,,,,,,,,,,,,,,,,,,,,,
component_002_events_0028_objects_0013.jsonocel,C:\Users\User\Documents\odacc\experiment_runs\20260919_111654\controlled_mutations_fit_online\symbolic_smt\run_001\component_002_events_0028_objects_0013.json,0,ONLINE_OK,NOT_RUN,fresh_offline_alignment,0,0,True,0,0,0,0,0.0,0.0,,,,,,,,28,0.7823165000882,0.02793987500315,0.13124619994778186,0,0.7823165000882,28,0,0,0,0,0,0,0,0,3,0,0,0,0,1,1,26,26,26,26,0,2,2,11,1,0,0,0,0,0,0,0,0,0,0,0,0,0,0,0,0,0,0,0,0,2,2,0,32,1,26,0,0,0,26,26,0,0,0,0,0,0,8,8,0,0,0,0,0,0,0,3,0,27,0,28,3,1,1,0,0,1,0,0,0,0,0,0,0,0,1,1,0,0,0,1,0,0,0,0,0,0,0,0,0,0,0,0,0,0,0,0,0,0,0,0,0,0,0,0,2,0,0,0,0,0,0,0,0,1,0,0,0,0,0,0,0,0,0,0,0,0,0,0,0,0,0,0,0,0,0,0,0,0,0,0,25,24,0,0,2,0,0,0,0,0,0,0,0,1.4086300999624655,controlled_mutations_fit_online,symbolic_smt,1,,,,,,,,,,,,,,,,,,,,,,,,,,,,,,,,,,,,,,,,,,,,,,,,,,,,,,,,,,,,,,,,,,,,,,,,,,,,,,,,,,,,,,,,,,,,,,,,,,,,,,,,,,,,,,,,,,,,,,,,,,,,,,,,,,,,,,,,,,,
component_003_events_0022_objects_0011.jsonocel,C:\Users\User\Documents\odacc\experiment_runs\20260919_111654\controlled_mutations_fit_online\symbolic_smt\run_001\component_003_events_0022_objects_0011.json,0,ONLINE_OK,NOT_RUN,fresh_offline_alignment,0,0,True,0,0,0,0,0.0,0.0,,,,,,,,22,0.6258687000954524,0.028448577277066015,0.16079039999749511,0,0.6258687000954524,22,0,0,0,0,0,0,0,0,1,0,0,0,0,0,0,21,21,21,21,0,1,1,9,0,0,0,0,0,0,0,0,0,0,0,0,0,0,0,0,0,0,0,0,0,1,1,0,18,1,21,0,0,0,21,21,0,0,0,0,0,0,6,6,0,0,0,0,0,0,0,3,0,22,0,22,1,0,0,0,0,0,0,0,0,0,0,0,0,0,0,0,0,0,0,0,0,0,0,0,0,0,0,0,0,0,0,0,0,0,0,0,0,0,0,0,0,0,0,0,1,0,0,0,0,0,0,0,0,0,0,0,0,0,0,0,0,0,0,0,0,0,0,0,0,0,0,0,0,0,0,0,0,0,0,0,21,19,0,0,2,0,0,0,0,0,0,0,0,1.1026309999870136,controlled_mutations_fit_online,symbolic_smt,1,,,,,,,,,,,,,,,,,,,,,,,,,,,,,,,,,,,,,,,,,,,,,,,,,,,,,,,,,,,,,,,,,,,,,,,,,,,,,,,,,,,,,,,,,,,,,,,,,,,,,,,,,,,,,,,,,,,,,,,,,,,,,,,,,,,,,,,,,,,
component_004_events_0013_objects_0009.jsonocel,C:\Users\User\Documents\odacc\experiment_runs\20260919_111654\controlled_mutations_fit_online\symbolic_smt\run_001\component_004_events_0013_objects_0009.json,0,ONLINE_OK,NOT_RUN,fresh_offline_alignment,0,0,True,0,0,0,0,0.0,0.0,,,,,,,,13,0.37831359973642975,0.02910104613357152,0.14618039992637932,0,0.37831359973642975,13,0,0,0,0,0,0,0,0,1,0,0,0,0,0,0,12,12,12,12,0,1,1,8,0,0,0,0,0,0,0,0,0,0,0,0,0,0,0,0,0,0,0,0,0,1,1,0,18,1,12,0,0,0,12,12,0,0,0,0,0,0,4,4,0,0,0,0,0,0,0,2,0,13,0,13,1,0,0,0,0,0,0,0,0,0,0,0,0,0,0,0,0,0,0,0,0,0,0,0,0,0,0,0,0,0,0,0,0,0,0,0,0,0,0,0,0,0,0,0,1,0,0,0,0,0,0,0,0,0,0,0,0,0,0,0,0,0,0,0,0,0,0,0,0,0,0,0,0,0,0,0,0,0,0,0,12,11,0,0,1,0,0,0,0,0,0,0,0,1.7623223999980837,controlled_mutations_fit_online,symbolic_smt,1,,,,,,,,,,,,,,,,,,,,,,,,,,,,,,,,,,,,,,,,,,,,,,,,,,,,,,,,,,,,,,,,,,,,,,,,,,,,,,,,,,,,,,,,,,,,,,,,,,,,,,,,,,,,,,,,,,,,,,,,,,,,,,,,,,,,,,,,,,,
component_005_events_0035_objects_0016.jsonocel,C:\Users\User\Documents\odacc\experiment_runs\20260919_111654\controlled_mutations_fit_online\symbolic_smt\run_001\component_005_events_0035_objects_0016.json,0,ONLINE_OK,NOT_RUN,fresh_offline_alignment,0,0,True,0,0,0,0,0.0,0.0,,,,,,,,35,1.0564486001385376,0.03018424571824393,0.14838219992816448,0,1.0564486001385376,35,0,0,0,0,0,0,0,0,3,0,0,0,0,1,1,33,33,33,33,0,2,2,14,1,0,0,0,0,0,0,0,0,0,0,0,0,0,0,0,0,0,0,0,0,2,2,0,33,1,33,0,0,0,33,33,0,0,0,0,0,0,8,8,0,0,0,0,0,0,0,3,0,34,0,35,3,1,1,0,0,1,0,0,0,0,0,0,0,0,1,1,0,0,0,1,0,0,0,0,0,0,0,0,0,0,0,0,0,0,0,0,0,0,0,0,0,0,0,0,2,0,0,0,0,0,0,0,0,1,0,0,0,0,0,0,0,0,0,0,0,0,0,0,0,0,0,0,0,0,0,0,0,0,0,0,32,31,0,0,2,0,0,0,0,0,0,0,0,1.8225807000417262,controlled_mutations_fit_online,symbolic_smt,1,,,,,,,,,,,,,,,,,,,,,,,,,,,,,,,,,,,,,,,,,,,,,,,,,,,,,,,,,,,,,,,,,,,,,,,,,,,,,,,,,,,,,,,,,,,,,,,,,,,,,,,,,,,,,,,,,,,,,,,,,,,,,,,,,,,,,,,,,,,
component_006_events_0031_objects_0015.jsonocel,C:\Users\User\Documents\odacc\experiment_runs\20260919_111654\controlled_mutations_fit_online\symbolic_smt\run_001\component_006_events_0031_objects_0015.json,0,ONLINE_OK,NOT_RUN,fresh_offline_alignment,0,0,True,0,0,0,0,0.0,0.0,,,,,,,,31,0.900118000106886,0.02903606451957697,0.10548340005334467,0,0.900118000106886,31,0,0,0,0,0,0,0,0,5,0,0,0,0,2,2,28,28,28,28,0,3,3,13,2,0,0,0,0,0,0,0,0,0,0,0,0,0,0,0,0,0,0,0,0,3,3,0,46,1,28,0,0,0,28,28,0,0,0,0,0,0,10,10,0,0,0,0,0,0,0,3,0,29,0,31,5,2,2,0,0,2,0,0,0,0,0,0,0,0,2,2,0,0,0,2,0,0,0,0,0,0,0,0,0,0,0,0,0,0,0,0,0,0,0,0,0,0,0,0,3,0,0,0,0,0,0,0,0,2,0,0,0,0,0,0,0,0,0,0,0,0,0,0,0,0,0,0,0,0,0,0,0,0,0,0,26,26,0,0,2,0,0,0,0,0,0,0,0,1.5287205000640824,controlled_mutations_fit_online,symbolic_smt,1,,,,,,,,,,,,,,,,,,,,,,,,,,,,,,,,,,,,,,,,,,,,,,,,,,,,,,,,,,,,,,,,,,,,,,,,,,,,,,,,,,,,,,,,,,,,,,,,,,,,,,,,,,,,,,,,,,,,,,,,,,,,,,,,,,,,,,,,,,,
component_009_events_0015_objects_0008.jsonocel,C:\Users\User\Documents\odacc\experiment_runs\20260919_111654\controlled_mutations_fit_online\symbolic_smt\run_001\component_009_events_0015_objects_0008.json,0,ONLINE_OK,NOT_RUN,fresh_offline_alignment,0,0,True,0,0,0,0,0.0,0.0,,,,,,,,15,0.40883560013026,0.027255706675350665,0.13347060000523925,0,0.40883560013026,15,0,0,0,0,0,0,0,0,1,0,0,0,0,0,0,14,14,14,14,0,1,1,7,0,0,0,0,0,0,0,0,0,0,0,0,0,0,0,0,0,0,0,0,0,1,1,0,18,1,14,0,0,0,14,14,0,0,0,0,0,0,4,4,0,0,0,0,0,0,0,2,0,15,0,15,1,0,0,0,0,0,0,0,0,0,0,0,0,0,0,0,0,0,0,0,0,0,0,0,0,0,0,0,0,0,0,0,0,0,0,0,0,0,0,0,0,0,0,0,1,0,0,0,0,0,0,0,0,0,0,0,0,0,0,0,0,0,0,0,0,0,0,0,0,0,0,0,0,0,0,0,0,0,0,0,14,13,0,0,1,0,0,0,0,0,0,0,0,0.8192044999450445,controlled_mutations_fit_online,symbolic_smt,1,,,,,,,,,,,,,,,,,,,,,,,,,,,,,,,,,,,,,,,,,,,,,,,,,,,,,,,,,,,,,,,,,,,,,,,,,,,,,,,,,,,,,,,,,,,,,,,,,,,,,,,,,,,,,,,,,,,,,,,,,,,,,,,,,,,,,,,,,,,
component_011_events_0028_objects_0017.jsonocel,C:\Users\User\Documents\odacc\experiment_runs\20260919_111654\controlled_mutations_fit_online\symbolic_smt\run_001\component_011_events_0028_objects_0017.json,0,ONLINE_OK,NOT_RUN,fresh_offline_alignment,0,0,True,0,0,0,0,0.0,0.0,,,,,,,,28,0.8613409996032715,0.030762178557259694,0.13202290004119277,0,0.8613409996032715,28,0,0,0,0,0,0,0,0,4,0,0,0,0,1,1,25,25,25,25,0,3,3,16,1,0,0,0,0,0,0,0,0,0,0,0,0,0,0,0,0,0,0,0,0,3,3,0,50,1,25,0,0,0,25,25,0,0,0,0,0,0,8,8,0,0,0,0,0,0,0,3,0,27,0,28,4,1,1,0,0,1,0,0,0,0,0,0,0,0,1,1,0,0,0,1,0,0,0,0,0,0,0,0,0,0,0,0,0,0,0,0,0,0,0,0,0,0,0,0,3,0,0,0,0,0,0,0,0,1,0,0,0,0,0,0,0,0,0,0,0,0,0,0,0,0,0,0,0,0,0,0,0,0,0,0,24,24,0,0,1,0,0,0,0,0,0,0,0,2.3655990000115708,controlled_mutations_fit_online,symbolic_smt,1,,,,,,,,,,,,,,,,,,,,,,,,,,,,,,,,,,,,,,,,,,,,,,,,,,,,,,,,,,,,,,,,,,,,,,,,,,,,,,,,,,,,,,,,,,,,,,,,,,,,,,,,,,,,,,,,,,,,,,,,,,,,,,,,,,,,,,,,,,,
component_014_events_0102_objects_0053.jsonocel,C:\Users\User\Documents\odacc\experiment_runs\20260919_111654\controlled_mutations_fit_online\symbolic_smt\run_001\component_014_events_0102_objects_0053.json,0,ONLINE_OK,NOT_RUN,fresh_offline_alignment,0,0,True,0,0,0,0,0.0,0.0,,,,,,,,102,7.757236699922942,0.07605134019532296,0.29970430000685155,0,7.757236699922942,102,0,0,0,0,0,0,0,0,14,0,0,0,0,5,5,93,93,93,93,0,9,9,47,5,0,0,0,0,0,0,0,0,0,0,0,0,0,0,0,0,0,0,0,0,9,9,0,151,1,93,0,0,0,93,93,0,0,0,0,0,0,30,30,0,0,0,0,0,0,0,10,0,97,0,102,14,5,5,0,0,5,0,0,0,0,0,0,0,0,5,5,0,0,0,5,0,0,0,0,0,0,0,0,0,0,0,0,0,0,0,0,0,0,0,0,0,0,0,0,9,0,0,0,0,0,0,0,0,5,0,0,0,0,0,0,0,0,0,0,0,0,0,0,0,0,0,0,0,0,0,0,0,0,0,0,88,87,0,0,6,0,0,0,0,0,0,0,0,13.994105799938552,controlled_mutations_fit_online,symbolic_smt,1,,,,,,,,,,,,,,,,,,,,,,,,,,,,,,,,,,,,,,,,,,,,,,,,,,,,,,,,,,,,,,,,,,,,,,,,,,,,,,,,,,,,,,,,,,,,,,,,,,,,,,,,,,,,,,,,,,,,,,,,,,,,,,,,,,,,,,,,,,,
component_020_events_0022_objects_0009.jsonocel,C:\Users\User\Documents\odacc\experiment_runs\20260919_111654\controlled_mutations_fit_online\symbolic_smt\run_001\component_020_events_0022_objects_0009.json,0,ONLINE_OK,NOT_RUN,fresh_offline_alignment,0,0,True,0,0,0,0,0.0,0.0,,,,,,,,22,0.5943401997210458,0.0270154636236839,0.14554219995625317,0,0.5943401997210458,22,0,0,0,0,0,0,0,0,1,0,0,0,0,0,0,21,21,21,21,0,1,1,8,0,0,0,0,0,0,0,0,0,0,0,0,0,0,0,0,0,0,0,0,0,1,1,0,18,1,21,0,0,0,21,21,0,0,0,0,0,0,4,4,0,0,0,0,0,0,0,2,0,22,0,22,1,0,0,0,0,0,0,0,0,0,0,0,0,0,0,0,0,0,0,0,0,0,0,0,0,0,0,0,0,0,0,0,0,0,0,0,0,0,0,0,0,0,0,0,1,0,0,0,0,0,0,0,0,0,0,0,0,0,0,0,0,0,0,0,0,0,0,0,0,0,0,0,0,0,0,0,0,0,0,0,21,20,0,0,1,0,0,0,0,0,0,0,0,1.1316042999969795,controlled_mutations_fit_online,symbolic_smt,1,,,,,,,,,,,,,,,,,,,,,,,,,,,,,,,,,,,,,,,,,,,,,,,,,,,,,,,,,,,,,,,,,,,,,,,,,,,,,,,,,,,,,,,,,,,,,,,,,,,,,,,,,,,,,,,,,,,,,,,,,,,,,,,,,,,,,,,,,,,
component_021_events_0013_objects_0005.jsonocel,C:\Users\User\Documents\odacc\experiment_runs\20260919_111654\controlled_mutations_fit_online\symbolic_smt\run_001\component_021_events_0013_objects_0005.json,0,ONLINE_OK,NOT_RUN,fresh_offline_alignment,0,0,True,0,0,0,0,0.0,0.0,,,,,,,,13,0.30983570020180196,0.023833515400138613,0.07650850003119558,0,0.30983570020180196,13,0,0,0,0,0,0,0,0,1,0,0,0,0,0,0,12,12,12,12,0,1,1,3,0,0,0,0,0,0,0,0,0,0,0,0,0,0,0,0,0,0,0,0,0,1,1,0,18,1,12,0,0,0,12,12,0,0,0,0,0,0,6,6,0,0,0,0,0,0,0,3,0,13,0,13,1,0,0,0,0,0,0,0,0,0,0,0,0,0,0,0,0,0,0,0,0,0,0,0,0,0,0,0,0,0,0,0,0,0,0,0,0,0,0,0,0,0,0,0,1,0,0,0,0,0,0,0,0,0,0,0,0,0,0,0,0,0,0,0,0,0,0,0,0,0,0,0,0,0,0,0,0,0,0,0,12,10,0,0,2,0,0,0,0,0,0,0,0,0.711848699953407,controlled_mutations_fit_online,symbolic_smt,1,,,,,,,,,,,,,,,,,,,,,,,,,,,,,,,,,,,,,,,,,,,,,,,,,,,,,,,,,,,,,,,,,,,,,,,,,,,,,,,,,,,,,,,,,,,,,,,,,,,,,,,,,,,,,,,,,,,,,,,,,,,,,,,,,,,,,,,,,,,
component_024_events_0010_objects_0005.jsonocel,C:\Users\User\Documents\odacc\experiment_runs\20260919_111654\controlled_mutations_fit_online\symbolic_smt\run_001\component_024_events_0010_objects_0005.json,0,ONLINE_OK,NOT_RUN,fresh_offline_alignment,0,0,True,0,0,0,0,0.0,0.0,,,,,,,,10,0.25861690007150173,0.025861690007150172,0.09086790005676448,0,0.25861690007150173,10,0,0,0,0,0,0,0,0,1,0,0,0,0,0,0,9,9,9,9,0,1,1,4,0,0,0,0,0,0,0,0,0,0,0,0,0,0,0,0,0,0,0,0,0,1,1,0,18,1,9,0,0,0,9,9,0,0,0,0,0,0,4,4,0,0,0,0,0,0,0,2,0,10,0,10,1,0,0,0,0,0,0,0,0,0,0,0,0,0,0,0,0,0,0,0,0,0,0,0,0,0,0,0,0,0,0,0,0,0,0,0,0,0,0,0,0,0,0,0,1,0,0,0,0,0,0,0,0,0,0,0,0,0,0,0,0,0,0,0,0,0,0,0,0,0,0,0,0,0,0,0,0,0,0,0,9,8,0,0,1,0,0,0,0,0,0,0,0,1.643091700039804,controlled_mutations_fit_online,symbolic_smt,1,,,,,,,,,,,,,,,,,,,,,,,,,,,,,,,,,,,,,,,,,,,,,,,,,,,,,,,,,,,,,,,,,,,,,,,,,,,,,,,,,,,,,,,,,,,,,,,,,,,,,,,,,,,,,,,,,,,,,,,,,,,,,,,,,,,,,,,,,,,
component_028_events_0012_objects_0008.jsonocel,C:\Users\User\Documents\odacc\experiment_runs\20260919_111654\controlled_mutations_fit_online\symbolic_smt\run_001\component_028_events_0012_objects_0008.json,0,ONLINE_OK,NOT_RUN,fresh_offline_alignment,0,0,True,0,0,0,0,0.0,0.0,,,,,,,,12,0.3489185001235455,0.029076541676962126,0.13136540004052222,0,0.3489185001235455,12,0,0,0,0,0,0,0,0,1,0,0,0,0,0,0,11,11,11,11,0,1,1,7,0,0,0,0,0,0,0,0,0,0,0,0,0,0,0,0,0,0,0,0,0,1,1,0,18,1,11,0,0,0,11,11,0,0,0,0,0,0,4,4,0,0,0,0,0,0,0,2,0,12,0,12,1,0,0,0,0,0,0,0,0,0,0,0,0,0,0,0,0,0,0,0,0,0,0,0,0,0,0,0,0,0,0,0,0,0,0,0,0,0,0,0,0,0,0,0,1,0,0,0,0,0,0,0,0,0,0,0,0,0,0,0,0,0,0,0,0,0,0,0,0,0,0,0,0,0,0,0,0,0,0,0,11,10,0,0,1,0,0,0,0,0,0,0,0,0.8019361000042409,controlled_mutations_fit_online,symbolic_smt,1,,,,,,,,,,,,,,,,,,,,,,,,,,,,,,,,,,,,,,,,,,,,,,,,,,,,,,,,,,,,,,,,,,,,,,,,,,,,,,,,,,,,,,,,,,,,,,,,,,,,,,,,,,,,,,,,,,,,,,,,,,,,,,,,,,,,,,,,,,,
component_029_events_0021_objects_0010.jsonocel,C:\Users\User\Documents\odacc\experiment_runs\20260919_111654\controlled_mutations_fit_online\symbolic_smt\run_001\component_029_events_0021_objects_0010.json,0,ONLINE_OK,NOT_RUN,fresh_offline_alignment,0,0,True,0,0,0,0,0.0,0.0,,,,,,,,21,0.5613337999675423,0.026730180950835347,0.14948590006679296,0,0.5613337999675423,21,0,0,0,0,0,0,0,0,1,0,0,0,0,0,0,20,20,20,20,0,1,1,8,0,0,0,0,0,0,0,0,0,0,0,0,0,0,0,0,0,0,0,0,0,1,1,0,18,1,20,0,0,0,20,20,0,0,0,0,0,0,6,6,0,0,0,0,0,0,0,3,0,21,0,21,1,0,0,0,0,0,0,0,0,0,0,0,0,0,0,0,0,0,0,0,0,0,0,0,0,0,0,0,0,0,0,0,0,0,0,0,0,0,0,0,0,0,0,0,1,0,0,0,0,0,0,0,0,0,0,0,0,0,0,0,0,0,0,0,0,0,0,0,0,0,0,0,0,0,0,0,0,0,0,0,20,18,0,0,2,0,0,0,0,0,0,0,0,1.118448399938643,controlled_mutations_fit_online,symbolic_smt,1,,,,,,,,,,,,,,,,,,,,,,,,,,,,,,,,,,,,,,,,,,,,,,,,,,,,,,,,,,,,,,,,,,,,,,,,,,,,,,,,,,,,,,,,,,,,,,,,,,,,,,,,,,,,,,,,,,,,,,,,,,,,,,,,,,,,,,,,,,,
component_030_events_0061_objects_0033.jsonocel,C:\Users\User\Documents\odacc\experiment_runs\20260919_111654\controlled_mutations_fit_online\symbolic_smt\run_001\component_030_events_0061_objects_0033.json,0,ONLINE_OK,NOT_RUN,fresh_offline_alignment,0,0,True,0,0,0,0,0.0,0.0,,,,,,,,61,2.5202580003533512,0.04131570492382543,0.19633609999436885,0,2.5202580003533512,61,0,0,0,0,0,0,0,0,6,0,0,0,0,2,2,57,57,57,57,0,4,4,28,2,0,0,0,0,0,0,0,0,0,0,0,0,0,0,0,0,0,0,0,0,4,4,0,63,1,57,0,0,0,57,57,0,0,0,0,0,0,18,18,0,0,0,0,0,0,0,7,0,59,0,61,6,2,2,0,0,2,0,0,0,0,0,0,0,0,2,2,0,0,0,2,0,0,0,0,0,0,0,0,0,0,0,0,0,0,0,0,0,0,0,0,0,0,0,0,4,0,0,0,0,0,0,0,0,2,0,0,0,0,0,0,0,0,0,0,0,0,0,0,0,0,0,0,0,0,0,0,0,0,0,0,55,52,0,0,5,0,0,0,0,0,0,0,0,4.48742979997769,controlled_mutations_fit_online,symbolic_smt,1,,,,,,,,,,,,,,,,,,,,,,,,,,,,,,,,,,,,,,,,,,,,,,,,,,,,,,,,,,,,,,,,,,,,,,,,,,,,,,,,,,,,,,,,,,,,,,,,,,,,,,,,,,,,,,,,,,,,,,,,,,,,,,,,,,,,,,,,,,,
component_031_events_0009_objects_0005.jsonocel,C:\Users\User\Documents\odacc\experiment_runs\20260919_111654\controlled_mutations_fit_online\symbolic_smt\run_001\component_031_events_0009_objects_0005.json,0,ONLINE_OK,NOT_RUN,fresh_offline_alignment,0,0,True,0,0,0,0,0.0,0.0,,,,,,,,9,0.24262100004125386,0.026957888893472653,0.09059899998828769,0,0.24262100004125386,9,0,0,0,0,0,0,0,0,1,0,0,0,0,0,0,8,8,8,8,0,1,1,4,0,0,0,0,0,0,0,0,0,0,0,0,0,0,0,0,0,0,0,0,0,1,1,0,18,1,8,0,0,0,8,8,0,0,0,0,0,0,4,4,0,0,0,0,0,0,0,2,0,9,0,9,1,0,0,0,0,0,0,0,0,0,0,0,0,0,0,0,0,0,0,0,0,0,0,0,0,0,0,0,0,0,0,0,0,0,0,0,0,0,0,0,0,0,0,0,1,0,0,0,0,0,0,0,0,0,0,0,0,0,0,0,0,0,0,0,0,0,0,0,0,0,0,0,0,0,0,0,0,0,0,0,8,7,0,0,1,0,0,0,0,0,0,0,0,0.6112650000723079,controlled_mutations_fit_online,symbolic_smt,1,,,,,,,,,,,,,,,,,,,,,,,,,,,,,,,,,,,,,,,,,,,,,,,,,,,,,,,,,,,,,,,,,,,,,,,,,,,,,,,,,,,,,,,,,,,,,,,,,,,,,,,,,,,,,,,,,,,,,,,,,,,,,,,,,,,,,,,,,,,
component_032_events_0007_objects_0003.jsonocel,C:\Users\User\Documents\odacc\experiment_runs\20260919_111654\controlled_mutations_fit_online\symbolic_smt\run_001\component_032_events_0007_objects_0003.json,0,ONLINE_OK,NOT_RUN,fresh_offline_alignment,0,0,True,0,0,0,0,0.0,0.0,,,,,,,,7,0.17926159966737032,0.025608799952481474,0.06351759994868189,0,0.17926159966737032,7,0,0,0,0,0,0,0,0,1,0,0,0,0,0,0,6,6,6,6,0,1,1,2,0,0,0,0,0,0,0,0,0,0,0,0,0,0,0,0,0,0,0,0,0,1,1,0,18,1,6,0,0,0,6,6,0,0,0,0,0,0,4,4,0,0,0,0,0,0,0,2,0,7,0,7,1,0,0,0,0,0,0,0,0,0,0,0,0,0,0,0,0,0,0,0,0,0,0,0,0,0,0,0,0,0,0,0,0,0,0,0,0,0,0,0,0,0,0,0,1,0,0,0,0,0,0,0,0,0,0,0,0,0,0,0,0,0,0,0,0,0,0,0,0,0,0,0,0,0,0,0,0,0,0,0,6,5,0,0,1,0,0,0,0,0,0,0,0,1.538808000041172,controlled_mutations_fit_online,symbolic_smt,1,,,,,,,,,,,,,,,,,,,,,,,,,,,,,,,,,,,,,,,,,,,,,,,,,,,,,,,,,,,,,,,,,,,,,,,,,,,,,,,,,,,,,,,,,,,,,,,,,,,,,,,,,,,,,,,,,,,,,,,,,,,,,,,,,,,,,,,,,,,
component_036_events_0017_objects_0008.jsonocel,C:\Users\User\Documents\odacc\experiment_runs\20260919_111654\controlled_mutations_fit_online\symbolic_smt\run_001\component_036_events_0017_objects_0008.json,0,ONLINE_OK,NOT_RUN,fresh_offline_alignment,0,0,True,0,0,0,0,0.0,0.0,,,,,,,,17,0.4562550999689847,0.026838535292293218,0.09972500009462237,0,0.4562550999689847,17,0,0,0,0,0,0,0,0,3,0,0,0,0,1,1,15,15,15,15,0,2,2,7,1,0,0,0,0,0,0,0,0,0,0,0,0,0,0,0,0,0,0,0,0,2,2,0,32,1,15,0,0,0,15,15,0,0,0,0,0,0,6,6,0,0,0,0,0,0,0,2,0,16,0,17,3,1,1,0,0,1,0,0,0,0,0,0,0,0,1,1,0,0,0,1,0,0,0,0,0,0,0,0,0,0,0,0,0,0,0,0,0,0,0,0,0,0,0,0,2,0,0,0,0,0,0,0,0,1,0,0,0,0,0,0,0,0,0,0,0,0,0,0,0,0,0,0,0,0,0,0,0,0,0,0,14,14,0,0,1,0,0,0,0,0,0,0,0,0.9018241000594571,controlled_mutations_fit_online,symbolic_smt,1,,,,,,,,,,,,,,,,,,,,,,,,,,,,,,,,,,,,,,,,,,,,,,,,,,,,,,,,,,,,,,,,,,,,,,,,,,,,,,,,,,,,,,,,,,,,,,,,,,,,,,,,,,,,,,,,,,,,,,,,,,,,,,,,,,,,,,,,,,,
component_037_events_0012_objects_0006.jsonocel,C:\Users\User\Documents\odacc\experiment_runs\20260919_111654\controlled_mutations_fit_online\symbolic_smt\run_001\component_037_events_0012_objects_0006.json,0,ONLINE_OK,NOT_RUN,fresh_offline_alignment,0,0,True,0,0,0,0,0.0,0.0,,,,,,,,12,0.31590559997130185,0.026325466664275154,0.10471390001475811,0,0.31590559997130185,12,0,0,0,0,0,0,0,0,1,0,0,0,0,0,0,11,11,11,11,0,1,1,5,0,0,0,0,0,0,0,0,0,0,0,0,0,0,0,0,0,0,0,0,0,1,1,0,18,1,11,0,0,0,11,11,0,0,0,0,0,0,4,4,0,0,0,0,0,0,0,2,0,12,0,12,1,0,0,0,0,0,0,0,0,0,0,0,0,0,0,0,0,0,0,0,0,0,0,0,0,0,0,0,0,0,0,0,0,0,0,0,0,0,0,0,0,0,0,0,1,0,0,0,0,0,0,0,0,0,0,0,0,0,0,0,0,0,0,0,0,0,0,0,0,0,0,0,0,0,0,0,0,0,0,0,11,10,0,0,1,0,0,0,0,0,0,0,0,0.7145351000363007,controlled_mutations_fit_online,symbolic_smt,1,,,,,,,,,,,,,,,,,,,,,,,,,,,,,,,,,,,,,,,,,,,,,,,,,,,,,,,,,,,,,,,,,,,,,,,,,,,,,,,,,,,,,,,,,,,,,,,,,,,,,,,,,,,,,,,,,,,,,,,,,,,,,,,,,,,,,,,,,,,
component_038_events_0008_objects_0004.jsonocel,C:\Users\User\Documents\odacc\experiment_runs\20260919_111654\controlled_mutations_fit_online\symbolic_smt\run_001\component_038_events_0008_objects_0004.json,0,ONLINE_OK,NOT_RUN,fresh_offline_alignment,0,0,True,0,0,0,0,0.0,0.0,,,,,,,,8,0.2132316001225263,0.026653950015315786,0.07718960009515285,0,0.2132316001225263,8,0,0,0,0,0,0,0,0,1,0,0,0,0,0,0,7,7,7,7,0,1,1,3,0,0,0,0,0,0,0,0,0,0,0,0,0,0,0,0,0,0,0,0,0,1,1,0,18,1,7,0,0,0,7,7,0,0,0,0,0,0,4,4,0,0,0,0,0,0,0,2,0,8,0,8,1,0,0,0,0,0,0,0,0,0,0,0,0,0,0,0,0,0,0,0,0,0,0,0,0,0,0,0,0,0,0,0,0,0,0,0,0,0,0,0,0,0,0,0,1,0,0,0,0,0,0,0,0,0,0,0,0,0,0,0,0,0,0,0,0,0,0,0,0,0,0,0,0,0,0,0,0,0,0,0,7,6,0,0,1,0,0,0,0,0,0,0,0,1.5380917999427766,controlled_mutations_fit_online,symbolic_smt,1,,,,,,,,,,,,,,,,,,,,,,,,,,,,,,,,,,,,,,,,,,,,,,,,,,,,,,,,,,,,,,,,,,,,,,,,,,,,,,,,,,,,,,,,,,,,,,,,,,,,,,,,,,,,,,,,,,,,,,,,,,,,,,,,,,,,,,,,,,,
component_042_events_0009_objects_0005.jsonocel,C:\Users\User\Documents\odacc\experiment_runs\20260919_111654\controlled_mutations_fit_online\symbolic_smt\run_001\component_042_events_0009_objects_0005.json,0,ONLINE_OK,NOT_RUN,fresh_offline_alignment,0,0,True,0,0,0,0,0.0,0.0,,,,,,,,9,0.24139740003738552,0.02682193333748728,0.09194640000350773,0,0.24139740003738552,9,0,0,0,0,0,0,0,0,1,0,0,0,0,0,0,8,8,8,8,0,1,1,4,0,0,0,0,0,0,0,0,0,0,0,0,0,0,0,0,0,0,0,0,0,1,1,0,18,1,8,0,0,0,8,8,0,0,0,0,0,0,4,4,0,0,0,0,0,0,0,2,0,9,0,9,1,0,0,0,0,0,0,0,0,0,0,0,0,0,0,0,0,0,0,0,0,0,0,0,0,0,0,0,0,0,0,0,0,0,0,0,0,0,0,0,0,0,0,0,1,0,0,0,0,0,0,0,0,0,0,0,0,0,0,0,0,0,0,0,0,0,0,0,0,0,0,0,0,0,0,0,0,0,0,0,8,7,0,0,1,0,0,0,0,0,0,0,0,0.5900833000196144,controlled_mutations_fit_online,symbolic_smt,1,,,,,,,,,,,,,,,,,,,,,,,,,,,,,,,,,,,,,,,,,,,,,,,,,,,,,,,,,,,,,,,,,,,,,,,,,,,,,,,,,,,,,,,,,,,,,,,,,,,,,,,,,,,,,,,,,,,,,,,,,,,,,,,,,,,,,,,,,,,
component_048_events_0011_objects_0007.jsonocel,C:\Users\User\Documents\odacc\experiment_runs\20260919_111654\controlled_mutations_fit_online\symbolic_smt\run_001\component_048_events_0011_objects_0007.json,0,ONLINE_OK,NOT_RUN,fresh_offline_alignment,0,0,True,0,0,0,0,0.0,0.0,,,,,,,,11,0.3141272998182103,0.028557027256200938,0.11858309991657734,0,0.3141272998182103,11,0,0,0,0,0,0,0,0,1,0,0,0,0,0,0,10,10,10,10,0,1,1,6,0,0,0,0,0,0,0,0,0,0,0,0,0,0,0,0,0,0,0,0,0,1,1,0,18,1,10,0,0,0,10,10,0,0,0,0,0,0,4,4,0,0,0,0,0,0,0,2,0,11,0,11,1,0,0,0,0,0,0,0,0,0,0,0,0,0,0,0,0,0,0,0,0,0,0,0,0,0,0,0,0,0,0,0,0,0,0,0,0,0,0,0,0,0,0,0,1,0,0,0,0,0,0,0,0,0,0,0,0,0,0,0,0,0,0,0,0,0,0,0,0,0,0,0,0,0,0,0,0,0,0,0,10,9,0,0,1,0,0,0,0,0,0,0,0,1.657988699967973,controlled_mutations_fit_online,symbolic_smt,1,,,,,,,,,,,,,,,,,,,,,,,,,,,,,,,,,,,,,,,,,,,,,,,,,,,,,,,,,,,,,,,,,,,,,,,,,,,,,,,,,,,,,,,,,,,,,,,,,,,,,,,,,,,,,,,,,,,,,,,,,,,,,,,,,,,,,,,,,,,
component_050_events_0008_objects_0004.jsonocel,C:\Users\User\Documents\odacc\experiment_runs\20260919_111654\controlled_mutations_fit_online\symbolic_smt\run_001\component_050_events_0008_objects_0004.json,0,ONLINE_OK,NOT_RUN,fresh_offline_alignment,0,0,True,0,0,0,0,0.0,0.0,,,,,,,,8,0.21028300002217293,0.026285375002771616,0.07589089998509735,0,0.21028300002217293,8,0,0,0,0,0,0,0,0,1,0,0,0,0,0,0,7,7,7,7,0,1,1,3,0,0,0,0,0,0,0,0,0,0,0,0,0,0,0,0,0,0,0,0,0,1,1,0,17,1,7,0,0,0,7,7,0,0,0,0,0,0,4,4,0,0,0,0,0,0,0,2,0,8,0,8,1,0,0,0,0,0,0,0,0,0,0,0,0,0,0,0,0,0,0,0,0,0,0,0,0,0,0,0,0,0,0,0,0,0,0,0,0,0,0,0,0,0,0,0,1,0,0,0,0,0,0,0,0,0,0,0,0,0,0,0,0,0,0,0,0,0,0,0,0,0,0,0,0,0,0,0,0,0,0,0,7,6,0,0,1,0,0,0,0,0,0,0,0,0.5947938000317663,controlled_mutations_fit_online,symbolic_smt,1,,,,,,,,,,,,,,,,,,,,,,,,,,,,,,,,,,,,,,,,,,,,,,,,,,,,,,,,,,,,,,,,,,,,,,,,,,,,,,,,,,,,,,,,,,,,,,,,,,,,,,,,,,,,,,,,,,,,,,,,,,,,,,,,,,,,,,,,,,,
component_051_events_0011_objects_0007.jsonocel,C:\Users\User\Documents\odacc\experiment_runs\20260919_111654\controlled_mutations_fit_online\symbolic_smt\run_001\component_051_events_0011_objects_0007.json,0,ONLINE_OK,NOT_RUN,fresh_offline_alignment,0,0,True,0,0,0,0,0.0,0.0,,,,,,,,11,0.30768430000171065,0.027971300000155516,0.11711550003383309,0,0.30768430000171065,11,0,0,0,0,0,0,0,0,1,0,0,0,0,0,0,10,10,10,10,0,1,1,6,0,0,0,0,0,0,0,0,0,0,0,0,0,0,0,0,0,0,0,0,0,1,1,0,18,1,10,0,0,0,10,10,0,0,0,0,0,0,4,4,0,0,0,0,0,0,0,2,0,11,0,11,1,0,0,0,0,0,0,0,0,0,0,0,0,0,0,0,0,0,0,0,0,0,0,0,0,0,0,0,0,0,0,0,0,0,0,0,0,0,0,0,0,0,0,0,1,0,0,0,0,0,0,0,0,0,0,0,0,0,0,0,0,0,0,0,0,0,0,0,0,0,0,0,0,0,0,0,0,0,0,0,10,9,0,0,1,0,0,0,0,0,0,0,0,0.7013742999406531,controlled_mutations_fit_online,symbolic_smt,1,,,,,,,,,,,,,,,,,,,,,,,,,,,,,,,,,,,,,,,,,,,,,,,,,,,,,,,,,,,,,,,,,,,,,,,,,,,,,,,,,,,,,,,,,,,,,,,,,,,,,,,,,,,,,,,,,,,,,,,,,,,,,,,,,,,,,,,,,,,
component_057_events_0011_objects_0005.jsonocel,C:\Users\User\Documents\odacc\experiment_runs\20260919_111654\controlled_mutations_fit_online\symbolic_smt\run_001\component_057_events_0011_objects_0005.json,0,ONLINE_OK,NOT_RUN,fresh_offline_alignment,0,0,True,0,0,0,0,0.0,0.0,,,,,,,,11,0.2785437002312392,0.025322154566476292,0.09212010004557669,0,0.2785437002312392,11,0,0,0,0,0,0,0,0,1,0,0,0,0,0,0,10,10,10,10,0,1,1,4,0,0,0,0,0,0,0,0,0,0,0,0,0,0,0,0,0,0,0,0,0,1,1,0,18,1,10,0,0,0,10,10,0,0,0,0,0,0,4,4,0,0,0,0,0,0,0,2,0,11,0,11,1,0,0,0,0,0,0,0,0,0,0,0,0,0,0,0,0,0,0,0,0,0,0,0,0,0,0,0,0,0,0,0,0,0,0,0,0,0,0,0,0,0,0,0,1,0,0,0,0,0,0,0,0,0,0,0,0,0,0,0,0,0,0,0,0,0,0,0,0,0,0,0,0,0,0,0,0,0,0,0,10,9,0,0,1,0,0,0,0,0,0,0,0,1.6337373000569642,controlled_mutations_fit_online,symbolic_smt,1,,,,,,,,,,,,,,,,,,,,,,,,,,,,,,,,,,,,,,,,,,,,,,,,,,,,,,,,,,,,,,,,,,,,,,,,,,,,,,,,,,,,,,,,,,,,,,,,,,,,,,,,,,,,,,,,,,,,,,,,,,,,,,,,,,,,,,,,,,,
component_058_events_0009_objects_0005.jsonocel,C:\Users\User\Documents\odacc\experiment_runs\20260919_111654\controlled_mutations_fit_online\symbolic_smt\run_001\component_058_events_0009_objects_0005.json,0,ONLINE_OK,NOT_RUN,fresh_offline_alignment,0,0,True,0,0,0,0,0.0,0.0,,,,,,,,9,0.2458064997335896,0.027311833303732175,0.09279110003262758,0,0.2458064997335896,9,0,0,0,0,0,0,0,0,1,0,0,0,0,0,0,8,8,8,8,0,1,1,4,0,0,0,0,0,0,0,0,0,0,0,0,0,0,0,0,0,0,0,0,0,1,1,0,18,1,8,0,0,0,8,8,0,0,0,0,0,0,4,4,0,0,0,0,0,0,0,2,0,9,0,9,1,0,0,0,0,0,0,0,0,0,0,0,0,0,0,0,0,0,0,0,0,0,0,0,0,0,0,0,0,0,0,0,0,0,0,0,0,0,0,0,0,0,0,0,1,0,0,0,0,0,0,0,0,0,0,0,0,0,0,0,0,0,0,0,0,0,0,0,0,0,0,0,0,0,0,0,0,0,0,0,8,7,0,0,1,0,0,0,0,0,0,0,0,0.5216086999280378,controlled_mutations_fit_online,symbolic_smt,1,,,,,,,,,,,,,,,,,,,,,,,,,,,,,,,,,,,,,,,,,,,,,,,,,,,,,,,,,,,,,,,,,,,,,,,,,,,,,,,,,,,,,,,,,,,,,,,,,,,,,,,,,,,,,,,,,,,,,,,,,,,,,,,,,,,,,,,,,,,
component_059_events_0010_objects_0006.jsonocel,C:\Users\User\Documents\odacc\experiment_runs\20260919_111654\controlled_mutations_fit_online\symbolic_smt\run_001\component_059_events_0010_objects_0006.json,0,ONLINE_OK,NOT_RUN,fresh_offline_alignment,0,0,True,0,0,0,0,0.0,0.0,,,,,,,,10,0.27616789983585477,0.027616789983585476,0.10542239993810654,0,0.27616789983585477,10,0,0,0,0,0,0,0,0,1,0,0,0,0,0,0,9,9,9,9,0,1,1,5,0,0,0,0,0,0,0,0,0,0,0,0,0,0,0,0,0,0,0,0,0,1,1,0,18,1,9,0,0,0,9,9,0,0,0,0,0,0,4,4,0,0,0,0,0,0,0,2,0,10,0,10,1,0,0,0,0,0,0,0,0,0,0,0,0,0,0,0,0,0,0,0,0,0,0,0,0,0,0,0,0,0,0,0,0,0,0,0,0,0,0,0,0,0,0,0,1,0,0,0,0,0,0,0,0,0,0,0,0,0,0,0,0,0,0,0,0,0,0,0,0,0,0,0,0,0,0,0,0,0,0,0,9,8,0,0,1,0,0,0,0,0,0,0,0,0.6251820999896154,controlled_mutations_fit_online,symbolic_smt,1,,,,,,,,,,,,,,,,,,,,,,,,,,,,,,,,,,,,,,,,,,,,,,,,,,,,,,,,,,,,,,,,,,,,,,,,,,,,,,,,,,,,,,,,,,,,,,,,,,,,,,,,,,,,,,,,,,,,,,,,,,,,,,,,,,,,,,,,,,,
component_061_events_0007_objects_0003.jsonocel,C:\Users\User\Documents\odacc\experiment_runs\20260919_111654\controlled_mutations_fit_online\symbolic_smt\run_001\component_061_events_0007_objects_0003.json,0,ONLINE_OK,NOT_RUN,fresh_offline_alignment,0,0,True,0,0,0,0,0.0,0.0,,,,,,,,7,0.18010770005639642,0.02572967143662806,0.0632702000439167,0,0.18010770005639642,7,0,0,0,0,0,0,0,0,1,0,0,0,0,0,0,6,6,6,6,0,1,1,2,0,0,0,0,0,0,0,0,0,0,0,0,0,0,0,0,0,0,0,0,0,1,1,0,18,1,6,0,0,0,6,6,0,0,0,0,0,0,4,4,0,0,0,0,0,0,0,2,0,7,0,7,1,0,0,0,0,0,0,0,0,0,0,0,0,0,0,0,0,0,0,0,0,0,0,0,0,0,0,0,0,0,0,0,0,0,0,0,0,0,0,0,0,0,0,0,1,0,0,0,0,0,0,0,0,0,0,0,0,0,0,0,0,0,0,0,0,0,0,0,0,0,0,0,0,0,0,0,0,0,0,0,6,5,0,0,1,0,0,0,0,0,0,0,0,0.5240696000400931,controlled_mutations_fit_online,symbolic_smt,1,,,,,,,,,,,,,,,,,,,,,,,,,,,,,,,,,,,,,,,,,,,,,,,,,,,,,,,,,,,,,,,,,,,,,,,,,,,,,,,,,,,,,,,,,,,,,,,,,,,,,,,,,,,,,,,,,,,,,,,,,,,,,,,,,,,,,,,,,,,
component_063_events_0035_objects_0019.jsonocel,C:\Users\User\Documents\odacc\experiment_runs\20260919_111654\controlled_mutations_fit_online\symbolic_smt\run_001\component_063_events_0035_objects_0019.json,0,ONLINE_OK,NOT_RUN,fresh_offline_alignment,0,0,True,0,0,0,0,0.0,0.0,,,,,,,,35,1.0705783998128027,0.03058795428036579,0.10811689996626228,0,1.0705783998128027,35,0,0,0,0,0,0,0,0,6,0,0,0,0,1,1,30,30,30,30,0,5,5,17,1,0,0,0,0,0,0,0,0,0,0,0,0,0,0,0,0,0,0,0,0,5,5,0,80,1,30,0,0,0,30,30,0,0,0,0,0,0,14,14,0,0,0,0,0,0,0,6,0,34,0,35,6,1,1,0,0,1,0,0,0,0,0,0,0,0,1,1,0,0,0,1,0,0,0,0,0,0,0,0,0,0,0,0,0,0,0,0,0,0,0,0,0,0,0,0,5,0,0,0,0,0,0,0,0,1,0,0,0,0,0,0,0,0,0,0,0,0,0,0,0,0,0,0,0,0,0,0,0,0,0,0,29,28,0,0,2,0,0,0,0,0,0,0,0,1.658031800063327,controlled_mutations_fit_online,symbolic_smt,1,,,,,,,,,,,,,,,,,,,,,,,,,,,,,,,,,,,,,,,,,,,,,,,,,,,,,,,,,,,,,,,,,,,,,,,,,,,,,,,,,,,,,,,,,,,,,,,,,,,,,,,,,,,,,,,,,,,,,,,,,,,,,,,,,,,,,,,,,,,
component_064_events_0116_objects_0055.jsonocel,C:\Users\User\Documents\odacc\experiment_runs\20260919_111654\controlled_mutations_fit_online\symbolic_smt\run_001\component_064_events_0116_objects_0055.json,0,ONLINE_OK,NOT_RUN,fresh_offline_alignment,0,0,True,0,0,0,0,0.0,0.0,,,,,,,,116,10.31613130052574,0.08893216638384259,0.2815935000544414,0,10.31613130052574,116,0,0,0,0,0,0,0,0,18,0,0,0,0,6,6,104,104,104,104,0,12,12,48,6,0,0,0,0,0,0,0,0,0,0,0,0,0,0,0,0,0,0,0,0,12,12,0,221,4,104,0,0,0,104,104,0,0,0,0,0,0,38,38,0,0,0,0,0,0,0,13,0,110,0,116,18,6,6,0,0,6,0,0,0,0,0,0,0,0,6,6,0,0,0,6,0,0,0,0,0,0,0,0,0,0,0,0,0,0,0,0,0,0,0,0,0,0,0,0,12,0,0,0,0,0,0,0,0,6,0,0,0,0,0,0,0,0,0,0,0,0,0,0,0,0,0,0,0,0,0,0,0,0,0,0,98,97,0,0,7,0,0,0,0,0,0,0,0,18.534471399965696,controlled_mutations_fit_online,symbolic_smt,1,,,,,,,,,,,,,,,,,,,,,,,,,,,,,,,,,,,,,,,,,,,,,,,,,,,,,,,,,,,,,,,,,,,,,,,,,,,,,,,,,,,,,,,,,,,,,,,,,,,,,,,,,,,,,,,,,,,,,,,,,,,,,,,,,,,,,,,,,,,
component_065_events_0098_objects_0050.jsonocel,C:\Users\User\Documents\odacc\experiment_runs\20260919_111654\controlled_mutations_fit_online\symbolic_smt\run_001\component_065_events_0098_objects_0050.json,0,ONLINE_OK,NOT_RUN,fresh_offline_alignment,0,0,True,0,0,0,0,0.0,0.0,,,,,,,,98,6.709119800827466,0.0684604061308925,0.22731039999052882,0,6.709119800827466,98,0,0,0,0,0,0,0,0,15,0,0,0,0,4,4,87,87,87,87,0,11,11,45,4,0,0,0,0,0,0,0,0,0,0,0,0,0,0,0,0,0,0,0,0,11,11,0,189,2,87,0,0,0,87,87,0,0,0,0,0,0,32,32,0,0,0,0,0,0,0,12,0,94,0,98,15,4,4,0,0,4,0,0,0,0,0,0,0,0,4,4,0,0,0,4,0,0,0,0,0,0,0,0,0,0,0,0,0,0,0,0,0,0,0,0,0,0,0,0,11,0,0,0,0,0,0,0,0,4,0,0,0,0,0,0,0,0,0,0,0,0,0,0,0,0,0,0,0,0,0,0,0,0,0,0,83,82,0,0,5,0,0,0,0,0,0,0,0,12.077199299936183,controlled_mutations_fit_online,symbolic_smt,1,,,,,,,,,,,,,,,,,,,,,,,,,,,,,,,,,,,,,,,,,,,,,,,,,,,,,,,,,,,,,,,,,,,,,,,,,,,,,,,,,,,,,,,,,,,,,,,,,,,,,,,,,,,,,,,,,,,,,,,,,,,,,,,,,,,,,,,,,,,
component_066_events_0011_objects_0006.jsonocel,C:\Users\User\Documents\odacc\experiment_runs\20260919_111654\controlled_mutations_fit_online\symbolic_smt\run_001\component_066_events_0011_objects_0006.json,0,ONLINE_OK,NOT_RUN,fresh_offline_alignment,0,0,True,0,0,0,0,0.0,0.0,,,,,,,,11,0.2994651000481099,0.027224100004373628,0.10724330006632954,0,0.2994651000481099,11,0,0,0,0,0,0,0,0,1,0,0,0,0,0,0,10,10,10,10,0,1,1,5,0,0,0,0,0,0,0,0,0,0,0,0,0,0,0,0,0,0,0,0,0,1,1,0,18,1,10,0,0,0,10,10,0,0,0,0,0,0,4,4,0,0,0,0,0,0,0,2,0,11,0,11,1,0,0,0,0,0,0,0,0,0,0,0,0,0,0,0,0,0,0,0,0,0,0,0,0,0,0,0,0,0,0,0,0,0,0,0,0,0,0,0,0,0,0,0,1,0,0,0,0,0,0,0,0,0,0,0,0,0,0,0,0,0,0,0,0,0,0,0,0,0,0,0,0,0,0,0,0,0,0,0,10,9,0,0,1,0,0,0,0,0,0,0,0,0.6427099000429735,controlled_mutations_fit_online,symbolic_smt,1,,,,,,,,,,,,,,,,,,,,,,,,,,,,,,,,,,,,,,,,,,,,,,,,,,,,,,,,,,,,,,,,,,,,,,,,,,,,,,,,,,,,,,,,,,,,,,,,,,,,,,,,,,,,,,,,,,,,,,,,,,,,,,,,,,,,,,,,,,,
component_067_events_0063_objects_0031.jsonocel,C:\Users\User\Documents\odacc\experiment_runs\20260919_111654\controlled_mutations_fit_online\symbolic_smt\run_001\component_067_events_0063_objects_0031.json,0,ONLINE_OK,NOT_RUN,fresh_offline_alignment,0,0,True,0,0,0,0,0.0,0.0,,,,,,,,63,2.1383558999514207,0.033942157142086045,0.12666700000409037,0,2.1383558999514207,63,0,0,0,0,0,0,0,0,10,0,0,0,0,3,3,56,56,56,56,0,7,7,28,3,0,0,0,0,0,0,0,0,0,0,0,0,0,0,0,0,0,0,0,0,7,7,0,118,1,56,0,0,0,56,56,0,0,0,0,0,0,20,20,0,0,0,0,0,0,0,7,0,60,0,63,10,3,3,0,0,3,0,0,0,0,0,0,0,0,3,3,0,0,0,3,0,0,0,0,0,0,0,0,0,0,0,0,0,0,0,0,0,0,0,0,0,0,0,0,7,0,0,0,0,0,0,0,0,3,0,0,0,0,0,0,0,0,0,0,0,0,0,0,0,0,0,0,0,0,0,0,0,0,0,0,53,53,0,0,3,0,0,0,0,0,0,0,0,3.3655831000069156,controlled_mutations_fit_online,symbolic_smt,1,,,,,,,,,,,,,,,,,,,,,,,,,,,,,,,,,,,,,,,,,,,,,,,,,,,,,,,,,,,,,,,,,,,,,,,,,,,,,,,,,,,,,,,,,,,,,,,,,,,,,,,,,,,,,,,,,,,,,,,,,,,,,,,,,,,,,,,,,,,
component_068_events_0009_objects_0005.jsonocel,C:\Users\User\Documents\odacc\experiment_runs\20260919_111654\controlled_mutations_fit_online\symbolic_smt\run_001\component_068_events_0009_objects_0005.json,0,ONLINE_OK,NOT_RUN,fresh_offline_alignment,0,0,True,0,0,0,0,0.0,0.0,,,,,,,,9,0.24247219983953983,0.026941355537726648,0.09199670003727078,0,0.24247219983953983,9,0,0,0,0,0,0,0,0,1,0,0,0,0,0,0,8,8,8,8,0,1,1,4,0,0,0,0,0,0,0,0,0,0,0,0,0,0,0,0,0,0,0,0,0,1,1,0,18,1,8,0,0,0,8,8,0,0,0,0,0,0,4,4,0,0,0,0,0,0,0,2,0,9,0,9,1,0,0,0,0,0,0,0,0,0,0,0,0,0,0,0,0,0,0,0,0,0,0,0,0,0,0,0,0,0,0,0,0,0,0,0,0,0,0,0,0,0,0,0,1,0,0,0,0,0,0,0,0,0,0,0,0,0,0,0,0,0,0,0,0,0,0,0,0,0,0,0,0,0,0,0,0,0,0,0,8,7,0,0,1,0,0,0,0,0,0,0,0,0.526561800041236,controlled_mutations_fit_online,symbolic_smt,1,,,,,,,,,,,,,,,,,,,,,,,,,,,,,,,,,,,,,,,,,,,,,,,,,,,,,,,,,,,,,,,,,,,,,,,,,,,,,,,,,,,,,,,,,,,,,,,,,,,,,,,,,,,,,,,,,,,,,,,,,,,,,,,,,,,,,,,,,,,
component_001_events_0030_objects_0020.jsonocel,C:\Users\User\Documents\odacc\experiment_runs\20260919_111654\controlled_mutations_cf_extra_pick_online\symbolic_smt\run_001\component_001_events_0030_objects_0020.json,0,ONLINE_OK,NOT_RUN,fresh_offline_alignment,0,0,True,1,1,0,0,0.0,0.0,,,,,,,,31,0.9916782000800595,0.03198961935742127,0.11651689989957958,0,0.9916782000800595,31,0,0,0,0,0,0,0,0,5,0,0,0,0,1,1,27,26,27,26,0,4,4,19,1,0,0,0,0,0,0,0,0,0,0,0,0,0,0,0,0,0,0,0,0,5,4,1,63,1,27,0,0,0,27,26,0,0,0,0,0,0,10,10,1,0,1,0,0,6,0,4,0,30,0,25,5,1,1,0,4,1,0,0,0,0,0,0,0,0,1,1,0,0,0,0,0,0,0,0,0,0,0,0,0,0,0,0,0,0,0,0,0,0,0,0,0,0,0,0,4,0,0,0,0,0,0,0,0,0,0,0,0,0,0,0,0,0,0,0,0,0,0,0,0,0,0,0,0,0,0,0,0,0,0,0,26,26,0,0,1,0,0,0,0,0,0,0,0,1.4883097000420094,controlled_mutations_cf_extra_pick_online,symbolic_smt,1,,,,,,,,,,,,,,,,,,,,,,,,,,,,,,,,,,,,,,,,,,,,,,,,,,,,,,,,,,,,,,,,,,,,,,,,,,,,,,,,,,,,,,,,,,,,,,,,,,,,,,,,,,,,,,,,,,,,,,,,,,,,,,,,,,,,,,,,,,,
component_002_events_0028_objects_0013.jsonocel,C:\Users\User\Documents\odacc\experiment_runs\20260919_111654\controlled_mutations_cf_extra_pick_online\symbolic_smt\run_001\component_002_events_0028_objects_0013.json,0,ONLINE_OK,NOT_RUN,fresh_offline_alignment,0,0,True,1,1,0,0,0.0,0.0,,,,,,,,29,0.8355150999268517,0.028810865514719022,0.1325273000402376,0,0.8355150999268517,29,0,0,0,0,0,0,0,0,3,0,0,0,0,1,1,27,26,27,26,0,2,2,11,1,0,0,0,0,0,0,0,0,0,0,0,0,0,0,0,0,0,0,0,0,3,2,1,33,1,27,0,0,0,27,26,0,0,0,0,0,0,8,8,1,0,1,0,0,13,0,3,0,28,0,16,3,1,1,0,11,1,0,0,0,0,0,0,0,0,1,1,0,0,0,0,0,0,0,0,0,0,0,0,0,0,0,0,0,0,0,0,0,0,0,0,0,0,0,0,2,0,0,0,0,0,0,0,0,0,0,0,0,0,0,0,0,0,0,0,0,0,0,0,0,0,0,0,0,0,0,0,0,0,0,0,26,25,0,0,2,0,0,0,0,0,0,0,0,2.36569189990405,controlled_mutations_cf_extra_pick_online,symbolic_smt,1,,,,,,,,,,,,,,,,,,,,,,,,,,,,,,,,,,,,,,,,,,,,,,,,,,,,,,,,,,,,,,,,,,,,,,,,,,,,,,,,,,,,,,,,,,,,,,,,,,,,,,,,,,,,,,,,,,,,,,,,,,,,,,,,,,,,,,,,,,,
component_003_events_0022_objects_0011.jsonocel,C:\Users\User\Documents\odacc\experiment_runs\20260919_111654\controlled_mutations_cf_extra_pick_online\symbolic_smt\run_001\component_003_events_0022_objects_0011.json,0,ONLINE_OK,NOT_RUN,fresh_offline_alignment,0,0,True,1,1,0,0,0.0,0.0,,,,,,,,23,0.6804021004354581,0.029582700018932963,0.15966860007029027,0,0.6804021004354581,23,0,0,0,0,0,0,0,0,1,0,0,0,0,0,0,22,21,22,21,0,1,1,9,0,0,0,0,0,0,0,0,0,0,0,0,0,0,0,0,0,0,0,0,0,2,1,1,18,1,22,0,0,0,22,21,0,0,0,0,0,0,6,6,1,0,1,0,0,14,0,3,0,23,0,9,1,0,0,0,0,0,0,0,0,0,0,0,0,0,0,0,0,0,0,0,0,0,0,0,0,0,0,0,0,0,0,0,0,0,0,0,0,0,0,0,0,0,0,0,1,0,0,0,0,0,0,0,0,0,0,0,0,0,0,0,0,0,0,0,0,0,0,0,0,0,0,0,0,0,0,0,0,0,0,0,22,20,0,0,2,0,0,0,0,0,0,0,0,1.195059199933894,controlled_mutations_cf_extra_pick_online,symbolic_smt,1,,,,,,,,,,,,,,,,,,,,,,,,,,,,,,,,,,,,,,,,,,,,,,,,,,,,,,,,,,,,,,,,,,,,,,,,,,,,,,,,,,,,,,,,,,,,,,,,,,,,,,,,,,,,,,,,,,,,,,,,,,,,,,,,,,,,,,,,,,,
component_004_events_0013_objects_0009.jsonocel,C:\Users\User\Documents\odacc\experiment_runs\20260919_111654\controlled_mutations_cf_extra_pick_online\symbolic_smt\run_001\component_004_events_0013_objects_0009.json,0,ONLINE_OK,NOT_RUN,fresh_offline_alignment,0,0,True,1,1,0,0,0.0,0.0,,,,,,,,14,0.4370922998059541,0.03122087855756815,0.14763689995743334,0,0.4370922998059541,14,0,0,0,0,0,0,0,0,1,0,0,0,0,0,0,13,12,13,12,0,1,1,8,0,0,0,0,0,0,0,0,0,0,0,0,0,0,0,0,0,0,0,0,0,2,1,1,18,1,13,0,0,0,13,12,0,0,0,0,0,0,4,4,1,0,1,0,0,8,0,2,0,14,0,6,1,0,0,0,0,0,0,0,0,0,0,0,0,0,0,0,0,0,0,0,0,0,0,0,0,0,0,0,0,0,0,0,0,0,0,0,0,0,0,0,0,0,0,0,1,0,0,0,0,0,0,0,0,0,0,0,0,0,0,0,0,0,0,0,0,0,0,0,0,0,0,0,0,0,0,0,0,0,0,0,13,12,0,0,1,0,0,0,0,0,0,0,0,0.8858563000103459,controlled_mutations_cf_extra_pick_online,symbolic_smt,1,,,,,,,,,,,,,,,,,,,,,,,,,,,,,,,,,,,,,,,,,,,,,,,,,,,,,,,,,,,,,,,,,,,,,,,,,,,,,,,,,,,,,,,,,,,,,,,,,,,,,,,,,,,,,,,,,,,,,,,,,,,,,,,,,,,,,,,,,,,
component_005_events_0035_objects_0016.jsonocel,C:\Users\User\Documents\odacc\experiment_runs\20260919_111654\controlled_mutations_cf_extra_pick_online\symbolic_smt\run_001\component_005_events_0035_objects_0016.json,0,ONLINE_OK,NOT_RUN,fresh_offline_alignment,0,0,True,1,1,0,0,0.0,0.0,,,,,,,,36,1.1053236001171172,0.030703433336586587,0.14528729999437928,0,1.1053236001171172,36,0,0,0,0,0,0,0,0,3,0,0,0,0,1,1,34,33,34,33,0,2,2,14,1,0,0,0,0,0,0,0,0,0,0,0,0,0,0,0,0,0,0,0,0,3,2,1,33,1,34,0,0,0,34,33,0,0,0,0,0,0,8,8,1,0,1,0,0,17,0,3,0,35,0,19,3,1,1,0,13,1,0,0,0,0,0,0,0,0,1,1,0,0,0,0,0,0,0,0,0,0,0,0,0,0,0,0,0,0,0,0,0,0,0,0,0,0,0,0,2,0,0,0,0,0,0,0,0,0,0,0,0,0,0,0,0,0,0,0,0,0,0,0,0,0,0,0,0,0,0,0,0,0,0,0,33,32,0,0,2,0,0,0,0,0,0,0,0,1.9088334999978542,controlled_mutations_cf_extra_pick_online,symbolic_smt,1,,,,,,,,,,,,,,,,,,,,,,,,,,,,,,,,,,,,,,,,,,,,,,,,,,,,,,,,,,,,,,,,,,,,,,,,,,,,,,,,,,,,,,,,,,,,,,,,,,,,,,,,,,,,,,,,,,,,,,,,,,,,,,,,,,,,,,,,,,,
component_006_events_0031_objects_0015.jsonocel,C:\Users\User\Documents\odacc\experiment_runs\20260919_111654\controlled_mutations_cf_extra_pick_online\symbolic_smt\run_001\component_006_events_0031_objects_0015.json,0,ONLINE_OK,NOT_RUN,fresh_offline_alignment,0,0,True,1,1,0,0,0.0,0.0,,,,,,,,32,0.955551500315778,0.02986098438486806,0.10834889998659492,0,0.955551500315778,32,0,0,0,0,0,0,0,0,5,0,0,0,0,2,2,29,28,29,28,0,3,3,13,2,0,0,0,0,0,0,0,0,0,0,0,0,0,0,0,0,0,0,0,0,4,3,1,48,1,29,0,0,0,29,28,0,0,0,0,0,0,10,10,1,0,1,0,0,14,0,3,0,30,0,18,5,2,2,0,12,2,0,0,0,0,0,0,0,0,2,2,0,0,0,0,0,0,0,0,0,0,0,0,0,0,0,0,0,0,0,0,0,0,0,0,0,0,0,0,3,0,0,0,0,0,0,0,0,0,0,0,0,0,0,0,0,0,0,0,0,0,0,0,0,0,0,0,0,0,0,0,0,0,0,0,27,27,0,0,2,0,0,0,0,0,0,0,0,1.5994363999925554,controlled_mutations_cf_extra_pick_online,symbolic_smt,1,,,,,,,,,,,,,,,,,,,,,,,,,,,,,,,,,,,,,,,,,,,,,,,,,,,,,,,,,,,,,,,,,,,,,,,,,,,,,,,,,,,,,,,,,,,,,,,,,,,,,,,,,,,,,,,,,,,,,,,,,,,,,,,,,,,,,,,,,,,
component_009_events_0015_objects_0008.jsonocel,C:\Users\User\Documents\odacc\experiment_runs\20260919_111654\controlled_mutations_cf_extra_pick_online\symbolic_smt\run_001\component_009_events_0015_objects_0008.json,0,ONLINE_OK,NOT_RUN,fresh_offline_alignment,0,0,True,1,1,0,0,0.0,0.0,,,,,,,,16,0.4628139999695122,0.028925874998094514,0.13651119999121875,0,0.4628139999695122,16,0,0,0,0,0,0,0,0,1,0,0,0,0,0,0,15,14,15,14,0,1,1,7,0,0,0,0,0,0,0,0,0,0,0,0,0,0,0,0,0,0,0,0,0,2,1,1,18,1,15,0,0,0,15,14,0,0,0,0,0,0,4,4,1,0,1,0,0,10,0,2,0,16,0,6,1,0,0,0,0,0,0,0,0,0,0,0,0,0,0,0,0,0,0,0,0,0,0,0,0,0,0,0,0,0,0,0,0,0,0,0,0,0,0,0,0,0,0,0,1,0,0,0,0,0,0,0,0,0,0,0,0,0,0,0,0,0,0,0,0,0,0,0,0,0,0,0,0,0,0,0,0,0,0,0,15,14,0,0,1,0,0,0,0,0,0,0,0,0.8795587999047711,controlled_mutations_cf_extra_pick_online,symbolic_smt,1,,,,,,,,,,,,,,,,,,,,,,,,,,,,,,,,,,,,,,,,,,,,,,,,,,,,,,,,,,,,,,,,,,,,,,,,,,,,,,,,,,,,,,,,,,,,,,,,,,,,,,,,,,,,,,,,,,,,,,,,,,,,,,,,,,,,,,,,,,,
component_011_events_0028_objects_0017.jsonocel,C:\Users\User\Documents\odacc\experiment_runs\20260919_111654\controlled_mutations_cf_extra_pick_online\symbolic_smt\run_001\component_011_events_0028_objects_0017.json,0,ONLINE_OK,NOT_RUN,fresh_offline_alignment,0,0,True,1,1,0,0,0.0,0.0,,,,,,,,29,0.9231492995750159,0.031832734468103994,0.13252579991240054,0,0.9231492995750159,29,0,0,0,0,0,0,0,0,4,0,0,0,0,1,1,26,25,26,25,0,3,3,16,1,0,0,0,0,0,0,0,0,0,0,0,0,0,0,0,0,0,0,0,0,4,3,1,48,1,26,0,0,0,26,25,0,0,0,0,0,0,8,8,1,0,1,0,0,9,0,3,0,28,0,20,4,1,1,0,6,1,0,0,0,0,0,0,0,0,1,1,0,0,0,0,0,0,0,0,0,0,0,0,0,0,0,0,0,0,0,0,0,0,0,0,0,0,0,0,3,0,0,0,0,0,0,0,0,0,0,0,0,0,0,0,0,0,0,0,0,0,0,0,0,0,0,0,0,0,0,0,0,0,0,0,25,25,0,0,1,0,0,0,0,0,0,0,0,1.4892141000600532,controlled_mutations_cf_extra_pick_online,symbolic_smt,1,,,,,,,,,,,,,,,,,,,,,,,,,,,,,,,,,,,,,,,,,,,,,,,,,,,,,,,,,,,,,,,,,,,,,,,,,,,,,,,,,,,,,,,,,,,,,,,,,,,,,,,,,,,,,,,,,,,,,,,,,,,,,,,,,,,,,,,,,,,
component_014_events_0102_objects_0053.jsonocel,C:\Users\User\Documents\odacc\experiment_runs\20260919_111654\controlled_mutations_cf_extra_pick_online\symbolic_smt\run_001\component_014_events_0102_objects_0053.json,0,ONLINE_OK,NOT_RUN,fresh_offline_alignment,0,0,True,1,1,0,0,0.0,0.0,,,,,,,,103,8.288388299522921,0.08046978931575652,0.3453754000365734,0,8.288388299522921,103,0,0,0,0,0,0,0,0,14,0,0,0,0,5,5,94,93,94,93,0,9,9,47,5,0,0,0,0,0,0,0,0,0,0,0,0,0,0,0,0,0,0,0,0,10,9,1,155,1,94,0,0,0,94,93,0,0,0,0,0,0,30,30,1,0,1,0,0,35,0,10,0,98,0,68,14,5,5,0,33,5,0,0,0,0,0,0,0,0,5,5,0,0,0,3,0,0,0,0,0,0,0,0,0,0,0,0,0,0,0,0,0,0,0,0,0,0,0,0,9,0,0,0,0,0,0,0,0,3,0,0,0,0,0,0,0,0,0,0,0,0,0,0,0,0,0,0,0,0,0,0,0,0,0,0,89,88,0,0,6,0,0,0,0,0,0,0,0,14.781096199993044,controlled_mutations_cf_extra_pick_online,symbolic_smt,1,,,,,,,,,,,,,,,,,,,,,,,,,,,,,,,,,,,,,,,,,,,,,,,,,,,,,,,,,,,,,,,,,,,,,,,,,,,,,,,,,,,,,,,,,,,,,,,,,,,,,,,,,,,,,,,,,,,,,,,,,,,,,,,,,,,,,,,,,,,
component_020_events_0022_objects_0009.jsonocel,C:\Users\User\Documents\odacc\experiment_runs\20260919_111654\controlled_mutations_cf_extra_pick_online\symbolic_smt\run_001\component_020_events_0022_objects_0009.json,0,ONLINE_OK,NOT_RUN,fresh_offline_alignment,0,0,True,1,1,0,0,0.0,0.0,,,,,,,,23,0.641189799993299,0.027877817391013,0.14674120000563562,0,0.641189799993299,23,0,0,0,0,0,0,0,0,1,0,0,0,0,0,0,22,21,22,21,0,1,1,8,0,0,0,0,0,0,0,0,0,0,0,0,0,0,0,0,0,0,0,0,0,2,1,1,18,1,22,0,0,0,22,21,0,0,0,0,0,0,4,4,1,0,1,0,0,16,0,2,0,23,0,7,1,0,0,0,0,0,0,0,0,0,0,0,0,0,0,0,0,0,0,0,0,0,0,0,0,0,0,0,0,0,0,0,0,0,0,0,0,0,0,0,0,0,0,0,1,0,0,0,0,0,0,0,0,0,0,0,0,0,0,0,0,0,0,0,0,0,0,0,0,0,0,0,0,0,0,0,0,0,0,0,22,21,0,0,1,0,0,0,0,0,0,0,0,1.1967154000885785,controlled_mutations_cf_extra_pick_online,symbolic_smt,1,,,,,,,,,,,,,,,,,,,,,,,,,,,,,,,,,,,,,,,,,,,,,,,,,,,,,,,,,,,,,,,,,,,,,,,,,,,,,,,,,,,,,,,,,,,,,,,,,,,,,,,,,,,,,,,,,,,,,,,,,,,,,,,,,,,,,,,,,,,
component_021_events_0013_objects_0005.jsonocel,C:\Users\User\Documents\odacc\experiment_runs\20260919_111654\controlled_mutations_cf_extra_pick_online\symbolic_smt\run_001\component_021_events_0013_objects_0005.json,0,ONLINE_OK,NOT_RUN,fresh_offline_alignment,0,0,True,1,1,0,0,0.0,0.0,,,,,,,,14,0.35587300010956824,0.025419500007826303,0.07622839999385178,0,0.35587300010956824,14,0,0,0,0,0,0,0,0,1,0,0,0,0,0,0,13,12,13,12,0,1,1,3,0,0,0,0,0,0,0,0,0,0,0,0,0,0,0,0,0,0,0,0,0,2,1,1,18,1,13,0,0,0,13,12,0,0,0,0,0,0,6,6,1,0,1,0,0,4,0,3,0,14,0,10,1,0,0,0,0,0,0,0,0,0,0,0,0,0,0,0,0,0,0,0,0,0,0,0,0,0,0,0,0,0,0,0,0,0,0,0,0,0,0,0,0,0,0,0,1,0,0,0,0,0,0,0,0,0,0,0,0,0,0,0,0,0,0,0,0,0,0,0,0,0,0,0,0,0,0,0,0,0,0,0,13,11,0,0,2,0,0,0,0,0,0,0,0,0.777624599984847,controlled_mutations_cf_extra_pick_online,symbolic_smt,1,,,,,,,,,,,,,,,,,,,,,,,,,,,,,,,,,,,,,,,,,,,,,,,,,,,,,,,,,,,,,,,,,,,,,,,,,,,,,,,,,,,,,,,,,,,,,,,,,,,,,,,,,,,,,,,,,,,,,,,,,,,,,,,,,,,,,,,,,,,
component_024_events_0010_objects_0005.jsonocel,C:\Users\User\Documents\odacc\experiment_runs\20260919_111654\controlled_mutations_cf_extra_pick_online\symbolic_smt\run_001\component_024_events_0010_objects_0005.json,0,ONLINE_OK,NOT_RUN,fresh_offline_alignment,0,0,True,1,1,0,0,0.0,0.0,,,,,,,,11,0.3104739001719281,0.028224900015629828,0.09101340000052005,0,0.3104739001719281,11,0,0,0,0,0,0,0,0,1,0,0,0,0,0,0,10,9,10,9,0,1,1,4,0,0,0,0,0,0,0,0,0,0,0,0,0,0,0,0,0,0,0,0,0,2,1,1,18,1,10,0,0,0,10,9,0,0,0,0,0,0,4,4,1,0,1,0,0,6,0,2,0,11,0,5,1,0,0,0,0,0,0,0,0,0,0,0,0,0,0,0,0,0,0,0,0,0,0,0,0,0,0,0,0,0,0,0,0,0,0,0,0,0,0,0,0,0,0,0,1,0,0,0,0,0,0,0,0,0,0,0,0,0,0,0,0,0,0,0,0,0,0,0,0,0,0,0,0,0,0,0,0,0,0,0,10,9,0,0,1,0,0,0,0,0,0,0,0,0.6727275000885129,controlled_mutations_cf_extra_pick_online,symbolic_smt,1,,,,,,,,,,,,,,,,,,,,,,,,,,,,,,,,,,,,,,,,,,,,,,,,,,,,,,,,,,,,,,,,,,,,,,,,,,,,,,,,,,,,,,,,,,,,,,,,,,,,,,,,,,,,,,,,,,,,,,,,,,,,,,,,,,,,,,,,,,,
component_028_events_0012_objects_0008.jsonocel,C:\Users\User\Documents\odacc\experiment_runs\20260919_111654\controlled_mutations_cf_extra_pick_online\symbolic_smt\run_001\component_028_events_0012_objects_0008.json,0,ONLINE_OK,NOT_RUN,fresh_offline_alignment,0,0,True,1,1,0,0,0.0,0.0,,,,,,,,13,0.3891099001048133,0.029931530777293328,0.13168029999360442,0,0.3891099001048133,13,0,0,0,0,0,0,0,0,1,0,0,0,0,0,0,12,11,12,11,0,1,1,7,0,0,0,0,0,0,0,0,0,0,0,0,0,0,0,0,0,0,0,0,0,2,1,1,18,1,12,0,0,0,12,11,0,0,0,0,0,0,4,4,1,0,1,0,0,7,0,2,0,13,0,6,1,0,0,0,0,0,0,0,0,0,0,0,0,0,0,0,0,0,0,0,0,0,0,0,0,0,0,0,0,0,0,0,0,0,0,0,0,0,0,0,0,0,0,0,1,0,0,0,0,0,0,0,0,0,0,0,0,0,0,0,0,0,0,0,0,0,0,0,0,0,0,0,0,0,0,0,0,0,0,0,12,11,0,0,1,0,0,0,0,0,0,0,0,0.7811818999471143,controlled_mutations_cf_extra_pick_online,symbolic_smt,1,,,,,,,,,,,,,,,,,,,,,,,,,,,,,,,,,,,,,,,,,,,,,,,,,,,,,,,,,,,,,,,,,,,,,,,,,,,,,,,,,,,,,,,,,,,,,,,,,,,,,,,,,,,,,,,,,,,,,,,,,,,,,,,,,,,,,,,,,,,
component_029_events_0021_objects_0010.jsonocel,C:\Users\User\Documents\odacc\experiment_runs\20260919_111654\controlled_mutations_cf_extra_pick_online\symbolic_smt\run_001\component_029_events_0021_objects_0010.json,0,ONLINE_OK,NOT_RUN,fresh_offline_alignment,0,0,True,1,1,0,0,0.0,0.0,,,,,,,,22,0.6122388000367209,0.027829036365305496,0.14431470003910363,0,0.6122388000367209,22,0,0,0,0,0,0,0,0,1,0,0,0,0,0,0,21,20,21,20,0,1,1,8,0,0,0,0,0,0,0,0,0,0,0,0,0,0,0,0,0,0,0,0,0,2,1,1,18,1,21,0,0,0,21,20,0,0,0,0,0,0,6,6,1,0,1,0,0,16,0,3,0,22,0,6,1,0,0,0,0,0,0,0,0,0,0,0,0,0,0,0,0,0,0,0,0,0,0,0,0,0,0,0,0,0,0,0,0,0,0,0,0,0,0,0,0,0,0,0,1,0,0,0,0,0,0,0,0,0,0,0,0,0,0,0,0,0,0,0,0,0,0,0,0,0,0,0,0,0,0,0,0,0,0,0,21,19,0,0,2,0,0,0,0,0,0,0,0,2.0536918999860063,controlled_mutations_cf_extra_pick_online,symbolic_smt,1,,,,,,,,,,,,,,,,,,,,,,,,,,,,,,,,,,,,,,,,,,,,,,,,,,,,,,,,,,,,,,,,,,,,,,,,,,,,,,,,,,,,,,,,,,,,,,,,,,,,,,,,,,,,,,,,,,,,,,,,,,,,,,,,,,,,,,,,,,,
component_030_events_0061_objects_0033.jsonocel,C:\Users\User\Documents\odacc\experiment_runs\20260919_111654\controlled_mutations_cf_extra_pick_online\symbolic_smt\run_001\component_030_events_0061_objects_0033.json,0,ONLINE_OK,NOT_RUN,fresh_offline_alignment,0,0,True,1,1,0,0,0.0,0.0,,,,,,,,62,2.7698269996326417,0.04467462902633293,0.19504329992923886,0,2.7698269996326417,62,0,0,0,0,0,0,0,0,6,0,0,0,0,2,2,58,57,58,57,0,4,4,28,2,0,0,0,0,0,0,0,0,0,0,0,0,0,0,0,0,0,0,0,0,5,4,1,63,1,58,0,0,0,58,57,0,0,0,0,0,0,18,18,1,0,1,0,0,25,0,7,0,60,0,37,6,2,2,0,20,2,0,0,0,0,0,0,0,0,2,2,0,0,0,1,0,0,0,0,0,0,0,0,0,0,0,0,0,0,0,0,0,0,0,0,0,0,0,0,4,0,0,0,0,0,0,0,0,1,0,0,0,0,0,0,0,0,0,0,0,0,0,0,0,0,0,0,0,0,0,0,0,0,0,0,56,53,0,0,5,0,0,0,0,0,0,0,0,4.589431900065392,controlled_mutations_cf_extra_pick_online,symbolic_smt,1,,,,,,,,,,,,,,,,,,,,,,,,,,,,,,,,,,,,,,,,,,,,,,,,,,,,,,,,,,,,,,,,,,,,,,,,,,,,,,,,,,,,,,,,,,,,,,,,,,,,,,,,,,,,,,,,,,,,,,,,,,,,,,,,,,,,,,,,,,,
component_031_events_0009_objects_0005.jsonocel,C:\Users\User\Documents\odacc\experiment_runs\20260919_111654\controlled_mutations_cf_extra_pick_online\symbolic_smt\run_001\component_031_events_0009_objects_0005.json,0,ONLINE_OK,NOT_RUN,fresh_offline_alignment,0,0,True,1,1,0,0,0.0,0.0,,,,,,,,10,0.2918879999779165,0.02918879999779165,0.0930616999976337,0,0.2918879999779165,10,0,0,0,0,0,0,0,0,1,0,0,0,0,0,0,9,8,9,8,0,1,1,4,0,0,0,0,0,0,0,0,0,0,0,0,0,0,0,0,0,0,0,0,0,2,1,1,18,1,9,0,0,0,9,8,0,0,0,0,0,0,4,4,1,0,1,0,0,5,0,2,0,10,0,5,1,0,0,0,0,0,0,0,0,0,0,0,0,0,0,0,0,0,0,0,0,0,0,0,0,0,0,0,0,0,0,0,0,0,0,0,0,0,0,0,0,0,0,0,1,0,0,0,0,0,0,0,0,0,0,0,0,0,0,0,0,0,0,0,0,0,0,0,0,0,0,0,0,0,0,0,0,0,0,0,9,8,0,0,1,0,0,0,0,0,0,0,0,0.6286139000440016,controlled_mutations_cf_extra_pick_online,symbolic_smt,1,,,,,,,,,,,,,,,,,,,,,,,,,,,,,,,,,,,,,,,,,,,,,,,,,,,,,,,,,,,,,,,,,,,,,,,,,,,,,,,,,,,,,,,,,,,,,,,,,,,,,,,,,,,,,,,,,,,,,,,,,,,,,,,,,,,,,,,,,,,
component_032_events_0007_objects_0003.jsonocel,C:\Users\User\Documents\odacc\experiment_runs\20260919_111654\controlled_mutations_cf_extra_pick_online\symbolic_smt\run_001\component_032_events_0007_objects_0003.json,0,ONLINE_OK,NOT_RUN,fresh_offline_alignment,0,0,True,1,1,0,0,0.0,0.0,,,,,,,,8,0.23038500011898577,0.02879812501487322,0.06424020009581,0,0.23038500011898577,8,0,0,0,0,0,0,0,0,1,0,0,0,0,0,0,7,6,7,6,0,1,1,2,0,0,0,0,0,0,0,0,0,0,0,0,0,0,0,0,0,0,0,0,0,2,1,1,18,1,7,0,0,0,7,6,0,0,0,0,0,0,4,4,1,0,1,0,0,5,0,2,0,8,0,3,1,0,0,0,0,0,0,0,0,0,0,0,0,0,0,0,0,0,0,0,0,0,0,0,0,0,0,0,0,0,0,0,0,0,0,0,0,0,0,0,0,0,0,0,1,0,0,0,0,0,0,0,0,0,0,0,0,0,0,0,0,0,0,0,0,0,0,0,0,0,0,0,0,0,0,0,0,0,0,0,7,6,0,0,1,0,0,0,0,0,0,0,0,0.5220724000828341,controlled_mutations_cf_extra_pick_online,symbolic_smt,1,,,,,,,,,,,,,,,,,,,,,,,,,,,,,,,,,,,,,,,,,,,,,,,,,,,,,,,,,,,,,,,,,,,,,,,,,,,,,,,,,,,,,,,,,,,,,,,,,,,,,,,,,,,,,,,,,,,,,,,,,,,,,,,,,,,,,,,,,,,
component_036_events_0017_objects_0008.jsonocel,C:\Users\User\Documents\odacc\experiment_runs\20260919_111654\controlled_mutations_cf_extra_pick_online\symbolic_smt\run_001\component_036_events_0017_objects_0008.json,0,ONLINE_OK,NOT_RUN,fresh_offline_alignment,0,0,True,1,1,0,0,0.0,0.0,,,,,,,,18,0.5118364000227302,0.028435355556818347,0.09918250003829598,0,0.5118364000227302,18,0,0,0,0,0,0,0,0,3,0,0,0,0,1,1,16,15,16,15,0,2,2,7,1,0,0,0,0,0,0,0,0,0,0,0,0,0,0,0,0,0,0,0,0,3,2,1,32,1,16,0,0,0,16,15,0,0,0,0,0,0,6,6,1,0,1,0,0,13,0,2,0,17,0,5,3,1,1,0,10,1,0,0,0,0,0,0,0,0,1,1,0,0,0,0,0,0,0,0,0,0,0,0,0,0,0,0,0,0,0,0,0,0,0,0,0,0,0,0,2,0,0,0,0,0,0,0,0,0,0,0,0,0,0,0,0,0,0,0,0,0,0,0,0,0,0,0,0,0,0,0,0,0,0,0,15,15,0,0,1,0,0,0,0,0,0,0,0,0.9346900000236928,controlled_mutations_cf_extra_pick_online,symbolic_smt,1,,,,,,,,,,,,,,,,,,,,,,,,,,,,,,,,,,,,,,,,,,,,,,,,,,,,,,,,,,,,,,,,,,,,,,,,,,,,,,,,,,,,,,,,,,,,,,,,,,,,,,,,,,,,,,,,,,,,,,,,,,,,,,,,,,,,,,,,,,,
component_037_events_0012_objects_0006.jsonocel,C:\Users\User\Documents\odacc\experiment_runs\20260919_111654\controlled_mutations_cf_extra_pick_online\symbolic_smt\run_001\component_037_events_0012_objects_0006.json,0,ONLINE_OK,NOT_RUN,fresh_offline_alignment,0,0,True,1,1,0,0,0.0,0.0,,,,,,,,13,0.3639208999229595,0.027993915378689192,0.1054973000427708,0,0.3639208999229595,13,0,0,0,0,0,0,0,0,1,0,0,0,0,0,0,12,11,12,11,0,1,1,5,0,0,0,0,0,0,0,0,0,0,0,0,0,0,0,0,0,0,0,0,0,2,1,1,18,1,12,0,0,0,12,11,0,0,0,0,0,0,4,4,1,0,1,0,0,6,0,2,0,13,0,7,1,0,0,0,0,0,0,0,0,0,0,0,0,0,0,0,0,0,0,0,0,0,0,0,0,0,0,0,0,0,0,0,0,0,0,0,0,0,0,0,0,0,0,0,1,0,0,0,0,0,0,0,0,0,0,0,0,0,0,0,0,0,0,0,0,0,0,0,0,0,0,0,0,0,0,0,0,0,0,0,12,11,0,0,1,0,0,0,0,0,0,0,0,0.7263476999942213,controlled_mutations_cf_extra_pick_online,symbolic_smt,1,,,,,,,,,,,,,,,,,,,,,,,,,,,,,,,,,,,,,,,,,,,,,,,,,,,,,,,,,,,,,,,,,,,,,,,,,,,,,,,,,,,,,,,,,,,,,,,,,,,,,,,,,,,,,,,,,,,,,,,,,,,,,,,,,,,,,,,,,,,
component_038_events_0008_objects_0004.jsonocel,C:\Users\User\Documents\odacc\experiment_runs\20260919_111654\controlled_mutations_cf_extra_pick_online\symbolic_smt\run_001\component_038_events_0008_objects_0004.json,0,ONLINE_OK,NOT_RUN,fresh_offline_alignment,0,0,True,1,1,0,0,0.0,0.0,,,,,,,,9,0.2616091996897012,0.029067688854411244,0.07998999999836087,0,0.2616091996897012,9,0,0,0,0,0,0,0,0,1,0,0,0,0,0,0,8,7,8,7,0,1,1,3,0,0,0,0,0,0,0,0,0,0,0,0,0,0,0,0,0,0,0,0,0,2,1,1,18,1,8,0,0,0,8,7,0,0,0,0,0,0,4,4,1,0,1,0,0,5,0,2,0,9,0,4,1,0,0,0,0,0,0,0,0,0,0,0,0,0,0,0,0,0,0,0,0,0,0,0,0,0,0,0,0,0,0,0,0,0,0,0,0,0,0,0,0,0,0,0,1,0,0,0,0,0,0,0,0,0,0,0,0,0,0,0,0,0,0,0,0,0,0,0,0,0,0,0,0,0,0,0,0,0,0,0,8,7,0,0,1,0,0,0,0,0,0,0,0,0.6259588999673724,controlled_mutations_cf_extra_pick_online,symbolic_smt,1,,,,,,,,,,,,,,,,,,,,,,,,,,,,,,,,,,,,,,,,,,,,,,,,,,,,,,,,,,,,,,,,,,,,,,,,,,,,,,,,,,,,,,,,,,,,,,,,,,,,,,,,,,,,,,,,,,,,,,,,,,,,,,,,,,,,,,,,,,,
component_042_events_0009_objects_0005.jsonocel,C:\Users\User\Documents\odacc\experiment_runs\20260919_111654\controlled_mutations_cf_extra_pick_online\symbolic_smt\run_001\component_042_events_0009_objects_0005.json,0,ONLINE_OK,NOT_RUN,fresh_offline_alignment,0,0,True,1,1,0,0,0.0,0.0,,,,,,,,10,0.29245619976427406,0.029245619976427405,0.0943681999342516,0,0.29245619976427406,10,0,0,0,0,0,0,0,0,1,0,0,0,0,0,0,9,8,9,8,0,1,1,4,0,0,0,0,0,0,0,0,0,0,0,0,0,0,0,0,0,0,0,0,0,2,1,1,18,1,9,0,0,0,9,8,0,0,0,0,0,0,4,4,1,0,1,0,0,7,0,2,0,10,0,3,1,0,0,0,0,0,0,0,0,0,0,0,0,0,0,0,0,0,0,0,0,0,0,0,0,0,0,0,0,0,0,0,0,0,0,0,0,0,0,0,0,0,0,0,1,0,0,0,0,0,0,0,0,0,0,0,0,0,0,0,0,0,0,0,0,0,0,0,0,0,0,0,0,0,0,0,0,0,0,0,9,8,0,0,1,0,0,0,0,0,0,0,0,0.6256395999807864,controlled_mutations_cf_extra_pick_online,symbolic_smt,1,,,,,,,,,,,,,,,,,,,,,,,,,,,,,,,,,,,,,,,,,,,,,,,,,,,,,,,,,,,,,,,,,,,,,,,,,,,,,,,,,,,,,,,,,,,,,,,,,,,,,,,,,,,,,,,,,,,,,,,,,,,,,,,,,,,,,,,,,,,
component_048_events_0011_objects_0007.jsonocel,C:\Users\User\Documents\odacc\experiment_runs\20260919_111654\controlled_mutations_cf_extra_pick_online\symbolic_smt\run_001\component_048_events_0011_objects_0007.json,0,ONLINE_OK,NOT_RUN,fresh_offline_alignment,0,0,True,1,1,0,0,0.0,0.0,,,,,,,,12,0.3566724000265822,0.02972270000221518,0.11756819998845458,0,0.3566724000265822,12,0,0,0,0,0,0,0,0,1,0,0,0,0,0,0,11,10,11,10,0,1,1,6,0,0,0,0,0,0,0,0,0,0,0,0,0,0,0,0,0,0,0,0,0,2,1,1,18,1,11,0,0,0,11,10,0,0,0,0,0,0,4,4,1,0,1,0,0,7,0,2,0,12,0,5,1,0,0,0,0,0,0,0,0,0,0,0,0,0,0,0,0,0,0,0,0,0,0,0,0,0,0,0,0,0,0,0,0,0,0,0,0,0,0,0,0,0,0,0,1,0,0,0,0,0,0,0,0,0,0,0,0,0,0,0,0,0,0,0,0,0,0,0,0,0,0,0,0,0,0,0,0,0,0,0,11,10,0,0,1,0,0,0,0,0,0,0,0,0.7302098000654951,controlled_mutations_cf_extra_pick_online,symbolic_smt,1,,,,,,,,,,,,,,,,,,,,,,,,,,,,,,,,,,,,,,,,,,,,,,,,,,,,,,,,,,,,,,,,,,,,,,,,,,,,,,,,,,,,,,,,,,,,,,,,,,,,,,,,,,,,,,,,,,,,,,,,,,,,,,,,,,,,,,,,,,,
component_050_events_0008_objects_0004.jsonocel,C:\Users\User\Documents\odacc\experiment_runs\20260919_111654\controlled_mutations_cf_extra_pick_online\symbolic_smt\run_001\component_050_events_0008_objects_0004.json,0,ONLINE_OK,NOT_RUN,fresh_offline_alignment,0,0,True,1,1,0,0,0.0,0.0,,,,,,,,9,0.25855069991666824,0.02872785554629647,0.07644680002704263,0,0.25855069991666824,9,0,0,0,0,0,0,0,0,1,0,0,0,0,0,0,8,7,8,7,0,1,1,3,0,0,0,0,0,0,0,0,0,0,0,0,0,0,0,0,0,0,0,0,0,2,1,1,18,1,8,0,0,0,8,7,0,0,0,0,0,0,4,4,1,0,1,0,0,5,0,2,0,9,0,4,1,0,0,0,0,0,0,0,0,0,0,0,0,0,0,0,0,0,0,0,0,0,0,0,0,0,0,0,0,0,0,0,0,0,0,0,0,0,0,0,0,0,0,0,1,0,0,0,0,0,0,0,0,0,0,0,0,0,0,0,0,0,0,0,0,0,0,0,0,0,0,0,0,0,0,0,0,0,0,0,8,7,0,0,1,0,0,0,0,0,0,0,0,0.6232796999393031,controlled_mutations_cf_extra_pick_online,symbolic_smt,1,,,,,,,,,,,,,,,,,,,,,,,,,,,,,,,,,,,,,,,,,,,,,,,,,,,,,,,,,,,,,,,,,,,,,,,,,,,,,,,,,,,,,,,,,,,,,,,,,,,,,,,,,,,,,,,,,,,,,,,,,,,,,,,,,,,,,,,,,,,
component_051_events_0011_objects_0007.jsonocel,C:\Users\User\Documents\odacc\experiment_runs\20260919_111654\controlled_mutations_cf_extra_pick_online\symbolic_smt\run_001\component_051_events_0011_objects_0007.json,0,ONLINE_OK,NOT_RUN,fresh_offline_alignment,0,0,True,1,1,0,0,0.0,0.0,,,,,,,,12,0.359209599904716,0.029934133325393002,0.11795920005533844,0,0.359209599904716,12,0,0,0,0,0,0,0,0,1,0,0,0,0,0,0,11,10,11,10,0,1,1,6,0,0,0,0,0,0,0,0,0,0,0,0,0,0,0,0,0,0,0,0,0,2,1,1,18,1,11,0,0,0,11,10,0,0,0,0,0,0,4,4,1,0,1,0,0,7,0,2,0,12,0,5,1,0,0,0,0,0,0,0,0,0,0,0,0,0,0,0,0,0,0,0,0,0,0,0,0,0,0,0,0,0,0,0,0,0,0,0,0,0,0,0,0,0,0,0,1,0,0,0,0,0,0,0,0,0,0,0,0,0,0,0,0,0,0,0,0,0,0,0,0,0,0,0,0,0,0,0,0,0,0,0,11,10,0,0,1,0,0,0,0,0,0,0,0,0.7268385000061244,controlled_mutations_cf_extra_pick_online,symbolic_smt,1,,,,,,,,,,,,,,,,,,,,,,,,,,,,,,,,,,,,,,,,,,,,,,,,,,,,,,,,,,,,,,,,,,,,,,,,,,,,,,,,,,,,,,,,,,,,,,,,,,,,,,,,,,,,,,,,,,,,,,,,,,,,,,,,,,,,,,,,,,,
component_057_events_0011_objects_0005.jsonocel,C:\Users\User\Documents\odacc\experiment_runs\20260919_111654\controlled_mutations_cf_extra_pick_online\symbolic_smt\run_001\component_057_events_0011_objects_0005.json,0,ONLINE_OK,NOT_RUN,fresh_offline_alignment,0,0,True,1,1,0,0,0.0,0.0,,,,,,,,12,0.3319057999178767,0.02765881665982306,0.09341380000114441,0,0.3319057999178767,12,0,0,0,0,0,0,0,0,1,0,0,0,0,0,0,11,10,11,10,0,1,1,4,0,0,0,0,0,0,0,0,0,0,0,0,0,0,0,0,0,0,0,0,0,2,1,1,18,1,11,0,0,0,11,10,0,0,0,0,0,0,4,4,1,0,1,0,0,5,0,2,0,12,0,7,1,0,0,0,0,0,0,0,0,0,0,0,0,0,0,0,0,0,0,0,0,0,0,0,0,0,0,0,0,0,0,0,0,0,0,0,0,0,0,0,0,0,0,0,1,0,0,0,0,0,0,0,0,0,0,0,0,0,0,0,0,0,0,0,0,0,0,0,0,0,0,0,0,0,0,0,0,0,0,0,11,10,0,0,1,0,0,0,0,0,0,0,0,0.6215531999478117,controlled_mutations_cf_extra_pick_online,symbolic_smt,1,,,,,,,,,,,,,,,,,,,,,,,,,,,,,,,,,,,,,,,,,,,,,,,,,,,,,,,,,,,,,,,,,,,,,,,,,,,,,,,,,,,,,,,,,,,,,,,,,,,,,,,,,,,,,,,,,,,,,,,,,,,,,,,,,,,,,,,,,,,
component_058_events_0009_objects_0005.jsonocel,C:\Users\User\Documents\odacc\experiment_runs\20260919_111654\controlled_mutations_cf_extra_pick_online\symbolic_smt\run_001\component_058_events_0009_objects_0005.json,0,ONLINE_OK,NOT_RUN,fresh_offline_alignment,0,0,True,1,1,0,0,0.0,0.0,,,,,,,,10,0.290600000298582,0.029060000029858202,0.09099519997835159,0,0.290600000298582,10,0,0,0,0,0,0,0,0,1,0,0,0,0,0,0,9,8,9,8,0,1,1,4,0,0,0,0,0,0,0,0,0,0,0,0,0,0,0,0,0,0,0,0,0,2,1,1,17,1,9,0,0,0,9,8,0,0,0,0,0,0,4,4,1,0,1,0,0,7,0,2,0,10,0,3,1,0,0,0,0,0,0,0,0,0,0,0,0,0,0,0,0,0,0,0,0,0,0,0,0,0,0,0,0,0,0,0,0,0,0,0,0,0,0,0,0,0,0,0,1,0,0,0,0,0,0,0,0,0,0,0,0,0,0,0,0,0,0,0,0,0,0,0,0,0,0,0,0,0,0,0,0,0,0,0,9,8,0,0,1,0,0,0,0,0,0,0,0,0.6224288999801502,controlled_mutations_cf_extra_pick_online,symbolic_smt,1,,,,,,,,,,,,,,,,,,,,,,,,,,,,,,,,,,,,,,,,,,,,,,,,,,,,,,,,,,,,,,,,,,,,,,,,,,,,,,,,,,,,,,,,,,,,,,,,,,,,,,,,,,,,,,,,,,,,,,,,,,,,,,,,,,,,,,,,,,,
component_059_events_0010_objects_0006.jsonocel,C:\Users\User\Documents\odacc\experiment_runs\20260919_111654\controlled_mutations_cf_extra_pick_online\symbolic_smt\run_001\component_059_events_0010_objects_0006.json,0,ONLINE_OK,NOT_RUN,fresh_offline_alignment,0,0,True,1,1,0,0,0.0,0.0,,,,,,,,11,0.3246215000981465,0.029511045463467864,0.1045669000595808,0,0.3246215000981465,11,0,0,0,0,0,0,0,0,1,0,0,0,0,0,0,10,9,10,9,0,1,1,5,0,0,0,0,0,0,0,0,0,0,0,0,0,0,0,0,0,0,0,0,0,2,1,1,18,1,10,0,0,0,10,9,0,0,0,0,0,0,4,4,1,0,1,0,0,6,0,2,0,11,0,5,1,0,0,0,0,0,0,0,0,0,0,0,0,0,0,0,0,0,0,0,0,0,0,0,0,0,0,0,0,0,0,0,0,0,0,0,0,0,0,0,0,0,0,0,1,0,0,0,0,0,0,0,0,0,0,0,0,0,0,0,0,0,0,0,0,0,0,0,0,0,0,0,0,0,0,0,0,0,0,0,10,9,0,0,1,0,0,0,0,0,0,0,0,0.6218636999838054,controlled_mutations_cf_extra_pick_online,symbolic_smt,1,,,,,,,,,,,,,,,,,,,,,,,,,,,,,,,,,,,,,,,,,,,,,,,,,,,,,,,,,,,,,,,,,,,,,,,,,,,,,,,,,,,,,,,,,,,,,,,,,,,,,,,,,,,,,,,,,,,,,,,,,,,,,,,,,,,,,,,,,,,
component_061_events_0007_objects_0003.jsonocel,C:\Users\User\Documents\odacc\experiment_runs\20260919_111654\controlled_mutations_cf_extra_pick_online\symbolic_smt\run_001\component_061_events_0007_objects_0003.json,0,ONLINE_OK,NOT_RUN,fresh_offline_alignment,0,0,True,1,1,0,0,0.0,0.0,,,,,,,,8,0.22831630008295178,0.028539537510368973,0.06317590002436191,0,0.22831630008295178,8,0,0,0,0,0,0,0,0,1,0,0,0,0,0,0,7,6,7,6,0,1,1,2,0,0,0,0,0,0,0,0,0,0,0,0,0,0,0,0,0,0,0,0,0,2,1,1,18,1,7,0,0,0,7,6,0,0,0,0,0,0,4,4,1,0,1,0,0,5,0,2,0,8,0,3,1,0,0,0,0,0,0,0,0,0,0,0,0,0,0,0,0,0,0,0,0,0,0,0,0,0,0,0,0,0,0,0,0,0,0,0,0,0,0,0,0,0,0,0,1,0,0,0,0,0,0,0,0,0,0,0,0,0,0,0,0,0,0,0,0,0,0,0,0,0,0,0,0,0,0,0,0,0,0,0,7,6,0,0,1,0,0,0,0,0,0,0,0,0.519281099899672,controlled_mutations_cf_extra_pick_online,symbolic_smt,1,,,,,,,,,,,,,,,,,,,,,,,,,,,,,,,,,,,,,,,,,,,,,,,,,,,,,,,,,,,,,,,,,,,,,,,,,,,,,,,,,,,,,,,,,,,,,,,,,,,,,,,,,,,,,,,,,,,,,,,,,,,,,,,,,,,,,,,,,,,
component_063_events_0035_objects_0019.jsonocel,C:\Users\User\Documents\odacc\experiment_runs\20260919_111654\controlled_mutations_cf_extra_pick_online\symbolic_smt\run_001\component_063_events_0035_objects_0019.json,0,ONLINE_OK,NOT_RUN,fresh_offline_alignment,0,0,True,1,1,0,0,0.0,0.0,,,,,,,,36,1.1425832003587857,0.03173842223218849,0.10570600000210106,0,1.1425832003587857,36,0,0,0,0,0,0,0,0,6,0,0,0,0,1,1,31,30,31,30,0,5,5,17,1,0,0,0,0,0,0,0,0,0,0,0,0,0,0,0,0,0,0,0,0,6,5,1,80,1,31,0,0,0,31,30,0,0,0,0,0,0,14,14,1,0,1,0,0,14,0,6,0,35,0,22,6,1,1,0,13,1,0,0,0,0,0,0,0,0,1,1,0,0,0,0,0,0,0,0,0,0,0,0,0,0,0,0,0,0,0,0,0,0,0,0,0,0,0,0,5,0,0,0,0,0,0,0,0,0,0,0,0,0,0,0,0,0,0,0,0,0,0,0,0,0,0,0,0,0,0,0,0,0,0,0,30,29,0,0,2,0,0,0,0,0,0,0,0,1.7599857000168413,controlled_mutations_cf_extra_pick_online,symbolic_smt,1,,,,,,,,,,,,,,,,,,,,,,,,,,,,,,,,,,,,,,,,,,,,,,,,,,,,,,,,,,,,,,,,,,,,,,,,,,,,,,,,,,,,,,,,,,,,,,,,,,,,,,,,,,,,,,,,,,,,,,,,,,,,,,,,,,,,,,,,,,,
component_064_events_0116_objects_0055.jsonocel,C:\Users\User\Documents\odacc\experiment_runs\20260919_111654\controlled_mutations_cf_extra_pick_online\symbolic_smt\run_001\component_064_events_0116_objects_0055.json,0,ONLINE_OK,NOT_RUN,fresh_offline_alignment,0,0,True,1,1,0,0,0.0,0.0,,,,,,,,117,10.345090399729088,0.08841957606606059,0.3800187000306323,0,10.345090399729088,117,0,0,0,0,0,0,0,0,18,0,0,0,0,6,6,105,104,105,104,0,12,12,48,6,0,0,0,0,0,0,0,0,0,0,0,0,0,0,0,0,0,0,0,0,13,12,1,249,4,105,0,0,0,105,104,0,0,0,0,0,0,38,38,1,0,1,0,0,24,0,13,0,111,0,93,18,6,6,0,22,6,0,0,0,0,0,0,0,0,6,6,0,0,0,3,0,0,0,0,0,0,0,0,0,0,0,0,0,0,0,0,0,0,0,0,0,0,0,0,12,0,0,0,0,0,0,0,0,3,0,0,0,0,0,0,0,0,0,0,0,0,0,0,0,0,0,0,0,0,0,0,0,0,0,0,99,98,0,0,7,0,0,0,0,0,0,0,0,18.30525520001538,controlled_mutations_cf_extra_pick_online,symbolic_smt,1,,,,,,,,,,,,,,,,,,,,,,,,,,,,,,,,,,,,,,,,,,,,,,,,,,,,,,,,,,,,,,,,,,,,,,,,,,,,,,,,,,,,,,,,,,,,,,,,,,,,,,,,,,,,,,,,,,,,,,,,,,,,,,,,,,,,,,,,,,,
component_065_events_0098_objects_0050.jsonocel,C:\Users\User\Documents\odacc\experiment_runs\20260919_111654\controlled_mutations_cf_extra_pick_online\symbolic_smt\run_001\component_065_events_0098_objects_0050.json,0,ONLINE_OK,NOT_RUN,fresh_offline_alignment,0,0,True,1,1,0,0,0.0,0.0,,,,,,,,99,6.163558600354008,0.06225816768034352,0.1739421000238508,0,6.163558600354008,99,0,0,0,0,0,0,0,0,15,0,0,0,0,4,4,88,87,88,87,0,11,11,45,4,0,0,0,0,0,0,0,0,0,0,0,0,0,0,0,0,0,0,0,0,12,11,1,185,2,88,0,0,0,88,87,0,0,0,0,0,0,32,32,1,0,1,0,0,28,0,12,0,95,0,71,15,4,4,0,26,4,0,0,0,0,0,0,0,0,4,4,0,0,0,2,0,0,0,0,0,0,0,0,0,0,0,0,0,0,0,0,0,0,0,0,0,0,0,0,11,0,0,0,0,0,0,0,0,2,0,0,0,0,0,0,0,0,0,0,0,0,0,0,0,0,0,0,0,0,0,0,0,0,0,0,84,83,0,0,5,0,0,0,0,0,0,0,0,10.65895139996428,controlled_mutations_cf_extra_pick_online,symbolic_smt,1,,,,,,,,,,,,,,,,,,,,,,,,,,,,,,,,,,,,,,,,,,,,,,,,,,,,,,,,,,,,,,,,,,,,,,,,,,,,,,,,,,,,,,,,,,,,,,,,,,,,,,,,,,,,,,,,,,,,,,,,,,,,,,,,,,,,,,,,,,,
component_066_events_0011_objects_0006.jsonocel,C:\Users\User\Documents\odacc\experiment_runs\20260919_111654\controlled_mutations_cf_extra_pick_online\symbolic_smt\run_001\component_066_events_0011_objects_0006.json,0,ONLINE_OK,NOT_RUN,fresh_offline_alignment,0,0,True,1,1,0,0,0.0,0.0,,,,,,,,12,0.35246120020747185,0.029371766683955986,0.10484130005352199,0,0.35246120020747185,12,0,0,0,0,0,0,0,0,1,0,0,0,0,0,0,11,10,11,10,0,1,1,5,0,0,0,0,0,0,0,0,0,0,0,0,0,0,0,0,0,0,0,0,0,2,1,1,18,1,11,0,0,0,11,10,0,0,0,0,0,0,4,4,1,0,1,0,0,8,0,2,0,12,0,4,1,0,0,0,0,0,0,0,0,0,0,0,0,0,0,0,0,0,0,0,0,0,0,0,0,0,0,0,0,0,0,0,0,0,0,0,0,0,0,0,0,0,0,0,1,0,0,0,0,0,0,0,0,0,0,0,0,0,0,0,0,0,0,0,0,0,0,0,0,0,0,0,0,0,0,0,0,0,0,0,11,10,0,0,1,0,0,0,0,0,0,0,0,0.7463394000660628,controlled_mutations_cf_extra_pick_online,symbolic_smt,1,,,,,,,,,,,,,,,,,,,,,,,,,,,,,,,,,,,,,,,,,,,,,,,,,,,,,,,,,,,,,,,,,,,,,,,,,,,,,,,,,,,,,,,,,,,,,,,,,,,,,,,,,,,,,,,,,,,,,,,,,,,,,,,,,,,,,,,,,,,
component_067_events_0063_objects_0031.jsonocel,C:\Users\User\Documents\odacc\experiment_runs\20260919_111654\controlled_mutations_cf_extra_pick_online\symbolic_smt\run_001\component_067_events_0063_objects_0031.json,0,ONLINE_OK,NOT_RUN,fresh_offline_alignment,0,0,True,1,1,0,0,0.0,0.0,,,,,,,,64,2.2451791004277766,0.03508092344418401,0.12232049996964633,0,2.2451791004277766,64,0,0,0,0,0,0,0,0,10,0,0,0,0,3,3,57,56,57,56,0,7,7,28,3,0,0,0,0,0,0,0,0,0,0,0,0,0,0,0,0,0,0,0,0,8,7,1,116,1,57,0,0,0,57,56,0,0,0,0,0,0,20,20,1,0,1,0,0,17,0,7,0,61,0,47,10,3,3,0,15,3,0,0,0,0,0,0,0,0,3,3,0,0,0,1,0,0,0,0,0,0,0,0,0,0,0,0,0,0,0,0,0,0,0,0,0,0,0,0,7,0,0,0,0,0,0,0,0,1,0,0,0,0,0,0,0,0,0,0,0,0,0,0,0,0,0,0,0,0,0,0,0,0,0,0,54,54,0,0,3,0,0,0,0,0,0,0,0,3.5685210999799892,controlled_mutations_cf_extra_pick_online,symbolic_smt,1,,,,,,,,,,,,,,,,,,,,,,,,,,,,,,,,,,,,,,,,,,,,,,,,,,,,,,,,,,,,,,,,,,,,,,,,,,,,,,,,,,,,,,,,,,,,,,,,,,,,,,,,,,,,,,,,,,,,,,,,,,,,,,,,,,,,,,,,,,,
component_068_events_0009_objects_0005.jsonocel,C:\Users\User\Documents\odacc\experiment_runs\20260919_111654\controlled_mutations_cf_extra_pick_online\symbolic_smt\run_001\component_068_events_0009_objects_0005.json,0,ONLINE_OK,NOT_RUN,fresh_offline_alignment,0,0,True,1,1,0,0,0.0,0.0,,,,,,,,10,0.29701450001448393,0.029701450001448394,0.0930796000175178,0,0.29701450001448393,10,0,0,0,0,0,0,0,0,1,0,0,0,0,0,0,9,8,9,8,0,1,1,4,0,0,0,0,0,0,0,0,0,0,0,0,0,0,0,0,0,0,0,0,0,2,1,1,18,1,9,0,0,0,9,8,0,0,0,0,0,0,4,4,1,0,1,0,0,5,0,2,0,10,0,5,1,0,0,0,0,0,0,0,0,0,0,0,0,0,0,0,0,0,0,0,0,0,0,0,0,0,0,0,0,0,0,0,0,0,0,0,0,0,0,0,0,0,0,0,1,0,0,0,0,0,0,0,0,0,0,0,0,0,0,0,0,0,0,0,0,0,0,0,0,0,0,0,0,0,0,0,0,0,0,0,9,8,0,0,1,0,0,0,0,0,0,0,0,0.6289693999569863,controlled_mutations_cf_extra_pick_online,symbolic_smt,1,,,,,,,,,,,,,,,,,,,,,,,,,,,,,,,,,,,,,,,,,,,,,,,,,,,,,,,,,,,,,,,,,,,,,,,,,,,,,,,,,,,,,,,,,,,,,,,,,,,,,,,,,,,,,,,,,,,,,,,,,,,,,,,,,,,,,,,,,,,
component_001_events_0030_objects_0020.jsonocel,C:\Users\User\Documents\odacc\experiment_runs\20260919_111654\controlled_mutations_cf_missing_pick_online\symbolic_smt\run_001\component_001_events_0030_objects_0020.json,0,ONLINE_OK,NOT_RUN,fresh_offline_alignment,0,0,True,1,1,0,0,0.0,0.0,,,,,,,,29,0.9766432999167591,0.03367735516954342,0.11734090000391006,0,0.9766432999167591,29,0,0,0,0,0,0,0,0,5,0,0,0,0,1,1,25,24,25,24,0,4,4,19,1,0,0,0,0,0,0,0,0,0,0,0,0,0,0,0,0,0,0,0,0,6,4,1,79,4,25,0,0,0,25,24,0,0,0,0,0,0,8,8,1,0,1,0,0,4,0,4,0,28,0,25,5,1,1,0,4,1,0,0,0,0,0,0,0,0,1,1,0,0,0,0,0,0,0,0,0,0,0,0,0,0,0,0,0,0,0,0,0,0,0,0,0,0,0,0,4,0,0,0,0,0,0,0,0,0,0,0,0,0,0,0,0,0,0,0,0,0,0,0,0,0,0,0,0,0,0,0,0,0,0,0,24,24,0,0,4,0,0,0,0,0,0,0,0,1.4321597000816837,controlled_mutations_cf_missing_pick_online,symbolic_smt,1,,,,,,,,,,,,,,,,,,,,,,,,,,,,,,,,,,,,,,,,,,,,,,,,,,,,,,,,,,,,,,,,,,,,,,,,,,,,,,,,,,,,,,,,,,,,,,,,,,,,,,,,,,,,,,,,,,,,,,,,,,,,,,,,,,,,,,,,,,,
component_002_events_0028_objects_0013.jsonocel,C:\Users\User\Documents\odacc\experiment_runs\20260919_111654\controlled_mutations_cf_missing_pick_online\symbolic_smt\run_001\component_002_events_0028_objects_0013.json,0,ONLINE_OK,NOT_RUN,fresh_offline_alignment,0,0,True,1,1,0,0,0.0,0.0,,,,,,,,27,0.8167803997639567,0.03025112591718358,0.13470400008372962,0,0.8167803997639567,27,0,0,0,0,0,0,0,0,3,0,0,0,0,1,1,25,24,25,24,0,2,2,11,1,0,0,0,0,0,0,0,0,0,0,0,0,0,0,0,0,0,0,0,0,4,2,1,48,3,25,0,0,0,25,24,0,0,0,0,0,0,6,6,1,0,1,0,0,11,0,3,0,26,0,16,3,1,1,0,11,1,0,0,0,0,0,0,0,0,1,1,0,0,0,0,0,0,0,0,0,0,0,0,0,0,0,0,0,0,0,0,0,0,0,0,0,0,0,0,2,0,0,0,0,0,0,0,0,0,0,0,0,0,0,0,0,0,0,0,0,0,0,0,0,0,0,0,0,0,0,0,0,0,0,0,24,23,0,0,5,0,0,0,0,0,0,0,0,1.3353936000494286,controlled_mutations_cf_missing_pick_online,symbolic_smt,1,,,,,,,,,,,,,,,,,,,,,,,,,,,,,,,,,,,,,,,,,,,,,,,,,,,,,,,,,,,,,,,,,,,,,,,,,,,,,,,,,,,,,,,,,,,,,,,,,,,,,,,,,,,,,,,,,,,,,,,,,,,,,,,,,,,,,,,,,,,
component_003_events_0022_objects_0011.jsonocel,C:\Users\User\Documents\odacc\experiment_runs\20260919_111654\controlled_mutations_cf_missing_pick_online\symbolic_smt\run_001\component_003_events_0022_objects_0011.json,0,ONLINE_OK,NOT_RUN,fresh_offline_alignment,0,0,True,1,1,0,0,0.0,0.0,,,,,,,,21,0.6103144000517204,0.029062590478653356,0.16036090010311455,0,0.6103144000517204,21,0,0,0,0,0,0,0,1,1,0,0,0,0,0,0,20,19,20,19,0,1,1,9,0,0,0,0,0,0,0,0,0,0,0,0,0,0,0,0,0,0,0,0,0,2,1,0,34,3,20,0,0,0,20,19,0,0,0,0,0,0,4,4,0,0,0,0,0,9,0,3,0,21,0,11,1,0,0,0,0,0,0,0,0,0,0,0,0,0,0,0,0,0,0,0,0,0,0,0,0,0,0,0,0,0,0,0,0,0,0,0,0,0,0,0,0,0,0,0,1,0,0,0,0,0,0,0,0,0,0,0,0,0,0,0,0,0,0,0,0,0,0,0,0,0,0,0,0,0,0,0,0,0,0,0,20,18,0,0,5,0,0,0,0,0,0,0,0,1.0431356999324635,controlled_mutations_cf_missing_pick_online,symbolic_smt,1,,,,,,,,,,,,,,,,,,,,,,,,,,,,,,,,,,,,,,,,,,,,,,,,,,,,,,,,,,,,,,,,,,,,,,,,,,,,,,,,,,,,,,,,,,,,,,,,,,,,,,,,,,,,,,,,,,,,,,,,,,,,,,,,,,,,,,,,,,,
component_004_events_0013_objects_0009.jsonocel,C:\Users\User\Documents\odacc\experiment_runs\20260919_111654\controlled_mutations_cf_missing_pick_online\symbolic_smt\run_001\component_004_events_0013_objects_0009.json,0,ONLINE_OK,NOT_RUN,fresh_offline_alignment,0,0,True,1,1,0,0,0.0,0.0,,,,,,,,12,0.37730240006931126,0.03144186667244261,0.14747279998846352,0,0.37730240006931126,12,0,0,0,0,0,0,0,1,1,0,0,0,0,0,0,11,10,11,10,0,1,1,8,0,0,0,0,0,0,0,0,0,0,0,0,0,0,0,0,0,0,0,0,0,2,1,0,35,3,11,0,0,0,11,10,0,0,0,0,0,0,2,2,0,0,0,0,0,2,0,2,0,12,0,9,1,0,0,0,0,0,0,0,0,0,0,0,0,0,0,0,0,0,0,0,0,0,0,0,0,0,0,0,0,0,0,0,0,0,0,0,0,0,0,0,0,0,0,0,1,0,0,0,0,0,0,0,0,0,0,0,0,0,0,0,0,0,0,0,0,0,0,0,0,0,0,0,0,0,0,0,0,0,0,0,11,10,0,0,4,0,0,0,0,0,0,0,0,0.7363494000164792,controlled_mutations_cf_missing_pick_online,symbolic_smt,1,,,,,,,,,,,,,,,,,,,,,,,,,,,,,,,,,,,,,,,,,,,,,,,,,,,,,,,,,,,,,,,,,,,,,,,,,,,,,,,,,,,,,,,,,,,,,,,,,,,,,,,,,,,,,,,,,,,,,,,,,,,,,,,,,,,,,,,,,,,
component_005_events_0035_objects_0016.jsonocel,C:\Users\User\Documents\odacc\experiment_runs\20260919_111654\controlled_mutations_cf_missing_pick_online\symbolic_smt\run_001\component_005_events_0035_objects_0016.json,0,ONLINE_OK,NOT_RUN,fresh_offline_alignment,0,0,True,1,1,0,0,0.0,0.0,,,,,,,,34,1.0714643998071551,0.031513658817857504,0.1482953999657184,0,1.0714643998071551,34,0,0,0,0,0,0,0,0,3,0,0,0,0,1,1,32,31,32,31,0,2,2,14,1,0,0,0,0,0,0,0,0,0,0,0,0,0,0,0,0,0,0,0,0,4,2,1,47,3,32,0,0,0,32,31,0,0,0,0,0,0,6,6,1,0,1,0,0,13,0,3,0,33,0,21,3,1,1,0,13,1,0,0,0,0,0,0,0,0,1,1,0,0,0,0,0,0,0,0,0,0,0,0,0,0,0,0,0,0,0,0,0,0,0,0,0,0,0,0,2,0,0,0,0,0,0,0,0,0,0,0,0,0,0,0,0,0,0,0,0,0,0,0,0,0,0,0,0,0,0,0,0,0,0,0,31,30,0,0,5,0,0,0,0,0,0,0,0,1.765746199991554,controlled_mutations_cf_missing_pick_online,symbolic_smt,1,,,,,,,,,,,,,,,,,,,,,,,,,,,,,,,,,,,,,,,,,,,,,,,,,,,,,,,,,,,,,,,,,,,,,,,,,,,,,,,,,,,,,,,,,,,,,,,,,,,,,,,,,,,,,,,,,,,,,,,,,,,,,,,,,,,,,,,,,,,
component_006_events_0031_objects_0015.jsonocel,C:\Users\User\Documents\odacc\experiment_runs\20260919_111654\controlled_mutations_cf_missing_pick_online\symbolic_smt\run_001\component_006_events_0031_objects_0015.json,0,ONLINE_OK,NOT_RUN,fresh_offline_alignment,0,0,True,1,1,0,0,0.0,0.0,,,,,,,,30,0.9466935999225825,0.03155645333075275,0.10769260011147708,0,0.9466935999225825,30,0,0,0,0,0,0,0,0,5,0,0,0,0,2,2,27,26,27,26,0,3,3,13,2,0,0,0,0,0,0,0,0,0,0,0,0,0,0,0,0,0,0,0,0,5,3,1,64,3,27,0,0,0,27,26,0,0,0,0,0,0,8,8,1,0,1,0,0,12,0,3,0,28,0,18,5,2,2,0,12,2,0,0,0,0,0,0,0,0,2,2,0,0,0,0,0,0,0,0,0,0,0,0,0,0,0,0,0,0,0,0,0,0,0,0,0,0,0,0,3,0,0,0,0,0,0,0,0,0,0,0,0,0,0,0,0,0,0,0,0,0,0,0,0,0,0,0,0,0,0,0,0,0,0,0,25,25,0,0,5,0,0,0,0,0,0,0,0,1.4482178000034764,controlled_mutations_cf_missing_pick_online,symbolic_smt,1,,,,,,,,,,,,,,,,,,,,,,,,,,,,,,,,,,,,,,,,,,,,,,,,,,,,,,,,,,,,,,,,,,,,,,,,,,,,,,,,,,,,,,,,,,,,,,,,,,,,,,,,,,,,,,,,,,,,,,,,,,,,,,,,,,,,,,,,,,,
component_009_events_0015_objects_0008.jsonocel,C:\Users\User\Documents\odacc\experiment_runs\20260919_111654\controlled_mutations_cf_missing_pick_online\symbolic_smt\run_001\component_009_events_0015_objects_0008.json,0,ONLINE_OK,NOT_RUN,fresh_offline_alignment,0,0,True,1,1,0,0,0.0,0.0,,,,,,,,14,0.4165760000469163,0.029755428574779735,0.13627990009263158,0,0.4165760000469163,14,0,0,0,0,0,0,0,1,1,0,0,0,0,0,0,13,12,13,12,0,1,1,7,0,0,0,0,0,0,0,0,0,0,0,0,0,0,0,0,0,0,0,0,0,2,1,0,34,2,13,0,0,0,13,12,0,0,0,0,0,0,2,2,0,0,0,0,0,4,0,2,0,14,0,9,1,0,0,0,0,0,0,0,0,0,0,0,0,0,0,0,0,0,0,0,0,0,0,0,0,0,0,0,0,0,0,0,0,0,0,0,0,0,0,0,0,0,0,0,1,0,0,0,0,0,0,0,0,0,0,0,0,0,0,0,0,0,0,0,0,0,0,0,0,0,0,0,0,0,0,0,0,0,0,0,13,12,0,0,4,0,0,0,0,0,0,0,0,0.8337651999900118,controlled_mutations_cf_missing_pick_online,symbolic_smt,1,,,,,,,,,,,,,,,,,,,,,,,,,,,,,,,,,,,,,,,,,,,,,,,,,,,,,,,,,,,,,,,,,,,,,,,,,,,,,,,,,,,,,,,,,,,,,,,,,,,,,,,,,,,,,,,,,,,,,,,,,,,,,,,,,,,,,,,,,,,
component_011_events_0028_objects_0017.jsonocel,C:\Users\User\Documents\odacc\experiment_runs\20260919_111654\controlled_mutations_cf_missing_pick_online\symbolic_smt\run_001\component_011_events_0028_objects_0017.json,0,ONLINE_OK,NOT_RUN,fresh_offline_alignment,0,0,True,1,1,0,0,0.0,0.0,,,,,,,,27,0.9259151999140158,0.03429315555237095,0.13323709997348487,0,0.9259151999140158,27,0,0,0,0,0,0,0,0,4,0,0,0,0,1,1,24,23,24,23,0,3,3,16,1,0,0,0,0,0,0,0,0,0,0,0,0,0,0,0,0,0,0,0,0,5,3,1,66,5,24,0,0,0,24,23,0,0,0,0,0,0,6,6,1,0,1,0,0,6,0,3,0,26,0,21,4,1,1,0,6,1,0,0,0,0,0,0,0,0,1,1,0,0,0,0,0,0,0,0,0,0,0,0,0,0,0,0,0,0,0,0,0,0,0,0,0,0,0,0,3,0,0,0,0,0,0,0,0,0,0,0,0,0,0,0,0,0,0,0,0,0,0,0,0,0,0,0,0,0,0,0,0,0,0,0,23,23,0,0,4,0,0,0,0,0,0,0,0,1.445351600064896,controlled_mutations_cf_missing_pick_online,symbolic_smt,1,,,,,,,,,,,,,,,,,,,,,,,,,,,,,,,,,,,,,,,,,,,,,,,,,,,,,,,,,,,,,,,,,,,,,,,,,,,,,,,,,,,,,,,,,,,,,,,,,,,,,,,,,,,,,,,,,,,,,,,,,,,,,,,,,,,,,,,,,,,
component_014_events_0102_objects_0053.jsonocel,C:\Users\User\Documents\odacc\experiment_runs\20260919_111654\controlled_mutations_cf_missing_pick_online\symbolic_smt\run_001\component_014_events_0102_objects_0053.json,0,ONLINE_OK,NOT_RUN,fresh_offline_alignment,0,0,True,1,1,0,0,0.0,0.0,,,,,,,,101,7.8822369006229565,0.07804194951111838,0.29895159997977316,0,7.8822369006229565,101,0,0,0,0,0,0,0,0,14,0,0,0,0,5,5,92,91,92,91,0,9,9,47,5,0,0,0,0,0,0,0,0,0,0,0,0,0,0,0,0,0,0,0,0,11,9,1,208,7,92,0,0,0,92,91,0,0,0,0,0,0,28,28,1,0,1,0,0,33,0,10,0,96,0,68,14,5,5,0,33,5,0,0,0,0,0,0,0,0,5,5,0,0,0,3,0,0,0,0,0,0,0,0,0,0,0,0,0,0,0,0,0,0,0,0,0,0,0,0,9,0,0,0,0,0,0,0,0,3,0,0,0,0,0,0,0,0,0,0,0,0,0,0,0,0,0,0,0,0,0,0,0,0,0,0,87,86,0,0,9,0,0,0,0,0,0,0,0,13.911966799991205,controlled_mutations_cf_missing_pick_online,symbolic_smt,1,,,,,,,,,,,,,,,,,,,,,,,,,,,,,,,,,,,,,,,,,,,,,,,,,,,,,,,,,,,,,,,,,,,,,,,,,,,,,,,,,,,,,,,,,,,,,,,,,,,,,,,,,,,,,,,,,,,,,,,,,,,,,,,,,,,,,,,,,,,
component_020_events_0022_objects_0009.jsonocel,C:\Users\User\Documents\odacc\experiment_runs\20260919_111654\controlled_mutations_cf_missing_pick_online\symbolic_smt\run_001\component_020_events_0022_objects_0009.json,0,ONLINE_OK,NOT_RUN,fresh_offline_alignment,0,0,True,1,1,0,0,0.0,0.0,,,,,,,,21,0.5680321002146229,0.02704914762926776,0.14500609994865954,0,0.5680321002146229,21,0,0,0,0,0,0,0,1,1,0,0,0,0,0,0,20,19,20,19,0,1,1,8,0,0,0,0,0,0,0,0,0,0,0,0,0,0,0,0,0,0,0,0,0,2,1,0,33,2,20,0,0,0,20,19,0,0,0,0,0,0,2,2,0,0,0,0,0,10,0,2,0,21,0,10,1,0,0,0,0,0,0,0,0,0,0,0,0,0,0,0,0,0,0,0,0,0,0,0,0,0,0,0,0,0,0,0,0,0,0,0,0,0,0,0,0,0,0,0,1,0,0,0,0,0,0,0,0,0,0,0,0,0,0,0,0,0,0,0,0,0,0,0,0,0,0,0,0,0,0,0,0,0,0,0,20,19,0,0,4,0,0,0,0,0,0,0,0,1.0464283999754116,controlled_mutations_cf_missing_pick_online,symbolic_smt,1,,,,,,,,,,,,,,,,,,,,,,,,,,,,,,,,,,,,,,,,,,,,,,,,,,,,,,,,,,,,,,,,,,,,,,,,,,,,,,,,,,,,,,,,,,,,,,,,,,,,,,,,,,,,,,,,,,,,,,,,,,,,,,,,,,,,,,,,,,,
component_021_events_0013_objects_0005.jsonocel,C:\Users\User\Documents\odacc\experiment_runs\20260919_111654\controlled_mutations_cf_missing_pick_online\symbolic_smt\run_001\component_021_events_0013_objects_0005.json,0,ONLINE_OK,NOT_RUN,fresh_offline_alignment,0,0,True,1,1,0,0,0.0,0.0,,,,,,,,12,0.3077650999184698,0.025647091659872483,0.0779625999275595,0,0.3077650999184698,12,0,0,0,0,0,0,0,1,1,0,0,0,0,0,0,11,10,11,10,0,1,1,3,0,0,0,0,0,0,0,0,0,0,0,0,0,0,0,0,0,0,0,0,0,2,1,0,34,2,11,0,0,0,11,10,0,0,0,0,0,0,4,4,0,0,0,0,0,2,0,3,0,12,0,9,1,0,0,0,0,0,0,0,0,0,0,0,0,0,0,0,0,0,0,0,0,0,0,0,0,0,0,0,0,0,0,0,0,0,0,0,0,0,0,0,0,0,0,0,1,0,0,0,0,0,0,0,0,0,0,0,0,0,0,0,0,0,0,0,0,0,0,0,0,0,0,0,0,0,0,0,0,0,0,0,11,9,0,0,5,0,0,0,0,0,0,0,0,0.6246471999911591,controlled_mutations_cf_missing_pick_online,symbolic_smt,1,,,,,,,,,,,,,,,,,,,,,,,,,,,,,,,,,,,,,,,,,,,,,,,,,,,,,,,,,,,,,,,,,,,,,,,,,,,,,,,,,,,,,,,,,,,,,,,,,,,,,,,,,,,,,,,,,,,,,,,,,,,,,,,,,,,,,,,,,,,
component_024_events_0010_objects_0005.jsonocel,C:\Users\User\Documents\odacc\experiment_runs\20260919_111654\controlled_mutations_cf_missing_pick_online\symbolic_smt\run_001\component_024_events_0010_objects_0005.json,0,ONLINE_OK,NOT_RUN,fresh_offline_alignment,0,0,True,1,1,0,0,0.0,0.0,,,,,,,,9,0.25903009984176606,0.02878112220464067,0.09037620003800839,0,0.25903009984176606,9,0,0,0,0,0,0,0,1,1,0,0,0,0,0,0,8,7,8,7,0,1,1,4,0,0,0,0,0,0,0,0,0,0,0,0,0,0,0,0,0,0,0,0,0,2,1,0,33,2,8,0,0,0,8,7,0,0,0,0,0,0,2,2,0,0,0,0,0,3,0,2,0,9,0,5,1,0,0,0,0,0,0,0,0,0,0,0,0,0,0,0,0,0,0,0,0,0,0,0,0,0,0,0,0,0,0,0,0,0,0,0,0,0,0,0,0,0,0,0,1,0,0,0,0,0,0,0,0,0,0,0,0,0,0,0,0,0,0,0,0,0,0,0,0,0,0,0,0,0,0,0,0,0,0,0,8,7,0,0,4,0,0,0,0,0,0,0,0,0.6237019000109285,controlled_mutations_cf_missing_pick_online,symbolic_smt,1,,,,,,,,,,,,,,,,,,,,,,,,,,,,,,,,,,,,,,,,,,,,,,,,,,,,,,,,,,,,,,,,,,,,,,,,,,,,,,,,,,,,,,,,,,,,,,,,,,,,,,,,,,,,,,,,,,,,,,,,,,,,,,,,,,,,,,,,,,,
component_028_events_0012_objects_0008.jsonocel,C:\Users\User\Documents\odacc\experiment_runs\20260919_111654\controlled_mutations_cf_missing_pick_online\symbolic_smt\run_001\component_028_events_0012_objects_0008.json,0,ONLINE_OK,NOT_RUN,fresh_offline_alignment,0,0,True,1,1,0,0,0.0,0.0,,,,,,,,11,0.3478242000564933,0.03162038182331757,0.13316690002102405,0,0.3478242000564933,11,0,0,0,0,0,0,0,1,1,0,0,0,0,0,0,10,9,10,9,0,1,1,7,0,0,0,0,0,0,0,0,0,0,0,0,0,0,0,0,0,0,0,0,0,2,1,0,36,2,10,0,0,0,10,9,0,0,0,0,0,0,2,2,0,0,0,0,0,3,0,2,0,11,0,7,1,0,0,0,0,0,0,0,0,0,0,0,0,0,0,0,0,0,0,0,0,0,0,0,0,0,0,0,0,0,0,0,0,0,0,0,0,0,0,0,0,0,0,0,1,0,0,0,0,0,0,0,0,0,0,0,0,0,0,0,0,0,0,0,0,0,0,0,0,0,0,0,0,0,0,0,0,0,0,0,10,9,0,0,4,0,0,0,0,0,0,0,0,0.7257409000303596,controlled_mutations_cf_missing_pick_online,symbolic_smt,1,,,,,,,,,,,,,,,,,,,,,,,,,,,,,,,,,,,,,,,,,,,,,,,,,,,,,,,,,,,,,,,,,,,,,,,,,,,,,,,,,,,,,,,,,,,,,,,,,,,,,,,,,,,,,,,,,,,,,,,,,,,,,,,,,,,,,,,,,,,
component_029_events_0021_objects_0010.jsonocel,C:\Users\User\Documents\odacc\experiment_runs\20260919_111654\controlled_mutations_cf_missing_pick_online\symbolic_smt\run_001\component_029_events_0021_objects_0010.json,0,ONLINE_OK,NOT_RUN,fresh_offline_alignment,0,0,True,1,1,0,0,0.0,0.0,,,,,,,,20,0.5538393999449909,0.027691969997249544,0.14633129991125315,0,0.5538393999449909,20,0,0,0,0,0,0,0,1,1,0,0,0,0,0,0,19,18,19,18,0,1,1,8,0,0,0,0,0,0,0,0,0,0,0,0,0,0,0,0,0,0,0,0,0,2,1,0,33,2,19,0,0,0,19,18,0,0,0,0,0,0,4,4,0,0,0,0,0,11,0,3,0,20,0,8,1,0,0,0,0,0,0,0,0,0,0,0,0,0,0,0,0,0,0,0,0,0,0,0,0,0,0,0,0,0,0,0,0,0,0,0,0,0,0,0,0,0,0,0,1,0,0,0,0,0,0,0,0,0,0,0,0,0,0,0,0,0,0,0,0,0,0,0,0,0,0,0,0,0,0,0,0,0,0,0,19,17,0,0,5,0,0,0,0,0,0,0,0,0.9278958999784663,controlled_mutations_cf_missing_pick_online,symbolic_smt,1,,,,,,,,,,,,,,,,,,,,,,,,,,,,,,,,,,,,,,,,,,,,,,,,,,,,,,,,,,,,,,,,,,,,,,,,,,,,,,,,,,,,,,,,,,,,,,,,,,,,,,,,,,,,,,,,,,,,,,,,,,,,,,,,,,,,,,,,,,,
component_030_events_0061_objects_0033.jsonocel,C:\Users\User\Documents\odacc\experiment_runs\20260919_111654\controlled_mutations_cf_missing_pick_online\symbolic_smt\run_001\component_030_events_0061_objects_0033.json,0,ONLINE_OK,NOT_RUN,fresh_offline_alignment,0,0,True,1,1,0,0,0.0,0.0,,,,,,,,60,2.5400723998900503,0.042334539998167504,0.19260129996109754,0,2.5400723998900503,60,0,0,0,0,0,0,0,0,6,0,0,0,0,2,2,56,55,56,55,0,4,4,28,2,0,0,0,0,0,0,0,0,0,0,0,0,0,0,0,0,0,0,0,0,6,4,1,80,5,56,0,0,0,56,55,0,0,0,0,0,0,16,16,1,0,1,0,0,20,0,7,0,58,0,40,6,2,2,0,20,2,0,0,0,0,0,0,0,0,2,2,0,0,0,1,0,0,0,0,0,0,0,0,0,0,0,0,0,0,0,0,0,0,0,0,0,0,0,0,4,0,0,0,0,0,0,0,0,1,0,0,0,0,0,0,0,0,0,0,0,0,0,0,0,0,0,0,0,0,0,0,0,0,0,0,54,51,0,0,8,0,0,0,0,0,0,0,0,4.44109999993816,controlled_mutations_cf_missing_pick_online,symbolic_smt,1,,,,,,,,,,,,,,,,,,,,,,,,,,,,,,,,,,,,,,,,,,,,,,,,,,,,,,,,,,,,,,,,,,,,,,,,,,,,,,,,,,,,,,,,,,,,,,,,,,,,,,,,,,,,,,,,,,,,,,,,,,,,,,,,,,,,,,,,,,,
component_031_events_0009_objects_0005.jsonocel,C:\Users\User\Documents\odacc\experiment_runs\20260919_111654\controlled_mutations_cf_missing_pick_online\symbolic_smt\run_001\component_031_events_0009_objects_0005.json,0,ONLINE_OK,NOT_RUN,fresh_offline_alignment,0,0,True,1,1,0,0,0.0,0.0,,,,,,,,8,0.247619699803181,0.030952462475397624,0.09253699996042997,0,0.247619699803181,8,0,0,0,0,0,0,0,1,1,0,0,0,0,0,0,7,6,7,6,0,1,1,4,0,0,0,0,0,0,0,0,0,0,0,0,0,0,0,0,0,0,0,0,0,2,1,0,33,2,7,0,0,0,7,6,0,0,0,0,0,0,2,2,0,0,0,0,0,2,0,2,0,8,0,5,1,0,0,0,0,0,0,0,0,0,0,0,0,0,0,0,0,0,0,0,0,0,0,0,0,0,0,0,0,0,0,0,0,0,0,0,0,0,0,0,0,0,0,0,1,0,0,0,0,0,0,0,0,0,0,0,0,0,0,0,0,0,0,0,0,0,0,0,0,0,0,0,0,0,0,0,0,0,0,0,7,6,0,0,4,0,0,0,0,0,0,0,0,0.526394100044854,controlled_mutations_cf_missing_pick_online,symbolic_smt,1,,,,,,,,,,,,,,,,,,,,,,,,,,,,,,,,,,,,,,,,,,,,,,,,,,,,,,,,,,,,,,,,,,,,,,,,,,,,,,,,,,,,,,,,,,,,,,,,,,,,,,,,,,,,,,,,,,,,,,,,,,,,,,,,,,,,,,,,,,,
component_032_events_0007_objects_0003.jsonocel,C:\Users\User\Documents\odacc\experiment_runs\20260919_111654\controlled_mutations_cf_missing_pick_online\symbolic_smt\run_001\component_032_events_0007_objects_0003.json,0,ONLINE_OK,NOT_RUN,fresh_offline_alignment,0,0,True,1,1,0,0,0.0,0.0,,,,,,,,6,0.18101599998772144,0.030169333331286907,0.06384950003121048,0,0.18101599998772144,6,0,0,0,0,0,0,0,1,1,0,0,0,0,0,0,5,4,5,4,0,1,1,2,0,0,0,0,0,0,0,0,0,0,0,0,0,0,0,0,0,0,0,0,0,2,1,0,33,2,5,0,0,0,5,4,0,0,0,0,0,0,2,2,0,0,0,0,0,3,0,2,0,6,0,2,1,0,0,0,0,0,0,0,0,0,0,0,0,0,0,0,0,0,0,0,0,0,0,0,0,0,0,0,0,0,0,0,0,0,0,0,0,0,0,0,0,0,0,0,1,0,0,0,0,0,0,0,0,0,0,0,0,0,0,0,0,0,0,0,0,0,0,0,0,0,0,0,0,0,0,0,0,0,0,0,5,4,0,0,4,0,0,0,0,0,0,0,0,0.5229302000952885,controlled_mutations_cf_missing_pick_online,symbolic_smt,1,,,,,,,,,,,,,,,,,,,,,,,,,,,,,,,,,,,,,,,,,,,,,,,,,,,,,,,,,,,,,,,,,,,,,,,,,,,,,,,,,,,,,,,,,,,,,,,,,,,,,,,,,,,,,,,,,,,,,,,,,,,,,,,,,,,,,,,,,,,
component_036_events_0017_objects_0008.jsonocel,C:\Users\User\Documents\odacc\experiment_runs\20260919_111654\controlled_mutations_cf_missing_pick_online\symbolic_smt\run_001\component_036_events_0017_objects_0008.json,0,ONLINE_OK,NOT_RUN,fresh_offline_alignment,0,0,True,1,1,0,0,0.0,0.0,,,,,,,,16,0.5030952000524849,0.031443450003280304,0.10642500000540167,0,0.5030952000524849,16,0,0,0,0,0,0,0,0,3,0,0,0,0,1,1,14,13,14,13,0,2,2,7,1,0,0,0,0,0,0,0,0,0,0,0,0,0,0,0,0,0,0,0,0,4,2,1,48,2,14,0,0,0,14,13,0,0,0,0,0,0,4,4,1,0,1,0,0,10,0,2,0,15,0,6,3,1,1,0,10,1,0,0,0,0,0,0,0,0,1,1,0,0,0,0,0,0,0,0,0,0,0,0,0,0,0,0,0,0,0,0,0,0,0,0,0,0,0,0,2,0,0,0,0,0,0,0,0,0,0,0,0,0,0,0,0,0,0,0,0,0,0,0,0,0,0,0,0,0,0,0,0,0,0,0,13,13,0,0,4,0,0,0,0,0,0,0,0,0.8242156999185681,controlled_mutations_cf_missing_pick_online,symbolic_smt,1,,,,,,,,,,,,,,,,,,,,,,,,,,,,,,,,,,,,,,,,,,,,,,,,,,,,,,,,,,,,,,,,,,,,,,,,,,,,,,,,,,,,,,,,,,,,,,,,,,,,,,,,,,,,,,,,,,,,,,,,,,,,,,,,,,,,,,,,,,,
component_037_events_0012_objects_0006.jsonocel,C:\Users\User\Documents\odacc\experiment_runs\20260919_111654\controlled_mutations_cf_missing_pick_online\symbolic_smt\run_001\component_037_events_0012_objects_0006.json,0,ONLINE_OK,NOT_RUN,fresh_offline_alignment,0,0,True,1,1,0,0,0.0,0.0,,,,,,,,11,0.3238007001345977,0.02943642728496343,0.10626889998093247,0,0.3238007001345977,11,0,0,0,0,0,0,0,1,1,0,0,0,0,0,0,10,9,10,9,0,1,1,5,0,0,0,0,0,0,0,0,0,0,0,0,0,0,0,0,0,0,0,0,0,2,1,0,34,2,10,0,0,0,10,9,0,0,0,0,0,0,2,2,0,0,0,0,0,3,0,2,0,11,0,7,1,0,0,0,0,0,0,0,0,0,0,0,0,0,0,0,0,0,0,0,0,0,0,0,0,0,0,0,0,0,0,0,0,0,0,0,0,0,0,0,0,0,0,0,1,0,0,0,0,0,0,0,0,0,0,0,0,0,0,0,0,0,0,0,0,0,0,0,0,0,0,0,0,0,0,0,0,0,0,0,10,9,0,0,4,0,0,0,0,0,0,0,0,0.6186525999801233,controlled_mutations_cf_missing_pick_online,symbolic_smt,1,,,,,,,,,,,,,,,,,,,,,,,,,,,,,,,,,,,,,,,,,,,,,,,,,,,,,,,,,,,,,,,,,,,,,,,,,,,,,,,,,,,,,,,,,,,,,,,,,,,,,,,,,,,,,,,,,,,,,,,,,,,,,,,,,,,,,,,,,,,
component_038_events_0008_objects_0004.jsonocel,C:\Users\User\Documents\odacc\experiment_runs\20260919_111654\controlled_mutations_cf_missing_pick_online\symbolic_smt\run_001\component_038_events_0008_objects_0004.json,0,ONLINE_OK,NOT_RUN,fresh_offline_alignment,0,0,True,1,1,0,0,0.0,0.0,,,,,,,,7,0.21089999983087182,0.03012857140441026,0.07722560002002865,0,0.21089999983087182,7,0,0,0,0,0,0,0,1,1,0,0,0,0,0,0,6,5,6,5,0,1,1,3,0,0,0,0,0,0,0,0,0,0,0,0,0,0,0,0,0,0,0,0,0,2,1,0,36,2,6,0,0,0,6,5,0,0,0,0,0,0,2,2,0,0,0,0,0,3,0,2,0,7,0,3,1,0,0,0,0,0,0,0,0,0,0,0,0,0,0,0,0,0,0,0,0,0,0,0,0,0,0,0,0,0,0,0,0,0,0,0,0,0,0,0,0,0,0,0,1,0,0,0,0,0,0,0,0,0,0,0,0,0,0,0,0,0,0,0,0,0,0,0,0,0,0,0,0,0,0,0,0,0,0,0,6,5,0,0,4,0,0,0,0,0,0,0,0,0.5186787999700755,controlled_mutations_cf_missing_pick_online,symbolic_smt,1,,,,,,,,,,,,,,,,,,,,,,,,,,,,,,,,,,,,,,,,,,,,,,,,,,,,,,,,,,,,,,,,,,,,,,,,,,,,,,,,,,,,,,,,,,,,,,,,,,,,,,,,,,,,,,,,,,,,,,,,,,,,,,,,,,,,,,,,,,,
component_042_events_0009_objects_0005.jsonocel,C:\Users\User\Documents\odacc\experiment_runs\20260919_111654\controlled_mutations_cf_missing_pick_online\symbolic_smt\run_001\component_042_events_0009_objects_0005.json,0,ONLINE_OK,NOT_RUN,fresh_offline_alignment,0,0,True,1,1,0,0,0.0,0.0,,,,,,,,8,0.24946589989122003,0.031183237486402504,0.09435689996462315,0,0.24946589989122003,8,0,0,0,0,0,0,0,1,1,0,0,0,0,0,0,7,6,7,6,0,1,1,4,0,0,0,0,0,0,0,0,0,0,0,0,0,0,0,0,0,0,0,0,0,2,1,0,33,2,7,0,0,0,7,6,0,0,0,0,0,0,2,2,0,0,0,0,0,2,0,2,0,8,0,5,1,0,0,0,0,0,0,0,0,0,0,0,0,0,0,0,0,0,0,0,0,0,0,0,0,0,0,0,0,0,0,0,0,0,0,0,0,0,0,0,0,0,0,0,1,0,0,0,0,0,0,0,0,0,0,0,0,0,0,0,0,0,0,0,0,0,0,0,0,0,0,0,0,0,0,0,0,0,0,0,7,6,0,0,4,0,0,0,0,0,0,0,0,0.5206073999870569,controlled_mutations_cf_missing_pick_online,symbolic_smt,1,,,,,,,,,,,,,,,,,,,,,,,,,,,,,,,,,,,,,,,,,,,,,,,,,,,,,,,,,,,,,,,,,,,,,,,,,,,,,,,,,,,,,,,,,,,,,,,,,,,,,,,,,,,,,,,,,,,,,,,,,,,,,,,,,,,,,,,,,,,
component_048_events_0011_objects_0007.jsonocel,C:\Users\User\Documents\odacc\experiment_runs\20260919_111654\controlled_mutations_cf_missing_pick_online\symbolic_smt\run_001\component_048_events_0011_objects_0007.json,0,ONLINE_OK,NOT_RUN,fresh_offline_alignment,0,0,True,1,1,0,0,0.0,0.0,,,,,,,,10,0.30818969977553934,0.030818969977553935,0.11914059997070581,0,0.30818969977553934,10,0,0,0,0,0,0,0,1,1,0,0,0,0,0,0,9,8,9,8,0,1,1,6,0,0,0,0,0,0,0,0,0,0,0,0,0,0,0,0,0,0,0,0,0,2,1,0,34,2,9,0,0,0,9,8,0,0,0,0,0,0,2,2,0,0,0,0,0,2,0,2,0,10,0,7,1,0,0,0,0,0,0,0,0,0,0,0,0,0,0,0,0,0,0,0,0,0,0,0,0,0,0,0,0,0,0,0,0,0,0,0,0,0,0,0,0,0,0,0,1,0,0,0,0,0,0,0,0,0,0,0,0,0,0,0,0,0,0,0,0,0,0,0,0,0,0,0,0,0,0,0,0,0,0,0,9,8,0,0,4,0,0,0,0,0,0,0,0,0.6228005999000743,controlled_mutations_cf_missing_pick_online,symbolic_smt,1,,,,,,,,,,,,,,,,,,,,,,,,,,,,,,,,,,,,,,,,,,,,,,,,,,,,,,,,,,,,,,,,,,,,,,,,,,,,,,,,,,,,,,,,,,,,,,,,,,,,,,,,,,,,,,,,,,,,,,,,,,,,,,,,,,,,,,,,,,,
component_050_events_0008_objects_0004.jsonocel,C:\Users\User\Documents\odacc\experiment_runs\20260919_111654\controlled_mutations_cf_missing_pick_online\symbolic_smt\run_001\component_050_events_0008_objects_0004.json,0,ONLINE_OK,NOT_RUN,fresh_offline_alignment,0,0,True,1,1,0,0,0.0,0.0,,,,,,,,7,0.21287090005353093,0.030410128579075848,0.07719490001909435,0,0.21287090005353093,7,0,0,0,0,0,0,0,1,1,0,0,0,0,0,0,6,5,6,5,0,1,1,3,0,0,0,0,0,0,0,0,0,0,0,0,0,0,0,0,0,0,0,0,0,2,1,0,33,2,6,0,0,0,6,5,0,0,0,0,0,0,2,2,0,0,0,0,0,2,0,2,0,7,0,4,1,0,0,0,0,0,0,0,0,0,0,0,0,0,0,0,0,0,0,0,0,0,0,0,0,0,0,0,0,0,0,0,0,0,0,0,0,0,0,0,0,0,0,0,1,0,0,0,0,0,0,0,0,0,0,0,0,0,0,0,0,0,0,0,0,0,0,0,0,0,0,0,0,0,0,0,0,0,0,0,6,5,0,0,4,0,0,0,0,0,0,0,0,0.5212812999961898,controlled_mutations_cf_missing_pick_online,symbolic_smt,1,,,,,,,,,,,,,,,,,,,,,,,,,,,,,,,,,,,,,,,,,,,,,,,,,,,,,,,,,,,,,,,,,,,,,,,,,,,,,,,,,,,,,,,,,,,,,,,,,,,,,,,,,,,,,,,,,,,,,,,,,,,,,,,,,,,,,,,,,,,
component_051_events_0011_objects_0007.jsonocel,C:\Users\User\Documents\odacc\experiment_runs\20260919_111654\controlled_mutations_cf_missing_pick_online\symbolic_smt\run_001\component_051_events_0011_objects_0007.json,0,ONLINE_OK,NOT_RUN,fresh_offline_alignment,0,0,True,1,1,0,0,0.0,0.0,,,,,,,,10,0.31324879988096654,0.03132487998809665,0.11844749993178993,0,0.31324879988096654,10,0,0,0,0,0,0,0,1,1,0,0,0,0,0,0,9,8,9,8,0,1,1,6,0,0,0,0,0,0,0,0,0,0,0,0,0,0,0,0,0,0,0,0,0,2,1,0,33,2,9,0,0,0,9,8,0,0,0,0,0,0,2,2,0,0,0,0,0,3,0,2,0,10,0,6,1,0,0,0,0,0,0,0,0,0,0,0,0,0,0,0,0,0,0,0,0,0,0,0,0,0,0,0,0,0,0,0,0,0,0,0,0,0,0,0,0,0,0,0,1,0,0,0,0,0,0,0,0,0,0,0,0,0,0,0,0,0,0,0,0,0,0,0,0,0,0,0,0,0,0,0,0,0,0,0,9,8,0,0,4,0,0,0,0,0,0,0,0,0.626351400045678,controlled_mutations_cf_missing_pick_online,symbolic_smt,1,,,,,,,,,,,,,,,,,,,,,,,,,,,,,,,,,,,,,,,,,,,,,,,,,,,,,,,,,,,,,,,,,,,,,,,,,,,,,,,,,,,,,,,,,,,,,,,,,,,,,,,,,,,,,,,,,,,,,,,,,,,,,,,,,,,,,,,,,,,
component_057_events_0011_objects_0005.jsonocel,C:\Users\User\Documents\odacc\experiment_runs\20260919_111654\controlled_mutations_cf_missing_pick_online\symbolic_smt\run_001\component_057_events_0011_objects_0005.json,0,ONLINE_OK,NOT_RUN,fresh_offline_alignment,0,0,True,1,1,0,0,0.0,0.0,,,,,,,,10,0.27922049979679286,0.027922049979679286,0.09143619996029884,0,0.27922049979679286,10,0,0,0,0,0,0,0,1,1,0,0,0,0,0,0,9,8,9,8,0,1,1,4,0,0,0,0,0,0,0,0,0,0,0,0,0,0,0,0,0,0,0,0,0,2,1,0,33,2,9,0,0,0,9,8,0,0,0,0,0,0,2,2,0,0,0,0,0,2,0,2,0,10,0,7,1,0,0,0,0,0,0,0,0,0,0,0,0,0,0,0,0,0,0,0,0,0,0,0,0,0,0,0,0,0,0,0,0,0,0,0,0,0,0,0,0,0,0,0,1,0,0,0,0,0,0,0,0,0,0,0,0,0,0,0,0,0,0,0,0,0,0,0,0,0,0,0,0,0,0,0,0,0,0,0,9,8,0,0,4,0,0,0,0,0,0,0,0,0.6230972999474034,controlled_mutations_cf_missing_pick_online,symbolic_smt,1,,,,,,,,,,,,,,,,,,,,,,,,,,,,,,,,,,,,,,,,,,,,,,,,,,,,,,,,,,,,,,,,,,,,,,,,,,,,,,,,,,,,,,,,,,,,,,,,,,,,,,,,,,,,,,,,,,,,,,,,,,,,,,,,,,,,,,,,,,,
component_058_events_0009_objects_0005.jsonocel,C:\Users\User\Documents\odacc\experiment_runs\20260919_111654\controlled_mutations_cf_missing_pick_online\symbolic_smt\run_001\component_058_events_0009_objects_0005.json,0,ONLINE_OK,NOT_RUN,fresh_offline_alignment,0,0,True,1,1,0,0,0.0,0.0,,,,,,,,8,0.24829559994395822,0.031036949992994778,0.09394639998208731,0,0.24829559994395822,8,0,0,0,0,0,0,0,1,1,0,0,0,0,0,0,7,6,7,6,0,1,1,4,0,0,0,0,0,0,0,0,0,0,0,0,0,0,0,0,0,0,0,0,0,2,1,0,35,2,7,0,0,0,7,6,0,0,0,0,0,0,2,2,0,0,0,0,0,3,0,2,0,8,0,4,1,0,0,0,0,0,0,0,0,0,0,0,0,0,0,0,0,0,0,0,0,0,0,0,0,0,0,0,0,0,0,0,0,0,0,0,0,0,0,0,0,0,0,0,1,0,0,0,0,0,0,0,0,0,0,0,0,0,0,0,0,0,0,0,0,0,0,0,0,0,0,0,0,0,0,0,0,0,0,0,7,6,0,0,4,0,0,0,0,0,0,0,0,0.5195102000143379,controlled_mutations_cf_missing_pick_online,symbolic_smt,1,,,,,,,,,,,,,,,,,,,,,,,,,,,,,,,,,,,,,,,,,,,,,,,,,,,,,,,,,,,,,,,,,,,,,,,,,,,,,,,,,,,,,,,,,,,,,,,,,,,,,,,,,,,,,,,,,,,,,,,,,,,,,,,,,,,,,,,,,,,
component_059_events_0010_objects_0006.jsonocel,C:\Users\User\Documents\odacc\experiment_runs\20260919_111654\controlled_mutations_cf_missing_pick_online\symbolic_smt\run_001\component_059_events_0010_objects_0006.json,0,ONLINE_OK,NOT_RUN,fresh_offline_alignment,0,0,True,1,1,0,0,0.0,0.0,,,,,,,,9,0.27694259979762137,0.030771399977513485,0.10653929994441569,0,0.27694259979762137,9,0,0,0,0,0,0,0,1,1,0,0,0,0,0,0,8,7,8,7,0,1,1,5,0,0,0,0,0,0,0,0,0,0,0,0,0,0,0,0,0,0,0,0,0,2,1,0,36,2,8,0,0,0,8,7,0,0,0,0,0,0,2,2,0,0,0,0,0,3,0,2,0,9,0,5,1,0,0,0,0,0,0,0,0,0,0,0,0,0,0,0,0,0,0,0,0,0,0,0,0,0,0,0,0,0,0,0,0,0,0,0,0,0,0,0,0,0,0,0,1,0,0,0,0,0,0,0,0,0,0,0,0,0,0,0,0,0,0,0,0,0,0,0,0,0,0,0,0,0,0,0,0,0,0,0,8,7,0,0,4,0,0,0,0,0,0,0,0,0.6241568999830633,controlled_mutations_cf_missing_pick_online,symbolic_smt,1,,,,,,,,,,,,,,,,,,,,,,,,,,,,,,,,,,,,,,,,,,,,,,,,,,,,,,,,,,,,,,,,,,,,,,,,,,,,,,,,,,,,,,,,,,,,,,,,,,,,,,,,,,,,,,,,,,,,,,,,,,,,,,,,,,,,,,,,,,,
component_061_events_0007_objects_0003.jsonocel,C:\Users\User\Documents\odacc\experiment_runs\20260919_111654\controlled_mutations_cf_missing_pick_online\symbolic_smt\run_001\component_061_events_0007_objects_0003.json,0,ONLINE_OK,NOT_RUN,fresh_offline_alignment,0,0,True,1,1,0,0,0.0,0.0,,,,,,,,6,0.18124870012979954,0.030208116688299924,0.0628230000147596,0,0.18124870012979954,6,0,0,0,0,0,0,0,1,1,0,0,0,0,0,0,5,4,5,4,0,1,1,2,0,0,0,0,0,0,0,0,0,0,0,0,0,0,0,0,0,0,0,0,0,2,1,0,32,2,5,0,0,0,5,4,0,0,0,0,0,0,2,2,0,0,0,0,0,3,0,2,0,6,0,2,1,0,0,0,0,0,0,0,0,0,0,0,0,0,0,0,0,0,0,0,0,0,0,0,0,0,0,0,0,0,0,0,0,0,0,0,0,0,0,0,0,0,0,0,1,0,0,0,0,0,0,0,0,0,0,0,0,0,0,0,0,0,0,0,0,0,0,0,0,0,0,0,0,0,0,0,0,0,0,0,5,4,0,0,4,0,0,0,0,0,0,0,0,0.5218943000072613,controlled_mutations_cf_missing_pick_online,symbolic_smt,1,,,,,,,,,,,,,,,,,,,,,,,,,,,,,,,,,,,,,,,,,,,,,,,,,,,,,,,,,,,,,,,,,,,,,,,,,,,,,,,,,,,,,,,,,,,,,,,,,,,,,,,,,,,,,,,,,,,,,,,,,,,,,,,,,,,,,,,,,,,
component_063_events_0035_objects_0019.jsonocel,C:\Users\User\Documents\odacc\experiment_runs\20260919_111654\controlled_mutations_cf_missing_pick_online\symbolic_smt\run_001\component_063_events_0035_objects_0019.json,0,ONLINE_OK,NOT_RUN,fresh_offline_alignment,0,0,True,1,1,0,0,0.0,0.0,,,,,,,,34,1.097666199784726,0.03228429999366841,0.10219729994423687,0,1.097666199784726,34,0,0,0,0,0,0,0,0,6,0,0,0,0,1,1,29,28,29,28,0,5,5,17,1,0,0,0,0,0,0,0,0,0,0,0,0,0,0,0,0,0,0,0,0,7,5,1,96,3,29,0,0,0,29,28,0,0,0,0,0,0,12,12,1,0,1,0,0,13,0,6,0,33,0,21,6,1,1,0,13,1,0,0,0,0,0,0,0,0,1,1,0,0,0,0,0,0,0,0,0,0,0,0,0,0,0,0,0,0,0,0,0,0,0,0,0,0,0,0,5,0,0,0,0,0,0,0,0,0,0,0,0,0,0,0,0,0,0,0,0,0,0,0,0,0,0,0,0,0,0,0,0,0,0,0,28,27,0,0,5,0,0,0,0,0,0,0,0,1.6427198000019416,controlled_mutations_cf_missing_pick_online,symbolic_smt,1,,,,,,,,,,,,,,,,,,,,,,,,,,,,,,,,,,,,,,,,,,,,,,,,,,,,,,,,,,,,,,,,,,,,,,,,,,,,,,,,,,,,,,,,,,,,,,,,,,,,,,,,,,,,,,,,,,,,,,,,,,,,,,,,,,,,,,,,,,,
component_064_events_0116_objects_0055.jsonocel,C:\Users\User\Documents\odacc\experiment_runs\20260919_111654\controlled_mutations_cf_missing_pick_online\symbolic_smt\run_001\component_064_events_0116_objects_0055.json,0,ONLINE_OK,NOT_RUN,fresh_offline_alignment,0,0,True,1,1,0,0,0.0,0.0,,,,,,,,115,10.466786099481396,0.09101553129983823,0.30497139994986355,0,10.466786099481396,115,0,0,0,0,0,0,0,0,18,0,0,0,0,6,6,103,102,103,102,0,12,12,48,6,0,0,0,0,0,0,0,0,0,0,0,0,0,0,0,0,0,0,0,0,14,12,1,266,6,103,0,0,0,103,102,0,0,0,0,0,0,36,36,1,0,1,0,0,22,0,13,0,109,0,93,18,6,6,0,22,6,0,0,0,0,0,0,0,0,6,6,0,0,0,3,0,0,0,0,0,0,0,0,0,0,0,0,0,0,0,0,0,0,0,0,0,0,0,0,12,0,0,0,0,0,0,0,0,3,0,0,0,0,0,0,0,0,0,0,0,0,0,0,0,0,0,0,0,0,0,0,0,0,0,0,97,96,0,0,10,0,0,0,0,0,0,0,0,18.99857440008782,controlled_mutations_cf_missing_pick_online,symbolic_smt,1,,,,,,,,,,,,,,,,,,,,,,,,,,,,,,,,,,,,,,,,,,,,,,,,,,,,,,,,,,,,,,,,,,,,,,,,,,,,,,,,,,,,,,,,,,,,,,,,,,,,,,,,,,,,,,,,,,,,,,,,,,,,,,,,,,,,,,,,,,,
component_065_events_0098_objects_0050.jsonocel,C:\Users\User\Documents\odacc\experiment_runs\20260919_111654\controlled_mutations_cf_missing_pick_online\symbolic_smt\run_001\component_065_events_0098_objects_0050.json,0,ONLINE_OK,NOT_RUN,fresh_offline_alignment,0,0,True,1,1,0,0,0.0,0.0,,,,,,,,97,6.387684499495663,0.06585241752057384,0.19795739999972284,0,6.387684499495663,97,0,0,0,0,0,0,0,0,15,0,0,0,0,4,4,86,85,86,85,0,11,11,45,4,0,0,0,0,0,0,0,0,0,0,0,0,0,0,0,0,0,0,0,0,13,11,1,212,8,86,0,0,0,86,85,0,0,0,0,0,0,30,30,1,0,1,0,0,26,0,12,0,93,0,71,15,4,4,0,26,4,0,0,0,0,0,0,0,0,4,4,0,0,0,2,0,0,0,0,0,0,0,0,0,0,0,0,0,0,0,0,0,0,0,0,0,0,0,0,11,0,0,0,0,0,0,0,0,2,0,0,0,0,0,0,0,0,0,0,0,0,0,0,0,0,0,0,0,0,0,0,0,0,0,0,82,81,0,0,8,0,0,0,0,0,0,0,0,11.285007899976335,controlled_mutations_cf_missing_pick_online,symbolic_smt,1,,,,,,,,,,,,,,,,,,,,,,,,,,,,,,,,,,,,,,,,,,,,,,,,,,,,,,,,,,,,,,,,,,,,,,,,,,,,,,,,,,,,,,,,,,,,,,,,,,,,,,,,,,,,,,,,,,,,,,,,,,,,,,,,,,,,,,,,,,,
component_066_events_0011_objects_0006.jsonocel,C:\Users\User\Documents\odacc\experiment_runs\20260919_111654\controlled_mutations_cf_missing_pick_online\symbolic_smt\run_001\component_066_events_0011_objects_0006.json,0,ONLINE_OK,NOT_RUN,fresh_offline_alignment,0,0,True,1,1,0,0,0.0,0.0,,,,,,,,10,0.29505900002550334,0.029505900002550333,0.1065336000174284,0,0.29505900002550334,10,0,0,0,0,0,0,0,1,1,0,0,0,0,0,0,9,8,9,8,0,1,1,5,0,0,0,0,0,0,0,0,0,0,0,0,0,0,0,0,0,0,0,0,0,2,1,0,35,2,9,0,0,0,9,8,0,0,0,0,0,0,2,2,0,0,0,0,0,4,0,2,0,10,0,5,1,0,0,0,0,0,0,0,0,0,0,0,0,0,0,0,0,0,0,0,0,0,0,0,0,0,0,0,0,0,0,0,0,0,0,0,0,0,0,0,0,0,0,0,1,0,0,0,0,0,0,0,0,0,0,0,0,0,0,0,0,0,0,0,0,0,0,0,0,0,0,0,0,0,0,0,0,0,0,0,9,8,0,0,4,0,0,0,0,0,0,0,0,0.6453235000371933,controlled_mutations_cf_missing_pick_online,symbolic_smt,1,,,,,,,,,,,,,,,,,,,,,,,,,,,,,,,,,,,,,,,,,,,,,,,,,,,,,,,,,,,,,,,,,,,,,,,,,,,,,,,,,,,,,,,,,,,,,,,,,,,,,,,,,,,,,,,,,,,,,,,,,,,,,,,,,,,,,,,,,,,
component_067_events_0063_objects_0031.jsonocel,C:\Users\User\Documents\odacc\experiment_runs\20260919_111654\controlled_mutations_cf_missing_pick_online\symbolic_smt\run_001\component_067_events_0063_objects_0031.json,0,ONLINE_OK,NOT_RUN,fresh_offline_alignment,0,0,True,1,1,0,0,0.0,0.0,,,,,,,,62,2.17097259988077,0.035015687094851124,0.12132829998154193,0,2.17097259988077,62,0,0,0,0,0,0,0,0,10,0,0,0,0,3,3,55,54,55,54,0,7,7,28,3,0,0,0,0,0,0,0,0,0,0,0,0,0,0,0,0,0,0,0,0,9,7,1,132,3,55,0,0,0,55,54,0,0,0,0,0,0,18,18,1,0,1,0,0,15,0,7,0,59,0,47,10,3,3,0,15,3,0,0,0,0,0,0,0,0,3,3,0,0,0,1,0,0,0,0,0,0,0,0,0,0,0,0,0,0,0,0,0,0,0,0,0,0,0,0,7,0,0,0,0,0,0,0,0,1,0,0,0,0,0,0,0,0,0,0,0,0,0,0,0,0,0,0,0,0,0,0,0,0,0,0,52,52,0,0,6,0,0,0,0,0,0,0,0,3.372602800023742,controlled_mutations_cf_missing_pick_online,symbolic_smt,1,,,,,,,,,,,,,,,,,,,,,,,,,,,,,,,,,,,,,,,,,,,,,,,,,,,,,,,,,,,,,,,,,,,,,,,,,,,,,,,,,,,,,,,,,,,,,,,,,,,,,,,,,,,,,,,,,,,,,,,,,,,,,,,,,,,,,,,,,,,
component_068_events_0009_objects_0005.jsonocel,C:\Users\User\Documents\odacc\experiment_runs\20260919_111654\controlled_mutations_cf_missing_pick_online\symbolic_smt\run_001\component_068_events_0009_objects_0005.json,0,ONLINE_OK,NOT_RUN,fresh_offline_alignment,0,0,True,1,1,0,0,0.0,0.0,,,,,,,,8,0.2429764000698924,0.03037205000873655,0.09189899999182671,0,0.2429764000698924,8,0,0,0,0,0,0,0,1,1,0,0,0,0,0,0,7,6,7,6,0,1,1,4,0,0,0,0,0,0,0,0,0,0,0,0,0,0,0,0,0,0,0,0,0,2,1,0,32,2,7,0,0,0,7,6,0,0,0,0,0,0,2,2,0,0,0,0,0,2,0,2,0,8,0,5,1,0,0,0,0,0,0,0,0,0,0,0,0,0,0,0,0,0,0,0,0,0,0,0,0,0,0,0,0,0,0,0,0,0,0,0,0,0,0,0,0,0,0,0,1,0,0,0,0,0,0,0,0,0,0,0,0,0,0,0,0,0,0,0,0,0,0,0,0,0,0,0,0,0,0,0,0,0,0,0,7,6,0,0,4,0,0,0,0,0,0,0,0,0.523606100003235,controlled_mutations_cf_missing_pick_online,symbolic_smt,1,,,,,,,,,,,,,,,,,,,,,,,,,,,,,,,,,,,,,,,,,,,,,,,,,,,,,,,,,,,,,,,,,,,,,,,,,,,,,,,,,,,,,,,,,,,,,,,,,,,,,,,,,,,,,,,,,,,,,,,,,,,,,,,,,,,,,,,,,,,
component_001_events_0030_objects_0020.jsonocel,C:\Users\User\Documents\odacc\experiment_runs\20260919_111654\controlled_mutations_data_order_price_online\symbolic_smt\run_001\component_001_events_0030_objects_0020.json,0,ONLINE_OK,NOT_RUN,fresh_offline_alignment,0,0,True,1,0,1,0,0.0,0.0,,,,,,,,30,1.1601667996728793,0.03867222665576264,0.23008130001835525,0,1.1601667996728793,30,0,0,0,0,0,0,0,0,5,0,0,0,0,1,1,26,25,26,25,0,4,4,19,1,0,0,0,0,0,0,0,0,0,0,0,0,0,0,0,0,0,0,0,0,5,5,0,80,4,26,0,0,0,26,25,0,0,0,0,0,0,10,10,1,1,0,0,1,7,1,4,1,28,0,24,5,1,1,0,4,1,0,0,0,0,0,0,0,0,1,1,0,0,0,0,0,0,0,0,0,0,0,0,0,0,0,0,0,0,0,0,0,0,0,0,0,0,0,0,4,0,0,0,0,0,0,0,0,0,0,0,0,0,0,0,0,0,0,0,0,0,0,0,0,0,0,0,0,0,0,0,0,0,0,0,25,25,0,0,1,0,0,0,0,0,0,0,0,1.6331139000831172,controlled_mutations_data_order_price_online,symbolic_smt,1,,,,,,,,,,,,,,,,,,,,,,,,,,,,,,,,,,,,,,,,,,,,,,,,,,,,,,,,,,,,,,,,,,,,,,,,,,,,,,,,,,,,,,,,,,,,,,,,,,,,,,,,,,,,,,,,,,,,,,,,,,,,,,,,,,,,,,,,,,,
component_002_events_0028_objects_0013.jsonocel,C:\Users\User\Documents\odacc\experiment_runs\20260919_111654\controlled_mutations_data_order_price_online\symbolic_smt\run_001\component_002_events_0028_objects_0013.json,0,ONLINE_OK,NOT_RUN,fresh_offline_alignment,0,0,True,1,0,1,0,0.0,0.0,,,,,,,,28,0.945661400211975,0.033773621436141966,0.19007560005411506,0,0.945661400211975,28,0,0,0,0,0,0,0,0,3,0,0,0,0,1,1,26,25,26,25,0,2,2,11,1,0,0,0,0,0,0,0,0,0,0,0,0,0,0,0,0,0,0,0,0,3,3,0,48,4,26,0,0,0,26,25,0,0,0,0,0,0,8,8,1,1,0,0,1,14,1,3,1,26,0,15,3,1,1,0,11,1,0,0,0,0,0,0,0,0,1,1,0,0,0,0,0,0,0,0,0,0,0,0,0,0,0,0,0,0,0,0,0,0,0,0,0,0,0,0,2,0,0,0,0,0,0,0,0,0,0,0,0,0,0,0,0,0,0,0,0,0,0,0,0,0,0,0,0,0,0,0,0,0,0,0,25,24,0,0,2,0,0,0,0,0,0,0,0,1.4368489000480622,controlled_mutations_data_order_price_online,symbolic_smt,1,,,,,,,,,,,,,,,,,,,,,,,,,,,,,,,,,,,,,,,,,,,,,,,,,,,,,,,,,,,,,,,,,,,,,,,,,,,,,,,,,,,,,,,,,,,,,,,,,,,,,,,,,,,,,,,,,,,,,,,,,,,,,,,,,,,,,,,,,,,
component_003_events_0022_objects_0011.jsonocel,C:\Users\User\Documents\odacc\experiment_runs\20260919_111654\controlled_mutations_data_order_price_online\symbolic_smt\run_001\component_003_events_0022_objects_0011.json,0,ONLINE_OK,NOT_RUN,fresh_offline_alignment,0,0,True,1,0,1,0,0.02644980000331998,0.009043799946084619,,,,,,,,22,1.126258600037545,0.051193572728979314,0.5533533999696374,0,1.126258600037545,22,0,0,0,0,0,0,0,0,1,0,0,0,0,0,0,21,20,21,20,0,1,1,9,0,0,0,0,0,0,0,0,0,0,0,0,0,0,0,0,0,0,0,0,0,2,2,0,35,9,21,0,0,0,21,20,0,0,0,0,0,0,6,6,1,1,0,0,1,2,1,3,1,21,0,21,1,0,0,0,0,0,0,0,0,0,0,0,0,0,0,0,0,0,0,0,0,0,0,0,0,0,0,0,0,0,0,0,0,0,0,0,0,0,0,0,0,0,0,0,1,0,0,0,0,0,0,0,0,0,0,0,0,0,0,0,0,0,0,0,0,0,0,0,0,0,0,0,0,0,0,0,0,0,0,0,21,19,0,0,2,0,0,0,0,0,0,0,0,1.6362048999872059,controlled_mutations_data_order_price_online,symbolic_smt,1,,,,,,,,,,,,,,,,,,,,,,,,,,,,,,,,,,,,,,,,,,,,,,,,,,,,,,,,,,,,,,,,,,,,,,,,,,,,,,,,,,,,,,,,,,,,,,,,,,,,,,,,,,,,,,,,,,,,,,,,,,,,,,,,,,,,,,,,,,,
component_004_events_0013_objects_0009.jsonocel,C:\Users\User\Documents\odacc\experiment_runs\20260919_111654\controlled_mutations_data_order_price_online\symbolic_smt\run_001\component_004_events_0013_objects_0009.json,0,ONLINE_OK,NOT_RUN,fresh_offline_alignment,0,0,True,1,0,1,0,0.0,0.0,,,,,,,,13,0.6693346002139151,0.05148727693953193,0.30995959998108447,0,0.6693346002139151,13,0,0,0,0,0,0,0,0,1,0,0,0,0,0,0,12,11,12,11,0,1,1,8,0,0,0,0,0,0,0,0,0,0,0,0,0,0,0,0,0,0,0,0,0,2,2,0,33,5,12,0,0,0,12,11,0,0,0,0,0,0,4,4,1,1,0,0,1,5,1,2,1,12,0,9,1,0,0,0,0,0,0,0,0,0,0,0,0,0,0,0,0,0,0,0,0,0,0,0,0,0,0,0,0,0,0,0,0,0,0,0,0,0,0,0,0,0,0,0,1,0,0,0,0,0,0,0,0,0,0,0,0,0,0,0,0,0,0,0,0,0,0,0,0,0,0,0,0,0,0,0,0,0,0,0,12,11,0,0,1,0,0,0,0,0,0,0,0,1.0299728999380022,controlled_mutations_data_order_price_online,symbolic_smt,1,,,,,,,,,,,,,,,,,,,,,,,,,,,,,,,,,,,,,,,,,,,,,,,,,,,,,,,,,,,,,,,,,,,,,,,,,,,,,,,,,,,,,,,,,,,,,,,,,,,,,,,,,,,,,,,,,,,,,,,,,,,,,,,,,,,,,,,,,,,
component_005_events_0035_objects_0016.jsonocel,C:\Users\User\Documents\odacc\experiment_runs\20260919_111654\controlled_mutations_data_order_price_online\symbolic_smt\run_001\component_005_events_0035_objects_0016.json,0,ONLINE_OK,NOT_RUN,fresh_offline_alignment,0,0,True,1,0,1,0,0.0,0.0,,,,,,,,35,1.3777143995976076,0.03936326855993164,0.3476823999080807,0,1.3777143995976076,35,0,0,0,0,0,0,0,0,3,0,0,0,0,1,1,33,32,33,32,0,2,2,14,1,0,0,0,0,0,0,0,0,0,0,0,0,0,0,0,0,0,0,0,0,3,3,0,50,5,33,0,0,0,33,32,0,0,0,0,0,0,8,8,1,1,0,0,1,19,1,3,1,33,0,17,3,1,1,0,13,1,0,0,0,0,0,0,0,0,1,1,0,0,0,0,0,0,0,0,0,0,0,0,0,0,0,0,0,0,0,0,0,0,0,0,0,0,0,0,2,0,0,0,0,0,0,0,0,0,0,0,0,0,0,0,0,0,0,0,0,0,0,0,0,0,0,0,0,0,0,0,0,0,0,0,32,31,0,0,2,0,0,0,0,0,0,0,0,2.0474300999194384,controlled_mutations_data_order_price_online,symbolic_smt,1,,,,,,,,,,,,,,,,,,,,,,,,,,,,,,,,,,,,,,,,,,,,,,,,,,,,,,,,,,,,,,,,,,,,,,,,,,,,,,,,,,,,,,,,,,,,,,,,,,,,,,,,,,,,,,,,,,,,,,,,,,,,,,,,,,,,,,,,,,,
component_006_events_0031_objects_0015.jsonocel,C:\Users\User\Documents\odacc\experiment_runs\20260919_111654\controlled_mutations_data_order_price_online\symbolic_smt\run_001\component_006_events_0031_objects_0015.json,0,ONLINE_OK,NOT_RUN,fresh_offline_alignment,0,0,True,1,0,1,0,0.0,0.0,,,,,,,,31,1.0073646999662742,0.03249563548278304,0.13983999995980412,0,1.0073646999662742,31,0,0,0,0,0,0,0,0,5,0,0,0,0,2,2,28,27,28,27,0,3,3,13,2,0,0,0,0,0,0,0,0,0,0,0,0,0,0,0,0,0,0,0,0,4,4,0,62,3,28,0,0,0,28,27,0,0,0,0,0,0,10,10,1,1,0,0,1,9,1,3,1,28,0,23,5,2,2,0,5,2,0,0,0,0,0,0,0,0,2,2,0,0,0,1,0,0,0,0,0,0,0,0,0,0,0,0,0,0,0,0,0,0,0,0,0,0,0,0,3,0,0,0,0,0,0,0,0,1,0,0,0,0,0,0,0,0,0,0,0,0,0,0,0,0,0,0,0,0,0,0,0,0,0,0,26,26,0,0,2,0,0,0,0,0,0,0,0,1.5415871000150219,controlled_mutations_data_order_price_online,symbolic_smt,1,,,,,,,,,,,,,,,,,,,,,,,,,,,,,,,,,,,,,,,,,,,,,,,,,,,,,,,,,,,,,,,,,,,,,,,,,,,,,,,,,,,,,,,,,,,,,,,,,,,,,,,,,,,,,,,,,,,,,,,,,,,,,,,,,,,,,,,,,,,
component_009_events_0015_objects_0008.jsonocel,C:\Users\User\Documents\odacc\experiment_runs\20260919_111654\controlled_mutations_data_order_price_online\symbolic_smt\run_001\component_009_events_0015_objects_0008.json,0,ONLINE_OK,NOT_RUN,fresh_offline_alignment,0,0,True,1,0,1,0,0.025040199980139732,0.007948199985548854,,,,,,,,15,0.7825517999008298,0.05217011999338865,0.39803959999699146,0,0.7825517999008298,15,0,0,0,0,0,0,0,0,1,0,0,0,0,0,0,14,13,14,13,0,1,1,7,0,0,0,0,0,0,0,0,0,0,0,0,0,0,0,0,0,0,0,0,0,2,2,0,35,8,14,0,0,0,14,13,0,0,0,0,0,0,4,4,1,1,0,0,1,2,1,2,1,14,0,14,1,0,0,0,0,0,0,0,0,0,0,0,0,0,0,0,0,0,0,0,0,0,0,0,0,0,0,0,0,0,0,0,0,0,0,0,0,0,0,0,0,0,0,0,1,0,0,0,0,0,0,0,0,0,0,0,0,0,0,0,0,0,0,0,0,0,0,0,0,0,0,0,0,0,0,0,0,0,0,0,14,13,0,0,1,0,0,0,0,0,0,0,0,1.1309810999082401,controlled_mutations_data_order_price_online,symbolic_smt,1,,,,,,,,,,,,,,,,,,,,,,,,,,,,,,,,,,,,,,,,,,,,,,,,,,,,,,,,,,,,,,,,,,,,,,,,,,,,,,,,,,,,,,,,,,,,,,,,,,,,,,,,,,,,,,,,,,,,,,,,,,,,,,,,,,,,,,,,,,,
component_011_events_0028_objects_0017.jsonocel,C:\Users\User\Documents\odacc\experiment_runs\20260919_111654\controlled_mutations_data_order_price_online\symbolic_smt\run_001\component_011_events_0028_objects_0017.json,0,ONLINE_OK,NOT_RUN,fresh_offline_alignment,0,0,True,1,0,1,0,0.0,0.0,,,,,,,,28,1.0426360002020374,0.03723700000721562,0.19854690006468445,0,1.0426360002020374,28,0,0,0,0,0,0,0,0,4,0,0,0,0,1,1,25,24,25,24,0,3,3,16,1,0,0,0,0,0,0,0,0,0,0,0,0,0,0,0,0,0,0,0,0,4,4,0,64,3,25,0,0,0,25,24,0,0,0,0,0,0,8,8,1,1,0,0,1,8,1,3,1,26,0,21,4,1,1,0,6,1,0,0,0,0,0,0,0,0,1,1,0,0,0,0,0,0,0,0,0,0,0,0,0,0,0,0,0,0,0,0,0,0,0,0,0,0,0,0,3,0,0,0,0,0,0,0,0,0,0,0,0,0,0,0,0,0,0,0,0,0,0,0,0,0,0,0,0,0,0,0,0,0,0,0,24,24,0,0,1,0,0,0,0,0,0,0,0,1.5432501999894157,controlled_mutations_data_order_price_online,symbolic_smt,1,,,,,,,,,,,,,,,,,,,,,,,,,,,,,,,,,,,,,,,,,,,,,,,,,,,,,,,,,,,,,,,,,,,,,,,,,,,,,,,,,,,,,,,,,,,,,,,,,,,,,,,,,,,,,,,,,,,,,,,,,,,,,,,,,,,,,,,,,,,
component_014_events_0102_objects_0053.jsonocel,C:\Users\User\Documents\odacc\experiment_runs\20260919_111654\controlled_mutations_data_order_price_online\symbolic_smt\run_001\component_014_events_0102_objects_0053.json,0,ONLINE_OK,NOT_RUN,fresh_offline_alignment,0,0,True,1,0,1,0,0.0,0.0,,,,,,,,102,9.044352199998684,0.08867011960783024,0.43442330008838326,0,9.044352199998684,102,0,0,0,0,0,0,0,0,14,0,0,0,0,5,5,93,92,93,92,0,9,9,47,5,0,0,0,0,0,0,0,0,0,0,0,0,0,0,0,0,0,0,0,0,10,10,0,197,6,93,0,0,0,93,92,0,0,0,0,0,0,30,30,1,1,0,0,1,54,1,10,1,96,0,49,14,5,5,0,52,5,0,0,0,0,0,0,0,0,5,5,0,0,0,0,0,0,0,0,0,0,0,0,0,0,0,0,0,0,0,0,0,0,0,0,0,0,0,0,9,0,0,0,0,0,0,0,0,0,0,0,0,0,0,0,0,0,0,0,0,0,0,0,0,0,0,0,0,0,0,0,0,0,0,0,88,87,0,0,6,0,0,0,0,0,0,0,0,16.22631270007696,controlled_mutations_data_order_price_online,symbolic_smt,1,,,,,,,,,,,,,,,,,,,,,,,,,,,,,,,,,,,,,,,,,,,,,,,,,,,,,,,,,,,,,,,,,,,,,,,,,,,,,,,,,,,,,,,,,,,,,,,,,,,,,,,,,,,,,,,,,,,,,,,,,,,,,,,,,,,,,,,,,,,
component_020_events_0022_objects_0009.jsonocel,C:\Users\User\Documents\odacc\experiment_runs\20260919_111654\controlled_mutations_data_order_price_online\symbolic_smt\run_001\component_020_events_0022_objects_0009.json,0,ONLINE_OK,NOT_RUN,fresh_offline_alignment,0,0,True,1,0,1,0,0.0,0.0,,,,,,,,22,0.9673257002141327,0.0439693500097333,0.4055895999772474,0,0.9673257002141327,22,0,0,0,0,0,0,0,0,1,0,0,0,0,0,0,21,20,21,20,0,1,1,8,0,0,0,0,0,0,0,0,0,0,0,0,0,0,0,0,0,0,0,0,0,2,2,0,35,10,21,0,0,0,21,20,0,0,0,0,0,0,4,4,1,1,0,0,1,9,1,2,1,21,0,14,1,0,0,0,0,0,0,0,0,0,0,0,0,0,0,0,0,0,0,0,0,0,0,0,0,0,0,0,0,0,0,0,0,0,0,0,0,0,0,0,0,0,0,0,1,0,0,0,0,0,0,0,0,0,0,0,0,0,0,0,0,0,0,0,0,0,0,0,0,0,0,0,0,0,0,0,0,0,0,0,21,20,0,0,1,0,0,0,0,0,0,0,0,1.464797299937345,controlled_mutations_data_order_price_online,symbolic_smt,1,,,,,,,,,,,,,,,,,,,,,,,,,,,,,,,,,,,,,,,,,,,,,,,,,,,,,,,,,,,,,,,,,,,,,,,,,,,,,,,,,,,,,,,,,,,,,,,,,,,,,,,,,,,,,,,,,,,,,,,,,,,,,,,,,,,,,,,,,,,
component_021_events_0013_objects_0005.jsonocel,C:\Users\User\Documents\odacc\experiment_runs\20260919_111654\controlled_mutations_data_order_price_online\symbolic_smt\run_001\component_021_events_0013_objects_0005.json,0,ONLINE_OK,NOT_RUN,fresh_offline_alignment,0,0,True,1,0,1,0,0.0,0.0,,,,,,,,13,0.49583399994298816,0.0381410769186914,0.20662679988890886,0,0.49583399994298816,13,0,0,0,0,0,0,0,0,1,0,0,0,0,0,0,12,11,12,11,0,1,1,3,0,0,0,0,0,0,0,0,0,0,0,0,0,0,0,0,0,0,0,0,0,2,2,0,36,4,12,0,0,0,12,11,0,0,0,0,0,0,6,6,1,1,0,0,1,8,1,3,1,12,0,6,1,0,0,0,0,0,0,0,0,0,0,0,0,0,0,0,0,0,0,0,0,0,0,0,0,0,0,0,0,0,0,0,0,0,0,0,0,0,0,0,0,0,0,0,1,0,0,0,0,0,0,0,0,0,0,0,0,0,0,0,0,0,0,0,0,0,0,0,0,0,0,0,0,0,0,0,0,0,0,0,12,10,0,0,2,0,0,0,0,0,0,0,0,0.8304735999554396,controlled_mutations_data_order_price_online,symbolic_smt,1,,,,,,,,,,,,,,,,,,,,,,,,,,,,,,,,,,,,,,,,,,,,,,,,,,,,,,,,,,,,,,,,,,,,,,,,,,,,,,,,,,,,,,,,,,,,,,,,,,,,,,,,,,,,,,,,,,,,,,,,,,,,,,,,,,,,,,,,,,,
component_024_events_0010_objects_0005.jsonocel,C:\Users\User\Documents\odacc\experiment_runs\20260919_111654\controlled_mutations_data_order_price_online\symbolic_smt\run_001\component_024_events_0010_objects_0005.json,0,ONLINE_OK,NOT_RUN,fresh_offline_alignment,0,0,True,1,0,1,0,0.0,0.0,,,,,,,,10,0.4103893000865355,0.04103893000865355,0.1606444000499323,0,0.4103893000865355,10,0,0,0,0,0,0,0,0,1,0,0,0,0,0,0,9,8,9,8,0,1,1,4,0,0,0,0,0,0,0,0,0,0,0,0,0,0,0,0,0,0,0,0,0,2,2,0,33,4,9,0,0,0,9,8,0,0,0,0,0,0,4,4,1,1,0,0,1,8,1,2,1,9,0,3,1,0,0,0,0,0,0,0,0,0,0,0,0,0,0,0,0,0,0,0,0,0,0,0,0,0,0,0,0,0,0,0,0,0,0,0,0,0,0,0,0,0,0,0,1,0,0,0,0,0,0,0,0,0,0,0,0,0,0,0,0,0,0,0,0,0,0,0,0,0,0,0,0,0,0,0,0,0,0,0,9,8,0,0,1,0,0,0,0,0,0,0,0,0.7251611000392586,controlled_mutations_data_order_price_online,symbolic_smt,1,,,,,,,,,,,,,,,,,,,,,,,,,,,,,,,,,,,,,,,,,,,,,,,,,,,,,,,,,,,,,,,,,,,,,,,,,,,,,,,,,,,,,,,,,,,,,,,,,,,,,,,,,,,,,,,,,,,,,,,,,,,,,,,,,,,,,,,,,,,
component_028_events_0012_objects_0008.jsonocel,C:\Users\User\Documents\odacc\experiment_runs\20260919_111654\controlled_mutations_data_order_price_online\symbolic_smt\run_001\component_028_events_0012_objects_0008.json,0,ONLINE_OK,NOT_RUN,fresh_offline_alignment,0,0,True,1,0,1,0,0.023721200064755976,0.006706700078211725,,,,,,,,12,0.6728281000396237,0.056069008336635306,0.3496283999411389,0,0.6728281000396237,12,0,0,0,0,0,0,0,0,1,0,0,0,0,0,0,11,10,11,10,0,1,1,7,0,0,0,0,0,0,0,0,0,0,0,0,0,0,0,0,0,0,0,0,0,2,2,0,35,7,11,0,0,0,11,10,0,0,0,0,0,0,4,4,1,1,0,0,1,2,1,2,1,11,0,11,1,0,0,0,0,0,0,0,0,0,0,0,0,0,0,0,0,0,0,0,0,0,0,0,0,0,0,0,0,0,0,0,0,0,0,0,0,0,0,0,0,0,0,0,1,0,0,0,0,0,0,0,0,0,0,0,0,0,0,0,0,0,0,0,0,0,0,0,0,0,0,0,0,0,0,0,0,0,0,0,11,10,0,0,1,0,0,0,0,0,0,0,0,1.0289271000074223,controlled_mutations_data_order_price_online,symbolic_smt,1,,,,,,,,,,,,,,,,,,,,,,,,,,,,,,,,,,,,,,,,,,,,,,,,,,,,,,,,,,,,,,,,,,,,,,,,,,,,,,,,,,,,,,,,,,,,,,,,,,,,,,,,,,,,,,,,,,,,,,,,,,,,,,,,,,,,,,,,,,,
component_029_events_0021_objects_0010.jsonocel,C:\Users\User\Documents\odacc\experiment_runs\20260919_111654\controlled_mutations_data_order_price_online\symbolic_smt\run_001\component_029_events_0021_objects_0010.json,0,ONLINE_OK,NOT_RUN,fresh_offline_alignment,0,0,True,1,0,1,0,0.03681729990057647,0.00790849991608411,,,,,,,,21,1.043852400383912,0.04970725716113867,0.5114918999606743,0,1.043852400383912,21,0,0,0,0,0,0,0,0,1,0,0,0,0,0,0,20,19,20,19,0,1,1,8,0,0,0,0,0,0,0,0,0,0,0,0,0,0,0,0,0,0,0,0,0,2,2,0,48,8,20,0,0,0,20,19,0,0,0,0,0,0,6,6,1,1,0,0,1,2,1,3,1,20,0,20,1,0,0,0,0,0,0,0,0,0,0,0,0,0,0,0,0,0,0,0,0,0,0,0,0,0,0,0,0,0,0,0,0,0,0,0,0,0,0,0,0,0,0,0,1,0,0,0,0,0,0,0,0,0,0,0,0,0,0,0,0,0,0,0,0,0,0,0,0,0,0,0,0,0,0,0,0,0,0,0,20,18,0,0,2,0,0,0,0,0,0,0,0,1.5437450000317767,controlled_mutations_data_order_price_online,symbolic_smt,1,,,,,,,,,,,,,,,,,,,,,,,,,,,,,,,,,,,,,,,,,,,,,,,,,,,,,,,,,,,,,,,,,,,,,,,,,,,,,,,,,,,,,,,,,,,,,,,,,,,,,,,,,,,,,,,,,,,,,,,,,,,,,,,,,,,,,,,,,,,
component_030_events_0061_objects_0033.jsonocel,C:\Users\User\Documents\odacc\experiment_runs\20260919_111654\controlled_mutations_data_order_price_online\symbolic_smt\run_001\component_030_events_0061_objects_0033.json,0,ONLINE_OK,NOT_RUN,fresh_offline_alignment,0,0,True,1,0,1,0,0.0,0.0,,,,,,,,61,3.298987800255418,0.05408176721730193,0.5441524999914691,0,3.298987800255418,61,0,0,0,0,0,0,0,0,6,0,0,0,0,2,2,57,56,57,56,0,4,4,28,2,0,0,0,0,0,0,0,0,0,0,0,0,0,0,0,0,0,0,0,0,5,5,0,80,12,57,0,0,0,57,56,0,0,0,0,0,0,18,18,1,1,0,0,1,26,1,7,1,58,0,36,6,2,2,0,25,2,0,0,0,0,0,0,0,0,2,2,0,0,0,1,0,0,0,0,0,0,0,0,0,0,0,0,0,0,0,0,0,0,0,0,0,0,0,0,4,0,0,0,0,0,0,0,0,1,0,0,0,0,0,0,0,0,0,0,0,0,0,0,0,0,0,0,0,0,0,0,0,0,0,0,55,52,0,0,5,0,0,0,0,0,0,0,0,5.4411245000083,controlled_mutations_data_order_price_online,symbolic_smt,1,,,,,,,,,,,,,,,,,,,,,,,,,,,,,,,,,,,,,,,,,,,,,,,,,,,,,,,,,,,,,,,,,,,,,,,,,,,,,,,,,,,,,,,,,,,,,,,,,,,,,,,,,,,,,,,,,,,,,,,,,,,,,,,,,,,,,,,,,,,
component_031_events_0009_objects_0005.jsonocel,C:\Users\User\Documents\odacc\experiment_runs\20260919_111654\controlled_mutations_data_order_price_online\symbolic_smt\run_001\component_031_events_0009_objects_0005.json,0,ONLINE_OK,NOT_RUN,fresh_offline_alignment,0,0,True,1,0,1,0,0.0,0.0,,,,,,,,9,0.37227539997547865,0.04136393333060874,0.14708779996726662,0,0.37227539997547865,9,0,0,0,0,0,0,0,0,1,0,0,0,0,0,0,8,7,8,7,0,1,1,4,0,0,0,0,0,0,0,0,0,0,0,0,0,0,0,0,0,0,0,0,0,2,2,0,33,3,8,0,0,0,8,7,0,0,0,0,0,0,4,4,1,1,0,0,1,8,1,2,1,8,0,2,1,0,0,0,0,0,0,0,0,0,0,0,0,0,0,0,0,0,0,0,0,0,0,0,0,0,0,0,0,0,0,0,0,0,0,0,0,0,0,0,0,0,0,0,1,0,0,0,0,0,0,0,0,0,0,0,0,0,0,0,0,0,0,0,0,0,0,0,0,0,0,0,0,0,0,0,0,0,0,0,8,7,0,0,1,0,0,0,0,0,0,0,0,0.7345025999238715,controlled_mutations_data_order_price_online,symbolic_smt,1,,,,,,,,,,,,,,,,,,,,,,,,,,,,,,,,,,,,,,,,,,,,,,,,,,,,,,,,,,,,,,,,,,,,,,,,,,,,,,,,,,,,,,,,,,,,,,,,,,,,,,,,,,,,,,,,,,,,,,,,,,,,,,,,,,,,,,,,,,,
component_032_events_0007_objects_0003.jsonocel,C:\Users\User\Documents\odacc\experiment_runs\20260919_111654\controlled_mutations_data_order_price_online\symbolic_smt\run_001\component_032_events_0007_objects_0003.json,0,ONLINE_OK,NOT_RUN,fresh_offline_alignment,0,0,True,1,0,1,0,0.01828889991156757,0.0029186999890953302,,,,,,,,7,0.35721210029441863,0.05103030004205981,0.19374060002155602,0,0.35721210029441863,7,0,0,0,0,0,0,0,0,1,0,0,0,0,0,0,6,5,6,5,0,1,1,2,0,0,0,0,0,0,0,0,0,0,0,0,0,0,0,0,0,0,0,0,0,2,2,0,33,4,6,0,0,0,6,5,0,0,0,0,0,0,4,4,1,1,0,0,1,2,1,2,1,6,0,6,1,0,0,0,0,0,0,0,0,0,0,0,0,0,0,0,0,0,0,0,0,0,0,0,0,0,0,0,0,0,0,0,0,0,0,0,0,0,0,0,0,0,0,0,1,0,0,0,0,0,0,0,0,0,0,0,0,0,0,0,0,0,0,0,0,0,0,0,0,0,0,0,0,0,0,0,0,0,0,0,6,5,0,0,1,0,0,0,0,0,0,0,0,0.6207922999747097,controlled_mutations_data_order_price_online,symbolic_smt,1,,,,,,,,,,,,,,,,,,,,,,,,,,,,,,,,,,,,,,,,,,,,,,,,,,,,,,,,,,,,,,,,,,,,,,,,,,,,,,,,,,,,,,,,,,,,,,,,,,,,,,,,,,,,,,,,,,,,,,,,,,,,,,,,,,,,,,,,,,,
component_036_events_0017_objects_0008.jsonocel,C:\Users\User\Documents\odacc\experiment_runs\20260919_111654\controlled_mutations_data_order_price_online\symbolic_smt\run_001\component_036_events_0017_objects_0008.json,0,ONLINE_OK,NOT_RUN,fresh_offline_alignment,0,0,True,1,0,1,0,0.0,0.0,,,,,,,,17,0.853614499908872,0.05021261764169835,0.4161923999199644,0,0.853614499908872,17,0,0,0,0,0,0,0,0,3,0,0,0,0,1,1,15,14,15,14,0,2,2,7,1,0,0,0,0,0,0,0,0,0,0,0,0,0,0,0,0,0,0,0,0,3,3,0,49,8,15,0,0,0,15,14,0,0,0,0,0,0,6,6,1,1,0,0,1,4,1,2,1,15,0,14,3,1,1,0,3,1,0,0,0,0,0,0,0,0,1,1,0,0,0,1,0,0,0,0,0,0,0,0,0,0,0,0,0,0,0,0,0,0,0,0,0,0,0,0,2,0,0,0,0,0,0,0,0,1,0,0,0,0,0,0,0,0,0,0,0,0,0,0,0,0,0,0,0,0,0,0,0,0,0,0,14,14,0,0,1,0,0,0,0,0,0,0,0,1.2357542000245303,controlled_mutations_data_order_price_online,symbolic_smt,1,,,,,,,,,,,,,,,,,,,,,,,,,,,,,,,,,,,,,,,,,,,,,,,,,,,,,,,,,,,,,,,,,,,,,,,,,,,,,,,,,,,,,,,,,,,,,,,,,,,,,,,,,,,,,,,,,,,,,,,,,,,,,,,,,,,,,,,,,,,
component_037_events_0012_objects_0006.jsonocel,C:\Users\User\Documents\odacc\experiment_runs\20260919_111654\controlled_mutations_data_order_price_online\symbolic_smt\run_001\component_037_events_0012_objects_0006.json,0,ONLINE_OK,NOT_RUN,fresh_offline_alignment,0,0,True,1,0,1,0,0.027073999983258545,0.006672400049865246,,,,,,,,12,0.622186899650842,0.05184890830423683,0.3225568000925705,0,0.622186899650842,12,0,0,0,0,0,0,0,0,1,0,0,0,0,0,0,11,10,11,10,0,1,1,5,0,0,0,0,0,0,0,0,0,0,0,0,0,0,0,0,0,0,0,0,0,2,2,0,38,7,11,0,0,0,11,10,0,0,0,0,0,0,4,4,1,1,0,0,1,2,1,2,1,11,0,11,1,0,0,0,0,0,0,0,0,0,0,0,0,0,0,0,0,0,0,0,0,0,0,0,0,0,0,0,0,0,0,0,0,0,0,0,0,0,0,0,0,0,0,0,1,0,0,0,0,0,0,0,0,0,0,0,0,0,0,0,0,0,0,0,0,0,0,0,0,0,0,0,0,0,0,0,0,0,0,0,11,10,0,0,1,0,0,0,0,0,0,0,0,0.9238623999990523,controlled_mutations_data_order_price_online,symbolic_smt,1,,,,,,,,,,,,,,,,,,,,,,,,,,,,,,,,,,,,,,,,,,,,,,,,,,,,,,,,,,,,,,,,,,,,,,,,,,,,,,,,,,,,,,,,,,,,,,,,,,,,,,,,,,,,,,,,,,,,,,,,,,,,,,,,,,,,,,,,,,,
component_038_events_0008_objects_0004.jsonocel,C:\Users\User\Documents\odacc\experiment_runs\20260919_111654\controlled_mutations_data_order_price_online\symbolic_smt\run_001\component_038_events_0008_objects_0004.json,0,ONLINE_OK,NOT_RUN,fresh_offline_alignment,0,0,True,1,0,1,0,0.01921619998756796,0.0039339999202638865,,,,,,,,8,0.415236700209789,0.05190458752622362,0.21913670003414154,0,0.415236700209789,8,0,0,0,0,0,0,0,0,1,0,0,0,0,0,0,7,6,7,6,0,1,1,3,0,0,0,0,0,0,0,0,0,0,0,0,0,0,0,0,0,0,0,0,0,2,2,0,33,5,7,0,0,0,7,6,0,0,0,0,0,0,4,4,1,1,0,0,1,2,1,2,1,7,0,7,1,0,0,0,0,0,0,0,0,0,0,0,0,0,0,0,0,0,0,0,0,0,0,0,0,0,0,0,0,0,0,0,0,0,0,0,0,0,0,0,0,0,0,0,1,0,0,0,0,0,0,0,0,0,0,0,0,0,0,0,0,0,0,0,0,0,0,0,0,0,0,0,0,0,0,0,0,0,0,0,7,6,0,0,1,0,0,0,0,0,0,0,0,0.7237367999041453,controlled_mutations_data_order_price_online,symbolic_smt,1,,,,,,,,,,,,,,,,,,,,,,,,,,,,,,,,,,,,,,,,,,,,,,,,,,,,,,,,,,,,,,,,,,,,,,,,,,,,,,,,,,,,,,,,,,,,,,,,,,,,,,,,,,,,,,,,,,,,,,,,,,,,,,,,,,,,,,,,,,,
component_042_events_0009_objects_0005.jsonocel,C:\Users\User\Documents\odacc\experiment_runs\20260919_111654\controlled_mutations_data_order_price_online\symbolic_smt\run_001\component_042_events_0009_objects_0005.json,0,ONLINE_OK,NOT_RUN,fresh_offline_alignment,0,0,True,1,0,1,0,0.0,0.0,,,,,,,,9,0.41769550007302314,0.046410611119224794,0.18786419997923076,0,0.41769550007302314,9,0,0,0,0,0,0,0,0,1,0,0,0,0,0,0,8,7,8,7,0,1,1,4,0,0,0,0,0,0,0,0,0,0,0,0,0,0,0,0,0,0,0,0,0,2,2,0,36,4,8,0,0,0,8,7,0,0,0,0,0,0,4,4,1,1,0,0,1,5,1,2,1,8,0,5,1,0,0,0,0,0,0,0,0,0,0,0,0,0,0,0,0,0,0,0,0,0,0,0,0,0,0,0,0,0,0,0,0,0,0,0,0,0,0,0,0,0,0,0,1,0,0,0,0,0,0,0,0,0,0,0,0,0,0,0,0,0,0,0,0,0,0,0,0,0,0,0,0,0,0,0,0,0,0,0,8,7,0,0,1,0,0,0,0,0,0,0,0,0.723654399975203,controlled_mutations_data_order_price_online,symbolic_smt,1,,,,,,,,,,,,,,,,,,,,,,,,,,,,,,,,,,,,,,,,,,,,,,,,,,,,,,,,,,,,,,,,,,,,,,,,,,,,,,,,,,,,,,,,,,,,,,,,,,,,,,,,,,,,,,,,,,,,,,,,,,,,,,,,,,,,,,,,,,,
component_048_events_0011_objects_0007.jsonocel,C:\Users\User\Documents\odacc\experiment_runs\20260919_111654\controlled_mutations_data_order_price_online\symbolic_smt\run_001\component_048_events_0011_objects_0007.json,0,ONLINE_OK,NOT_RUN,fresh_offline_alignment,0,0,True,1,0,1,0,0.0,0.0,,,,,,,,11,0.524723699898459,0.04770215453622355,0.21808560006320477,0,0.524723699898459,11,0,0,0,0,0,0,0,0,1,0,0,0,0,0,0,10,9,10,9,0,1,1,6,0,0,0,0,0,0,0,0,0,0,0,0,0,0,0,0,0,0,0,0,0,2,2,0,34,4,10,0,0,0,10,9,0,0,0,0,0,0,4,4,1,1,0,0,1,7,1,2,1,10,0,5,1,0,0,0,0,0,0,0,0,0,0,0,0,0,0,0,0,0,0,0,0,0,0,0,0,0,0,0,0,0,0,0,0,0,0,0,0,0,0,0,0,0,0,0,1,0,0,0,0,0,0,0,0,0,0,0,0,0,0,0,0,0,0,0,0,0,0,0,0,0,0,0,0,0,0,0,0,0,0,0,10,9,0,0,1,0,0,0,0,0,0,0,0,0.82775739999488,controlled_mutations_data_order_price_online,symbolic_smt,1,,,,,,,,,,,,,,,,,,,,,,,,,,,,,,,,,,,,,,,,,,,,,,,,,,,,,,,,,,,,,,,,,,,,,,,,,,,,,,,,,,,,,,,,,,,,,,,,,,,,,,,,,,,,,,,,,,,,,,,,,,,,,,,,,,,,,,,,,,,
component_050_events_0008_objects_0004.jsonocel,C:\Users\User\Documents\odacc\experiment_runs\20260919_111654\controlled_mutations_data_order_price_online\symbolic_smt\run_001\component_050_events_0008_objects_0004.json,0,ONLINE_OK,NOT_RUN,fresh_offline_alignment,0,0,True,1,0,1,0,0.0,0.0,,,,,,,,8,0.3577396002365276,0.04471745002956595,0.16075759998057038,0,0.3577396002365276,8,0,0,0,0,0,0,0,0,1,0,0,0,0,0,0,7,6,7,6,0,1,1,3,0,0,0,0,0,0,0,0,0,0,0,0,0,0,0,0,0,0,0,0,0,2,2,0,33,4,7,0,0,0,7,6,0,0,0,0,0,0,4,4,1,1,0,0,1,5,1,2,1,7,0,4,1,0,0,0,0,0,0,0,0,0,0,0,0,0,0,0,0,0,0,0,0,0,0,0,0,0,0,0,0,0,0,0,0,0,0,0,0,0,0,0,0,0,0,0,1,0,0,0,0,0,0,0,0,0,0,0,0,0,0,0,0,0,0,0,0,0,0,0,0,0,0,0,0,0,0,0,0,0,0,0,7,6,0,0,1,0,0,0,0,0,0,0,0,0.6219442000146955,controlled_mutations_data_order_price_online,symbolic_smt,1,,,,,,,,,,,,,,,,,,,,,,,,,,,,,,,,,,,,,,,,,,,,,,,,,,,,,,,,,,,,,,,,,,,,,,,,,,,,,,,,,,,,,,,,,,,,,,,,,,,,,,,,,,,,,,,,,,,,,,,,,,,,,,,,,,,,,,,,,,,
component_051_events_0011_objects_0007.jsonocel,C:\Users\User\Documents\odacc\experiment_runs\20260919_111654\controlled_mutations_data_order_price_online\symbolic_smt\run_001\component_051_events_0011_objects_0007.json,0,ONLINE_OK,NOT_RUN,fresh_offline_alignment,0,0,True,1,0,1,0,0.025651399977505207,0.00691770005505532,,,,,,,,11,0.6106393996160477,0.055512672692367974,0.31555369996931404,0,0.6106393996160477,11,0,0,0,0,0,0,0,0,1,0,0,0,0,0,0,10,9,10,9,0,1,1,6,0,0,0,0,0,0,0,0,0,0,0,0,0,0,0,0,0,0,0,0,0,2,2,0,37,7,10,0,0,0,10,9,0,0,0,0,0,0,4,4,1,1,0,0,1,2,1,2,1,10,0,10,1,0,0,0,0,0,0,0,0,0,0,0,0,0,0,0,0,0,0,0,0,0,0,0,0,0,0,0,0,0,0,0,0,0,0,0,0,0,0,0,0,0,0,0,1,0,0,0,0,0,0,0,0,0,0,0,0,0,0,0,0,0,0,0,0,0,0,0,0,0,0,0,0,0,0,0,0,0,0,0,10,9,0,0,1,0,0,0,0,0,0,0,0,0.9251521000405774,controlled_mutations_data_order_price_online,symbolic_smt,1,,,,,,,,,,,,,,,,,,,,,,,,,,,,,,,,,,,,,,,,,,,,,,,,,,,,,,,,,,,,,,,,,,,,,,,,,,,,,,,,,,,,,,,,,,,,,,,,,,,,,,,,,,,,,,,,,,,,,,,,,,,,,,,,,,,,,,,,,,,
component_057_events_0011_objects_0005.jsonocel,C:\Users\User\Documents\odacc\experiment_runs\20260919_111654\controlled_mutations_data_order_price_online\symbolic_smt\run_001\component_057_events_0011_objects_0005.json,0,ONLINE_OK,NOT_RUN,fresh_offline_alignment,0,0,True,1,0,1,0,0.0,0.0,,,,,,,,11,0.4584785000188276,0.041679863638075236,0.18764040002133697,0,0.4584785000188276,11,0,0,0,0,0,0,0,0,1,0,0,0,0,0,0,10,9,10,9,0,1,1,4,0,0,0,0,0,0,0,0,0,0,0,0,0,0,0,0,0,0,0,0,0,2,2,0,35,3,10,0,0,0,10,9,0,0,0,0,0,0,4,4,1,1,0,0,1,7,1,2,1,10,0,5,1,0,0,0,0,0,0,0,0,0,0,0,0,0,0,0,0,0,0,0,0,0,0,0,0,0,0,0,0,0,0,0,0,0,0,0,0,0,0,0,0,0,0,0,1,0,0,0,0,0,0,0,0,0,0,0,0,0,0,0,0,0,0,0,0,0,0,0,0,0,0,0,0,0,0,0,0,0,0,0,10,9,0,0,1,0,0,0,0,0,0,0,0,0.8267448000842705,controlled_mutations_data_order_price_online,symbolic_smt,1,,,,,,,,,,,,,,,,,,,,,,,,,,,,,,,,,,,,,,,,,,,,,,,,,,,,,,,,,,,,,,,,,,,,,,,,,,,,,,,,,,,,,,,,,,,,,,,,,,,,,,,,,,,,,,,,,,,,,,,,,,,,,,,,,,,,,,,,,,,
component_058_events_0009_objects_0005.jsonocel,C:\Users\User\Documents\odacc\experiment_runs\20260919_111654\controlled_mutations_data_order_price_online\symbolic_smt\run_001\component_058_events_0009_objects_0005.json,0,ONLINE_OK,NOT_RUN,fresh_offline_alignment,0,0,True,1,0,1,0,0.020754899946041405,0.00489069998729974,,,,,,,,9,0.4798350998898968,0.05331501109887742,0.24852339993230999,0,0.4798350998898968,9,0,0,0,0,0,0,0,0,1,0,0,0,0,0,0,8,7,8,7,0,1,1,4,0,0,0,0,0,0,0,0,0,0,0,0,0,0,0,0,0,0,0,0,0,2,2,0,34,5,8,0,0,0,8,7,0,0,0,0,0,0,4,4,1,1,0,0,1,2,1,2,1,8,0,8,1,0,0,0,0,0,0,0,0,0,0,0,0,0,0,0,0,0,0,0,0,0,0,0,0,0,0,0,0,0,0,0,0,0,0,0,0,0,0,0,0,0,0,0,1,0,0,0,0,0,0,0,0,0,0,0,0,0,0,0,0,0,0,0,0,0,0,0,0,0,0,0,0,0,0,0,0,0,0,0,8,7,0,0,1,0,0,0,0,0,0,0,0,0.8279041999485344,controlled_mutations_data_order_price_online,symbolic_smt,1,,,,,,,,,,,,,,,,,,,,,,,,,,,,,,,,,,,,,,,,,,,,,,,,,,,,,,,,,,,,,,,,,,,,,,,,,,,,,,,,,,,,,,,,,,,,,,,,,,,,,,,,,,,,,,,,,,,,,,,,,,,,,,,,,,,,,,,,,,,
component_059_events_0010_objects_0006.jsonocel,C:\Users\User\Documents\odacc\experiment_runs\20260919_111654\controlled_mutations_data_order_price_online\symbolic_smt\run_001\component_059_events_0010_objects_0006.json,0,ONLINE_OK,NOT_RUN,fresh_offline_alignment,0,0,True,1,0,1,0,0.02211460005491972,0.006343099987134337,,,,,,,,10,0.550238500116393,0.0550238500116393,0.29057920002378523,0,0.550238500116393,10,0,0,0,0,0,0,0,0,1,0,0,0,0,0,0,9,8,9,8,0,1,1,5,0,0,0,0,0,0,0,0,0,0,0,0,0,0,0,0,0,0,0,0,0,2,2,0,34,7,9,0,0,0,9,8,0,0,0,0,0,0,4,4,1,1,0,0,1,2,1,2,1,9,0,9,1,0,0,0,0,0,0,0,0,0,0,0,0,0,0,0,0,0,0,0,0,0,0,0,0,0,0,0,0,0,0,0,0,0,0,0,0,0,0,0,0,0,0,0,1,0,0,0,0,0,0,0,0,0,0,0,0,0,0,0,0,0,0,0,0,0,0,0,0,0,0,0,0,0,0,0,0,0,0,0,9,8,0,0,1,0,0,0,0,0,0,0,0,0.9273140999721363,controlled_mutations_data_order_price_online,symbolic_smt,1,,,,,,,,,,,,,,,,,,,,,,,,,,,,,,,,,,,,,,,,,,,,,,,,,,,,,,,,,,,,,,,,,,,,,,,,,,,,,,,,,,,,,,,,,,,,,,,,,,,,,,,,,,,,,,,,,,,,,,,,,,,,,,,,,,,,,,,,,,,
component_061_events_0007_objects_0003.jsonocel,C:\Users\User\Documents\odacc\experiment_runs\20260919_111654\controlled_mutations_data_order_price_online\symbolic_smt\run_001\component_061_events_0007_objects_0003.json,0,ONLINE_OK,NOT_RUN,fresh_offline_alignment,0,0,True,1,0,1,0,0.017893700045533478,0.0026726999785751104,,,,,,,,7,0.35262310004327446,0.05037472857761064,0.1870106999995187,0,0.35262310004327446,7,0,0,0,0,0,0,0,0,1,0,0,0,0,0,0,6,5,6,5,0,1,1,2,0,0,0,0,0,0,0,0,0,0,0,0,0,0,0,0,0,0,0,0,0,2,2,0,33,3,6,0,0,0,6,5,0,0,0,0,0,0,4,4,1,1,0,0,1,2,1,2,1,6,0,6,1,0,0,0,0,0,0,0,0,0,0,0,0,0,0,0,0,0,0,0,0,0,0,0,0,0,0,0,0,0,0,0,0,0,0,0,0,0,0,0,0,0,0,0,1,0,0,0,0,0,0,0,0,0,0,0,0,0,0,0,0,0,0,0,0,0,0,0,0,0,0,0,0,0,0,0,0,0,0,0,6,5,0,0,1,0,0,0,0,0,0,0,0,0.6186812999658287,controlled_mutations_data_order_price_online,symbolic_smt,1,,,,,,,,,,,,,,,,,,,,,,,,,,,,,,,,,,,,,,,,,,,,,,,,,,,,,,,,,,,,,,,,,,,,,,,,,,,,,,,,,,,,,,,,,,,,,,,,,,,,,,,,,,,,,,,,,,,,,,,,,,,,,,,,,,,,,,,,,,,
component_063_events_0035_objects_0019.jsonocel,C:\Users\User\Documents\odacc\experiment_runs\20260919_111654\controlled_mutations_data_order_price_online\symbolic_smt\run_001\component_063_events_0035_objects_0019.json,0,ONLINE_OK,NOT_RUN,fresh_offline_alignment,0,0,True,1,0,1,0,0.0,0.0,,,,,,,,35,1.1954347003484145,0.034155277152811844,0.14633590006269515,0,1.1954347003484145,35,0,0,0,0,0,0,0,0,6,0,0,0,0,1,1,30,29,30,29,0,5,5,17,1,0,0,0,0,0,0,0,0,0,0,0,0,0,0,0,0,0,0,0,0,6,6,0,95,3,30,0,0,0,30,29,0,0,0,0,0,0,14,14,1,1,0,0,1,17,1,6,1,33,0,19,6,1,1,0,13,1,0,0,0,0,0,0,0,0,1,1,0,0,0,0,0,0,0,0,0,0,0,0,0,0,0,0,0,0,0,0,0,0,0,0,0,0,0,0,5,0,0,0,0,0,0,0,0,0,0,0,0,0,0,0,0,0,0,0,0,0,0,0,0,0,0,0,0,0,0,0,0,0,0,0,29,28,0,0,2,0,0,0,0,0,0,0,0,1.7559959000209346,controlled_mutations_data_order_price_online,symbolic_smt,1,,,,,,,,,,,,,,,,,,,,,,,,,,,,,,,,,,,,,,,,,,,,,,,,,,,,,,,,,,,,,,,,,,,,,,,,,,,,,,,,,,,,,,,,,,,,,,,,,,,,,,,,,,,,,,,,,,,,,,,,,,,,,,,,,,,,,,,,,,,
component_064_events_0116_objects_0055.jsonocel,C:\Users\User\Documents\odacc\experiment_runs\20260919_111654\controlled_mutations_data_order_price_online\symbolic_smt\run_001\component_064_events_0116_objects_0055.json,0,ONLINE_OK,NOT_RUN,fresh_offline_alignment,0,0,True,1,0,1,0,0.0,0.0,,,,,,,,116,9.947703899815679,0.0857560681018593,0.30512400006409734,0,9.947703899815679,116,0,0,0,0,0,0,0,0,18,0,0,0,0,6,6,104,103,104,103,0,12,12,48,6,0,0,0,0,0,0,0,0,0,0,0,0,0,0,0,0,0,0,0,0,13,13,0,244,6,104,0,0,0,104,103,0,0,0,0,0,0,38,38,1,1,0,0,1,34,1,13,1,109,0,83,18,6,6,0,31,6,0,0,0,0,0,0,0,0,6,6,0,0,0,2,0,0,0,0,0,0,0,0,0,0,0,0,0,0,0,0,0,0,0,0,0,0,0,0,12,0,0,0,0,0,0,0,0,2,0,0,0,0,0,0,0,0,0,0,0,0,0,0,0,0,0,0,0,0,0,0,0,0,0,0,98,97,0,0,7,0,0,0,0,0,0,0,0,17.612666900036857,controlled_mutations_data_order_price_online,symbolic_smt,1,,,,,,,,,,,,,,,,,,,,,,,,,,,,,,,,,,,,,,,,,,,,,,,,,,,,,,,,,,,,,,,,,,,,,,,,,,,,,,,,,,,,,,,,,,,,,,,,,,,,,,,,,,,,,,,,,,,,,,,,,,,,,,,,,,,,,,,,,,,
component_065_events_0098_objects_0050.jsonocel,C:\Users\User\Documents\odacc\experiment_runs\20260919_111654\controlled_mutations_data_order_price_online\symbolic_smt\run_001\component_065_events_0098_objects_0050.json,0,ONLINE_OK,NOT_RUN,fresh_offline_alignment,0,0,True,1,0,1,0,0.0,0.0,,,,,,,,98,6.993481299839914,0.07136205407999913,0.21747010003309697,0,6.993481299839914,98,0,0,0,0,0,0,0,0,15,0,0,0,0,4,4,87,86,87,86,0,11,11,45,4,0,0,0,0,0,0,0,0,0,0,0,0,0,0,0,0,0,0,0,0,12,12,0,212,5,87,0,0,0,87,86,0,0,0,0,0,0,32,32,1,1,0,0,1,45,1,12,1,93,0,54,15,4,4,0,43,4,0,0,0,0,0,0,0,0,4,4,0,0,0,0,0,0,0,0,0,0,0,0,0,0,0,0,0,0,0,0,0,0,0,0,0,0,0,0,11,0,0,0,0,0,0,0,0,0,0,0,0,0,0,0,0,0,0,0,0,0,0,0,0,0,0,0,0,0,0,0,0,0,0,0,83,82,0,0,5,0,0,0,0,0,0,0,0,11.991601100075059,controlled_mutations_data_order_price_online,symbolic_smt,1,,,,,,,,,,,,,,,,,,,,,,,,,,,,,,,,,,,,,,,,,,,,,,,,,,,,,,,,,,,,,,,,,,,,,,,,,,,,,,,,,,,,,,,,,,,,,,,,,,,,,,,,,,,,,,,,,,,,,,,,,,,,,,,,,,,,,,,,,,,
component_066_events_0011_objects_0006.jsonocel,C:\Users\User\Documents\odacc\experiment_runs\20260919_111654\controlled_mutations_data_order_price_online\symbolic_smt\run_001\component_066_events_0011_objects_0006.json,0,ONLINE_OK,NOT_RUN,fresh_offline_alignment,0,0,True,1,0,1,0,0.02195129997562617,0.005845599924214184,,,,,,,,11,0.5864449999062344,0.053313181809657675,0.30648399994242936,0,0.5864449999062344,11,0,0,0,0,0,0,0,0,1,0,0,0,0,0,0,10,9,10,9,0,1,1,5,0,0,0,0,0,0,0,0,0,0,0,0,0,0,0,0,0,0,0,0,0,2,2,0,34,6,10,0,0,0,10,9,0,0,0,0,0,0,4,4,1,1,0,0,1,2,1,2,1,10,0,10,1,0,0,0,0,0,0,0,0,0,0,0,0,0,0,0,0,0,0,0,0,0,0,0,0,0,0,0,0,0,0,0,0,0,0,0,0,0,0,0,0,0,0,0,1,0,0,0,0,0,0,0,0,0,0,0,0,0,0,0,0,0,0,0,0,0,0,0,0,0,0,0,0,0,0,0,0,0,0,0,10,9,0,0,1,0,0,0,0,0,0,0,0,0.9358900999650359,controlled_mutations_data_order_price_online,symbolic_smt,1,,,,,,,,,,,,,,,,,,,,,,,,,,,,,,,,,,,,,,,,,,,,,,,,,,,,,,,,,,,,,,,,,,,,,,,,,,,,,,,,,,,,,,,,,,,,,,,,,,,,,,,,,,,,,,,,,,,,,,,,,,,,,,,,,,,,,,,,,,,
component_067_events_0063_objects_0031.jsonocel,C:\Users\User\Documents\odacc\experiment_runs\20260919_111654\controlled_mutations_data_order_price_online\symbolic_smt\run_001\component_067_events_0063_objects_0031.json,0,ONLINE_OK,NOT_RUN,fresh_offline_alignment,0,0,True,1,0,1,0,0.0,0.0,,,,,,,,63,2.3981575005454943,0.0380659920721507,0.1780680000083521,0,2.3981575005454943,63,0,0,0,0,0,0,0,0,10,0,0,0,0,3,3,56,55,56,55,0,7,7,28,3,0,0,0,0,0,0,0,0,0,0,0,0,0,0,0,0,0,0,0,0,8,8,0,129,3,56,0,0,0,56,55,0,0,0,0,0,0,20,20,1,1,0,0,1,22,1,7,1,59,0,42,10,3,3,0,19,3,0,0,0,0,0,0,0,0,3,3,0,0,0,0,0,0,0,0,0,0,0,0,0,0,0,0,0,0,0,0,0,0,0,0,0,0,0,0,7,0,0,0,0,0,0,0,0,0,0,0,0,0,0,0,0,0,0,0,0,0,0,0,0,0,0,0,0,0,0,0,0,0,0,0,53,53,0,0,3,0,0,0,0,0,0,0,0,3.6709728999994695,controlled_mutations_data_order_price_online,symbolic_smt,1,,,,,,,,,,,,,,,,,,,,,,,,,,,,,,,,,,,,,,,,,,,,,,,,,,,,,,,,,,,,,,,,,,,,,,,,,,,,,,,,,,,,,,,,,,,,,,,,,,,,,,,,,,,,,,,,,,,,,,,,,,,,,,,,,,,,,,,,,,,
component_068_events_0009_objects_0005.jsonocel,C:\Users\User\Documents\odacc\experiment_runs\20260919_111654\controlled_mutations_data_order_price_online\symbolic_smt\run_001\component_068_events_0009_objects_0005.json,0,ONLINE_OK,NOT_RUN,fresh_offline_alignment,0,0,True,1,0,1,0,0.0,0.0,,,,,,,,9,0.3743704002117738,0.041596711134641536,0.14722560008522123,0,0.3743704002117738,9,0,0,0,0,0,0,0,0,1,0,0,0,0,0,0,8,7,8,7,0,1,1,4,0,0,0,0,0,0,0,0,0,0,0,0,0,0,0,0,0,0,0,0,0,2,2,0,33,4,8,0,0,0,8,7,0,0,0,0,0,0,4,4,1,1,0,0,1,8,1,2,1,8,0,2,1,0,0,0,0,0,0,0,0,0,0,0,0,0,0,0,0,0,0,0,0,0,0,0,0,0,0,0,0,0,0,0,0,0,0,0,0,0,0,0,0,0,0,0,1,0,0,0,0,0,0,0,0,0,0,0,0,0,0,0,0,0,0,0,0,0,0,0,0,0,0,0,0,0,0,0,0,0,0,0,8,7,0,0,1,0,0,0,0,0,0,0,0,0.7264887999044731,controlled_mutations_data_order_price_online,symbolic_smt,1,,,,,,,,,,,,,,,,,,,,,,,,,,,,,,,,,,,,,,,,,,,,,,,,,,,,,,,,,,,,,,,,,,,,,,,,,,,,,,,,,,,,,,,,,,,,,,,,,,,,,,,,,,,,,,,,,,,,,,,,,,,,,,,,,,,,,,,,,,,
component_001_events_0030_objects_0020.jsonocel,C:\Users\User\Documents\odacc\experiment_runs\20260919_111654\controlled_mutations_data_package_weight_online\symbolic_smt\run_001\component_001_events_0030_objects_0020.json,0,ONLINE_OK,NOT_RUN,fresh_offline_alignment,0,0,True,1,0,1,0,0.0,0.0,,,,,,,,30,1.7680584999034181,0.058935283330113934,0.8395811999216676,0,1.7680584999034181,30,0,0,0,0,0,1,0,0,5,0,0,0,0,1,1,26,25,27,25,0,4,4,19,1,0,0,0,0,0,0,0,0,0,0,0,0,0,0,0,0,0,0,0,0,5,5,0,83,20,26,0,0,0,27,26,0,0,0,0,0,0,12,12,1,1,0,0,1,5,1,5,1,29,0,26,5,1,1,0,4,1,0,0,0,0,0,0,0,0,1,1,0,0,0,0,0,0,0,0,0,0,0,0,0,0,0,0,0,0,0,0,0,0,0,0,0,0,0,0,4,0,0,0,0,0,0,0,0,0,1,1,575,0,0,0,0,0,0,0,575,575,0,0,0,0,0,0,0,0,0,0,0,0,0,0,25,25,0,0,2,1,0,0,0,0,0,0,0,2.234354699961841,controlled_mutations_data_package_weight_online,symbolic_smt,1,,,,,,,,,,,,,,,,,,,,,,,,,,,,,,,,,,,,,,,,,,,,,,,,,,,,,,,,,,,,,,,,,,,,,,,,,,,,,,,,,,,,,,,,,,,,,,,,,,,,,,,,,,,,,,,,,,,,,,,,,,,,,,,,,,,,,,,,,,,
component_002_events_0028_objects_0013.jsonocel,C:\Users\User\Documents\odacc\experiment_runs\20260919_111654\controlled_mutations_data_package_weight_online\symbolic_smt\run_001\component_002_events_0028_objects_0013.json,0,ONLINE_OK,NOT_RUN,fresh_offline_alignment,0,0,True,1,0,1,0,0.0,0.0,,,,,,,,28,1.2898845003219321,0.04606730358292615,0.5160728000337258,0,1.2898845003219321,28,0,0,0,0,0,1,0,0,3,0,0,0,0,1,1,26,25,27,25,0,2,2,11,1,0,0,0,0,0,0,0,0,0,0,0,0,0,0,0,0,0,0,0,0,3,3,0,51,9,26,0,0,0,27,26,0,0,0,0,0,0,10,10,1,1,0,0,1,12,1,4,1,27,0,17,3,1,1,0,11,1,0,0,0,0,0,0,0,0,1,1,0,0,0,0,0,0,0,0,0,0,0,0,0,0,0,0,0,0,0,0,0,0,0,0,0,0,0,0,2,0,0,0,0,0,0,0,0,0,1,1,63,0,0,0,0,0,0,0,66,66,4,3,0,0,0,0,0,0,0,0,0,0,0,0,25,24,0,0,3,1,0,0,0,0,0,0,0,1.7352219000458717,controlled_mutations_data_package_weight_online,symbolic_smt,1,,,,,,,,,,,,,,,,,,,,,,,,,,,,,,,,,,,,,,,,,,,,,,,,,,,,,,,,,,,,,,,,,,,,,,,,,,,,,,,,,,,,,,,,,,,,,,,,,,,,,,,,,,,,,,,,,,,,,,,,,,,,,,,,,,,,,,,,,,,
component_003_events_0022_objects_0011.jsonocel,C:\Users\User\Documents\odacc\experiment_runs\20260919_111654\controlled_mutations_data_package_weight_online\symbolic_smt\run_001\component_003_events_0022_objects_0011.json,0,ONLINE_OK,NOT_RUN,fresh_offline_alignment,0,0,True,1,0,1,0,0.0,0.0,,,,,,,,22,0.6291360000614077,0.02859709091188217,0.1590790000045672,0,0.6291360000614077,22,0,0,0,0,0,0,0,0,1,0,0,0,0,0,0,21,20,22,20,0,1,1,9,0,0,0,0,0,0,0,0,0,0,0,0,0,0,0,0,0,0,0,0,0,1,1,0,18,1,21,0,0,0,22,21,0,0,0,0,0,0,8,8,0,0,0,0,2,11,0,4,2,21,0,12,1,0,0,0,0,0,0,0,0,0,0,0,0,0,0,0,0,0,0,0,0,0,0,0,0,0,0,0,0,0,0,0,0,0,0,0,0,0,0,0,0,0,0,0,1,0,0,0,0,0,0,0,0,0,1,1,41,0,0,0,0,0,0,0,44,44,4,3,0,0,0,0,0,0,0,0,0,0,0,0,21,19,0,0,2,0,0,0,0,0,0,0,0,1.032405300065875,controlled_mutations_data_package_weight_online,symbolic_smt,1,,,,,,,,,,,,,,,,,,,,,,,,,,,,,,,,,,,,,,,,,,,,,,,,,,,,,,,,,,,,,,,,,,,,,,,,,,,,,,,,,,,,,,,,,,,,,,,,,,,,,,,,,,,,,,,,,,,,,,,,,,,,,,,,,,,,,,,,,,,
component_004_events_0013_objects_0009.jsonocel,C:\Users\User\Documents\odacc\experiment_runs\20260919_111654\controlled_mutations_data_package_weight_online\symbolic_smt\run_001\component_004_events_0013_objects_0009.json,0,ONLINE_OK,NOT_RUN,fresh_offline_alignment,0,0,True,1,0,1,0,0.0,0.0,,,,,,,,13,0.4066896998556331,0.03128382306581793,0.14779339998494834,0,0.4066896998556331,13,0,0,0,0,0,0,0,0,1,0,0,0,0,0,0,12,11,13,11,0,1,1,8,0,0,0,0,0,0,0,0,0,0,0,0,0,0,0,0,0,0,0,0,0,1,1,0,18,1,12,0,0,0,13,12,0,0,0,0,0,0,6,6,0,0,0,0,2,4,0,3,2,12,0,10,1,0,0,0,0,0,0,0,0,0,0,0,0,0,0,0,0,0,0,0,0,0,0,0,0,0,0,0,0,0,0,0,0,0,0,0,0,0,0,0,0,0,0,0,1,0,0,0,0,0,0,0,0,0,1,1,63,0,0,0,0,0,0,0,63,63,0,0,0,0,0,0,0,0,0,0,0,0,0,0,12,11,0,0,1,0,0,0,0,0,0,0,0,0.7264611999271438,controlled_mutations_data_package_weight_online,symbolic_smt,1,,,,,,,,,,,,,,,,,,,,,,,,,,,,,,,,,,,,,,,,,,,,,,,,,,,,,,,,,,,,,,,,,,,,,,,,,,,,,,,,,,,,,,,,,,,,,,,,,,,,,,,,,,,,,,,,,,,,,,,,,,,,,,,,,,,,,,,,,,,
component_005_events_0035_objects_0016.jsonocel,C:\Users\User\Documents\odacc\experiment_runs\20260919_111654\controlled_mutations_data_package_weight_online\symbolic_smt\run_001\component_005_events_0035_objects_0016.json,0,ONLINE_OK,NOT_RUN,fresh_offline_alignment,0,0,True,1,0,1,0,0.0,0.0,,,,,,,,35,1.6876188002061099,0.04821768000588885,0.6590112000703812,0,1.6876188002061099,35,0,0,0,0,0,1,0,0,3,0,0,0,0,1,1,33,32,34,32,0,2,2,14,1,0,0,0,0,0,0,0,0,0,0,0,0,0,0,0,0,0,0,0,0,3,3,0,52,20,33,0,0,0,34,33,0,0,0,0,0,0,10,10,1,1,0,0,1,14,1,4,1,34,0,22,3,1,1,0,13,1,0,0,0,0,0,0,0,0,1,1,0,0,0,0,0,0,0,0,0,0,0,0,0,0,0,0,0,0,0,0,0,0,0,0,0,0,0,0,2,0,0,0,0,0,0,0,0,0,1,1,129,0,0,0,0,0,0,0,136,136,12,7,0,0,0,0,0,0,0,0,0,0,0,0,32,31,0,0,3,1,0,0,0,0,0,0,0,2.349403499974869,controlled_mutations_data_package_weight_online,symbolic_smt,1,,,,,,,,,,,,,,,,,,,,,,,,,,,,,,,,,,,,,,,,,,,,,,,,,,,,,,,,,,,,,,,,,,,,,,,,,,,,,,,,,,,,,,,,,,,,,,,,,,,,,,,,,,,,,,,,,,,,,,,,,,,,,,,,,,,,,,,,,,,
component_006_events_0031_objects_0015.jsonocel,C:\Users\User\Documents\odacc\experiment_runs\20260919_111654\controlled_mutations_data_package_weight_online\symbolic_smt\run_001\component_006_events_0031_objects_0015.json,0,ONLINE_OK,NOT_RUN,fresh_offline_alignment,0,0,True,1,0,1,0,0.0,0.0,,,,,,,,31,1.5391146998154,0.04964886128436774,0.6509439999936149,0,1.5391146998154,31,0,0,0,0,0,1,0,0,5,0,0,0,0,2,2,28,27,41,27,0,3,3,13,2,0,0,0,0,0,0,0,0,0,0,0,0,0,0,0,0,0,0,0,0,5,4,0,80,9,28,0,0,0,41,28,0,0,0,0,0,0,14,14,1,1,0,0,0,13,1,3,0,29,0,19,5,2,2,0,12,2,0,0,0,0,0,0,0,0,2,2,0,0,0,0,1,1,0,1,1,0,0,0,0,0,0,1,0,0,0,0,0,0,0,0,0,0,0,0,3,0,0,0,0,0,0,0,0,0,1,1,41,11,0,1,1,0,44,0,44,44,4,3,0,0,0,0,0,0,0,0,0,0,0,0,26,26,0,0,7,1,0,0,0,0,0,0,0,2.0555173999164253,controlled_mutations_data_package_weight_online,symbolic_smt,1,,,,,,,,,,,,,,,,,,,,,,,,,,,,,,,,,,,,,,,,,,,,,,,,,,,,,,,,,,,,,,,,,,,,,,,,,,,,,,,,,,,,,,,,,,,,,,,,,,,,,,,,,,,,,,,,,,,,,,,,,,,,,,,,,,,,,,,,,,,
component_009_events_0015_objects_0008.jsonocel,C:\Users\User\Documents\odacc\experiment_runs\20260919_111654\controlled_mutations_data_package_weight_online\symbolic_smt\run_001\component_009_events_0015_objects_0008.json,0,ONLINE_OK,NOT_RUN,fresh_offline_alignment,0,0,True,1,0,1,0,0.0,0.0,,,,,,,,15,0.4283484002808109,0.028556560018720725,0.13141490006819367,0,0.4283484002808109,15,0,0,0,0,0,0,0,0,1,0,0,0,0,0,0,14,13,15,13,0,1,1,7,0,0,0,0,0,0,0,0,0,0,0,0,0,0,0,0,0,0,0,0,0,1,1,0,18,1,14,0,0,0,15,14,0,0,0,0,0,0,6,6,0,0,0,0,2,6,0,3,2,14,0,10,1,0,0,0,0,0,0,0,0,0,0,0,0,0,0,0,0,0,0,0,0,0,0,0,0,0,0,0,0,0,0,0,0,0,0,0,0,0,0,0,0,0,0,0,1,0,0,0,0,0,0,0,0,0,1,1,41,0,0,0,0,0,0,0,41,41,0,0,0,0,0,0,0,0,0,0,0,0,0,0,14,13,0,0,1,0,0,0,0,0,0,0,0,0.829259599908255,controlled_mutations_data_package_weight_online,symbolic_smt,1,,,,,,,,,,,,,,,,,,,,,,,,,,,,,,,,,,,,,,,,,,,,,,,,,,,,,,,,,,,,,,,,,,,,,,,,,,,,,,,,,,,,,,,,,,,,,,,,,,,,,,,,,,,,,,,,,,,,,,,,,,,,,,,,,,,,,,,,,,,
component_011_events_0028_objects_0017.jsonocel,C:\Users\User\Documents\odacc\experiment_runs\20260919_111654\controlled_mutations_data_package_weight_online\symbolic_smt\run_001\component_011_events_0028_objects_0017.json,0,ONLINE_OK,NOT_RUN,fresh_offline_alignment,0,0,True,1,0,1,0,0.0,0.0,,,,,,,,28,1.558214500080794,0.05565051786002836,0.7084049000404775,0,1.558214500080794,28,0,0,0,0,0,1,0,0,4,0,0,0,0,1,1,25,24,26,24,0,3,3,16,1,0,0,0,0,0,0,0,0,0,0,0,0,0,0,0,0,0,0,0,0,4,4,0,72,16,25,0,0,0,26,25,0,0,0,0,0,0,10,10,1,1,0,0,1,7,1,4,1,27,0,22,4,1,1,0,6,1,0,0,0,0,0,0,0,0,1,1,0,0,0,0,0,0,0,0,0,0,0,0,0,0,0,0,0,0,0,0,0,0,0,0,0,0,0,0,3,0,0,0,0,0,0,0,0,0,1,1,377,0,0,0,0,0,0,0,377,377,0,0,0,0,0,0,0,0,0,0,0,0,0,0,24,24,0,0,2,1,0,0,0,0,0,0,0,2.04730340000242,controlled_mutations_data_package_weight_online,symbolic_smt,1,,,,,,,,,,,,,,,,,,,,,,,,,,,,,,,,,,,,,,,,,,,,,,,,,,,,,,,,,,,,,,,,,,,,,,,,,,,,,,,,,,,,,,,,,,,,,,,,,,,,,,,,,,,,,,,,,,,,,,,,,,,,,,,,,,,,,,,,,,,
component_014_events_0102_objects_0053.jsonocel,C:\Users\User\Documents\odacc\experiment_runs\20260919_111654\controlled_mutations_data_package_weight_online\symbolic_smt\run_001\component_014_events_0102_objects_0053.json,0,ONLINE_OK,NOT_RUN,fresh_offline_alignment,0,0,True,1,0,1,0,0.0,0.0,,,,,,,,102,9.037774100783281,0.08860562843905177,0.3832152000395581,0,9.037774100783281,102,0,0,0,0,0,1,0,0,14,0,0,0,0,5,5,93,92,94,92,0,9,9,47,5,0,0,0,0,0,0,0,0,0,0,0,0,0,0,0,0,0,0,0,0,10,10,0,198,9,93,0,0,0,94,93,0,0,0,0,0,0,32,32,1,1,0,0,1,53,1,11,1,97,0,50,14,5,5,0,52,5,0,0,0,0,0,0,0,0,5,5,0,0,0,0,0,0,0,0,0,0,0,0,0,0,0,0,0,0,0,0,0,0,0,0,0,0,0,0,9,0,0,0,0,0,0,0,0,0,1,1,14,0,0,0,0,0,0,0,17,17,4,3,0,0,0,0,0,0,0,0,0,0,0,0,88,87,0,0,7,1,0,0,0,0,0,0,0,16.648244500043802,controlled_mutations_data_package_weight_online,symbolic_smt,1,,,,,,,,,,,,,,,,,,,,,,,,,,,,,,,,,,,,,,,,,,,,,,,,,,,,,,,,,,,,,,,,,,,,,,,,,,,,,,,,,,,,,,,,,,,,,,,,,,,,,,,,,,,,,,,,,,,,,,,,,,,,,,,,,,,,,,,,,,,
component_020_events_0022_objects_0009.jsonocel,C:\Users\User\Documents\odacc\experiment_runs\20260919_111654\controlled_mutations_data_package_weight_online\symbolic_smt\run_001\component_020_events_0022_objects_0009.json,0,ONLINE_OK,NOT_RUN,fresh_offline_alignment,0,0,True,1,0,1,0,0.0,0.0,,,,,,,,22,0.6183141999645159,0.028105190907477994,0.1480724000139162,0,0.6183141999645159,22,0,0,0,0,0,0,0,0,1,0,0,0,0,0,0,21,20,22,20,0,1,1,8,0,0,0,0,0,0,0,0,0,0,0,0,0,0,0,0,0,0,0,0,0,1,1,0,18,1,21,0,0,0,22,21,0,0,0,0,0,0,6,6,0,0,0,0,2,12,0,3,2,21,0,11,1,0,0,0,0,0,0,0,0,0,0,0,0,0,0,0,0,0,0,0,0,0,0,0,0,0,0,0,0,0,0,0,0,0,0,0,0,0,0,0,0,0,0,0,1,0,0,0,0,0,0,0,0,0,1,1,63,0,0,0,0,0,0,0,63,63,0,0,0,0,0,0,0,0,0,0,0,0,0,0,21,20,0,0,1,0,0,0,0,0,0,0,0,1.0642710999818519,controlled_mutations_data_package_weight_online,symbolic_smt,1,,,,,,,,,,,,,,,,,,,,,,,,,,,,,,,,,,,,,,,,,,,,,,,,,,,,,,,,,,,,,,,,,,,,,,,,,,,,,,,,,,,,,,,,,,,,,,,,,,,,,,,,,,,,,,,,,,,,,,,,,,,,,,,,,,,,,,,,,,,
component_021_events_0013_objects_0005.jsonocel,C:\Users\User\Documents\odacc\experiment_runs\20260919_111654\controlled_mutations_data_package_weight_online\symbolic_smt\run_001\component_021_events_0013_objects_0005.json,0,ONLINE_OK,NOT_RUN,fresh_offline_alignment,0,0,True,1,0,1,0,0.0,0.0,,,,,,,,13,0.32289749989286065,0.024838269222527742,0.07888689998071641,0,0.32289749989286065,13,0,0,0,0,0,0,0,0,1,0,0,0,0,0,0,12,11,13,11,0,1,1,3,0,0,0,0,0,0,0,0,0,0,0,0,0,0,0,0,0,0,0,0,0,1,1,0,18,1,12,0,0,0,13,12,0,0,0,0,0,0,8,8,0,0,0,0,2,9,0,4,2,12,0,5,1,0,0,0,0,0,0,0,0,0,0,0,0,0,0,0,0,0,0,0,0,0,0,0,0,0,0,0,0,0,0,0,0,0,0,0,0,0,0,0,0,0,0,0,1,0,0,0,0,0,0,0,0,0,1,1,1,0,0,0,0,0,0,0,2,2,1,1,0,0,0,0,0,0,0,0,0,0,0,0,12,10,0,0,2,0,0,0,0,0,0,0,0,0.6277987000066787,controlled_mutations_data_package_weight_online,symbolic_smt,1,,,,,,,,,,,,,,,,,,,,,,,,,,,,,,,,,,,,,,,,,,,,,,,,,,,,,,,,,,,,,,,,,,,,,,,,,,,,,,,,,,,,,,,,,,,,,,,,,,,,,,,,,,,,,,,,,,,,,,,,,,,,,,,,,,,,,,,,,,,
component_024_events_0010_objects_0005.jsonocel,C:\Users\User\Documents\odacc\experiment_runs\20260919_111654\controlled_mutations_data_package_weight_online\symbolic_smt\run_001\component_024_events_0010_objects_0005.json,0,ONLINE_OK,NOT_RUN,fresh_offline_alignment,0,0,True,1,0,1,0,0.0,0.0,,,,,,,,10,0.2768656002590433,0.027686560025904326,0.09135910007171333,0,0.2768656002590433,10,0,0,0,0,0,0,0,0,1,0,0,0,0,0,0,9,8,10,8,0,1,1,4,0,0,0,0,0,0,0,0,0,0,0,0,0,0,0,0,0,0,0,0,0,1,1,0,18,1,9,0,0,0,10,9,0,0,0,0,0,0,6,6,0,0,0,0,2,5,0,3,2,9,0,6,1,0,0,0,0,0,0,0,0,0,0,0,0,0,0,0,0,0,0,0,0,0,0,0,0,0,0,0,0,0,0,0,0,0,0,0,0,0,0,0,0,0,0,0,1,0,0,0,0,0,0,0,0,0,1,1,7,0,0,0,0,0,0,0,7,7,0,0,0,0,0,0,0,0,0,0,0,0,0,0,9,8,0,0,1,0,0,0,0,0,0,0,0,0.6225663999794051,controlled_mutations_data_package_weight_online,symbolic_smt,1,,,,,,,,,,,,,,,,,,,,,,,,,,,,,,,,,,,,,,,,,,,,,,,,,,,,,,,,,,,,,,,,,,,,,,,,,,,,,,,,,,,,,,,,,,,,,,,,,,,,,,,,,,,,,,,,,,,,,,,,,,,,,,,,,,,,,,,,,,,
component_028_events_0012_objects_0008.jsonocel,C:\Users\User\Documents\odacc\experiment_runs\20260919_111654\controlled_mutations_data_package_weight_online\symbolic_smt\run_001\component_028_events_0012_objects_0008.json,0,ONLINE_OK,NOT_RUN,fresh_offline_alignment,0,0,True,1,0,1,0,0.0,0.0,,,,,,,,12,0.3650275998516008,0.030418966654300068,0.1316117999376729,0,0.3650275998516008,12,0,0,0,0,0,0,0,0,1,0,0,0,0,0,0,11,10,12,10,0,1,1,7,0,0,0,0,0,0,0,0,0,0,0,0,0,0,0,0,0,0,0,0,0,1,1,0,18,1,11,0,0,0,12,11,0,0,0,0,0,0,6,6,0,0,0,0,2,5,0,3,2,11,0,8,1,0,0,0,0,0,0,0,0,0,0,0,0,0,0,0,0,0,0,0,0,0,0,0,0,0,0,0,0,0,0,0,0,0,0,0,0,0,0,0,0,0,0,0,1,0,0,0,0,0,0,0,0,0,1,1,41,0,0,0,0,0,0,0,41,41,0,0,0,0,0,0,0,0,0,0,0,0,0,0,11,10,0,0,1,0,0,0,0,0,0,0,0,0.7285841000266373,controlled_mutations_data_package_weight_online,symbolic_smt,1,,,,,,,,,,,,,,,,,,,,,,,,,,,,,,,,,,,,,,,,,,,,,,,,,,,,,,,,,,,,,,,,,,,,,,,,,,,,,,,,,,,,,,,,,,,,,,,,,,,,,,,,,,,,,,,,,,,,,,,,,,,,,,,,,,,,,,,,,,,
component_029_events_0021_objects_0010.jsonocel,C:\Users\User\Documents\odacc\experiment_runs\20260919_111654\controlled_mutations_data_package_weight_online\symbolic_smt\run_001\component_029_events_0021_objects_0010.json,0,ONLINE_OK,NOT_RUN,fresh_offline_alignment,0,0,True,1,0,1,0,0.0,0.0,,,,,,,,21,0.5811843001283705,0.02767544286325574,0.1473894000519067,0,0.5811843001283705,21,0,0,0,0,0,0,0,0,1,0,0,0,0,0,0,20,19,21,19,0,1,1,8,0,0,0,0,0,0,0,0,0,0,0,0,0,0,0,0,0,0,0,0,0,1,1,0,18,1,20,0,0,0,21,20,0,0,0,0,0,0,8,8,0,0,0,0,2,13,0,4,2,20,0,9,1,0,0,0,0,0,0,0,0,0,0,0,0,0,0,0,0,0,0,0,0,0,0,0,0,0,0,0,0,0,0,0,0,0,0,0,0,0,0,0,0,0,0,0,1,0,0,0,0,0,0,0,0,0,1,1,41,0,0,0,0,0,0,0,42,42,1,1,0,0,0,0,0,0,0,0,0,0,0,0,20,18,0,0,2,0,0,0,0,0,0,0,0,1.0435012000380084,controlled_mutations_data_package_weight_online,symbolic_smt,1,,,,,,,,,,,,,,,,,,,,,,,,,,,,,,,,,,,,,,,,,,,,,,,,,,,,,,,,,,,,,,,,,,,,,,,,,,,,,,,,,,,,,,,,,,,,,,,,,,,,,,,,,,,,,,,,,,,,,,,,,,,,,,,,,,,,,,,,,,,
component_030_events_0061_objects_0033.jsonocel,C:\Users\User\Documents\odacc\experiment_runs\20260919_111654\controlled_mutations_data_package_weight_online\symbolic_smt\run_001\component_030_events_0061_objects_0033.json,0,ONLINE_OK,NOT_RUN,fresh_offline_alignment,0,0,True,1,0,1,0,0.0,0.0,,,,,,,,61,3.0354023996042088,0.04976069507547883,0.3976130000082776,0,3.0354023996042088,61,0,0,0,0,0,1,0,0,6,0,0,0,0,2,2,57,56,58,56,0,4,4,28,2,0,0,0,0,0,0,0,0,0,0,0,0,0,0,0,0,0,0,0,0,5,5,0,79,5,57,0,0,0,58,57,0,0,0,0,0,0,20,20,1,1,0,0,1,36,1,8,1,59,0,26,6,2,2,0,35,2,0,0,0,0,0,0,0,0,2,2,0,0,0,0,0,0,0,0,0,0,0,0,0,0,0,0,0,0,0,0,0,0,0,0,0,0,0,0,4,0,0,0,0,0,0,0,0,0,1,1,14,0,0,0,0,0,0,0,39,39,55,25,0,0,0,0,0,0,0,0,0,0,0,0,55,52,0,0,6,1,0,0,0,0,0,0,0,4.899732499965467,controlled_mutations_data_package_weight_online,symbolic_smt,1,,,,,,,,,,,,,,,,,,,,,,,,,,,,,,,,,,,,,,,,,,,,,,,,,,,,,,,,,,,,,,,,,,,,,,,,,,,,,,,,,,,,,,,,,,,,,,,,,,,,,,,,,,,,,,,,,,,,,,,,,,,,,,,,,,,,,,,,,,,
component_031_events_0009_objects_0005.jsonocel,C:\Users\User\Documents\odacc\experiment_runs\20260919_111654\controlled_mutations_data_package_weight_online\symbolic_smt\run_001\component_031_events_0009_objects_0005.json,0,ONLINE_OK,NOT_RUN,fresh_offline_alignment,0,0,True,1,0,1,0,0.0,0.0,,,,,,,,9,0.26231680007185787,0.029146311119095318,0.09405070007778704,0,0.26231680007185787,9,0,0,0,0,0,0,0,0,1,0,0,0,0,0,0,8,7,9,7,0,1,1,4,0,0,0,0,0,0,0,0,0,0,0,0,0,0,0,0,0,0,0,0,0,1,1,0,18,1,8,0,0,0,9,8,0,0,0,0,0,0,6,6,0,0,0,0,2,4,0,3,2,8,0,6,1,0,0,0,0,0,0,0,0,0,0,0,0,0,0,0,0,0,0,0,0,0,0,0,0,0,0,0,0,0,0,0,0,0,0,0,0,0,0,0,0,0,0,0,1,0,0,0,0,0,0,0,0,0,1,1,7,0,0,0,0,0,0,0,7,7,0,0,0,0,0,0,0,0,0,0,0,0,0,0,8,7,0,0,1,0,0,0,0,0,0,0,0,0.523728400003165,controlled_mutations_data_package_weight_online,symbolic_smt,1,,,,,,,,,,,,,,,,,,,,,,,,,,,,,,,,,,,,,,,,,,,,,,,,,,,,,,,,,,,,,,,,,,,,,,,,,,,,,,,,,,,,,,,,,,,,,,,,,,,,,,,,,,,,,,,,,,,,,,,,,,,,,,,,,,,,,,,,,,,
component_032_events_0007_objects_0003.jsonocel,C:\Users\User\Documents\odacc\experiment_runs\20260919_111654\controlled_mutations_data_package_weight_online\symbolic_smt\run_001\component_032_events_0007_objects_0003.json,0,ONLINE_OK,NOT_RUN,fresh_offline_alignment,0,0,True,1,0,1,0,0.0,0.0,,,,,,,,7,0.19593339995481074,0.027990485707830106,0.06324430007953197,0,0.19593339995481074,7,0,0,0,0,0,0,0,0,1,0,0,0,0,0,0,6,5,7,5,0,1,1,2,0,0,0,0,0,0,0,0,0,0,0,0,0,0,0,0,0,0,0,0,0,1,1,0,18,1,6,0,0,0,7,6,0,0,0,0,0,0,6,6,0,0,0,0,2,5,0,3,2,6,0,3,1,0,0,0,0,0,0,0,0,0,0,0,0,0,0,0,0,0,0,0,0,0,0,0,0,0,0,0,0,0,0,0,0,0,0,0,0,0,0,0,0,0,0,0,1,0,0,0,0,0,0,0,0,0,1,1,1,0,0,0,0,0,0,0,1,1,0,0,0,0,0,0,0,0,0,0,0,0,0,0,6,5,0,0,1,0,0,0,0,0,0,0,0,0.520436100079678,controlled_mutations_data_package_weight_online,symbolic_smt,1,,,,,,,,,,,,,,,,,,,,,,,,,,,,,,,,,,,,,,,,,,,,,,,,,,,,,,,,,,,,,,,,,,,,,,,,,,,,,,,,,,,,,,,,,,,,,,,,,,,,,,,,,,,,,,,,,,,,,,,,,,,,,,,,,,,,,,,,,,,
component_036_events_0017_objects_0008.jsonocel,C:\Users\User\Documents\odacc\experiment_runs\20260919_111654\controlled_mutations_data_package_weight_online\symbolic_smt\run_001\component_036_events_0017_objects_0008.json,0,ONLINE_OK,NOT_RUN,fresh_offline_alignment,0,0,True,1,0,1,0,0.0,0.0,,,,,,,,17,0.7411064000334591,0.04359449411961524,0.30336220003664494,0,0.7411064000334591,17,0,0,0,0,0,1,0,0,3,0,0,0,0,1,1,15,14,16,14,0,2,2,7,1,0,0,0,0,0,0,0,0,0,0,0,0,0,0,0,0,0,0,0,0,3,3,0,48,4,15,0,0,0,16,15,0,0,0,0,0,0,8,8,1,1,0,0,1,11,1,3,1,16,0,7,3,1,1,0,10,1,0,0,0,0,0,0,0,0,1,1,0,0,0,0,0,0,0,0,0,0,0,0,0,0,0,0,0,0,0,0,0,0,0,0,0,0,0,0,2,0,0,0,0,0,0,0,0,0,1,1,25,0,0,0,0,0,0,0,25,25,0,0,0,0,0,0,0,0,0,0,0,0,0,0,14,14,0,0,2,1,0,0,0,0,0,0,0,1.1280155000276864,controlled_mutations_data_package_weight_online,symbolic_smt,1,,,,,,,,,,,,,,,,,,,,,,,,,,,,,,,,,,,,,,,,,,,,,,,,,,,,,,,,,,,,,,,,,,,,,,,,,,,,,,,,,,,,,,,,,,,,,,,,,,,,,,,,,,,,,,,,,,,,,,,,,,,,,,,,,,,,,,,,,,,
component_037_events_0012_objects_0006.jsonocel,C:\Users\User\Documents\odacc\experiment_runs\20260919_111654\controlled_mutations_data_package_weight_online\symbolic_smt\run_001\component_037_events_0012_objects_0006.json,0,ONLINE_OK,NOT_RUN,fresh_offline_alignment,0,0,True,1,0,1,0,0.0,0.0,,,,,,,,12,0.3263302000705153,0.027194183339209605,0.10361270001158118,0,0.3263302000705153,12,0,0,0,0,0,0,0,0,1,0,0,0,0,0,0,11,10,12,10,0,1,1,5,0,0,0,0,0,0,0,0,0,0,0,0,0,0,0,0,0,0,0,0,0,1,1,0,18,1,11,0,0,0,12,11,0,0,0,0,0,0,6,6,0,0,0,0,2,5,0,3,2,11,0,8,1,0,0,0,0,0,0,0,0,0,0,0,0,0,0,0,0,0,0,0,0,0,0,0,0,0,0,0,0,0,0,0,0,0,0,0,0,0,0,0,0,0,0,0,1,0,0,0,0,0,0,0,0,0,1,1,14,0,0,0,0,0,0,0,14,14,0,0,0,0,0,0,0,0,0,0,0,0,0,0,11,10,0,0,1,0,0,0,0,0,0,0,0,0.6211399999447167,controlled_mutations_data_package_weight_online,symbolic_smt,1,,,,,,,,,,,,,,,,,,,,,,,,,,,,,,,,,,,,,,,,,,,,,,,,,,,,,,,,,,,,,,,,,,,,,,,,,,,,,,,,,,,,,,,,,,,,,,,,,,,,,,,,,,,,,,,,,,,,,,,,,,,,,,,,,,,,,,,,,,,
component_038_events_0008_objects_0004.jsonocel,C:\Users\User\Documents\odacc\experiment_runs\20260919_111654\controlled_mutations_data_package_weight_online\symbolic_smt\run_001\component_038_events_0008_objects_0004.json,0,ONLINE_OK,NOT_RUN,fresh_offline_alignment,0,0,True,1,0,1,0,0.0,0.0,,,,,,,,8,0.2263468997552991,0.028293362469412386,0.07597449992317706,0,0.2263468997552991,8,0,0,0,0,0,0,0,0,1,0,0,0,0,0,0,7,6,8,6,0,1,1,3,0,0,0,0,0,0,0,0,0,0,0,0,0,0,0,0,0,0,0,0,0,1,1,0,18,1,7,0,0,0,8,7,0,0,0,0,0,0,6,6,0,0,0,0,2,5,0,3,2,7,0,4,1,0,0,0,0,0,0,0,0,0,0,0,0,0,0,0,0,0,0,0,0,0,0,0,0,0,0,0,0,0,0,0,0,0,0,0,0,0,0,0,0,0,0,0,1,0,0,0,0,0,0,0,0,0,1,1,3,0,0,0,0,0,0,0,3,3,0,0,0,0,0,0,0,0,0,0,0,0,0,0,7,6,0,0,1,0,0,0,0,0,0,0,0,0.5219365999801084,controlled_mutations_data_package_weight_online,symbolic_smt,1,,,,,,,,,,,,,,,,,,,,,,,,,,,,,,,,,,,,,,,,,,,,,,,,,,,,,,,,,,,,,,,,,,,,,,,,,,,,,,,,,,,,,,,,,,,,,,,,,,,,,,,,,,,,,,,,,,,,,,,,,,,,,,,,,,,,,,,,,,,
component_042_events_0009_objects_0005.jsonocel,C:\Users\User\Documents\odacc\experiment_runs\20260919_111654\controlled_mutations_data_package_weight_online\symbolic_smt\run_001\component_042_events_0009_objects_0005.json,0,ONLINE_OK,NOT_RUN,fresh_offline_alignment,0,0,True,1,0,1,0,0.0,0.0,,,,,,,,9,0.2560687002260238,0.028452077802891534,0.09139200008939952,0,0.2560687002260238,9,0,0,0,0,0,0,0,0,1,0,0,0,0,0,0,8,7,9,7,0,1,1,4,0,0,0,0,0,0,0,0,0,0,0,0,0,0,0,0,0,0,0,0,0,1,1,0,18,1,8,0,0,0,9,8,0,0,0,0,0,0,6,6,0,0,0,0,2,4,0,3,2,8,0,6,1,0,0,0,0,0,0,0,0,0,0,0,0,0,0,0,0,0,0,0,0,0,0,0,0,0,0,0,0,0,0,0,0,0,0,0,0,0,0,0,0,0,0,0,1,0,0,0,0,0,0,0,0,0,1,1,7,0,0,0,0,0,0,0,7,7,0,0,0,0,0,0,0,0,0,0,0,0,0,0,8,7,0,0,1,0,0,0,0,0,0,0,0,0.5191621000412852,controlled_mutations_data_package_weight_online,symbolic_smt,1,,,,,,,,,,,,,,,,,,,,,,,,,,,,,,,,,,,,,,,,,,,,,,,,,,,,,,,,,,,,,,,,,,,,,,,,,,,,,,,,,,,,,,,,,,,,,,,,,,,,,,,,,,,,,,,,,,,,,,,,,,,,,,,,,,,,,,,,,,,
component_048_events_0011_objects_0007.jsonocel,C:\Users\User\Documents\odacc\experiment_runs\20260919_111654\controlled_mutations_data_package_weight_online\symbolic_smt\run_001\component_048_events_0011_objects_0007.json,0,ONLINE_OK,NOT_RUN,fresh_offline_alignment,0,0,True,1,0,1,0,0.0,0.0,,,,,,,,11,0.3309375001117587,0.030085227282887154,0.12045369995757937,0,0.3309375001117587,11,0,0,0,0,0,0,0,0,1,0,0,0,0,0,0,10,9,11,9,0,1,1,6,0,0,0,0,0,0,0,0,0,0,0,0,0,0,0,0,0,0,0,0,0,1,1,0,19,1,10,0,0,0,11,10,0,0,0,0,0,0,6,6,0,0,0,0,2,4,0,3,2,10,0,8,1,0,0,0,0,0,0,0,0,0,0,0,0,0,0,0,0,0,0,0,0,0,0,0,0,0,0,0,0,0,0,0,0,0,0,0,0,0,0,0,0,0,0,0,1,0,0,0,0,0,0,0,0,0,1,1,25,0,0,0,0,0,0,0,25,25,0,0,0,0,0,0,0,0,0,0,0,0,0,0,10,9,0,0,1,0,0,0,0,0,0,0,0,0.6204996999586001,controlled_mutations_data_package_weight_online,symbolic_smt,1,,,,,,,,,,,,,,,,,,,,,,,,,,,,,,,,,,,,,,,,,,,,,,,,,,,,,,,,,,,,,,,,,,,,,,,,,,,,,,,,,,,,,,,,,,,,,,,,,,,,,,,,,,,,,,,,,,,,,,,,,,,,,,,,,,,,,,,,,,,
component_050_events_0008_objects_0004.jsonocel,C:\Users\User\Documents\odacc\experiment_runs\20260919_111654\controlled_mutations_data_package_weight_online\symbolic_smt\run_001\component_050_events_0008_objects_0004.json,0,ONLINE_OK,NOT_RUN,fresh_offline_alignment,0,0,True,1,0,1,0,0.0,0.0,,,,,,,,8,0.2293341999175027,0.028666774989687838,0.07632610003929585,0,0.2293341999175027,8,0,0,0,0,0,0,0,0,1,0,0,0,0,0,0,7,6,8,6,0,1,1,3,0,0,0,0,0,0,0,0,0,0,0,0,0,0,0,0,0,0,0,0,0,1,1,0,18,1,7,0,0,0,8,7,0,0,0,0,0,0,6,6,0,0,0,0,2,4,0,3,2,7,0,5,1,0,0,0,0,0,0,0,0,0,0,0,0,0,0,0,0,0,0,0,0,0,0,0,0,0,0,0,0,0,0,0,0,0,0,0,0,0,0,0,0,0,0,0,1,0,0,0,0,0,0,0,0,0,1,1,3,0,0,0,0,0,0,0,3,3,0,0,0,0,0,0,0,0,0,0,0,0,0,0,7,6,0,0,1,0,0,0,0,0,0,0,0,0.5211306000128388,controlled_mutations_data_package_weight_online,symbolic_smt,1,,,,,,,,,,,,,,,,,,,,,,,,,,,,,,,,,,,,,,,,,,,,,,,,,,,,,,,,,,,,,,,,,,,,,,,,,,,,,,,,,,,,,,,,,,,,,,,,,,,,,,,,,,,,,,,,,,,,,,,,,,,,,,,,,,,,,,,,,,,
component_051_events_0011_objects_0007.jsonocel,C:\Users\User\Documents\odacc\experiment_runs\20260919_111654\controlled_mutations_data_package_weight_online\symbolic_smt\run_001\component_051_events_0011_objects_0007.json,0,ONLINE_OK,NOT_RUN,fresh_offline_alignment,0,0,True,1,0,1,0,0.0,0.0,,,,,,,,11,0.3224603000562638,0.02931457273238762,0.11704809998627752,0,0.3224603000562638,11,0,0,0,0,0,0,0,0,1,0,0,0,0,0,0,10,9,11,9,0,1,1,6,0,0,0,0,0,0,0,0,0,0,0,0,0,0,0,0,0,0,0,0,0,1,1,0,18,1,10,0,0,0,11,10,0,0,0,0,0,0,6,6,0,0,0,0,2,5,0,3,2,10,0,7,1,0,0,0,0,0,0,0,0,0,0,0,0,0,0,0,0,0,0,0,0,0,0,0,0,0,0,0,0,0,0,0,0,0,0,0,0,0,0,0,0,0,0,0,1,0,0,0,0,0,0,0,0,0,1,1,25,0,0,0,0,0,0,0,25,25,0,0,0,0,0,0,0,0,0,0,0,0,0,0,10,9,0,0,1,0,0,0,0,0,0,0,0,0.6218507000012323,controlled_mutations_data_package_weight_online,symbolic_smt,1,,,,,,,,,,,,,,,,,,,,,,,,,,,,,,,,,,,,,,,,,,,,,,,,,,,,,,,,,,,,,,,,,,,,,,,,,,,,,,,,,,,,,,,,,,,,,,,,,,,,,,,,,,,,,,,,,,,,,,,,,,,,,,,,,,,,,,,,,,,
component_057_events_0011_objects_0005.jsonocel,C:\Users\User\Documents\odacc\experiment_runs\20260919_111654\controlled_mutations_data_package_weight_online\symbolic_smt\run_001\component_057_events_0011_objects_0005.json,0,ONLINE_OK,NOT_RUN,fresh_offline_alignment,0,0,True,1,0,1,0,0.0,0.0,,,,,,,,11,0.295333500020206,0.026848500001836906,0.09143210004549474,0,0.295333500020206,11,0,0,0,0,0,0,0,0,1,0,0,0,0,0,0,10,9,11,9,0,1,1,4,0,0,0,0,0,0,0,0,0,0,0,0,0,0,0,0,0,0,0,0,0,1,1,0,18,1,10,0,0,0,11,10,0,0,0,0,0,0,6,6,0,0,0,0,2,4,0,3,2,10,0,8,1,0,0,0,0,0,0,0,0,0,0,0,0,0,0,0,0,0,0,0,0,0,0,0,0,0,0,0,0,0,0,0,0,0,0,0,0,0,0,0,0,0,0,0,1,0,0,0,0,0,0,0,0,0,1,1,7,0,0,0,0,0,0,0,7,7,0,0,0,0,0,0,0,0,0,0,0,0,0,0,10,9,0,0,1,0,0,0,0,0,0,0,0,0.6241498999297619,controlled_mutations_data_package_weight_online,symbolic_smt,1,,,,,,,,,,,,,,,,,,,,,,,,,,,,,,,,,,,,,,,,,,,,,,,,,,,,,,,,,,,,,,,,,,,,,,,,,,,,,,,,,,,,,,,,,,,,,,,,,,,,,,,,,,,,,,,,,,,,,,,,,,,,,,,,,,,,,,,,,,,
component_058_events_0009_objects_0005.jsonocel,C:\Users\User\Documents\odacc\experiment_runs\20260919_111654\controlled_mutations_data_package_weight_online\symbolic_smt\run_001\component_058_events_0009_objects_0005.json,0,ONLINE_OK,NOT_RUN,fresh_offline_alignment,0,0,True,1,0,1,0,0.0,0.0,,,,,,,,9,0.2627090000314638,0.029189888892384868,0.09354949998669326,0,0.2627090000314638,9,0,0,0,0,0,0,0,0,1,0,0,0,0,0,0,8,7,9,7,0,1,1,4,0,0,0,0,0,0,0,0,0,0,0,0,0,0,0,0,0,0,0,0,0,1,1,0,19,1,8,0,0,0,9,8,0,0,0,0,0,0,6,6,0,0,0,0,2,5,0,3,2,8,0,5,1,0,0,0,0,0,0,0,0,0,0,0,0,0,0,0,0,0,0,0,0,0,0,0,0,0,0,0,0,0,0,0,0,0,0,0,0,0,0,0,0,0,0,0,1,0,0,0,0,0,0,0,0,0,1,1,7,0,0,0,0,0,0,0,7,7,0,0,0,0,0,0,0,0,0,0,0,0,0,0,8,7,0,0,1,0,0,0,0,0,0,0,0,0.518706800066866,controlled_mutations_data_package_weight_online,symbolic_smt,1,,,,,,,,,,,,,,,,,,,,,,,,,,,,,,,,,,,,,,,,,,,,,,,,,,,,,,,,,,,,,,,,,,,,,,,,,,,,,,,,,,,,,,,,,,,,,,,,,,,,,,,,,,,,,,,,,,,,,,,,,,,,,,,,,,,,,,,,,,,
component_059_events_0010_objects_0006.jsonocel,C:\Users\User\Documents\odacc\experiment_runs\20260919_111654\controlled_mutations_data_package_weight_online\symbolic_smt\run_001\component_059_events_0010_objects_0006.json,0,ONLINE_OK,NOT_RUN,fresh_offline_alignment,0,0,True,1,0,1,0,0.0,0.0,,,,,,,,10,0.29366000019945204,0.029366000019945205,0.10504160006530583,0,0.29366000019945204,10,0,0,0,0,0,0,0,0,1,0,0,0,0,0,0,9,8,10,8,0,1,1,5,0,0,0,0,0,0,0,0,0,0,0,0,0,0,0,0,0,0,0,0,0,1,1,0,18,1,9,0,0,0,10,9,0,0,0,0,0,0,6,6,0,0,0,0,2,5,0,3,2,9,0,6,1,0,0,0,0,0,0,0,0,0,0,0,0,0,0,0,0,0,0,0,0,0,0,0,0,0,0,0,0,0,0,0,0,0,0,0,0,0,0,0,0,0,0,0,1,0,0,0,0,0,0,0,0,0,1,1,14,0,0,0,0,0,0,0,14,14,0,0,0,0,0,0,0,0,0,0,0,0,0,0,9,8,0,0,1,0,0,0,0,0,0,0,0,0.6229165999684483,controlled_mutations_data_package_weight_online,symbolic_smt,1,,,,,,,,,,,,,,,,,,,,,,,,,,,,,,,,,,,,,,,,,,,,,,,,,,,,,,,,,,,,,,,,,,,,,,,,,,,,,,,,,,,,,,,,,,,,,,,,,,,,,,,,,,,,,,,,,,,,,,,,,,,,,,,,,,,,,,,,,,,
component_061_events_0007_objects_0003.jsonocel,C:\Users\User\Documents\odacc\experiment_runs\20260919_111654\controlled_mutations_data_package_weight_online\symbolic_smt\run_001\component_061_events_0007_objects_0003.json,0,ONLINE_OK,NOT_RUN,fresh_offline_alignment,0,0,True,1,0,1,0,0.0,0.0,,,,,,,,7,0.19449569971766323,0.027785099959666177,0.06433129997458309,0,0.19449569971766323,7,0,0,0,0,0,0,0,0,1,0,0,0,0,0,0,6,5,7,5,0,1,1,2,0,0,0,0,0,0,0,0,0,0,0,0,0,0,0,0,0,0,0,0,0,1,1,0,18,1,6,0,0,0,7,6,0,0,0,0,0,0,6,6,0,0,0,0,2,5,0,3,2,6,0,3,1,0,0,0,0,0,0,0,0,0,0,0,0,0,0,0,0,0,0,0,0,0,0,0,0,0,0,0,0,0,0,0,0,0,0,0,0,0,0,0,0,0,0,0,1,0,0,0,0,0,0,0,0,0,1,1,1,0,0,0,0,0,0,0,1,1,0,0,0,0,0,0,0,0,0,0,0,0,0,0,6,5,0,0,1,0,0,0,0,0,0,0,0,0.5223796999780461,controlled_mutations_data_package_weight_online,symbolic_smt,1,,,,,,,,,,,,,,,,,,,,,,,,,,,,,,,,,,,,,,,,,,,,,,,,,,,,,,,,,,,,,,,,,,,,,,,,,,,,,,,,,,,,,,,,,,,,,,,,,,,,,,,,,,,,,,,,,,,,,,,,,,,,,,,,,,,,,,,,,,,
component_063_events_0035_objects_0019.jsonocel,C:\Users\User\Documents\odacc\experiment_runs\20260919_111654\controlled_mutations_data_package_weight_online\symbolic_smt\run_001\component_063_events_0035_objects_0019.json,0,ONLINE_OK,NOT_RUN,fresh_offline_alignment,0,0,True,1,0,1,0,0.0,0.0,,,,,,,,35,1.7129387999884784,0.04894110857109938,0.6655370000516996,0,1.7129387999884784,35,0,0,0,0,0,1,0,0,6,0,0,0,0,1,1,30,29,31,29,0,5,5,17,1,0,0,0,0,0,0,0,0,0,0,0,0,0,0,0,0,0,0,0,0,6,6,0,99,15,30,0,0,0,31,30,0,0,0,0,0,0,16,16,1,1,0,0,1,14,1,7,1,34,0,22,6,1,1,0,13,1,0,0,0,0,0,0,0,0,1,1,0,0,0,0,0,0,0,0,0,0,0,0,0,0,0,0,0,0,0,0,0,0,0,0,0,0,0,0,5,0,0,0,0,0,0,0,0,0,1,1,129,0,0,0,0,0,0,0,136,136,12,7,0,0,0,0,0,0,0,0,0,0,0,0,29,28,0,0,3,1,0,0,0,0,0,0,0,2.241622200002894,controlled_mutations_data_package_weight_online,symbolic_smt,1,,,,,,,,,,,,,,,,,,,,,,,,,,,,,,,,,,,,,,,,,,,,,,,,,,,,,,,,,,,,,,,,,,,,,,,,,,,,,,,,,,,,,,,,,,,,,,,,,,,,,,,,,,,,,,,,,,,,,,,,,,,,,,,,,,,,,,,,,,,
component_064_events_0116_objects_0055.jsonocel,C:\Users\User\Documents\odacc\experiment_runs\20260919_111654\controlled_mutations_data_package_weight_online\symbolic_smt\run_001\component_064_events_0116_objects_0055.json,124,OBSERVATION_TIMEOUT,NOT_RUN,fresh_offline_alignment,0,0,True,0,0,0,0,0.0,0.0,,,,,,,,26,0.9508303001057357,0.03657039615791291,0.18714139994699508,,0.9508303001057357,26,0,0,0,0,0,0,0,0,5,0,0,0,0,0,0,21,21,21,21,0,5,5,25,0,0,0,0,0,0,0,0,0,0,0,0,0,0,0,0,0,0,0,0,0,5,5,0,79,1,21,0,0,0,21,21,0,0,0,0,0,0,0,0,0,0,0,0,0,0,0,0,0,26,0,26,5,0,0,0,0,0,0,0,0,0,0,0,0,0,0,0,0,0,0,0,0,0,0,0,0,0,0,0,0,0,0,0,0,0,0,0,0,0,0,0,0,0,0,0,5,0,0,0,0,0,0,0,0,0,0,0,0,0,0,0,0,0,0,0,0,0,0,0,0,0,0,0,0,0,0,0,0,0,0,0,21,21,0,0,0,0,0,0,0,0,0,0,0,61.43020140007138,controlled_mutations_data_package_weight_online,symbolic_smt,1,True,60.0,60.030898199998774,27,27,6,create_p-661037,create package,12,23,23,26,True,26,116,26,26,0,0,0,0,0,0,0,0,0,0,0,0,0,0,0,0,0,0,0,0,0,0,0,0,0,0,0,0,0,0,0,0,0,0,0,0,0,0,0,0,0,0,0,0,0,0,0,0,0,0,0,0,0,0,0,0,0,0,0,0,0,0,0,0,0,0,0,0,0,0,21,0,21,0,0,0,0,0,0,0,0,0,0,0,0,0,0,0,0,0,0,0,0,0,0,0,0,0,0,0,0,0,0,0,0,0,0,0,0,0,0,0,0,0,0,0,0,0,0,0,0,C:\Users\User\Documents\odacc\experiment_runs\20260919_111654\controlled_mutations_data_package_weight_online\symbolic_smt\run_001\component_064_events_0116_objects_0055.error.txt
component_065_events_0098_objects_0050.jsonocel,C:\Users\User\Documents\odacc\experiment_runs\20260919_111654\controlled_mutations_data_package_weight_online\symbolic_smt\run_001\component_065_events_0098_objects_0050.json,0,ONLINE_OK,NOT_RUN,fresh_offline_alignment,0,0,True,1,0,1,0,0.0,0.0,,,,,,,,98,7.434876900049858,0.07586609081683528,0.551801500027068,0,7.434876900049858,98,0,0,0,0,0,1,0,0,15,0,0,0,0,4,4,87,86,88,86,0,11,11,45,4,0,0,0,0,0,0,0,0,0,0,0,0,0,0,0,0,0,0,0,0,12,12,0,225,14,87,0,0,0,88,87,0,0,0,0,0,0,34,34,1,1,0,0,1,44,1,13,1,94,0,55,15,4,4,0,43,4,0,0,0,0,0,0,0,0,4,4,0,0,0,0,0,0,0,0,0,0,0,0,0,0,0,0,0,0,0,0,0,0,0,0,0,0,0,0,11,0,0,0,0,0,0,0,0,0,1,1,63,0,0,0,0,0,0,0,77,77,28,14,0,0,0,0,0,0,0,0,0,0,0,0,83,82,0,0,6,1,0,0,0,0,0,0,0,12.597500400035642,controlled_mutations_data_package_weight_online,symbolic_smt,1,,,,,,,,,,,,,,,,,,,,,,,,,,,,,,,,,,,,,,,,,,,,,,,,,,,,,,,,,,,,,,,,,,,,,,,,,,,,,,,,,,,,,,,,,,,,,,,,,,,,,,,,,,,,,,,,,,,,,,,,,,,,,,,,,,,,,,,,,,,
component_066_events_0011_objects_0006.jsonocel,C:\Users\User\Documents\odacc\experiment_runs\20260919_111654\controlled_mutations_data_package_weight_online\symbolic_smt\run_001\component_066_events_0011_objects_0006.json,0,ONLINE_OK,NOT_RUN,fresh_offline_alignment,0,0,True,1,0,1,0,0.0,0.0,,,,,,,,11,0.3171911999816075,0.02883556363469159,0.10577639995608479,0,0.3171911999816075,11,0,0,0,0,0,0,0,0,1,0,0,0,0,0,0,10,9,11,9,0,1,1,5,0,0,0,0,0,0,0,0,0,0,0,0,0,0,0,0,0,0,0,0,0,1,1,0,18,1,10,0,0,0,11,10,0,0,0,0,0,0,6,6,0,0,0,0,2,6,0,3,2,10,0,6,1,0,0,0,0,0,0,0,0,0,0,0,0,0,0,0,0,0,0,0,0,0,0,0,0,0,0,0,0,0,0,0,0,0,0,0,0,0,0,0,0,0,0,0,1,0,0,0,0,0,0,0,0,0,1,1,14,0,0,0,0,0,0,0,14,14,0,0,0,0,0,0,0,0,0,0,0,0,0,0,10,9,0,0,1,0,0,0,0,0,0,0,0,0.633836799999699,controlled_mutations_data_package_weight_online,symbolic_smt,1,,,,,,,,,,,,,,,,,,,,,,,,,,,,,,,,,,,,,,,,,,,,,,,,,,,,,,,,,,,,,,,,,,,,,,,,,,,,,,,,,,,,,,,,,,,,,,,,,,,,,,,,,,,,,,,,,,,,,,,,,,,,,,,,,,,,,,,,,,,
component_067_events_0063_objects_0031.jsonocel,C:\Users\User\Documents\odacc\experiment_runs\20260919_111654\controlled_mutations_data_package_weight_online\symbolic_smt\run_001\component_067_events_0063_objects_0031.json,0,ONLINE_OK,NOT_RUN,fresh_offline_alignment,0,0,True,1,0,1,0,0.0,0.0,,,,,,,,63,2.938720599748194,0.04664635872616181,0.5047501999652013,0,2.938720599748194,63,0,0,0,0,0,1,0,0,10,0,0,0,0,3,3,56,55,62,55,0,7,7,28,3,0,0,0,0,0,0,0,0,0,0,0,0,0,0,0,0,0,0,0,0,9,8,0,145,13,56,0,0,0,62,56,0,0,0,0,0,0,24,24,1,1,0,0,0,20,1,7,0,60,0,44,10,3,3,0,19,3,0,0,0,0,0,0,0,0,3,3,0,0,0,0,1,1,0,1,1,0,0,0,0,0,0,1,0,0,0,0,0,0,0,0,0,0,0,0,7,0,0,0,0,0,0,0,0,0,1,1,25,4,0,1,1,0,28,0,28,28,4,3,0,0,0,0,0,0,0,0,0,0,0,0,53,53,0,0,8,1,0,0,0,0,0,0,0,4.405313599971123,controlled_mutations_data_package_weight_online,symbolic_smt,1,,,,,,,,,,,,,,,,,,,,,,,,,,,,,,,,,,,,,,,,,,,,,,,,,,,,,,,,,,,,,,,,,,,,,,,,,,,,,,,,,,,,,,,,,,,,,,,,,,,,,,,,,,,,,,,,,,,,,,,,,,,,,,,,,,,,,,,,,,,
component_068_events_0009_objects_0005.jsonocel,C:\Users\User\Documents\odacc\experiment_runs\20260919_111654\controlled_mutations_data_package_weight_online\symbolic_smt\run_001\component_068_events_0009_objects_0005.json,0,ONLINE_OK,NOT_RUN,fresh_offline_alignment,0,0,True,1,0,1,0,0.0,0.0,,,,,,,,9,0.2615194001700729,0.0290577111300081,0.09295239998027682,0,0.2615194001700729,9,0,0,0,0,0,0,0,0,1,0,0,0,0,0,0,8,7,9,7,0,1,1,4,0,0,0,0,0,0,0,0,0,0,0,0,0,0,0,0,0,0,0,0,0,1,1,0,18,1,8,0,0,0,9,8,0,0,0,0,0,0,6,6,0,0,0,0,2,4,0,3,2,8,0,6,1,0,0,0,0,0,0,0,0,0,0,0,0,0,0,0,0,0,0,0,0,0,0,0,0,0,0,0,0,0,0,0,0,0,0,0,0,0,0,0,0,0,0,0,1,0,0,0,0,0,0,0,0,0,1,1,7,0,0,0,0,0,0,0,7,7,0,0,0,0,0,0,0,0,0,0,0,0,0,0,8,7,0,0,1,0,0,0,0,0,0,0,0,0.6283278999617323,controlled_mutations_data_package_weight_online,symbolic_smt,1,,,,,,,,,,,,,,,,,,,,,,,,,,,,,,,,,,,,,,,,,,,,,,,,,,,,,,,,,,,,,,,,,,,,,,,,,,,,,,,,,,,,,,,,,,,,,,,,,,,,,,,,,,,,,,,,,,,,,,,,,,,,,,,,,,,,,,,,,,,
component_002_events_0028_objects_0013.jsonocel,C:\Users\User\Documents\odacc\experiment_runs\20260919_111654\controlled_mutations_object_extra_item_relation_online\symbolic_smt\run_001\component_002_events_0028_objects_0013.json,0,ONLINE_OK,NOT_RUN,fresh_offline_alignment,0,0,True,1,0,0,1,0.0,0.0,,,,,,,,28,0.8566303004045039,0.030593939300160855,0.13301220000721514,0,0.8566303004045039,28,0,0,0,0,0,0,0,0,3,0,0,0,0,1,1,26,25,27,25,0,2,2,11,1,0,0,0,0,0,0,0,0,0,0,0,0,0,0,0,0,0,0,0,0,4,2,1,47,5,26,0,0,0,27,26,0,0,0,0,0,0,8,8,1,0,1,0,1,12,0,4,1,27,0,17,3,1,1,0,11,1,0,0,0,0,0,0,0,0,1,1,0,0,0,0,0,0,0,0,0,0,0,0,0,0,0,0,0,0,0,0,0,0,0,0,0,0,0,0,2,0,0,0,0,0,0,0,0,0,0,0,0,0,0,0,0,0,0,0,93,93,65,64,0,0,0,0,0,0,0,0,0,0,0,0,25,24,0,0,6,0,0,0,0,0,0,0,0,1.3313836000161245,controlled_mutations_object_extra_item_relation_online,symbolic_smt,1,,,,,,,,,,,,,,,,,,,,,,,,,,,,,,,,,,,,,,,,,,,,,,,,,,,,,,,,,,,,,,,,,,,,,,,,,,,,,,,,,,,,,,,,,,,,,,,,,,,,,,,,,,,,,,,,,,,,,,,,,,,,,,,,,,,,,,,,,,,
component_003_events_0022_objects_0011.jsonocel,C:\Users\User\Documents\odacc\experiment_runs\20260919_111654\controlled_mutations_object_extra_item_relation_online\symbolic_smt\run_001\component_003_events_0022_objects_0011.json,0,ONLINE_OK,NOT_RUN,fresh_offline_alignment,0,0,True,1,0,0,1,0.0,0.0,,,,,,,,22,0.9065504998434335,0.04120684090197425,0.21175729995593429,0,0.9065504998434335,22,0,0,0,0,0,0,0,1,1,0,0,0,0,0,0,21,20,22,20,0,1,1,9,0,0,0,0,0,0,0,0,0,0,0,0,0,0,0,0,0,0,0,0,0,2,1,0,51,8,21,0,0,0,22,21,0,0,0,0,0,0,6,6,0,0,0,0,2,10,0,4,2,21,0,12,1,0,0,0,0,0,0,0,0,0,0,0,0,0,0,0,0,0,0,0,0,0,0,0,0,0,0,0,0,0,0,0,0,0,0,0,0,0,0,0,0,0,0,0,1,0,0,0,0,0,0,0,0,0,0,0,0,0,0,0,0,0,0,0,64,64,43,42,0,0,0,0,0,0,0,0,0,0,0,0,21,19,0,0,6,0,0,0,0,0,0,0,0,1.4308638999937102,controlled_mutations_object_extra_item_relation_online,symbolic_smt,1,,,,,,,,,,,,,,,,,,,,,,,,,,,,,,,,,,,,,,,,,,,,,,,,,,,,,,,,,,,,,,,,,,,,,,,,,,,,,,,,,,,,,,,,,,,,,,,,,,,,,,,,,,,,,,,,,,,,,,,,,,,,,,,,,,,,,,,,,,,
component_005_events_0035_objects_0016.jsonocel,C:\Users\User\Documents\odacc\experiment_runs\20260919_111654\controlled_mutations_object_extra_item_relation_online\symbolic_smt\run_001\component_005_events_0035_objects_0016.json,0,ONLINE_OK,NOT_RUN,fresh_offline_alignment,0,0,True,1,0,0,1,0.0,0.0,,,,,,,,35,1.5580121998209506,0.04451463428059859,0.24498690001200885,0,1.5580121998209506,35,0,0,0,0,0,0,0,0,3,0,0,0,0,1,1,33,32,34,32,0,2,2,14,1,0,0,0,0,0,0,0,0,0,0,0,0,0,0,0,0,0,0,0,0,4,2,1,69,9,33,0,0,0,34,33,0,0,0,0,0,0,8,8,1,0,1,0,1,14,0,4,1,34,0,22,3,1,1,0,13,1,0,0,0,0,0,0,0,0,1,1,0,0,0,0,0,0,0,0,0,0,0,0,0,0,0,0,0,0,0,0,0,0,0,0,0,0,0,0,2,0,0,0,0,0,0,0,0,0,0,0,0,0,0,0,0,0,0,0,178,178,136,132,0,0,0,0,0,0,0,0,0,0,0,0,32,31,0,0,6,0,0,0,0,0,0,0,0,2.3540681999875233,controlled_mutations_object_extra_item_relation_online,symbolic_smt,1,,,,,,,,,,,,,,,,,,,,,,,,,,,,,,,,,,,,,,,,,,,,,,,,,,,,,,,,,,,,,,,,,,,,,,,,,,,,,,,,,,,,,,,,,,,,,,,,,,,,,,,,,,,,,,,,,,,,,,,,,,,,,,,,,,,,,,,,,,,
component_006_events_0031_objects_0015.jsonocel,C:\Users\User\Documents\odacc\experiment_runs\20260919_111654\controlled_mutations_object_extra_item_relation_online\symbolic_smt\run_001\component_006_events_0031_objects_0015.json,0,ONLINE_OK,NOT_RUN,fresh_offline_alignment,0,0,True,1,0,0,1,0.0,0.0,,,,,,,,31,1.0563607002841309,0.034076151622068736,0.11536469997372478,0,1.0563607002841309,31,0,0,0,0,0,0,0,0,5,0,0,0,0,2,2,28,27,29,27,0,3,3,13,2,0,0,0,0,0,0,0,0,0,0,0,0,0,0,0,0,0,0,0,0,5,3,1,67,5,28,0,0,0,29,28,0,0,0,0,0,0,10,10,1,0,1,0,1,13,0,4,1,29,0,19,5,2,2,0,12,2,0,0,0,0,0,0,0,0,2,2,0,0,0,0,0,0,0,0,0,0,0,0,0,0,0,0,0,0,0,0,0,0,0,0,0,0,0,0,3,0,0,0,0,0,0,0,0,0,0,0,0,0,0,0,0,0,0,0,64,64,43,42,0,0,0,0,0,0,0,0,0,0,0,0,26,26,0,0,6,0,0,0,0,0,0,0,0,1.6473429999314249,controlled_mutations_object_extra_item_relation_online,symbolic_smt,1,,,,,,,,,,,,,,,,,,,,,,,,,,,,,,,,,,,,,,,,,,,,,,,,,,,,,,,,,,,,,,,,,,,,,,,,,,,,,,,,,,,,,,,,,,,,,,,,,,,,,,,,,,,,,,,,,,,,,,,,,,,,,,,,,,,,,,,,,,,
component_014_events_0102_objects_0053.jsonocel,C:\Users\User\Documents\odacc\experiment_runs\20260919_111654\controlled_mutations_object_extra_item_relation_online\symbolic_smt\run_001\component_014_events_0102_objects_0053.json,0,ONLINE_OK,NOT_RUN,fresh_offline_alignment,0,0,True,1,0,0,1,0.0,0.0,,,,,,,,102,10.165539200184867,0.09966214902142026,0.413228900055401,0,10.165539200184867,102,0,0,0,0,0,0,0,0,14,0,0,0,0,5,5,93,92,94,92,0,9,9,47,5,0,0,0,0,0,0,0,0,0,0,0,0,0,0,0,0,0,0,0,0,11,9,1,250,7,93,0,0,0,94,93,0,0,0,0,0,0,30,30,1,0,1,0,1,53,0,11,1,97,0,50,14,5,5,0,52,5,0,0,0,0,0,0,0,0,5,5,0,0,0,0,0,0,0,0,0,0,0,0,0,0,0,0,0,0,0,0,0,0,0,0,0,0,0,0,9,0,0,0,0,0,0,0,0,0,0,0,0,0,0,0,0,0,0,0,26,26,16,15,0,0,0,0,0,0,0,0,0,0,0,0,88,87,0,0,10,0,0,0,0,0,0,0,0,18.16301040002145,controlled_mutations_object_extra_item_relation_online,symbolic_smt,1,,,,,,,,,,,,,,,,,,,,,,,,,,,,,,,,,,,,,,,,,,,,,,,,,,,,,,,,,,,,,,,,,,,,,,,,,,,,,,,,,,,,,,,,,,,,,,,,,,,,,,,,,,,,,,,,,,,,,,,,,,,,,,,,,,,,,,,,,,,
component_021_events_0013_objects_0005.jsonocel,C:\Users\User\Documents\odacc\experiment_runs\20260919_111654\controlled_mutations_object_extra_item_relation_online\symbolic_smt\run_001\component_021_events_0013_objects_0005.json,0,ONLINE_OK,NOT_RUN,fresh_offline_alignment,0,0,True,1,0,0,1,0.0,0.0,,,,,,,,13,0.3420154000632465,0.026308876927942038,0.0772761000553146,0,0.3420154000632465,13,0,0,0,0,0,0,0,1,1,0,0,0,0,0,0,12,11,13,11,0,1,1,3,0,0,0,0,0,0,0,0,0,0,0,0,0,0,0,0,0,0,0,0,0,2,1,0,33,3,12,0,0,0,13,12,0,0,0,0,0,0,6,6,0,0,0,0,2,8,0,4,2,12,0,5,1,0,0,0,0,0,0,0,0,0,0,0,0,0,0,0,0,0,0,0,0,0,0,0,0,0,0,0,0,0,0,0,0,0,0,0,0,0,0,0,0,0,0,0,1,0,0,0,0,0,0,0,0,0,0,0,0,0,0,0,0,0,0,0,3,3,1,1,0,0,0,0,0,0,0,0,0,0,0,0,12,10,0,0,6,0,0,0,0,0,0,0,0,0.751837500021793,controlled_mutations_object_extra_item_relation_online,symbolic_smt,1,,,,,,,,,,,,,,,,,,,,,,,,,,,,,,,,,,,,,,,,,,,,,,,,,,,,,,,,,,,,,,,,,,,,,,,,,,,,,,,,,,,,,,,,,,,,,,,,,,,,,,,,,,,,,,,,,,,,,,,,,,,,,,,,,,,,,,,,,,,
component_029_events_0021_objects_0010.jsonocel,C:\Users\User\Documents\odacc\experiment_runs\20260919_111654\controlled_mutations_object_extra_item_relation_online\symbolic_smt\run_001\component_029_events_0021_objects_0010.json,0,ONLINE_OK,NOT_RUN,fresh_offline_alignment,0,0,True,1,0,0,1,0.0,0.0,,,,,,,,21,0.626648899866268,0.02984042380315562,0.1521426000399515,0,0.626648899866268,21,0,0,0,0,0,0,0,1,1,0,0,0,0,0,0,20,19,21,19,0,1,1,8,0,0,0,0,0,0,0,0,0,0,0,0,0,0,0,0,0,0,0,0,0,2,1,1,18,1,20,0,0,0,21,20,0,0,0,0,0,0,6,6,0,0,0,0,2,12,0,4,2,20,0,9,1,0,0,0,0,0,0,0,0,0,0,0,0,0,0,0,0,0,0,0,0,0,0,0,0,0,0,0,0,0,0,0,0,0,0,0,0,0,0,0,0,0,0,0,1,0,0,0,0,0,0,0,0,0,0,0,0,0,0,0,0,0,0,0,63,63,41,41,0,0,0,0,0,0,0,0,0,0,0,0,20,18,0,0,4,0,0,0,0,0,0,0,0,1.0391063999850303,controlled_mutations_object_extra_item_relation_online,symbolic_smt,1,,,,,,,,,,,,,,,,,,,,,,,,,,,,,,,,,,,,,,,,,,,,,,,,,,,,,,,,,,,,,,,,,,,,,,,,,,,,,,,,,,,,,,,,,,,,,,,,,,,,,,,,,,,,,,,,,,,,,,,,,,,,,,,,,,,,,,,,,,,
component_030_events_0061_objects_0033.jsonocel,C:\Users\User\Documents\odacc\experiment_runs\20260919_111654\controlled_mutations_object_extra_item_relation_online\symbolic_smt\run_001\component_030_events_0061_objects_0033.json,0,ONLINE_OK,NOT_RUN,fresh_offline_alignment,0,0,True,1,0,0,1,0.0,0.0,,,,,,,,61,2.6971741002053022,0.04421596885582463,0.1967547000385821,0,2.6971741002053022,61,0,0,0,0,0,0,0,0,6,0,0,0,0,2,2,57,56,58,56,0,4,4,28,2,0,0,0,0,0,0,0,0,0,0,0,0,0,0,0,0,0,0,0,0,6,4,2,63,1,57,0,0,0,58,57,0,0,0,0,0,0,18,18,1,0,1,0,1,36,0,8,1,59,0,26,6,2,2,0,35,2,0,0,0,0,0,0,0,0,2,2,0,0,0,0,0,0,0,0,0,0,0,0,0,0,0,0,0,0,0,0,0,0,0,0,0,0,0,0,4,0,0,0,0,0,0,0,0,0,0,0,0,0,0,0,0,0,0,0,39,39,56,28,0,0,0,0,0,0,0,0,0,0,0,0,55,52,0,0,7,0,0,0,0,0,0,0,0,4.644326000008732,controlled_mutations_object_extra_item_relation_online,symbolic_smt,1,,,,,,,,,,,,,,,,,,,,,,,,,,,,,,,,,,,,,,,,,,,,,,,,,,,,,,,,,,,,,,,,,,,,,,,,,,,,,,,,,,,,,,,,,,,,,,,,,,,,,,,,,,,,,,,,,,,,,,,,,,,,,,,,,,,,,,,,,,,
component_063_events_0035_objects_0019.jsonocel,C:\Users\User\Documents\odacc\experiment_runs\20260919_111654\controlled_mutations_object_extra_item_relation_online\symbolic_smt\run_001\component_063_events_0035_objects_0019.json,0,ONLINE_OK,NOT_RUN,fresh_offline_alignment,0,0,True,1,0,0,1,0.0,0.0,,,,,,,,35,1.1451349002309144,0.032718140006597556,0.10094440006650984,0,1.1451349002309144,35,0,0,0,0,0,0,0,0,6,0,0,0,0,1,1,30,29,31,29,0,5,5,17,1,0,0,0,0,0,0,0,0,0,0,0,0,0,0,0,0,0,0,0,0,7,5,1,97,6,30,0,0,0,31,30,0,0,0,0,0,0,14,14,1,0,1,0,1,14,0,7,1,34,0,22,6,1,1,0,13,1,0,0,0,0,0,0,0,0,1,1,0,0,0,0,0,0,0,0,0,0,0,0,0,0,0,0,0,0,0,0,0,0,0,0,0,0,0,0,5,0,0,0,0,0,0,0,0,0,0,0,0,0,0,0,0,0,0,0,178,178,136,132,0,0,0,0,0,0,0,0,0,0,0,0,29,28,0,0,6,0,0,0,0,0,0,0,0,1.7672410000814125,controlled_mutations_object_extra_item_relation_online,symbolic_smt,1,,,,,,,,,,,,,,,,,,,,,,,,,,,,,,,,,,,,,,,,,,,,,,,,,,,,,,,,,,,,,,,,,,,,,,,,,,,,,,,,,,,,,,,,,,,,,,,,,,,,,,,,,,,,,,,,,,,,,,,,,,,,,,,,,,,,,,,,,,,
component_064_events_0116_objects_0055.jsonocel,C:\Users\User\Documents\odacc\experiment_runs\20260919_111654\controlled_mutations_object_extra_item_relation_online\symbolic_smt\run_001\component_064_events_0116_objects_0055.json,0,ONLINE_OK,NOT_RUN,fresh_offline_alignment,0,0,True,1,0,0,1,0.0,0.0,,,,,,,,116,9.75318089989014,0.0840791456887081,0.25690319994464517,0,9.75318089989014,116,0,0,0,0,0,0,0,0,18,0,0,0,0,6,6,104,103,105,103,0,12,12,48,6,0,0,0,0,0,0,0,0,0,0,0,0,0,0,0,0,0,0,0,0,14,12,1,250,10,104,0,0,0,105,104,0,0,0,0,0,0,38,38,1,0,1,0,1,46,0,14,1,110,0,71,18,6,6,0,45,6,0,0,0,0,0,0,0,0,6,6,0,0,0,1,0,0,0,0,0,0,0,0,0,0,0,0,0,0,0,0,0,0,0,0,0,0,0,0,12,0,0,0,0,0,0,0,0,1,0,0,0,0,0,0,0,0,0,0,339,339,368,272,0,0,0,0,0,0,0,0,0,0,0,0,98,97,0,0,11,0,0,0,0,0,0,0,0,16.90343569999095,controlled_mutations_object_extra_item_relation_online,symbolic_smt,1,,,,,,,,,,,,,,,,,,,,,,,,,,,,,,,,,,,,,,,,,,,,,,,,,,,,,,,,,,,,,,,,,,,,,,,,,,,,,,,,,,,,,,,,,,,,,,,,,,,,,,,,,,,,,,,,,,,,,,,,,,,,,,,,,,,,,,,,,,,
component_065_events_0098_objects_0050.jsonocel,C:\Users\User\Documents\odacc\experiment_runs\20260919_111654\controlled_mutations_object_extra_item_relation_online\symbolic_smt\run_001\component_065_events_0098_objects_0050.json,0,ONLINE_OK,NOT_RUN,fresh_offline_alignment,0,0,True,1,0,0,1,0.0,0.0,,,,,,,,98,6.865033300360665,0.07005136020776188,0.21726940001826733,0,6.865033300360665,98,0,0,0,0,0,0,0,0,15,0,0,0,0,4,4,87,86,88,86,0,11,11,45,4,0,0,0,0,0,0,0,0,0,0,0,0,0,0,0,0,0,0,0,0,13,11,1,239,8,87,0,0,0,88,87,0,0,0,0,0,0,32,32,1,0,1,0,1,44,0,13,1,94,0,55,15,4,4,0,43,4,0,0,0,0,0,0,0,0,4,4,0,0,0,0,0,0,0,0,0,0,0,0,0,0,0,0,0,0,0,0,0,0,0,0,0,0,0,0,11,0,0,0,0,0,0,0,0,0,0,0,0,0,0,0,0,0,0,0,99,99,82,70,0,0,0,0,0,0,0,0,0,0,0,0,83,82,0,0,9,0,0,0,0,0,0,0,0,12.074082100065425,controlled_mutations_object_extra_item_relation_online,symbolic_smt,1,,,,,,,,,,,,,,,,,,,,,,,,,,,,,,,,,,,,,,,,,,,,,,,,,,,,,,,,,,,,,,,,,,,,,,,,,,,,,,,,,,,,,,,,,,,,,,,,,,,,,,,,,,,,,,,,,,,,,,,,,,,,,,,,,,,,,,,,,,,
component_067_events_0063_objects_0031.jsonocel,C:\Users\User\Documents\odacc\experiment_runs\20260919_111654\controlled_mutations_object_extra_item_relation_online\symbolic_smt\run_001\component_067_events_0063_objects_0031.json,0,ONLINE_OK,NOT_RUN,fresh_offline_alignment,0,0,True,1,0,0,1,0.0,0.0,,,,,,,,63,2.33008809981402,0.036985525393873335,0.1266465000808239,0,2.33008809981402,63,0,0,0,0,0,0,0,0,10,0,0,0,0,3,3,56,55,57,55,0,7,7,28,3,0,0,0,0,0,0,0,0,0,0,0,0,0,0,0,0,0,0,0,0,9,7,1,130,5,56,0,0,0,57,56,0,0,0,0,0,0,20,20,1,0,1,0,1,20,0,8,1,60,0,44,10,3,3,0,19,3,0,0,0,0,0,0,0,0,3,3,0,0,0,0,0,0,0,0,0,0,0,0,0,0,0,0,0,0,0,0,0,0,0,0,0,0,0,0,7,0,0,0,0,0,0,0,0,0,0,0,0,0,0,0,0,0,0,0,42,42,27,26,0,0,0,0,0,0,0,0,0,0,0,0,53,53,0,0,7,0,0,0,0,0,0,0,0,3.781684000045061,controlled_mutations_object_extra_item_relation_online,symbolic_smt,1,,,,,,,,,,,,,,,,,,,,,,,,,,,,,,,,,,,,,,,,,,,,,,,,,,,,,,,,,,,,,,,,,,,,,,,,,,,,,,,,,,,,,,,,,,,,,,,,,,,,,,,,,,,,,,,,,,,,,,,,,,,,,,,,,,,,,,,,,,,
component_001_events_0030_objects_0020.jsonocel,C:\Users\User\Documents\odacc\experiment_runs\20260919_111654\controlled_mutations_object_missing_item_relation_online\symbolic_smt\run_001\component_001_events_0030_objects_0020.json,0,ONLINE_OK,NOT_RUN,fresh_offline_alignment,0,0,True,1,0,0,1,0.0,0.0,,,,,,,,30,1.728019600152038,0.05760065333840127,0.8037575000198558,0,1.728019600152038,30,0,0,0,0,0,1,0,0,5,0,0,0,0,1,1,26,25,27,25,0,4,4,19,1,0,0,0,0,0,0,0,0,0,0,0,0,0,0,0,0,0,0,0,0,5,5,0,81,15,26,0,0,0,27,26,0,0,0,0,0,0,12,12,1,1,0,0,1,5,1,5,1,29,0,26,5,1,1,0,4,1,0,0,0,0,0,0,0,0,1,1,0,0,0,0,0,0,0,0,0,0,0,0,0,0,0,0,0,0,0,0,0,0,0,0,0,0,0,0,4,0,0,0,0,0,0,0,0,0,1,1,469,1,0,0,0,0,0,0,470,470,0,0,0,0,0,0,0,0,0,0,0,0,0,0,25,25,0,0,2,1,0,0,0,0,0,0,0,2.232273699948564,controlled_mutations_object_missing_item_relation_online,symbolic_smt,1,,,,,,,,,,,,,,,,,,,,,,,,,,,,,,,,,,,,,,,,,,,,,,,,,,,,,,,,,,,,,,,,,,,,,,,,,,,,,,,,,,,,,,,,,,,,,,,,,,,,,,,,,,,,,,,,,,,,,,,,,,,,,,,,,,,,,,,,,,,
component_002_events_0028_objects_0013.jsonocel,C:\Users\User\Documents\odacc\experiment_runs\20260919_111654\controlled_mutations_object_missing_item_relation_online\symbolic_smt\run_001\component_002_events_0028_objects_0013.json,0,ONLINE_OK,NOT_RUN,fresh_offline_alignment,0,0,True,1,0,0,1,0.0,0.0,,,,,,,,28,1.2917704997817054,0.04613466070648948,0.5140997000271454,0,1.2917704997817054,28,0,0,0,0,0,1,0,0,3,0,0,0,0,1,1,26,25,27,25,0,2,2,11,1,0,0,0,0,0,0,0,0,0,0,0,0,0,0,0,0,0,0,0,0,3,3,0,50,9,26,0,0,0,27,26,0,0,0,0,0,0,10,10,1,1,0,0,1,12,1,4,1,27,0,17,3,1,1,0,11,1,0,0,0,0,0,0,0,0,1,1,0,0,0,0,0,0,0,0,0,0,0,0,0,0,0,0,0,0,0,0,0,0,0,0,0,0,0,0,2,0,0,0,0,0,0,0,0,0,1,1,41,1,0,0,0,0,0,0,48,48,8,6,0,0,0,0,0,0,0,0,0,0,0,0,25,24,0,0,3,1,0,0,0,0,0,0,0,1.8397768998984247,controlled_mutations_object_missing_item_relation_online,symbolic_smt,1,,,,,,,,,,,,,,,,,,,,,,,,,,,,,,,,,,,,,,,,,,,,,,,,,,,,,,,,,,,,,,,,,,,,,,,,,,,,,,,,,,,,,,,,,,,,,,,,,,,,,,,,,,,,,,,,,,,,,,,,,,,,,,,,,,,,,,,,,,,
component_003_events_0022_objects_0011.jsonocel,C:\Users\User\Documents\odacc\experiment_runs\20260919_111654\controlled_mutations_object_missing_item_relation_online\symbolic_smt\run_001\component_003_events_0022_objects_0011.json,0,ONLINE_OK,NOT_RUN,fresh_offline_alignment,0,0,True,1,0,0,1,0.0,0.0,,,,,,,,22,0.6454779000487179,0.029339904547668993,0.16701230010949075,0,0.6454779000487179,22,0,0,0,0,0,0,0,1,1,0,0,0,0,0,0,21,20,22,20,0,1,1,9,0,0,0,0,0,0,0,0,0,0,0,0,0,0,0,0,0,0,0,0,0,1,1,0,18,1,21,0,0,0,22,21,0,0,0,0,0,0,8,8,0,0,0,0,2,10,0,4,2,21,0,12,1,0,0,0,0,0,0,0,0,0,0,0,0,0,0,0,0,0,0,0,0,0,0,0,0,0,0,0,0,0,0,0,0,0,0,0,0,0,0,0,0,0,0,0,1,0,0,0,0,0,0,0,0,0,1,1,25,1,0,0,0,0,0,0,32,32,8,6,0,0,0,0,0,0,0,0,0,0,0,0,21,19,0,0,2,0,0,0,0,0,0,0,0,1.1438607000745833,controlled_mutations_object_missing_item_relation_online,symbolic_smt,1,,,,,,,,,,,,,,,,,,,,,,,,,,,,,,,,,,,,,,,,,,,,,,,,,,,,,,,,,,,,,,,,,,,,,,,,,,,,,,,,,,,,,,,,,,,,,,,,,,,,,,,,,,,,,,,,,,,,,,,,,,,,,,,,,,,,,,,,,,,
component_004_events_0013_objects_0009.jsonocel,C:\Users\User\Documents\odacc\experiment_runs\20260919_111654\controlled_mutations_object_missing_item_relation_online\symbolic_smt\run_001\component_004_events_0013_objects_0009.json,0,ONLINE_OK,NOT_RUN,fresh_offline_alignment,0,0,True,1,0,0,1,0.0,0.0,,,,,,,,13,0.395557000185363,0.03042746155272023,0.14611410000361502,0,0.395557000185363,13,0,0,0,0,0,0,0,1,1,0,0,0,0,0,0,12,11,13,11,0,1,1,8,0,0,0,0,0,0,0,0,0,0,0,0,0,0,0,0,0,0,0,0,0,1,1,0,18,1,12,0,0,0,13,12,0,0,0,0,0,0,6,6,0,0,0,0,2,3,0,3,2,12,0,10,1,0,0,0,0,0,0,0,0,0,0,0,0,0,0,0,0,0,0,0,0,0,0,0,0,0,0,0,0,0,0,0,0,0,0,0,0,0,0,0,0,0,0,0,1,0,0,0,0,0,0,0,0,0,1,1,41,1,0,0,0,0,0,0,42,42,0,0,0,0,0,0,0,0,0,0,0,0,0,0,12,11,0,0,1,0,0,0,0,0,0,0,0,0.7278122999705374,controlled_mutations_object_missing_item_relation_online,symbolic_smt,1,,,,,,,,,,,,,,,,,,,,,,,,,,,,,,,,,,,,,,,,,,,,,,,,,,,,,,,,,,,,,,,,,,,,,,,,,,,,,,,,,,,,,,,,,,,,,,,,,,,,,,,,,,,,,,,,,,,,,,,,,,,,,,,,,,,,,,,,,,,
component_005_events_0035_objects_0016.jsonocel,C:\Users\User\Documents\odacc\experiment_runs\20260919_111654\controlled_mutations_object_missing_item_relation_online\symbolic_smt\run_001\component_005_events_0035_objects_0016.json,0,ONLINE_OK,NOT_RUN,fresh_offline_alignment,0,0,True,1,0,0,1,0.0,0.0,,,,,,,,35,1.6401249003829435,0.04686071143951267,0.6288969999877736,0,1.6401249003829435,35,0,0,0,0,0,1,0,0,3,0,0,0,0,1,1,33,32,34,32,0,2,2,14,1,0,0,0,0,0,0,0,0,0,0,0,0,0,0,0,0,0,0,0,0,3,3,0,50,14,33,0,0,0,34,33,0,0,0,0,0,0,10,10,1,1,0,0,1,14,1,4,1,34,0,22,3,1,1,0,13,1,0,0,0,0,0,0,0,0,1,1,0,0,0,0,0,0,0,0,0,0,0,0,0,0,0,0,0,0,0,0,0,0,0,0,0,0,0,0,2,0,0,0,0,0,0,0,0,0,1,1,92,1,0,0,0,0,0,0,106,106,21,13,0,0,0,0,0,0,0,0,0,0,0,0,32,31,0,0,3,1,0,0,0,0,0,0,0,2.245064500020817,controlled_mutations_object_missing_item_relation_online,symbolic_smt,1,,,,,,,,,,,,,,,,,,,,,,,,,,,,,,,,,,,,,,,,,,,,,,,,,,,,,,,,,,,,,,,,,,,,,,,,,,,,,,,,,,,,,,,,,,,,,,,,,,,,,,,,,,,,,,,,,,,,,,,,,,,,,,,,,,,,,,,,,,,
component_006_events_0031_objects_0015.jsonocel,C:\Users\User\Documents\odacc\experiment_runs\20260919_111654\controlled_mutations_object_missing_item_relation_online\symbolic_smt\run_001\component_006_events_0031_objects_0015.json,0,ONLINE_OK,NOT_RUN,fresh_offline_alignment,0,0,True,1,0,0,1,0.0,0.0,,,,,,,,31,1.332738200086169,0.042991554841489324,0.46738629997707903,0,1.332738200086169,31,0,0,0,0,0,1,0,0,5,0,0,0,0,2,2,28,27,31,27,0,3,3,13,2,0,0,0,0,0,0,0,0,0,0,0,0,0,0,0,0,0,0,0,0,4,4,0,64,5,28,0,0,0,31,28,0,0,0,0,0,0,12,12,1,1,0,0,1,13,1,4,1,29,0,19,5,2,2,0,12,2,0,0,0,0,0,0,0,0,2,2,0,0,0,0,0,0,0,0,0,0,0,0,0,0,0,0,0,0,0,0,0,0,0,0,0,0,0,0,3,0,0,0,0,0,0,0,0,0,1,1,25,19,0,0,0,0,0,0,32,32,8,6,0,0,0,0,0,0,0,0,0,0,0,0,26,26,0,0,3,1,0,0,0,0,0,0,0,1.8392199999652803,controlled_mutations_object_missing_item_relation_online,symbolic_smt,1,,,,,,,,,,,,,,,,,,,,,,,,,,,,,,,,,,,,,,,,,,,,,,,,,,,,,,,,,,,,,,,,,,,,,,,,,,,,,,,,,,,,,,,,,,,,,,,,,,,,,,,,,,,,,,,,,,,,,,,,,,,,,,,,,,,,,,,,,,,
component_009_events_0015_objects_0008.jsonocel,C:\Users\User\Documents\odacc\experiment_runs\20260919_111654\controlled_mutations_object_missing_item_relation_online\symbolic_smt\run_001\component_009_events_0015_objects_0008.json,0,ONLINE_OK,NOT_RUN,fresh_offline_alignment,0,0,True,1,0,0,1,0.0,0.0,,,,,,,,15,0.4176869000075385,0.0278457933338359,0.13128880003932863,0,0.4176869000075385,15,0,0,0,0,0,0,0,1,1,0,0,0,0,0,0,14,13,15,13,0,1,1,7,0,0,0,0,0,0,0,0,0,0,0,0,0,0,0,0,0,0,0,0,0,1,1,0,19,1,14,0,0,0,15,14,0,0,0,0,0,0,6,6,0,0,0,0,2,5,0,3,2,14,0,10,1,0,0,0,0,0,0,0,0,0,0,0,0,0,0,0,0,0,0,0,0,0,0,0,0,0,0,0,0,0,0,0,0,0,0,0,0,0,0,0,0,0,0,0,1,0,0,0,0,0,0,0,0,0,1,1,25,1,0,0,0,0,0,0,26,26,0,0,0,0,0,0,0,0,0,0,0,0,0,0,14,13,0,0,1,0,0,0,0,0,0,0,0,0.7288669000845402,controlled_mutations_object_missing_item_relation_online,symbolic_smt,1,,,,,,,,,,,,,,,,,,,,,,,,,,,,,,,,,,,,,,,,,,,,,,,,,,,,,,,,,,,,,,,,,,,,,,,,,,,,,,,,,,,,,,,,,,,,,,,,,,,,,,,,,,,,,,,,,,,,,,,,,,,,,,,,,,,,,,,,,,,
component_011_events_0028_objects_0017.jsonocel,C:\Users\User\Documents\odacc\experiment_runs\20260919_111654\controlled_mutations_object_missing_item_relation_online\symbolic_smt\run_001\component_011_events_0028_objects_0017.json,0,ONLINE_OK,NOT_RUN,fresh_offline_alignment,0,0,True,1,0,0,1,0.0,0.0,,,,,,,,28,1.5068600999657065,0.05381643214163238,0.6752107000211254,0,1.5068600999657065,28,0,0,0,0,0,1,0,0,4,0,0,0,0,1,1,25,24,26,24,0,3,3,16,1,0,0,0,0,0,0,0,0,0,0,0,0,0,0,0,0,0,0,0,0,4,4,0,67,17,25,0,0,0,26,25,0,0,0,0,0,0,10,10,1,1,0,0,1,7,1,4,1,27,0,22,4,1,1,0,6,1,0,0,0,0,0,0,0,0,1,1,0,0,0,0,0,0,0,0,0,0,0,0,0,0,0,0,0,0,0,0,0,0,0,0,0,0,0,0,3,0,0,0,0,0,0,0,0,0,1,1,298,1,0,0,0,0,0,0,299,299,0,0,0,0,0,0,0,0,0,0,0,0,0,0,24,24,0,0,2,1,0,0,0,0,0,0,0,1.9351298999972641,controlled_mutations_object_missing_item_relation_online,symbolic_smt,1,,,,,,,,,,,,,,,,,,,,,,,,,,,,,,,,,,,,,,,,,,,,,,,,,,,,,,,,,,,,,,,,,,,,,,,,,,,,,,,,,,,,,,,,,,,,,,,,,,,,,,,,,,,,,,,,,,,,,,,,,,,,,,,,,,,,,,,,,,,
component_014_events_0102_objects_0053.jsonocel,C:\Users\User\Documents\odacc\experiment_runs\20260919_111654\controlled_mutations_object_missing_item_relation_online\symbolic_smt\run_001\component_014_events_0102_objects_0053.json,0,ONLINE_OK,NOT_RUN,fresh_offline_alignment,0,0,True,1,0,0,1,0.0,0.0,,,,,,,,102,9.340226699598134,0.09157084999606013,0.38430770009290427,0,9.340226699598134,102,0,0,0,0,0,1,0,0,14,0,0,0,0,5,5,93,92,94,92,0,9,9,47,5,0,0,0,0,0,0,0,0,0,0,0,0,0,0,0,0,0,0,0,0,10,10,0,192,9,93,0,0,0,94,93,0,0,0,0,0,0,32,32,1,1,0,0,1,53,1,11,1,97,0,50,14,5,5,0,52,5,0,0,0,0,0,0,0,0,5,5,0,0,0,0,0,0,0,0,0,0,0,0,0,0,0,0,0,0,0,0,0,0,0,0,0,0,0,0,9,0,0,0,0,0,0,0,0,0,1,1,7,1,0,0,0,0,0,0,14,14,8,6,0,0,0,0,0,0,0,0,0,0,0,0,88,87,0,0,7,1,0,0,0,0,0,0,0,16.7095228000544,controlled_mutations_object_missing_item_relation_online,symbolic_smt,1,,,,,,,,,,,,,,,,,,,,,,,,,,,,,,,,,,,,,,,,,,,,,,,,,,,,,,,,,,,,,,,,,,,,,,,,,,,,,,,,,,,,,,,,,,,,,,,,,,,,,,,,,,,,,,,,,,,,,,,,,,,,,,,,,,,,,,,,,,,
component_020_events_0022_objects_0009.jsonocel,C:\Users\User\Documents\odacc\experiment_runs\20260919_111654\controlled_mutations_object_missing_item_relation_online\symbolic_smt\run_001\component_020_events_0022_objects_0009.json,0,ONLINE_OK,NOT_RUN,fresh_offline_alignment,0,0,True,1,0,0,1,0.0,0.0,,,,,,,,22,0.6223043004283682,0.02828655911038037,0.15131700003985316,0,0.6223043004283682,22,0,0,0,0,0,0,0,1,1,0,0,0,0,0,0,21,20,22,20,0,1,1,8,0,0,0,0,0,0,0,0,0,0,0,0,0,0,0,0,0,0,0,0,0,1,1,0,18,1,21,0,0,0,22,21,0,0,0,0,0,0,6,6,0,0,0,0,2,11,0,3,2,21,0,11,1,0,0,0,0,0,0,0,0,0,0,0,0,0,0,0,0,0,0,0,0,0,0,0,0,0,0,0,0,0,0,0,0,0,0,0,0,0,0,0,0,0,0,0,1,0,0,0,0,0,0,0,0,0,1,1,41,1,0,0,0,0,0,0,42,42,0,0,0,0,0,0,0,0,0,0,0,0,0,0,21,20,0,0,1,0,0,0,0,0,0,0,0,1.0634167999960482,controlled_mutations_object_missing_item_relation_online,symbolic_smt,1,,,,,,,,,,,,,,,,,,,,,,,,,,,,,,,,,,,,,,,,,,,,,,,,,,,,,,,,,,,,,,,,,,,,,,,,,,,,,,,,,,,,,,,,,,,,,,,,,,,,,,,,,,,,,,,,,,,,,,,,,,,,,,,,,,,,,,,,,,,
component_021_events_0013_objects_0005.jsonocel,C:\Users\User\Documents\odacc\experiment_runs\20260919_111654\controlled_mutations_object_missing_item_relation_online\symbolic_smt\run_001\component_021_events_0013_objects_0005.json,0,ONLINE_OK,NOT_RUN,fresh_offline_alignment,0,0,True,1,0,0,1,0.0,0.0,,,,,,,,13,0.3538950001820922,0.0272226923216994,0.07831809995695949,0,0.3538950001820922,13,0,0,0,0,0,0,0,0,3,0,0,0,0,2,2,12,11,13,12,0,1,1,3,1,0,0,0,0,0,0,0,0,0,0,0,0,0,0,0,0,0,0,0,0,2,1,1,18,1,12,0,0,0,13,12,0,0,0,0,0,0,6,6,1,0,1,0,1,7,0,3,1,11,0,6,3,1,1,0,6,1,0,0,0,0,0,0,0,0,1,1,0,0,0,0,0,0,0,0,0,0,0,0,0,0,0,0,0,0,0,0,0,0,0,0,0,0,0,0,1,0,0,0,0,0,0,0,0,0,0,0,0,0,0,0,0,0,0,0,0,0,0,0,0,0,0,0,0,0,0,0,0,0,0,0,10,9,0,0,2,0,0,0,0,0,0,0,0,0.729126000078395,controlled_mutations_object_missing_item_relation_online,symbolic_smt,1,,,,,,,,,,,,,,,,,,,,,,,,,,,,,,,,,,,,,,,,,,,,,,,,,,,,,,,,,,,,,,,,,,,,,,,,,,,,,,,,,,,,,,,,,,,,,,,,,,,,,,,,,,,,,,,,,,,,,,,,,,,,,,,,,,,,,,,,,,,
component_024_events_0010_objects_0005.jsonocel,C:\Users\User\Documents\odacc\experiment_runs\20260919_111654\controlled_mutations_object_missing_item_relation_online\symbolic_smt\run_001\component_024_events_0010_objects_0005.json,0,ONLINE_OK,NOT_RUN,fresh_offline_alignment,0,0,True,1,0,0,1,0.0,0.0,,,,,,,,10,0.28275000012945384,0.028275000012945382,0.09290950000286102,0,0.28275000012945384,10,0,0,0,0,0,0,0,1,1,0,0,0,0,0,0,9,8,10,8,0,1,1,4,0,0,0,0,0,0,0,0,0,0,0,0,0,0,0,0,0,0,0,0,0,1,1,0,18,1,9,0,0,0,10,9,0,0,0,0,0,0,6,6,0,0,0,0,2,4,0,3,2,9,0,6,1,0,0,0,0,0,0,0,0,0,0,0,0,0,0,0,0,0,0,0,0,0,0,0,0,0,0,0,0,0,0,0,0,0,0,0,0,0,0,0,0,0,0,0,1,0,0,0,0,0,0,0,0,0,1,1,3,1,0,0,0,0,0,0,4,4,0,0,0,0,0,0,0,0,0,0,0,0,0,0,9,8,0,0,1,0,0,0,0,0,0,0,0,0.6234924000455067,controlled_mutations_object_missing_item_relation_online,symbolic_smt,1,,,,,,,,,,,,,,,,,,,,,,,,,,,,,,,,,,,,,,,,,,,,,,,,,,,,,,,,,,,,,,,,,,,,,,,,,,,,,,,,,,,,,,,,,,,,,,,,,,,,,,,,,,,,,,,,,,,,,,,,,,,,,,,,,,,,,,,,,,,
component_028_events_0012_objects_0008.jsonocel,C:\Users\User\Documents\odacc\experiment_runs\20260919_111654\controlled_mutations_object_missing_item_relation_online\symbolic_smt\run_001\component_028_events_0012_objects_0008.json,0,ONLINE_OK,NOT_RUN,fresh_offline_alignment,0,0,True,1,0,0,1,0.0,0.0,,,,,,,,12,0.3617412999738008,0.030145108331150066,0.13100129994563758,0,0.3617412999738008,12,0,0,0,0,0,0,0,1,1,0,0,0,0,0,0,11,10,12,10,0,1,1,7,0,0,0,0,0,0,0,0,0,0,0,0,0,0,0,0,0,0,0,0,0,1,1,0,18,1,11,0,0,0,12,11,0,0,0,0,0,0,6,6,0,0,0,0,2,4,0,3,2,11,0,8,1,0,0,0,0,0,0,0,0,0,0,0,0,0,0,0,0,0,0,0,0,0,0,0,0,0,0,0,0,0,0,0,0,0,0,0,0,0,0,0,0,0,0,0,1,0,0,0,0,0,0,0,0,0,1,1,25,1,0,0,0,0,0,0,26,26,0,0,0,0,0,0,0,0,0,0,0,0,0,0,11,10,0,0,1,0,0,0,0,0,0,0,0,0.7216691999929026,controlled_mutations_object_missing_item_relation_online,symbolic_smt,1,,,,,,,,,,,,,,,,,,,,,,,,,,,,,,,,,,,,,,,,,,,,,,,,,,,,,,,,,,,,,,,,,,,,,,,,,,,,,,,,,,,,,,,,,,,,,,,,,,,,,,,,,,,,,,,,,,,,,,,,,,,,,,,,,,,,,,,,,,,
component_029_events_0021_objects_0010.jsonocel,C:\Users\User\Documents\odacc\experiment_runs\20260919_111654\controlled_mutations_object_missing_item_relation_online\symbolic_smt\run_001\component_029_events_0021_objects_0010.json,0,ONLINE_OK,NOT_RUN,fresh_offline_alignment,0,0,True,1,0,0,1,0.0,0.0,,,,,,,,21,0.5717395000392571,0.027225690478059863,0.14604589994996786,0,0.5717395000392571,21,0,0,0,0,0,0,0,1,1,0,0,0,0,0,0,20,19,21,19,0,1,1,8,0,0,0,0,0,0,0,0,0,0,0,0,0,0,0,0,0,0,0,0,0,1,1,0,18,1,20,0,0,0,21,20,0,0,0,0,0,0,8,8,0,0,0,0,2,12,0,4,2,20,0,9,1,0,0,0,0,0,0,0,0,0,0,0,0,0,0,0,0,0,0,0,0,0,0,0,0,0,0,0,0,0,0,0,0,0,0,0,0,0,0,0,0,0,0,0,1,0,0,0,0,0,0,0,0,0,1,1,25,1,0,0,0,0,0,0,28,28,2,2,0,0,0,0,0,0,0,0,0,0,0,0,20,18,0,0,2,0,0,0,0,0,0,0,0,1.0318788000149652,controlled_mutations_object_missing_item_relation_online,symbolic_smt,1,,,,,,,,,,,,,,,,,,,,,,,,,,,,,,,,,,,,,,,,,,,,,,,,,,,,,,,,,,,,,,,,,,,,,,,,,,,,,,,,,,,,,,,,,,,,,,,,,,,,,,,,,,,,,,,,,,,,,,,,,,,,,,,,,,,,,,,,,,,
component_030_events_0061_objects_0033.jsonocel,C:\Users\User\Documents\odacc\experiment_runs\20260919_111654\controlled_mutations_object_missing_item_relation_online\symbolic_smt\run_001\component_030_events_0061_objects_0033.json,0,ONLINE_OK,NOT_RUN,fresh_offline_alignment,0,0,True,1,0,0,1,0.0,0.0,,,,,,,,61,3.164422000059858,0.05187577049278456,0.394304700079374,0,3.164422000059858,61,0,0,0,0,0,1,0,0,6,0,0,0,0,2,2,57,56,58,56,0,4,4,28,2,0,0,0,0,0,0,0,0,0,0,0,0,0,0,0,0,0,0,0,0,5,5,0,78,6,57,0,0,0,58,57,0,0,0,0,0,0,20,20,1,1,0,0,1,36,1,8,1,59,0,26,6,2,2,0,35,2,0,0,0,0,0,0,0,0,2,2,0,0,0,0,0,0,0,0,0,0,0,0,0,0,0,0,0,0,0,0,0,0,0,0,0,0,0,0,4,0,0,0,0,0,0,0,0,0,1,1,7,1,0,0,0,0,0,0,48,48,80,40,0,0,0,0,0,0,0,0,0,0,0,0,55,52,0,0,6,1,0,0,0,0,0,0,0,5.345723200007342,controlled_mutations_object_missing_item_relation_online,symbolic_smt,1,,,,,,,,,,,,,,,,,,,,,,,,,,,,,,,,,,,,,,,,,,,,,,,,,,,,,,,,,,,,,,,,,,,,,,,,,,,,,,,,,,,,,,,,,,,,,,,,,,,,,,,,,,,,,,,,,,,,,,,,,,,,,,,,,,,,,,,,,,,
component_031_events_0009_objects_0005.jsonocel,C:\Users\User\Documents\odacc\experiment_runs\20260919_111654\controlled_mutations_object_missing_item_relation_online\symbolic_smt\run_001\component_031_events_0009_objects_0005.json,0,ONLINE_OK,NOT_RUN,fresh_offline_alignment,0,0,True,1,0,0,1,0.0,0.0,,,,,,,,9,0.25666719989385456,0.02851857776598384,0.09395819995552301,0,0.25666719989385456,9,0,0,0,0,0,0,0,1,1,0,0,0,0,0,0,8,7,9,7,0,1,1,4,0,0,0,0,0,0,0,0,0,0,0,0,0,0,0,0,0,0,0,0,0,1,1,0,18,1,8,0,0,0,9,8,0,0,0,0,0,0,6,6,0,0,0,0,2,3,0,3,2,8,0,6,1,0,0,0,0,0,0,0,0,0,0,0,0,0,0,0,0,0,0,0,0,0,0,0,0,0,0,0,0,0,0,0,0,0,0,0,0,0,0,0,0,0,0,0,1,0,0,0,0,0,0,0,0,0,1,1,3,1,0,0,0,0,0,0,4,4,0,0,0,0,0,0,0,0,0,0,0,0,0,0,8,7,0,0,1,0,0,0,0,0,0,0,0,0.6339440000010654,controlled_mutations_object_missing_item_relation_online,symbolic_smt,1,,,,,,,,,,,,,,,,,,,,,,,,,,,,,,,,,,,,,,,,,,,,,,,,,,,,,,,,,,,,,,,,,,,,,,,,,,,,,,,,,,,,,,,,,,,,,,,,,,,,,,,,,,,,,,,,,,,,,,,,,,,,,,,,,,,,,,,,,,,
component_032_events_0007_objects_0003.jsonocel,C:\Users\User\Documents\odacc\experiment_runs\20260919_111654\controlled_mutations_object_missing_item_relation_online\symbolic_smt\run_001\component_032_events_0007_objects_0003.json,0,ONLINE_OK,NOT_RUN,fresh_offline_alignment,0,0,True,1,0,0,1,0.0,0.0,,,,,,,,7,0.22877819975838065,0.03268259996548295,0.07468139997217804,0,0.22877819975838065,7,0,0,0,0,0,0,0,0,3,0,0,0,0,2,2,6,5,7,6,0,1,1,2,1,0,0,0,0,0,0,0,0,0,0,0,0,0,0,0,0,0,0,0,0,2,1,1,19,1,6,0,0,0,7,6,0,0,0,0,0,0,4,4,1,0,1,0,1,4,0,2,1,5,0,3,3,1,1,0,3,1,0,0,0,0,0,0,0,0,1,1,0,0,0,0,0,0,0,0,0,0,0,0,0,0,0,0,0,0,0,0,0,0,0,0,0,0,0,0,1,0,0,0,0,0,0,0,0,0,0,0,0,0,0,0,0,0,0,0,0,0,0,0,0,0,0,0,0,0,0,0,0,0,0,0,4,4,0,0,1,0,0,0,0,0,0,0,0,0.5231625000014901,controlled_mutations_object_missing_item_relation_online,symbolic_smt,1,,,,,,,,,,,,,,,,,,,,,,,,,,,,,,,,,,,,,,,,,,,,,,,,,,,,,,,,,,,,,,,,,,,,,,,,,,,,,,,,,,,,,,,,,,,,,,,,,,,,,,,,,,,,,,,,,,,,,,,,,,,,,,,,,,,,,,,,,,,
component_036_events_0017_objects_0008.jsonocel,C:\Users\User\Documents\odacc\experiment_runs\20260919_111654\controlled_mutations_object_missing_item_relation_online\symbolic_smt\run_001\component_036_events_0017_objects_0008.json,0,ONLINE_OK,NOT_RUN,fresh_offline_alignment,0,0,True,1,0,0,1,0.0,0.0,,,,,,,,17,0.47008629993069917,0.027652135290041128,0.0992179000750184,0,0.47008629993069917,17,0,0,0,0,0,0,0,1,3,0,0,0,0,1,1,15,14,16,14,0,2,2,7,1,0,0,0,0,0,0,0,0,0,0,0,0,0,0,0,0,0,0,0,0,2,2,0,32,1,15,0,0,0,16,15,0,0,0,0,0,0,8,8,0,0,0,0,2,10,0,4,2,15,0,7,3,1,1,0,8,1,0,0,0,0,0,0,0,0,1,1,0,0,0,0,0,0,0,0,0,0,0,0,0,0,0,0,0,0,0,0,0,0,0,0,0,0,0,0,2,0,0,0,0,0,0,0,0,0,1,1,14,1,0,0,0,0,0,0,14,14,0,0,0,0,0,0,0,0,0,0,0,0,0,0,14,13,0,0,2,0,0,0,0,0,0,0,0,0.8252377000171691,controlled_mutations_object_missing_item_relation_online,symbolic_smt,1,,,,,,,,,,,,,,,,,,,,,,,,,,,,,,,,,,,,,,,,,,,,,,,,,,,,,,,,,,,,,,,,,,,,,,,,,,,,,,,,,,,,,,,,,,,,,,,,,,,,,,,,,,,,,,,,,,,,,,,,,,,,,,,,,,,,,,,,,,,
component_037_events_0012_objects_0006.jsonocel,C:\Users\User\Documents\odacc\experiment_runs\20260919_111654\controlled_mutations_object_missing_item_relation_online\symbolic_smt\run_001\component_037_events_0012_objects_0006.json,0,ONLINE_OK,NOT_RUN,fresh_offline_alignment,0,0,True,1,0,0,1,0.0,0.0,,,,,,,,12,0.33342619985342026,0.027785516654451687,0.10626369994133711,0,0.33342619985342026,12,0,0,0,0,0,0,0,1,1,0,0,0,0,0,0,11,10,12,10,0,1,1,5,0,0,0,0,0,0,0,0,0,0,0,0,0,0,0,0,0,0,0,0,0,1,1,0,18,1,11,0,0,0,12,11,0,0,0,0,0,0,6,6,0,0,0,0,2,4,0,3,2,11,0,8,1,0,0,0,0,0,0,0,0,0,0,0,0,0,0,0,0,0,0,0,0,0,0,0,0,0,0,0,0,0,0,0,0,0,0,0,0,0,0,0,0,0,0,0,1,0,0,0,0,0,0,0,0,0,1,1,7,1,0,0,0,0,0,0,8,8,0,0,0,0,0,0,0,0,0,0,0,0,0,0,11,10,0,0,1,0,0,0,0,0,0,0,0,0.7272674000123516,controlled_mutations_object_missing_item_relation_online,symbolic_smt,1,,,,,,,,,,,,,,,,,,,,,,,,,,,,,,,,,,,,,,,,,,,,,,,,,,,,,,,,,,,,,,,,,,,,,,,,,,,,,,,,,,,,,,,,,,,,,,,,,,,,,,,,,,,,,,,,,,,,,,,,,,,,,,,,,,,,,,,,,,,
component_038_events_0008_objects_0004.jsonocel,C:\Users\User\Documents\odacc\experiment_runs\20260919_111654\controlled_mutations_object_missing_item_relation_online\symbolic_smt\run_001\component_038_events_0008_objects_0004.json,0,ONLINE_OK,NOT_RUN,fresh_offline_alignment,0,0,True,1,0,0,1,0.0,0.0,,,,,,,,8,0.23257719993125647,0.02907214999140706,0.07640010002069175,0,0.23257719993125647,8,0,0,0,0,0,0,0,1,1,0,0,0,0,0,0,7,6,8,6,0,1,1,3,0,0,0,0,0,0,0,0,0,0,0,0,0,0,0,0,0,0,0,0,0,1,1,0,18,1,7,0,0,0,8,7,0,0,0,0,0,0,6,6,0,0,0,0,2,4,0,3,2,7,0,4,1,0,0,0,0,0,0,0,0,0,0,0,0,0,0,0,0,0,0,0,0,0,0,0,0,0,0,0,0,0,0,0,0,0,0,0,0,0,0,0,0,0,0,0,1,0,0,0,0,0,0,0,0,0,1,1,1,1,0,0,0,0,0,0,2,2,0,0,0,0,0,0,0,0,0,0,0,0,0,0,7,6,0,0,1,0,0,0,0,0,0,0,0,0.520868799998425,controlled_mutations_object_missing_item_relation_online,symbolic_smt,1,,,,,,,,,,,,,,,,,,,,,,,,,,,,,,,,,,,,,,,,,,,,,,,,,,,,,,,,,,,,,,,,,,,,,,,,,,,,,,,,,,,,,,,,,,,,,,,,,,,,,,,,,,,,,,,,,,,,,,,,,,,,,,,,,,,,,,,,,,,
component_042_events_0009_objects_0005.jsonocel,C:\Users\User\Documents\odacc\experiment_runs\20260919_111654\controlled_mutations_object_missing_item_relation_online\symbolic_smt\run_001\component_042_events_0009_objects_0005.json,0,ONLINE_OK,NOT_RUN,fresh_offline_alignment,0,0,True,1,0,0,1,0.0,0.0,,,,,,,,9,0.258270799764432,0.028696755529381335,0.0929242999991402,0,0.258270799764432,9,0,0,0,0,0,0,0,1,1,0,0,0,0,0,0,8,7,9,7,0,1,1,4,0,0,0,0,0,0,0,0,0,0,0,0,0,0,0,0,0,0,0,0,0,1,1,0,18,1,8,0,0,0,9,8,0,0,0,0,0,0,6,6,0,0,0,0,2,3,0,3,2,8,0,6,1,0,0,0,0,0,0,0,0,0,0,0,0,0,0,0,0,0,0,0,0,0,0,0,0,0,0,0,0,0,0,0,0,0,0,0,0,0,0,0,0,0,0,0,1,0,0,0,0,0,0,0,0,0,1,1,3,1,0,0,0,0,0,0,4,4,0,0,0,0,0,0,0,0,0,0,0,0,0,0,8,7,0,0,1,0,0,0,0,0,0,0,0,0.5190170999849215,controlled_mutations_object_missing_item_relation_online,symbolic_smt,1,,,,,,,,,,,,,,,,,,,,,,,,,,,,,,,,,,,,,,,,,,,,,,,,,,,,,,,,,,,,,,,,,,,,,,,,,,,,,,,,,,,,,,,,,,,,,,,,,,,,,,,,,,,,,,,,,,,,,,,,,,,,,,,,,,,,,,,,,,,
component_048_events_0011_objects_0007.jsonocel,C:\Users\User\Documents\odacc\experiment_runs\20260919_111654\controlled_mutations_object_missing_item_relation_online\symbolic_smt\run_001\component_048_events_0011_objects_0007.json,0,ONLINE_OK,NOT_RUN,fresh_offline_alignment,0,0,True,1,0,0,1,0.0,0.0,,,,,,,,11,0.3267165998695418,0.029701509079049258,0.11985549994278699,0,0.3267165998695418,11,0,0,0,0,0,0,0,1,1,0,0,0,0,0,0,10,9,11,9,0,1,1,6,0,0,0,0,0,0,0,0,0,0,0,0,0,0,0,0,0,0,0,0,0,1,1,0,18,1,10,0,0,0,11,10,0,0,0,0,0,0,6,6,0,0,0,0,2,3,0,3,2,10,0,8,1,0,0,0,0,0,0,0,0,0,0,0,0,0,0,0,0,0,0,0,0,0,0,0,0,0,0,0,0,0,0,0,0,0,0,0,0,0,0,0,0,0,0,0,1,0,0,0,0,0,0,0,0,0,1,1,14,1,0,0,0,0,0,0,15,15,0,0,0,0,0,0,0,0,0,0,0,0,0,0,10,9,0,0,1,0,0,0,0,0,0,0,0,0.622165400069207,controlled_mutations_object_missing_item_relation_online,symbolic_smt,1,,,,,,,,,,,,,,,,,,,,,,,,,,,,,,,,,,,,,,,,,,,,,,,,,,,,,,,,,,,,,,,,,,,,,,,,,,,,,,,,,,,,,,,,,,,,,,,,,,,,,,,,,,,,,,,,,,,,,,,,,,,,,,,,,,,,,,,,,,,
component_050_events_0008_objects_0004.jsonocel,C:\Users\User\Documents\odacc\experiment_runs\20260919_111654\controlled_mutations_object_missing_item_relation_online\symbolic_smt\run_001\component_050_events_0008_objects_0004.json,0,ONLINE_OK,NOT_RUN,fresh_offline_alignment,0,0,True,1,0,0,1,0.0,0.0,,,,,,,,8,0.2312921998091042,0.028911524976138026,0.0770205999724567,0,0.2312921998091042,8,0,0,0,0,0,0,0,1,1,0,0,0,0,0,0,7,6,8,6,0,1,1,3,0,0,0,0,0,0,0,0,0,0,0,0,0,0,0,0,0,0,0,0,0,1,1,0,18,1,7,0,0,0,8,7,0,0,0,0,0,0,6,6,0,0,0,0,2,3,0,3,2,7,0,5,1,0,0,0,0,0,0,0,0,0,0,0,0,0,0,0,0,0,0,0,0,0,0,0,0,0,0,0,0,0,0,0,0,0,0,0,0,0,0,0,0,0,0,0,1,0,0,0,0,0,0,0,0,0,1,1,1,1,0,0,0,0,0,0,2,2,0,0,0,0,0,0,0,0,0,0,0,0,0,0,7,6,0,0,1,0,0,0,0,0,0,0,0,0.5210223998874426,controlled_mutations_object_missing_item_relation_online,symbolic_smt,1,,,,,,,,,,,,,,,,,,,,,,,,,,,,,,,,,,,,,,,,,,,,,,,,,,,,,,,,,,,,,,,,,,,,,,,,,,,,,,,,,,,,,,,,,,,,,,,,,,,,,,,,,,,,,,,,,,,,,,,,,,,,,,,,,,,,,,,,,,,
component_051_events_0011_objects_0007.jsonocel,C:\Users\User\Documents\odacc\experiment_runs\20260919_111654\controlled_mutations_object_missing_item_relation_online\symbolic_smt\run_001\component_051_events_0011_objects_0007.json,0,ONLINE_OK,NOT_RUN,fresh_offline_alignment,0,0,True,1,0,0,1,0.0,0.0,,,,,,,,11,0.32294119999278337,0.02935829090843485,0.11847169999964535,0,0.32294119999278337,11,0,0,0,0,0,0,0,1,1,0,0,0,0,0,0,10,9,11,9,0,1,1,6,0,0,0,0,0,0,0,0,0,0,0,0,0,0,0,0,0,0,0,0,0,1,1,0,18,1,10,0,0,0,11,10,0,0,0,0,0,0,6,6,0,0,0,0,2,4,0,3,2,10,0,7,1,0,0,0,0,0,0,0,0,0,0,0,0,0,0,0,0,0,0,0,0,0,0,0,0,0,0,0,0,0,0,0,0,0,0,0,0,0,0,0,0,0,0,0,1,0,0,0,0,0,0,0,0,0,1,1,14,1,0,0,0,0,0,0,15,15,0,0,0,0,0,0,0,0,0,0,0,0,0,0,10,9,0,0,1,0,0,0,0,0,0,0,0,0.624348400044255,controlled_mutations_object_missing_item_relation_online,symbolic_smt,1,,,,,,,,,,,,,,,,,,,,,,,,,,,,,,,,,,,,,,,,,,,,,,,,,,,,,,,,,,,,,,,,,,,,,,,,,,,,,,,,,,,,,,,,,,,,,,,,,,,,,,,,,,,,,,,,,,,,,,,,,,,,,,,,,,,,,,,,,,,
component_057_events_0011_objects_0005.jsonocel,C:\Users\User\Documents\odacc\experiment_runs\20260919_111654\controlled_mutations_object_missing_item_relation_online\symbolic_smt\run_001\component_057_events_0011_objects_0005.json,0,ONLINE_OK,NOT_RUN,fresh_offline_alignment,0,0,True,1,0,0,1,0.0,0.0,,,,,,,,11,0.3122634997125715,0.028387590882961045,0.09839539998210967,0,0.3122634997125715,11,0,0,0,0,0,0,0,1,1,0,0,0,0,0,0,10,9,11,9,0,1,1,4,0,0,0,0,0,0,0,0,0,0,0,0,0,0,0,0,0,0,0,0,0,1,1,0,19,1,10,0,0,0,11,10,0,0,0,0,0,0,6,6,0,0,0,0,2,3,0,3,2,10,0,8,1,0,0,0,0,0,0,0,0,0,0,0,0,0,0,0,0,0,0,0,0,0,0,0,0,0,0,0,0,0,0,0,0,0,0,0,0,0,0,0,0,0,0,0,1,0,0,0,0,0,0,0,0,0,1,1,3,1,0,0,0,0,0,0,4,4,0,0,0,0,0,0,0,0,0,0,0,0,0,0,10,9,0,0,1,0,0,0,0,0,0,0,0,0.6249120000284165,controlled_mutations_object_missing_item_relation_online,symbolic_smt,1,,,,,,,,,,,,,,,,,,,,,,,,,,,,,,,,,,,,,,,,,,,,,,,,,,,,,,,,,,,,,,,,,,,,,,,,,,,,,,,,,,,,,,,,,,,,,,,,,,,,,,,,,,,,,,,,,,,,,,,,,,,,,,,,,,,,,,,,,,,
component_058_events_0009_objects_0005.jsonocel,C:\Users\User\Documents\odacc\experiment_runs\20260919_111654\controlled_mutations_object_missing_item_relation_online\symbolic_smt\run_001\component_058_events_0009_objects_0005.json,0,ONLINE_OK,NOT_RUN,fresh_offline_alignment,0,0,True,1,0,0,1,0.0,0.0,,,,,,,,9,0.256186299957335,0.02846514443970389,0.0912051999475807,0,0.256186299957335,9,0,0,0,0,0,0,0,1,1,0,0,0,0,0,0,8,7,9,7,0,1,1,4,0,0,0,0,0,0,0,0,0,0,0,0,0,0,0,0,0,0,0,0,0,1,1,0,18,1,8,0,0,0,9,8,0,0,0,0,0,0,6,6,0,0,0,0,2,4,0,3,2,8,0,5,1,0,0,0,0,0,0,0,0,0,0,0,0,0,0,0,0,0,0,0,0,0,0,0,0,0,0,0,0,0,0,0,0,0,0,0,0,0,0,0,0,0,0,0,1,0,0,0,0,0,0,0,0,0,1,1,3,1,0,0,0,0,0,0,4,4,0,0,0,0,0,0,0,0,0,0,0,0,0,0,8,7,0,0,1,0,0,0,0,0,0,0,0,0.6242145999567583,controlled_mutations_object_missing_item_relation_online,symbolic_smt,1,,,,,,,,,,,,,,,,,,,,,,,,,,,,,,,,,,,,,,,,,,,,,,,,,,,,,,,,,,,,,,,,,,,,,,,,,,,,,,,,,,,,,,,,,,,,,,,,,,,,,,,,,,,,,,,,,,,,,,,,,,,,,,,,,,,,,,,,,,,
component_059_events_0010_objects_0006.jsonocel,C:\Users\User\Documents\odacc\experiment_runs\20260919_111654\controlled_mutations_object_missing_item_relation_online\symbolic_smt\run_001\component_059_events_0010_objects_0006.json,0,ONLINE_OK,NOT_RUN,fresh_offline_alignment,0,0,True,1,0,0,1,0.0,0.0,,,,,,,,10,0.29932359990198165,0.029932359990198165,0.1081801000982523,0,0.29932359990198165,10,0,0,0,0,0,0,0,1,1,0,0,0,0,0,0,9,8,10,8,0,1,1,5,0,0,0,0,0,0,0,0,0,0,0,0,0,0,0,0,0,0,0,0,0,1,1,0,19,1,9,0,0,0,10,9,0,0,0,0,0,0,6,6,0,0,0,0,2,4,0,3,2,9,0,6,1,0,0,0,0,0,0,0,0,0,0,0,0,0,0,0,0,0,0,0,0,0,0,0,0,0,0,0,0,0,0,0,0,0,0,0,0,0,0,0,0,0,0,0,1,0,0,0,0,0,0,0,0,0,1,1,7,1,0,0,0,0,0,0,8,8,0,0,0,0,0,0,0,0,0,0,0,0,0,0,9,8,0,0,1,0,0,0,0,0,0,0,0,0.6265878999838606,controlled_mutations_object_missing_item_relation_online,symbolic_smt,1,,,,,,,,,,,,,,,,,,,,,,,,,,,,,,,,,,,,,,,,,,,,,,,,,,,,,,,,,,,,,,,,,,,,,,,,,,,,,,,,,,,,,,,,,,,,,,,,,,,,,,,,,,,,,,,,,,,,,,,,,,,,,,,,,,,,,,,,,,,
component_061_events_0007_objects_0003.jsonocel,C:\Users\User\Documents\odacc\experiment_runs\20260919_111654\controlled_mutations_object_missing_item_relation_online\symbolic_smt\run_001\component_061_events_0007_objects_0003.json,0,ONLINE_OK,NOT_RUN,fresh_offline_alignment,0,0,True,1,0,0,1,0.0,0.0,,,,,,,,7,0.2256819998146966,0.0322402856878138,0.07549120008479804,0,0.2256819998146966,7,0,0,0,0,0,0,0,0,3,0,0,0,0,2,2,6,5,7,6,0,1,1,2,1,0,0,0,0,0,0,0,0,0,0,0,0,0,0,0,0,0,0,0,0,2,1,1,18,1,6,0,0,0,7,6,0,0,0,0,0,0,4,4,1,0,1,0,1,4,0,2,1,5,0,3,3,1,1,0,3,1,0,0,0,0,0,0,0,0,1,1,0,0,0,0,0,0,0,0,0,0,0,0,0,0,0,0,0,0,0,0,0,0,0,0,0,0,0,0,1,0,0,0,0,0,0,0,0,0,0,0,0,0,0,0,0,0,0,0,0,0,0,0,0,0,0,0,0,0,0,0,0,0,0,0,4,4,0,0,1,0,0,0,0,0,0,0,0,0.5229316001059487,controlled_mutations_object_missing_item_relation_online,symbolic_smt,1,,,,,,,,,,,,,,,,,,,,,,,,,,,,,,,,,,,,,,,,,,,,,,,,,,,,,,,,,,,,,,,,,,,,,,,,,,,,,,,,,,,,,,,,,,,,,,,,,,,,,,,,,,,,,,,,,,,,,,,,,,,,,,,,,,,,,,,,,,,
component_063_events_0035_objects_0019.jsonocel,C:\Users\User\Documents\odacc\experiment_runs\20260919_111654\controlled_mutations_object_missing_item_relation_online\symbolic_smt\run_001\component_063_events_0035_objects_0019.json,0,ONLINE_OK,NOT_RUN,fresh_offline_alignment,0,0,True,1,0,0,1,0.0,0.0,,,,,,,,35,1.7368327995063737,0.04962379427161068,0.6698136999038979,0,1.7368327995063737,35,0,0,0,0,0,1,0,0,6,0,0,0,0,1,1,30,29,31,29,0,5,5,17,1,0,0,0,0,0,0,0,0,0,0,0,0,0,0,0,0,0,0,0,0,6,6,0,98,16,30,0,0,0,31,30,0,0,0,0,0,0,16,16,1,1,0,0,1,14,1,7,1,34,0,22,6,1,1,0,13,1,0,0,0,0,0,0,0,0,1,1,0,0,0,0,0,0,0,0,0,0,0,0,0,0,0,0,0,0,0,0,0,0,0,0,0,0,0,0,5,0,0,0,0,0,0,0,0,0,1,1,92,1,0,0,0,0,0,0,106,106,21,13,0,0,0,0,0,0,0,0,0,0,0,0,29,28,0,0,3,1,0,0,0,0,0,0,0,2.3455101000145078,controlled_mutations_object_missing_item_relation_online,symbolic_smt,1,,,,,,,,,,,,,,,,,,,,,,,,,,,,,,,,,,,,,,,,,,,,,,,,,,,,,,,,,,,,,,,,,,,,,,,,,,,,,,,,,,,,,,,,,,,,,,,,,,,,,,,,,,,,,,,,,,,,,,,,,,,,,,,,,,,,,,,,,,,
component_064_events_0116_objects_0055.jsonocel,C:\Users\User\Documents\odacc\experiment_runs\20260919_111654\controlled_mutations_object_missing_item_relation_online\symbolic_smt\run_001\component_064_events_0116_objects_0055.json,0,ONLINE_OK,NOT_RUN,fresh_offline_alignment,0,0,True,1,0,0,1,0.0,0.0,,,,,,,,116,10.751469200127758,0.09268507931144619,0.69761550007388,0,10.751469200127758,116,0,0,0,0,0,1,0,0,19,0,0,0,0,7,7,104,103,105,103,0,12,12,48,7,0,0,0,0,0,0,0,0,0,0,0,0,0,0,0,0,0,0,0,0,13,13,0,259,9,104,0,0,0,105,104,0,0,0,0,0,0,40,40,1,1,0,0,1,46,1,14,1,109,0,71,19,7,7,0,45,7,0,0,0,0,0,0,0,0,7,7,0,0,0,1,0,0,0,0,0,0,0,0,0,0,0,0,0,0,0,0,0,0,0,0,0,0,0,0,12,0,0,0,0,0,0,0,0,1,1,1,175,112,0,0,0,0,0,0,238,238,154,63,0,0,0,0,0,0,0,0,0,0,0,0,97,96,0,0,9,1,0,0,0,0,0,0,0,18.401695199892856,controlled_mutations_object_missing_item_relation_online,symbolic_smt,1,,,,,,,,,,,,,,,,,,,,,,,,,,,,,,,,,,,,,,,,,,,,,,,,,,,,,,,,,,,,,,,,,,,,,,,,,,,,,,,,,,,,,,,,,,,,,,,,,,,,,,,,,,,,,,,,,,,,,,,,,,,,,,,,,,,,,,,,,,,
component_065_events_0098_objects_0050.jsonocel,C:\Users\User\Documents\odacc\experiment_runs\20260919_111654\controlled_mutations_object_missing_item_relation_online\symbolic_smt\run_001\component_065_events_0098_objects_0050.json,0,ONLINE_OK,NOT_RUN,fresh_offline_alignment,0,0,True,1,0,0,1,0.0,0.0,,,,,,,,98,6.929656699765474,0.0707107826506681,0.538124099955894,0,6.929656699765474,98,0,0,0,0,0,1,0,0,15,0,0,0,0,4,4,87,86,88,86,0,11,11,45,4,0,0,0,0,0,0,0,0,0,0,0,0,0,0,0,0,0,0,0,0,12,12,0,222,14,87,0,0,0,88,87,0,0,0,0,0,0,34,34,1,1,0,0,1,44,1,13,1,94,0,55,15,4,4,0,43,4,0,0,0,0,0,0,0,0,4,4,0,0,0,0,0,0,0,0,0,0,0,0,0,0,0,0,0,0,0,0,0,0,0,0,0,0,0,0,11,0,0,0,0,0,0,0,0,0,1,1,41,1,0,0,0,0,0,0,66,66,44,24,0,0,0,0,0,0,0,0,0,0,0,0,83,82,0,0,6,1,0,0,0,0,0,0,0,11.73402850003913,controlled_mutations_object_missing_item_relation_online,symbolic_smt,1,,,,,,,,,,,,,,,,,,,,,,,,,,,,,,,,,,,,,,,,,,,,,,,,,,,,,,,,,,,,,,,,,,,,,,,,,,,,,,,,,,,,,,,,,,,,,,,,,,,,,,,,,,,,,,,,,,,,,,,,,,,,,,,,,,,,,,,,,,,
component_066_events_0011_objects_0006.jsonocel,C:\Users\User\Documents\odacc\experiment_runs\20260919_111654\controlled_mutations_object_missing_item_relation_online\symbolic_smt\run_001\component_066_events_0011_objects_0006.json,0,ONLINE_OK,NOT_RUN,fresh_offline_alignment,0,0,True,1,0,0,1,0.0,0.0,,,,,,,,11,0.3082029002252966,0.028018445475026965,0.10456360003445297,0,0.3082029002252966,11,0,0,0,0,0,0,0,1,1,0,0,0,0,0,0,10,9,11,9,0,1,1,5,0,0,0,0,0,0,0,0,0,0,0,0,0,0,0,0,0,0,0,0,0,1,1,0,18,1,10,0,0,0,11,10,0,0,0,0,0,0,6,6,0,0,0,0,2,5,0,3,2,10,0,6,1,0,0,0,0,0,0,0,0,0,0,0,0,0,0,0,0,0,0,0,0,0,0,0,0,0,0,0,0,0,0,0,0,0,0,0,0,0,0,0,0,0,0,0,1,0,0,0,0,0,0,0,0,0,1,1,7,1,0,0,0,0,0,0,8,8,0,0,0,0,0,0,0,0,0,0,0,0,0,0,10,9,0,0,1,0,0,0,0,0,0,0,0,0.644608199945651,controlled_mutations_object_missing_item_relation_online,symbolic_smt,1,,,,,,,,,,,,,,,,,,,,,,,,,,,,,,,,,,,,,,,,,,,,,,,,,,,,,,,,,,,,,,,,,,,,,,,,,,,,,,,,,,,,,,,,,,,,,,,,,,,,,,,,,,,,,,,,,,,,,,,,,,,,,,,,,,,,,,,,,,,
component_067_events_0063_objects_0031.jsonocel,C:\Users\User\Documents\odacc\experiment_runs\20260919_111654\controlled_mutations_object_missing_item_relation_online\symbolic_smt\run_001\component_067_events_0063_objects_0031.json,0,ONLINE_OK,NOT_RUN,fresh_offline_alignment,0,0,True,1,0,0,1,0.0,0.0,,,,,,,,63,2.8460616999072954,0.04517558253821104,0.43514980003237724,0,2.8460616999072954,63,0,0,0,0,0,1,0,0,10,0,0,0,0,3,3,56,55,58,55,0,7,7,28,3,0,0,0,0,0,0,0,0,0,0,0,0,0,0,0,0,0,0,0,0,8,8,0,136,8,56,0,0,0,58,56,0,0,0,0,0,0,22,22,1,1,0,0,1,20,1,8,1,60,0,44,10,3,3,0,19,3,0,0,0,0,0,0,0,0,3,3,0,0,0,0,0,0,0,0,0,0,0,0,0,0,0,0,0,0,0,0,0,0,0,0,0,0,0,0,7,0,0,0,0,0,0,0,0,0,1,1,14,8,0,0,0,0,0,0,21,21,8,6,0,0,0,0,0,0,0,0,0,0,0,0,53,53,0,0,4,1,0,0,0,0,0,0,0,4.40356869995594,controlled_mutations_object_missing_item_relation_online,symbolic_smt,1,,,,,,,,,,,,,,,,,,,,,,,,,,,,,,,,,,,,,,,,,,,,,,,,,,,,,,,,,,,,,,,,,,,,,,,,,,,,,,,,,,,,,,,,,,,,,,,,,,,,,,,,,,,,,,,,,,,,,,,,,,,,,,,,,,,,,,,,,,,
component_068_events_0009_objects_0005.jsonocel,C:\Users\User\Documents\odacc\experiment_runs\20260919_111654\controlled_mutations_object_missing_item_relation_online\symbolic_smt\run_001\component_068_events_0009_objects_0005.json,0,ONLINE_OK,NOT_RUN,fresh_offline_alignment,0,0,True,1,0,0,1,0.0,0.0,,,,,,,,9,0.2626212000614032,0.029180133340155914,0.09304369997698814,0,0.2626212000614032,9,0,0,0,0,0,0,0,1,1,0,0,0,0,0,0,8,7,9,7,0,1,1,4,0,0,0,0,0,0,0,0,0,0,0,0,0,0,0,0,0,0,0,0,0,1,1,0,19,1,8,0,0,0,9,8,0,0,0,0,0,0,6,6,0,0,0,0,2,3,0,3,2,8,0,6,1,0,0,0,0,0,0,0,0,0,0,0,0,0,0,0,0,0,0,0,0,0,0,0,0,0,0,0,0,0,0,0,0,0,0,0,0,0,0,0,0,0,0,0,1,0,0,0,0,0,0,0,0,0,1,1,3,1,0,0,0,0,0,0,4,4,0,0,0,0,0,0,0,0,0,0,0,0,0,0,8,7,0,0,1,0,0,0,0,0,0,0,0,0.6271612000418827,controlled_mutations_object_missing_item_relation_online,symbolic_smt,1,,,,,,,,,,,,,,,,,,,,,,,,,,,,,,,,,,,,,,,,,,,,,,,,,,,,,,,,,,,,,,,,,,,,,,,,,,,,,,,,,,,,,,,,,,,,,,,,,,,,,,,,,,,,,,,,,,,,,,,,,,,,,,,,,,,,,,,,,,,
component_003_events_0022_objects_0011__two_same_dimension_042.jsonocel,C:\Users\User\Documents\odacc\experiment_runs\20260919_111654\multi_deviation_benchmark_two_same_dimension_online\symbolic_smt\run_001\component_003_events_0022_objects_0011__two_same_dimension_042.json,0,ONLINE_OK,NOT_RUN,fresh_offline_alignment,0,0,True,2,0,2,0,0.030145600088872015,0.010146500077098608,,,,,,,,22,1.1475833000149578,0.052162877273407175,0.5277360000181943,0,1.1475833000149578,22,0,0,0,0,0,0,0,0,1,0,0,0,0,0,0,21,19,22,19,0,1,1,9,0,0,0,0,0,0,0,0,0,0,0,0,0,0,0,0,0,0,0,0,0,2,2,0,38,10,21,0,0,0,22,20,0,0,0,0,0,0,8,8,1,1,0,0,3,12,1,4,3,20,0,12,1,0,0,0,0,0,0,0,0,0,0,0,0,0,0,0,0,0,0,0,0,0,0,0,0,0,0,0,0,0,0,0,0,0,0,0,0,0,0,0,0,0,0,0,1,0,0,0,0,0,0,0,0,0,1,1,41,0,0,0,0,0,0,0,44,44,4,3,0,0,0,0,0,0,0,0,0,0,0,0,21,19,0,0,2,0,0,0,0,0,0,0,0,1.6299055999843404,multi_deviation_benchmark_two_same_dimension_online,symbolic_smt,1,,,,,,,,,,,,,,,,,,,,,,,,,,,,,,,,,,,,,,,,,,,,,,,,,,,,,,,,,,,,,,,,,,,,,,,,,,,,,,,,,,,,,,,,,,,,,,,,,,,,,,,,,,,,,,,,,,,,,,,,,,,,,,,,,,,,,,,,,,,
component_005_events_0035_objects_0016__two_same_dimension_044.jsonocel,C:\Users\User\Documents\odacc\experiment_runs\20260919_111654\multi_deviation_benchmark_two_same_dimension_online\symbolic_smt\run_001\component_005_events_0035_objects_0016__two_same_dimension_044.json,124,OBSERVATION_TIMEOUT,NOT_RUN,fresh_offline_alignment,0,0,True,1,0,0,1,0.0,0.0,,,,,,,,30,0.9771048001712188,0.032570160005707297,0.14609999989625067,,0.9771048001712188,30,0,0,0,0,0,0,0,0,3,0,0,0,0,1,1,28,27,29,27,0,2,2,14,1,0,0,0,0,0,0,0,0,0,0,0,0,0,0,0,0,0,0,0,0,4,2,1,48,7,28,0,0,0,29,28,0,0,0,0,0,0,4,4,1,0,1,0,1,9,0,2,1,29,0,22,3,1,1,0,8,1,0,0,0,0,0,0,0,0,1,1,0,0,0,0,0,0,0,0,0,0,0,0,0,0,0,0,0,0,0,0,0,0,0,0,0,0,0,0,2,0,0,0,0,0,0,0,0,0,0,0,0,0,0,0,0,0,0,0,178,178,136,132,0,0,0,0,0,0,0,0,0,0,0,0,27,27,0,0,5,0,0,0,0,0,0,0,0,61.611932699917816,multi_deviation_benchmark_two_same_dimension_online,symbolic_smt,1,True,60.0,60.06830110005103,31,31,3,create_p-660016,create package,5,31,16,30,True,30,35,30,30,0,0,0,0,0,0,0,0,0,0,1,0,1,0,1,0,0,1,0,1,1,0,0,1,0,0,1,0,1,0,0,0,0,0,0,0,0,0,0,0,0,1,1,1,0,1,0,1,0,0,0,0,0,0,0,0,0,0,0,0,0,1,1,1,1,0,0,1,1,0,28,0,28,0,0,0,0,0,0,0,0,0,0,1,0,0,0,0,166,0,1,0,0,0,0,0,0,0,0,0,0,0,0,1,27,0,0,8,0,1,0,16,6,0,0,0,0,0,0,0,0,C:\Users\User\Documents\odacc\experiment_runs\20260919_111654\multi_deviation_benchmark_two_same_dimension_online\symbolic_smt\run_001\component_005_events_0035_objects_0016__two_same_dimension_044.error.txt
component_009_events_0015_objects_0008__two_same_dimension_041.jsonocel,C:\Users\User\Documents\odacc\experiment_runs\20260919_111654\multi_deviation_benchmark_two_same_dimension_online\symbolic_smt\run_001\component_009_events_0015_objects_0008__two_same_dimension_041.json,0,ONLINE_OK,NOT_RUN,fresh_offline_alignment,0,0,True,2,2,0,0,0.0,0.0,,,,,,,,17,0.5102280999999493,0.030013417647055844,0.13087190000806004,0,0.5102280999999493,17,0,0,0,0,0,0,0,0,1,0,0,0,0,0,0,16,14,16,14,0,1,1,7,0,0,0,0,0,0,0,0,0,0,0,0,0,0,0,0,0,0,0,0,0,3,1,2,18,1,16,0,0,0,16,14,0,0,0,0,0,0,4,4,2,0,2,0,0,12,0,2,0,17,0,5,1,0,0,0,0,0,0,0,0,0,0,0,0,0,0,0,0,0,0,0,0,0,0,0,0,0,0,0,0,0,0,0,0,0,0,0,0,0,0,0,0,0,0,0,1,0,0,0,0,0,0,0,0,0,0,0,0,0,0,0,0,0,0,0,0,0,0,0,0,0,0,0,0,0,0,0,0,0,0,0,16,15,0,0,1,0,0,0,0,0,0,0,0,0.9284148000879213,multi_deviation_benchmark_two_same_dimension_online,symbolic_smt,1,,,,,,,,,,,,,,,,,,,,,,,,,,,,,,,,,,,,,,,,,,,,,,,,,,,,,,,,,,,,,,,,,,,,,,,,,,,,,,,,,,,,,,,,,,,,,,,,,,,,,,,,,,,,,,,,,,,,,,,,,,,,,,,,,,,,,,,,,,,
component_011_events_0028_objects_0017__two_same_dimension_043.jsonocel,C:\Users\User\Documents\odacc\experiment_runs\20260919_111654\multi_deviation_benchmark_two_same_dimension_online\symbolic_smt\run_001\component_011_events_0028_objects_0017__two_same_dimension_043.json,124,OBSERVATION_TIMEOUT,NOT_RUN,fresh_offline_alignment,0,0,True,0,0,0,0,0.0,0.0,,,,,,,,22,0.718843000009656,0.032674681818620724,0.1328679999569431,,0.718843000009656,22,0,0,0,0,0,0,0,0,3,0,0,0,0,0,0,19,19,19,19,0,3,3,16,0,0,0,0,0,0,0,0,0,0,0,0,0,0,0,0,0,0,0,0,0,3,3,0,51,1,19,0,0,0,19,19,0,0,0,0,0,0,2,2,0,0,0,0,0,0,0,1,0,22,0,22,3,0,0,0,0,0,0,0,0,0,0,0,0,0,0,0,0,0,0,0,0,0,0,0,0,0,0,0,0,0,0,0,0,0,0,0,0,0,0,0,0,0,0,0,3,0,0,0,0,0,0,0,0,0,0,0,0,0,0,0,0,0,0,0,0,0,0,0,0,0,0,0,0,0,0,0,0,0,0,0,19,19,0,0,0,0,0,0,0,0,0,0,0,61.153157200082205,multi_deviation_benchmark_two_same_dimension_online,symbolic_smt,1,True,60.0,60.032855800003745,23,23,4,create_p-660011,create package,12,23,17,22,True,22,28,22,22,0,0,0,0,0,0,0,0,0,0,0,0,0,0,0,0,0,0,0,0,0,0,0,0,0,0,0,0,0,0,0,0,0,0,0,0,0,0,0,0,0,0,0,0,0,0,0,0,0,0,0,0,0,0,0,0,0,0,0,0,0,0,0,0,0,0,0,0,0,0,19,0,19,0,0,0,0,0,0,0,0,0,0,0,0,0,0,0,0,0,0,0,0,0,0,0,0,0,0,0,0,0,0,0,0,0,0,0,0,0,0,0,0,0,0,0,0,0,0,0,0,C:\Users\User\Documents\odacc\experiment_runs\20260919_111654\multi_deviation_benchmark_two_same_dimension_online\symbolic_smt\run_001\component_011_events_0028_objects_0017__two_same_dimension_043.error.txt
component_032_events_0007_objects_0003__two_same_dimension_035.jsonocel,C:\Users\User\Documents\odacc\experiment_runs\20260919_111654\multi_deviation_benchmark_two_same_dimension_online\symbolic_smt\run_001\component_032_events_0007_objects_0003__two_same_dimension_035.json,0,ONLINE_OK,NOT_RUN,fresh_offline_alignment,0,0,True,2,2,0,0,0.0,0.0,,,,,,,,9,0.27484879991970956,0.030538755546634395,0.06384069996420294,0,0.27484879991970956,9,0,0,0,0,0,0,0,0,1,0,0,0,0,0,0,8,6,8,6,0,1,1,2,0,0,0,0,0,0,0,0,0,0,0,0,0,0,0,0,0,0,0,0,0,3,1,2,18,1,8,0,0,0,8,6,0,0,0,0,0,0,4,4,2,0,2,0,0,6,0,2,0,9,0,3,1,0,0,0,0,0,0,0,0,0,0,0,0,0,0,0,0,0,0,0,0,0,0,0,0,0,0,0,0,0,0,0,0,0,0,0,0,0,0,0,0,0,0,0,1,0,0,0,0,0,0,0,0,0,0,0,0,0,0,0,0,0,0,0,0,0,0,0,0,0,0,0,0,0,0,0,0,0,0,0,8,7,0,0,1,0,0,0,0,0,0,0,0,0.6225248000118881,multi_deviation_benchmark_two_same_dimension_online,symbolic_smt,1,,,,,,,,,,,,,,,,,,,,,,,,,,,,,,,,,,,,,,,,,,,,,,,,,,,,,,,,,,,,,,,,,,,,,,,,,,,,,,,,,,,,,,,,,,,,,,,,,,,,,,,,,,,,,,,,,,,,,,,,,,,,,,,,,,,,,,,,,,,
component_037_events_0012_objects_0006__two_same_dimension_040.jsonocel,C:\Users\User\Documents\odacc\experiment_runs\20260919_111654\multi_deviation_benchmark_two_same_dimension_online\symbolic_smt\run_001\component_037_events_0012_objects_0006__two_same_dimension_040.json,124,OBSERVATION_TIMEOUT,NOT_RUN,fresh_offline_alignment,0,0,True,0,0,0,0,0.0,0.0,,,,,,,,6,0.208023100043647,0.034670516673941165,0.10656570002902299,,0.208023100043647,6,0,0,0,0,0,0,0,0,1,0,0,0,0,0,0,5,5,5,5,0,1,1,5,0,0,0,0,0,0,0,0,0,0,0,0,0,0,0,0,0,0,0,0,0,1,1,0,18,1,5,0,0,0,5,5,0,0,0,0,0,0,0,0,0,0,0,0,0,0,0,0,0,6,0,6,1,0,0,0,0,0,0,0,0,0,0,0,0,0,0,0,0,0,0,0,0,0,0,0,0,0,0,0,0,0,0,0,0,0,0,0,0,0,0,0,0,0,0,0,1,0,0,0,0,0,0,0,0,0,0,0,0,0,0,0,0,0,0,0,0,0,0,0,0,0,0,0,0,0,0,0,0,0,0,0,5,5,0,0,0,0,0,0,0,0,0,0,0,60.561798400012776,multi_deviation_benchmark_two_same_dimension_online,symbolic_smt,1,True,60.0,60.02993699989747,7,7,1,create_p-660318,create package,5,7,6,6,True,6,10,6,6,0,0,0,0,0,0,0,0,0,0,0,0,0,0,0,0,0,0,0,0,0,0,0,0,0,0,0,0,0,0,0,0,0,0,0,0,0,0,0,0,0,0,0,0,0,0,0,0,0,0,0,0,0,0,0,0,0,0,0,0,0,0,0,0,0,0,0,0,0,0,5,0,5,0,0,0,0,0,0,0,0,0,0,0,0,0,0,0,0,0,0,0,0,0,0,0,0,0,0,0,0,0,0,0,0,0,0,0,0,0,0,0,0,0,0,0,0,0,0,0,0,C:\Users\User\Documents\odacc\experiment_runs\20260919_111654\multi_deviation_benchmark_two_same_dimension_online\symbolic_smt\run_001\component_037_events_0012_objects_0006__two_same_dimension_040.error.txt
component_050_events_0008_objects_0004__two_same_dimension_036.jsonocel,C:\Users\User\Documents\odacc\experiment_runs\20260919_111654\multi_deviation_benchmark_two_same_dimension_online\symbolic_smt\run_001\component_050_events_0008_objects_0004__two_same_dimension_036.json,0,ONLINE_OK,NOT_RUN,fresh_offline_alignment,0,0,True,2,2,0,0,0.0,0.0,,,,,,,,10,0.3167532002553344,0.031675320025533436,0.07834510004613549,0,0.3167532002553344,10,0,0,0,0,0,0,0,0,1,0,0,0,0,0,0,9,7,9,7,0,1,1,3,0,0,0,0,0,0,0,0,0,0,0,0,0,0,0,0,0,0,0,0,0,3,1,2,18,1,9,0,0,0,9,7,0,0,0,0,0,0,4,4,2,0,2,0,0,7,0,2,0,10,0,3,1,0,0,0,0,0,0,0,0,0,0,0,0,0,0,0,0,0,0,0,0,0,0,0,0,0,0,0,0,0,0,0,0,0,0,0,0,0,0,0,0,0,0,0,1,0,0,0,0,0,0,0,0,0,0,0,0,0,0,0,0,0,0,0,0,0,0,0,0,0,0,0,0,0,0,0,0,0,0,0,9,8,0,0,1,0,0,0,0,0,0,0,0,0.620990699972026,multi_deviation_benchmark_two_same_dimension_online,symbolic_smt,1,,,,,,,,,,,,,,,,,,,,,,,,,,,,,,,,,,,,,,,,,,,,,,,,,,,,,,,,,,,,,,,,,,,,,,,,,,,,,,,,,,,,,,,,,,,,,,,,,,,,,,,,,,,,,,,,,,,,,,,,,,,,,,,,,,,,,,,,,,,
component_057_events_0011_objects_0005__two_same_dimension_039.jsonocel,C:\Users\User\Documents\odacc\experiment_runs\20260919_111654\multi_deviation_benchmark_two_same_dimension_online\symbolic_smt\run_001\component_057_events_0011_objects_0005__two_same_dimension_039.json,124,OBSERVATION_TIMEOUT,NOT_RUN,fresh_offline_alignment,0,0,True,0,0,0,0,0.0,0.0,,,,,,,,6,0.1951665001688525,0.03252775002814209,0.09402120008599013,,0.1951665001688525,6,0,0,0,0,0,0,0,0,1,0,0,0,0,0,0,5,5,5,5,0,1,1,4,0,0,0,0,0,0,0,0,0,0,0,0,0,0,0,0,0,0,0,0,0,1,1,0,18,1,5,0,0,0,5,5,0,0,0,0,0,0,2,2,0,0,0,0,0,0,0,1,0,6,0,6,1,0,0,0,0,0,0,0,0,0,0,0,0,0,0,0,0,0,0,0,0,0,0,0,0,0,0,0,0,0,0,0,0,0,0,0,0,0,0,0,0,0,0,0,1,0,0,0,0,0,0,0,0,0,0,0,0,0,0,0,0,0,0,0,0,0,0,0,0,0,0,0,0,0,0,0,0,0,0,0,5,5,0,0,0,0,0,0,0,0,0,0,0,60.583662100019865,multi_deviation_benchmark_two_same_dimension_online,symbolic_smt,1,True,60.0,60.06207210000139,7,7,1,create_p-660867,create package,4,7,5,6,True,6,9,6,6,0,0,0,0,0,0,0,0,0,0,0,0,0,0,0,0,0,0,0,0,0,0,0,0,0,0,0,0,0,0,0,0,0,0,0,0,0,0,0,0,0,0,0,0,0,0,0,0,0,0,0,0,0,0,0,0,0,0,0,0,0,0,0,0,0,0,0,0,0,0,5,0,5,0,0,0,0,0,0,0,0,0,0,0,0,0,0,0,0,0,0,0,0,0,0,0,0,0,0,0,0,0,0,0,0,0,0,0,0,0,0,0,0,0,0,0,0,0,0,0,0,C:\Users\User\Documents\odacc\experiment_runs\20260919_111654\multi_deviation_benchmark_two_same_dimension_online\symbolic_smt\run_001\component_057_events_0011_objects_0005__two_same_dimension_039.error.txt
component_058_events_0009_objects_0005__two_same_dimension_037.jsonocel,C:\Users\User\Documents\odacc\experiment_runs\20260919_111654\multi_deviation_benchmark_two_same_dimension_online\symbolic_smt\run_001\component_058_events_0009_objects_0005__two_same_dimension_037.json,0,ONLINE_OK,NOT_RUN,fresh_offline_alignment,0,0,True,2,0,2,0,0.023305799928493798,0.004615299985744059,,,,,,,,9,0.5010216997470707,0.05566907774967452,0.2532379999756813,0,0.5010216997470707,9,0,0,0,0,0,0,0,0,1,0,0,0,0,0,0,8,6,9,6,0,1,1,4,0,0,0,0,0,0,0,0,0,0,0,0,0,0,0,0,0,0,0,0,0,2,2,0,37,5,8,0,0,0,9,7,0,0,0,0,0,0,6,6,1,1,0,0,3,6,1,3,3,7,0,5,1,0,0,0,0,0,0,0,0,0,0,0,0,0,0,0,0,0,0,0,0,0,0,0,0,0,0,0,0,0,0,0,0,0,0,0,0,0,0,0,0,0,0,0,1,0,0,0,0,0,0,0,0,0,1,1,7,0,0,0,0,0,0,0,7,7,0,0,0,0,0,0,0,0,0,0,0,0,0,0,8,7,0,0,1,0,0,0,0,0,0,0,0,0.8248547000112012,multi_deviation_benchmark_two_same_dimension_online,symbolic_smt,1,,,,,,,,,,,,,,,,,,,,,,,,,,,,,,,,,,,,,,,,,,,,,,,,,,,,,,,,,,,,,,,,,,,,,,,,,,,,,,,,,,,,,,,,,,,,,,,,,,,,,,,,,,,,,,,,,,,,,,,,,,,,,,,,,,,,,,,,,,,
component_059_events_0010_objects_0006__two_same_dimension_038.jsonocel,C:\Users\User\Documents\odacc\experiment_runs\20260919_111654\multi_deviation_benchmark_two_same_dimension_online\symbolic_smt\run_001\component_059_events_0010_objects_0006__two_same_dimension_038.json,124,OBSERVATION_TIMEOUT,NOT_RUN,fresh_offline_alignment,0,0,True,0,0,0,0,0.0,0.0,,,,,,,,6,0.2066270998911932,0.03443784998186553,0.10709780000615865,,0.2066270998911932,6,0,0,0,0,0,0,0,0,1,0,0,0,0,0,0,5,5,5,5,0,1,1,5,0,0,0,0,0,0,0,0,0,0,0,0,0,0,0,0,0,0,0,0,0,1,1,0,18,1,5,0,0,0,5,5,0,0,0,0,0,0,0,0,0,0,0,0,0,0,0,0,0,6,0,6,1,0,0,0,0,0,0,0,0,0,0,0,0,0,0,0,0,0,0,0,0,0,0,0,0,0,0,0,0,0,0,0,0,0,0,0,0,0,0,0,0,0,0,0,1,0,0,0,0,0,0,0,0,0,0,0,0,0,0,0,0,0,0,0,0,0,0,0,0,0,0,0,0,0,0,0,0,0,0,0,5,5,0,0,0,0,0,0,0,0,0,0,0,60.55233129998669,multi_deviation_benchmark_two_same_dimension_online,symbolic_smt,1,True,60.0,60.01914849993773,7,7,1,create_p-660955,create package,3,7,6,6,True,6,10,6,6,0,0,0,0,0,0,0,0,0,0,0,0,0,0,0,0,0,0,0,0,0,0,0,0,0,0,0,0,0,0,0,0,0,0,0,0,0,0,0,0,0,0,0,0,0,0,0,0,0,0,0,0,0,0,0,0,0,0,0,0,0,0,0,0,0,0,0,0,0,0,5,0,5,0,0,0,0,0,0,0,0,0,0,0,0,0,0,0,0,0,0,0,0,0,0,0,0,0,0,0,0,0,0,0,0,0,0,0,0,0,0,0,0,0,0,0,0,0,0,0,0,C:\Users\User\Documents\odacc\experiment_runs\20260919_111654\multi_deviation_benchmark_two_same_dimension_online\symbolic_smt\run_001\component_059_events_0010_objects_0006__two_same_dimension_038.error.txt
component_064_events_0116_objects_0055__two_same_dimension_046.jsonocel,C:\Users\User\Documents\odacc\experiment_runs\20260919_111654\multi_deviation_benchmark_two_same_dimension_online\symbolic_smt\run_001\component_064_events_0116_objects_0055__two_same_dimension_046.json,0,ONLINE_OK,NOT_RUN,fresh_offline_alignment,0,0,True,2,2,0,0,0.0,0.0,,,,,,,,118,10.673492198926397,0.09045332371971522,0.2525211999891326,0,10.673492198926397,118,0,0,0,0,0,0,0,0,18,0,0,0,0,6,6,106,104,106,104,0,12,12,48,6,0,0,0,0,0,0,0,0,0,0,0,0,0,0,0,0,0,0,0,0,14,12,2,225,5,106,0,0,0,106,104,0,0,0,0,0,0,38,38,2,0,2,0,0,41,0,13,0,112,0,77,18,6,6,0,33,6,0,0,0,0,0,0,0,0,6,6,0,0,0,2,0,0,0,0,0,0,0,0,0,0,0,0,0,0,0,0,0,0,0,0,0,0,0,0,12,0,0,0,0,0,0,0,0,2,0,0,0,0,0,0,0,0,0,0,0,0,0,0,0,0,0,0,0,0,0,0,0,0,0,0,100,99,0,0,7,0,0,0,0,0,0,0,0,19.315589800011367,multi_deviation_benchmark_two_same_dimension_online,symbolic_smt,1,,,,,,,,,,,,,,,,,,,,,,,,,,,,,,,,,,,,,,,,,,,,,,,,,,,,,,,,,,,,,,,,,,,,,,,,,,,,,,,,,,,,,,,,,,,,,,,,,,,,,,,,,,,,,,,,,,,,,,,,,,,,,,,,,,,,,,,,,,,
component_067_events_0063_objects_0031__two_same_dimension_045.jsonocel,C:\Users\User\Documents\odacc\experiment_runs\20260919_111654\multi_deviation_benchmark_two_same_dimension_online\symbolic_smt\run_001\component_067_events_0063_objects_0031__two_same_dimension_045.json,0,ONLINE_OK,NOT_RUN,fresh_offline_alignment,0,0,True,2,2,0,0,0.0,0.0,,,,,,,,61,2.197348799672909,0.03602211147004769,0.1244277999503538,0,2.197348799672909,61,0,0,0,0,0,0,0,0,10,0,0,0,0,3,3,54,52,54,52,0,7,7,28,3,0,0,0,0,0,0,0,0,0,0,0,0,0,0,0,0,0,0,0,0,11,7,2,151,4,54,0,0,0,54,52,0,0,0,0,0,0,16,16,2,0,2,0,0,15,0,7,0,58,0,46,10,3,3,0,15,3,0,0,0,0,0,0,0,0,3,3,0,0,0,1,0,0,0,0,0,0,0,0,0,0,0,0,0,0,0,0,0,0,0,0,0,0,0,0,7,0,0,0,0,0,0,0,0,1,0,0,0,0,0,0,0,0,0,0,0,0,0,0,0,0,0,0,0,0,0,0,0,0,0,0,51,51,0,0,9,0,0,0,0,0,0,0,0,3.5175652999896556,multi_deviation_benchmark_two_same_dimension_online,symbolic_smt,1,,,,,,,,,,,,,,,,,,,,,,,,,,,,,,,,,,,,,,,,,,,,,,,,,,,,,,,,,,,,,,,,,,,,,,,,,,,,,,,,,,,,,,,,,,,,,,,,,,,,,,,,,,,,,,,,,,,,,,,,,,,,,,,,,,,,,,,,,,,
component_001_events_0030_objects_0020__two_mixed_026.jsonocel,C:\Users\User\Documents\odacc\experiment_runs\20260919_111654\multi_deviation_benchmark_two_mixed_online\symbolic_smt\run_001\component_001_events_0030_objects_0020__two_mixed_026.json,0,ONLINE_OK,NOT_RUN,fresh_offline_alignment,0,0,True,2,0,1,1,0.0,0.0,,,,,,,,30,2.0049961000913754,0.06683320333637918,0.8198629999533296,0,2.0049961000913754,30,0,0,0,0,0,1,0,0,5,0,0,0,0,1,1,26,24,27,24,0,4,4,19,1,0,0,0,0,0,0,0,0,0,0,0,0,0,0,0,0,0,0,0,0,6,6,0,100,27,26,0,0,0,27,25,0,0,0,0,0,0,12,12,2,2,0,0,2,8,2,5,2,28,0,24,5,1,1,0,4,1,0,0,0,0,0,0,0,0,1,1,0,0,0,0,0,0,0,0,0,0,0,0,0,0,0,0,0,0,0,0,0,0,0,0,0,0,0,0,4,0,0,0,0,0,0,0,0,0,1,1,469,1,0,0,0,0,0,0,470,470,0,0,0,0,0,0,0,0,0,0,0,0,0,0,25,25,0,0,2,1,0,0,0,0,0,0,0,2.4333606000291184,multi_deviation_benchmark_two_mixed_online,symbolic_smt,1,,,,,,,,,,,,,,,,,,,,,,,,,,,,,,,,,,,,,,,,,,,,,,,,,,,,,,,,,,,,,,,,,,,,,,,,,,,,,,,,,,,,,,,,,,,,,,,,,,,,,,,,,,,,,,,,,,,,,,,,,,,,,,,,,,,,,,,,,,,
component_002_events_0028_objects_0013__two_mixed_024.jsonocel,C:\Users\User\Documents\odacc\experiment_runs\20260919_111654\multi_deviation_benchmark_two_mixed_online\symbolic_smt\run_001\component_002_events_0028_objects_0013__two_mixed_024.json,0,ONLINE_OK,NOT_RUN,fresh_offline_alignment,0,0,True,2,1,1,0,0.0,0.0,,,,,,,,29,1.0127757996087894,0.03492330343478584,0.19569620001129806,0,1.0127757996087894,29,0,0,0,0,0,0,0,0,3,0,0,0,0,1,1,27,25,27,25,0,2,2,11,1,0,0,0,0,0,0,0,0,0,0,0,0,0,0,0,0,0,0,0,0,4,3,1,48,3,27,0,0,0,27,25,0,0,0,0,0,0,8,8,2,1,1,0,1,21,1,3,1,27,0,9,3,1,1,0,11,1,0,0,0,0,0,0,0,0,1,1,0,0,0,0,0,0,0,0,0,0,0,0,0,0,0,0,0,0,0,0,0,0,0,0,0,0,0,0,2,0,0,0,0,0,0,0,0,0,0,0,0,0,0,0,0,0,0,0,0,0,0,0,0,0,0,0,0,0,0,0,0,0,0,0,26,25,0,0,2,0,0,0,0,0,0,0,0,1.5397998000262305,multi_deviation_benchmark_two_mixed_online,symbolic_smt,1,,,,,,,,,,,,,,,,,,,,,,,,,,,,,,,,,,,,,,,,,,,,,,,,,,,,,,,,,,,,,,,,,,,,,,,,,,,,,,,,,,,,,,,,,,,,,,,,,,,,,,,,,,,,,,,,,,,,,,,,,,,,,,,,,,,,,,,,,,,
component_003_events_0022_objects_0011__two_mixed_022.jsonocel,C:\Users\User\Documents\odacc\experiment_runs\20260919_111654\multi_deviation_benchmark_two_mixed_online\symbolic_smt\run_001\component_003_events_0022_objects_0011__two_mixed_022.json,124,OBSERVATION_TIMEOUT,NOT_RUN,fresh_offline_alignment,0,0,True,0,0,0,0,0.0,0.0,,,,,,,,11,0.3572657002368942,0.032478700021535835,0.16072639997582883,,0.3572657002368942,11,0,0,0,0,0,0,0,0,1,0,0,0,0,0,0,10,10,10,10,0,1,1,9,0,0,0,0,0,0,0,0,0,0,0,0,0,0,0,0,0,0,0,0,0,1,1,0,18,1,10,0,0,0,10,10,0,0,0,0,0,0,0,0,0,0,0,0,0,0,0,0,0,11,0,11,1,0,0,0,0,0,0,0,0,0,0,0,0,0,0,0,0,0,0,0,0,0,0,0,0,0,0,0,0,0,0,0,0,0,0,0,0,0,0,0,0,0,0,0,1,0,0,0,0,0,0,0,0,0,0,0,0,0,0,0,0,0,0,0,0,0,0,0,0,0,0,0,0,0,0,0,0,0,0,0,10,10,0,0,0,0,0,0,0,0,0,0,0,60.71548749995418,multi_deviation_benchmark_two_mixed_online,symbolic_smt,1,True,60.0,60.019404700025916,12,12,1,create_p-660002,create package,8,12,10,11,True,11,21,11,11,0,0,0,0,0,0,0,0,0,0,0,0,0,0,0,0,0,0,0,0,0,0,0,0,0,0,0,0,0,0,0,0,0,0,0,0,0,0,0,0,0,0,0,0,0,0,0,0,0,0,0,0,0,0,0,0,0,0,0,0,0,0,0,0,0,0,0,0,0,0,10,0,10,0,0,0,0,0,0,0,0,0,0,0,0,0,0,0,0,0,0,0,0,0,0,0,0,0,0,0,0,0,0,0,0,0,0,0,0,0,0,0,0,0,0,0,0,0,0,0,0,C:\Users\User\Documents\odacc\experiment_runs\20260919_111654\multi_deviation_benchmark_two_mixed_online\symbolic_smt\run_001\component_003_events_0022_objects_0011__two_mixed_022.error.txt
component_004_events_0013_objects_0009__two_mixed_017.jsonocel,C:\Users\User\Documents\odacc\experiment_runs\20260919_111654\multi_deviation_benchmark_two_mixed_online\symbolic_smt\run_001\component_004_events_0013_objects_0009__two_mixed_017.json,0,ONLINE_OK,NOT_RUN,fresh_offline_alignment,0,0,True,2,1,1,0,0.0,0.0,,,,,,,,14,0.44407560012768954,0.031719685723406395,0.14804400003049523,0,0.44407560012768954,14,0,0,0,0,0,0,0,0,1,0,0,0,0,0,0,13,11,14,11,0,1,1,8,0,0,0,0,0,0,0,0,0,0,0,0,0,0,0,0,0,0,0,0,0,2,1,1,18,1,13,0,0,0,14,12,0,0,0,0,0,0,6,6,1,0,1,0,2,9,0,3,2,13,0,6,1,0,0,0,0,0,0,0,0,0,0,0,0,0,0,0,0,0,0,0,0,0,0,0,0,0,0,0,0,0,0,0,0,0,0,0,0,0,0,0,0,0,0,0,1,0,0,0,0,0,0,0,0,0,1,1,63,0,0,0,0,0,0,0,63,63,0,0,0,0,0,0,0,0,0,0,0,0,0,0,13,12,0,0,1,0,0,0,0,0,0,0,0,0.8264961999375373,multi_deviation_benchmark_two_mixed_online,symbolic_smt,1,,,,,,,,,,,,,,,,,,,,,,,,,,,,,,,,,,,,,,,,,,,,,,,,,,,,,,,,,,,,,,,,,,,,,,,,,,,,,,,,,,,,,,,,,,,,,,,,,,,,,,,,,,,,,,,,,,,,,,,,,,,,,,,,,,,,,,,,,,,
component_005_events_0035_objects_0016__two_mixed_028.jsonocel,C:\Users\User\Documents\odacc\experiment_runs\20260919_111654\multi_deviation_benchmark_two_mixed_online\symbolic_smt\run_001\component_005_events_0035_objects_0016__two_mixed_028.json,124,OBSERVATION_TIMEOUT,NOT_RUN,fresh_offline_alignment,0,0,True,0,0,0,0,0.0,0.0,,,,,,,,21,0.6736373002640903,0.0320779666792424,0.151577900047414,,0.6736373002640903,21,0,0,0,0,0,0,0,0,2,0,0,0,0,0,0,19,19,19,19,0,2,2,14,0,0,0,0,0,0,0,0,0,0,0,0,0,0,0,0,0,0,0,0,0,2,2,0,34,1,19,0,0,0,19,19,0,0,0,0,0,0,2,2,0,0,0,0,0,0,0,1,0,21,0,21,2,0,0,0,0,0,0,0,0,0,0,0,0,0,0,0,0,0,0,0,0,0,0,0,0,0,0,0,0,0,0,0,0,0,0,0,0,0,0,0,0,0,0,0,2,0,0,0,0,0,0,0,0,0,0,0,0,0,0,0,0,0,0,0,0,0,0,0,0,0,0,0,0,0,0,0,0,0,0,0,19,19,0,0,0,0,0,0,0,0,0,0,0,61.121625200030394,multi_deviation_benchmark_two_mixed_online,symbolic_smt,1,True,60.0,60.01621399994474,22,22,3,create_p-660005,create package,11,22,15,21,True,21,34,21,21,0,0,0,0,0,0,0,0,0,0,0,0,0,0,0,0,0,0,0,0,0,0,0,0,0,0,0,0,0,0,0,0,0,0,0,0,0,0,0,0,0,0,0,0,0,0,0,0,0,0,0,0,0,0,0,0,0,0,0,0,0,0,0,0,0,0,0,0,0,0,19,0,19,0,0,0,0,0,0,0,0,0,0,0,0,0,0,0,0,0,0,0,0,0,0,0,0,0,0,0,0,0,0,0,0,0,0,0,0,0,0,0,0,0,0,0,0,0,0,0,0,C:\Users\User\Documents\odacc\experiment_runs\20260919_111654\multi_deviation_benchmark_two_mixed_online\symbolic_smt\run_001\component_005_events_0035_objects_0016__two_mixed_028.error.txt
component_006_events_0031_objects_0015__two_mixed_027.jsonocel,C:\Users\User\Documents\odacc\experiment_runs\20260919_111654\multi_deviation_benchmark_two_mixed_online\symbolic_smt\run_001\component_006_events_0031_objects_0015__two_mixed_027.json,0,ONLINE_OK,NOT_RUN,fresh_offline_alignment,0,0,True,2,0,1,1,0.0,0.0,,,,,,,,31,1.4708643998019397,0.04744723870328838,0.4783304000739008,0,1.4708643998019397,31,0,0,0,0,0,1,0,0,5,0,0,0,0,2,2,28,26,31,26,0,3,3,13,2,0,0,0,0,0,0,0,0,0,0,0,0,0,0,0,0,0,0,0,0,5,5,0,77,7,28,0,0,0,31,27,0,0,0,0,0,0,12,12,2,2,0,0,2,17,2,4,2,28,0,16,5,2,2,0,12,2,0,0,0,0,0,0,0,0,2,2,0,0,0,0,0,0,0,0,0,0,0,0,0,0,0,0,0,0,0,0,0,0,0,0,0,0,0,0,3,0,0,0,0,0,0,0,0,0,1,1,25,19,0,0,0,0,0,0,32,32,8,6,0,0,0,0,0,0,0,0,0,0,0,0,26,26,0,0,3,1,0,0,0,0,0,0,0,2.054630999919027,multi_deviation_benchmark_two_mixed_online,symbolic_smt,1,,,,,,,,,,,,,,,,,,,,,,,,,,,,,,,,,,,,,,,,,,,,,,,,,,,,,,,,,,,,,,,,,,,,,,,,,,,,,,,,,,,,,,,,,,,,,,,,,,,,,,,,,,,,,,,,,,,,,,,,,,,,,,,,,,,,,,,,,,,
component_009_events_0015_objects_0008__two_mixed_019.jsonocel,C:\Users\User\Documents\odacc\experiment_runs\20260919_111654\multi_deviation_benchmark_two_mixed_online\symbolic_smt\run_001\component_009_events_0015_objects_0008__two_mixed_019.json,124,OBSERVATION_TIMEOUT,NOT_RUN,fresh_offline_alignment,0,0,True,0,0,0,0,0.0,0.0,,,,,,,,9,0.28605259978212416,0.0317836221980138,0.13071500009391457,,0.28605259978212416,9,0,0,0,0,0,0,0,0,1,0,0,0,0,0,0,8,8,8,8,0,1,1,7,0,0,0,0,0,0,0,0,0,0,0,0,0,0,0,0,0,0,0,0,0,1,1,0,18,1,8,0,0,0,8,8,0,0,0,0,0,0,0,0,0,0,0,0,0,0,0,0,0,9,0,9,1,0,0,0,0,0,0,0,0,0,0,0,0,0,0,0,0,0,0,0,0,0,0,0,0,0,0,0,0,0,0,0,0,0,0,0,0,0,0,0,0,0,0,0,1,0,0,0,0,0,0,0,0,0,0,0,0,0,0,0,0,0,0,0,0,0,0,0,0,0,0,0,0,0,0,0,0,0,0,0,8,8,0,0,0,0,0,0,0,0,0,0,0,60.70102939999197,multi_deviation_benchmark_two_mixed_online,symbolic_smt,1,True,60.0,60.0863256000448,10,10,1,create_p-660009,create package,7,10,8,9,True,9,14,9,9,0,0,0,0,0,0,0,0,0,0,0,0,0,0,0,0,0,0,0,0,0,0,0,0,0,0,0,0,0,0,0,0,0,0,0,0,0,0,0,0,0,0,0,0,0,0,0,0,0,0,0,0,0,0,0,0,0,0,0,0,0,0,0,0,0,0,0,0,0,0,8,0,8,0,0,0,0,0,0,0,0,0,0,0,0,0,0,0,0,0,0,0,0,0,0,0,0,0,0,0,0,0,0,0,0,0,0,0,0,0,0,0,0,0,0,0,0,0,0,0,0,C:\Users\User\Documents\odacc\experiment_runs\20260919_111654\multi_deviation_benchmark_two_mixed_online\symbolic_smt\run_001\component_009_events_0015_objects_0008__two_mixed_019.error.txt
component_011_events_0028_objects_0017__two_mixed_025.jsonocel,C:\Users\User\Documents\odacc\experiment_runs\20260919_111654\multi_deviation_benchmark_two_mixed_online\symbolic_smt\run_001\component_011_events_0028_objects_0017__two_mixed_025.json,124,OBSERVATION_TIMEOUT,NOT_RUN,fresh_offline_alignment,0,0,True,0,0,0,0,0.0,0.0,,,,,,,,21,0.6984051000326872,0.03325738571584225,0.1387331000296399,,0.6984051000326872,21,0,0,0,0,0,0,0,0,3,0,0,0,0,0,0,18,18,18,18,0,3,3,16,0,0,0,0,0,0,0,0,0,0,0,0,0,0,0,0,0,0,0,0,0,3,3,0,47,1,18,0,0,0,18,18,0,0,0,0,0,0,2,2,0,0,0,0,0,0,0,1,0,21,0,21,3,0,0,0,0,0,0,0,0,0,0,0,0,0,0,0,0,0,0,0,0,0,0,0,0,0,0,0,0,0,0,0,0,0,0,0,0,0,0,0,0,0,0,0,3,0,0,0,0,0,0,0,0,0,0,0,0,0,0,0,0,0,0,0,0,0,0,0,0,0,0,0,0,0,0,0,0,0,0,0,18,18,0,0,0,0,0,0,0,0,0,0,0,61.16993720002938,multi_deviation_benchmark_two_mixed_online,symbolic_smt,1,True,60.0,60.0600729000289,22,22,4,create_p-660011,create package,14,22,17,21,True,21,27,21,21,0,0,0,0,0,0,0,0,0,0,0,0,0,0,0,0,0,0,0,0,0,0,0,0,0,0,0,0,0,0,0,0,0,0,0,0,0,0,0,0,0,0,0,0,0,0,0,0,0,0,0,0,0,0,0,0,0,0,0,0,0,0,0,0,0,0,0,0,0,0,18,0,18,0,0,0,0,0,0,0,0,0,0,0,0,0,0,0,0,0,0,0,0,0,0,0,0,0,0,0,0,0,0,0,0,0,0,0,0,0,0,0,0,0,0,0,0,0,0,0,0,C:\Users\User\Documents\odacc\experiment_runs\20260919_111654\multi_deviation_benchmark_two_mixed_online\symbolic_smt\run_001\component_011_events_0028_objects_0017__two_mixed_025.error.txt
component_014_events_0102_objects_0053__two_mixed_033.jsonocel,C:\Users\User\Documents\odacc\experiment_runs\20260919_111654\multi_deviation_benchmark_two_mixed_online\symbolic_smt\run_001\component_014_events_0102_objects_0053__two_mixed_033.json,0,ONLINE_OK,NOT_RUN,fresh_offline_alignment,0,0,True,2,0,1,1,0.0,0.0,,,,,,,,102,9.535366699681617,0.09348398725178056,0.3812590000452474,0,9.535366699681617,102,0,0,0,0,0,1,0,0,14,0,0,0,0,5,5,93,91,94,91,0,9,9,47,5,0,0,0,0,0,0,0,0,0,0,0,0,0,0,0,0,0,0,0,0,11,11,0,232,13,93,0,0,0,94,92,0,0,0,0,0,0,32,32,2,2,0,0,2,55,2,11,2,96,0,49,14,5,5,0,52,5,0,0,0,0,0,0,0,0,5,5,0,0,0,0,0,0,0,0,0,0,0,0,0,0,0,0,0,0,0,0,0,0,0,0,0,0,0,0,9,0,0,0,0,0,0,0,0,0,1,1,7,1,0,0,0,0,0,0,14,14,8,6,0,0,0,0,0,0,0,0,0,0,0,0,88,87,0,0,7,1,0,0,0,0,0,0,0,17.127649700036272,multi_deviation_benchmark_two_mixed_online,symbolic_smt,1,,,,,,,,,,,,,,,,,,,,,,,,,,,,,,,,,,,,,,,,,,,,,,,,,,,,,,,,,,,,,,,,,,,,,,,,,,,,,,,,,,,,,,,,,,,,,,,,,,,,,,,,,,,,,,,,,,,,,,,,,,,,,,,,,,,,,,,,,,,
component_020_events_0022_objects_0009__two_mixed_023.jsonocel,C:\Users\User\Documents\odacc\experiment_runs\20260919_111654\multi_deviation_benchmark_two_mixed_online\symbolic_smt\run_001\component_020_events_0022_objects_0009__two_mixed_023.json,0,ONLINE_OK,NOT_RUN,fresh_offline_alignment,0,0,True,2,1,1,0,0.0,0.0,,,,,,,,23,0.666901700431481,0.028995726105716567,0.14729880006052554,0,0.666901700431481,23,0,0,0,0,0,0,0,0,1,0,0,0,0,0,0,22,20,23,20,0,1,1,8,0,0,0,0,0,0,0,0,0,0,0,0,0,0,0,0,0,0,0,0,0,2,1,1,18,1,22,0,0,0,23,21,0,0,0,0,0,0,6,6,1,0,1,0,2,17,0,3,2,22,0,7,1,0,0,0,0,0,0,0,0,0,0,0,0,0,0,0,0,0,0,0,0,0,0,0,0,0,0,0,0,0,0,0,0,0,0,0,0,0,0,0,0,0,0,0,1,0,0,0,0,0,0,0,0,0,1,1,63,0,0,0,0,0,0,0,63,63,0,0,0,0,0,0,0,0,0,0,0,0,0,0,22,21,0,0,1,0,0,0,0,0,0,0,0,1.1470046000322327,multi_deviation_benchmark_two_mixed_online,symbolic_smt,1,,,,,,,,,,,,,,,,,,,,,,,,,,,,,,,,,,,,,,,,,,,,,,,,,,,,,,,,,,,,,,,,,,,,,,,,,,,,,,,,,,,,,,,,,,,,,,,,,,,,,,,,,,,,,,,,,,,,,,,,,,,,,,,,,,,,,,,,,,,
component_021_events_0013_objects_0005__two_mixed_018.jsonocel,C:\Users\User\Documents\odacc\experiment_runs\20260919_111654\multi_deviation_benchmark_two_mixed_online\symbolic_smt\run_001\component_021_events_0013_objects_0005__two_mixed_018.json,0,ONLINE_OK,NOT_RUN,fresh_offline_alignment,0,0,True,2,1,1,0,0.0,0.0,,,,,,,,14,0.5552926997188479,0.03966376426563199,0.20304299995768815,0,0.5552926997188479,14,0,0,0,0,0,0,0,0,1,0,0,0,0,0,0,13,11,13,11,0,1,1,3,0,0,0,0,0,0,0,0,0,0,0,0,0,0,0,0,0,0,0,0,0,3,2,1,34,4,13,0,0,0,13,11,0,0,0,0,0,0,6,6,2,1,1,0,1,13,1,3,1,13,0,2,1,0,0,0,0,0,0,0,0,0,0,0,0,0,0,0,0,0,0,0,0,0,0,0,0,0,0,0,0,0,0,0,0,0,0,0,0,0,0,0,0,0,0,0,1,0,0,0,0,0,0,0,0,0,0,0,0,0,0,0,0,0,0,0,0,0,0,0,0,0,0,0,0,0,0,0,0,0,0,0,13,11,0,0,2,0,0,0,0,0,0,0,0,0.9302387000061572,multi_deviation_benchmark_two_mixed_online,symbolic_smt,1,,,,,,,,,,,,,,,,,,,,,,,,,,,,,,,,,,,,,,,,,,,,,,,,,,,,,,,,,,,,,,,,,,,,,,,,,,,,,,,,,,,,,,,,,,,,,,,,,,,,,,,,,,,,,,,,,,,,,,,,,,,,,,,,,,,,,,,,,,,
component_024_events_0010_objects_0005__two_mixed_009.jsonocel,C:\Users\User\Documents\odacc\experiment_runs\20260919_111654\multi_deviation_benchmark_two_mixed_online\symbolic_smt\run_001\component_024_events_0010_objects_0005__two_mixed_009.json,0,ONLINE_OK,NOT_RUN,fresh_offline_alignment,0,0,True,2,0,1,1,0.0,0.0,,,,,,,,10,3.2116508000763133,0.32116508000763133,2.736953799962066,0,3.2116508000763133,10,58,8,50,24,20,4,0,3,1,0,12,0,21,0,0,9,7,10,7,16,1,1,4,0,0,0,0,0,0,8,50,2,16,1887,23,8,18,117,83,1055,314,81,178,12,3,2,1,34,4,7,58,0,0,10,8,0,0,0,0,0,0,6,6,1,1,0,0,3,8,1,3,3,8,0,3,1,0,0,0,0,0,0,0,0,0,0,0,0,0,0,0,0,0,0,0,0,0,0,0,0,0,0,0,0,0,0,0,0,0,0,0,0,0,0,0,0,0,0,0,1,0,0,0,0,0,300,25,275,0,1,1,3,1,0,0,0,0,0,0,4,4,0,0,0,9,5,4,0,45,45,0,288,288,631,350,9,20,0,0,45,43,3,0,9,3,1,5,0,3.6369480000576004,multi_deviation_benchmark_two_mixed_online,symbolic_smt,1,,,,,,,,,,,,,,,,,,,,,,,,,,,,,,,,,,,,,,,,,,,,,,,,,,,,,,,,,,,,,,,,,,,,,,,,,,,,,,,,,,,,,,,,,,,,,,,,,,,,,,,,,,,,,,,,,,,,,,,,,,,,,,,,,,,,,,,,,,,
component_028_events_0012_objects_0008__two_mixed_015.jsonocel,C:\Users\User\Documents\odacc\experiment_runs\20260919_111654\multi_deviation_benchmark_two_mixed_online\symbolic_smt\run_001\component_028_events_0012_objects_0008__two_mixed_015.json,0,ONLINE_OK,NOT_RUN,fresh_offline_alignment,0,0,True,2,0,1,1,0.0,0.0,,,,,,,,12,0.677865500212647,0.05648879168438725,0.32826659991405904,0,0.677865500212647,12,0,0,0,0,0,0,0,1,1,0,0,0,0,0,0,11,9,13,9,0,1,1,7,0,0,0,0,0,0,0,0,0,0,0,0,0,0,0,0,0,0,0,0,0,2,1,1,35,2,11,0,1,0,13,11,0,0,0,0,0,0,8,8,1,0,1,0,4,5,0,4,4,10,0,8,1,0,0,0,0,0,0,0,0,0,0,0,0,0,0,0,0,0,0,0,0,0,0,0,0,0,0,0,0,0,0,0,0,0,0,0,0,0,0,0,0,0,0,0,1,0,0,0,0,0,0,0,0,0,2,2,66,1,0,0,0,0,0,0,67,67,0,0,0,0,0,0,0,0,0,0,0,0,0,0,11,10,0,0,1,0,0,0,0,0,0,0,0,1.024963099975139,multi_deviation_benchmark_two_mixed_online,symbolic_smt,1,,,,,,,,,,,,,,,,,,,,,,,,,,,,,,,,,,,,,,,,,,,,,,,,,,,,,,,,,,,,,,,,,,,,,,,,,,,,,,,,,,,,,,,,,,,,,,,,,,,,,,,,,,,,,,,,,,,,,,,,,,,,,,,,,,,,,,,,,,,
component_029_events_0021_objects_0010__two_mixed_021.jsonocel,C:\Users\User\Documents\odacc\experiment_runs\20260919_111654\multi_deviation_benchmark_two_mixed_online\symbolic_smt\run_001\component_029_events_0021_objects_0010__two_mixed_021.json,0,ONLINE_OK,NOT_RUN,fresh_offline_alignment,0,0,True,2,0,1,1,0.0,0.0,,,,,,,,21,0.9167072002310306,0.04365272382052526,0.3676714999601245,0,0.9167072002310306,21,0,0,0,0,0,0,0,1,1,0,0,0,0,0,0,20,18,22,18,0,1,1,8,0,0,0,0,0,0,0,0,0,0,0,0,0,0,0,0,0,0,0,0,0,2,1,1,36,4,20,0,1,0,22,20,0,0,0,0,0,0,10,10,1,0,1,0,4,13,0,5,4,19,0,9,1,0,0,0,0,0,0,0,0,0,0,0,0,0,0,0,0,0,0,0,0,0,0,0,0,0,0,0,0,0,0,0,0,0,0,0,0,0,0,0,0,0,0,0,1,0,0,0,0,0,0,0,0,0,2,2,88,1,0,0,0,0,0,0,91,91,2,2,0,0,0,0,0,0,0,0,0,0,0,0,20,18,0,0,2,0,0,0,0,0,0,0,0,1.3411577000515535,multi_deviation_benchmark_two_mixed_online,symbolic_smt,1,,,,,,,,,,,,,,,,,,,,,,,,,,,,,,,,,,,,,,,,,,,,,,,,,,,,,,,,,,,,,,,,,,,,,,,,,,,,,,,,,,,,,,,,,,,,,,,,,,,,,,,,,,,,,,,,,,,,,,,,,,,,,,,,,,,,,,,,,,,
component_030_events_0061_objects_0033__two_mixed_030.jsonocel,C:\Users\User\Documents\odacc\experiment_runs\20260919_111654\multi_deviation_benchmark_two_mixed_online\symbolic_smt\run_001\component_030_events_0061_objects_0033__two_mixed_030.json,0,ONLINE_OK,NOT_RUN,fresh_offline_alignment,0,0,True,2,1,1,0,0.0,0.0,,,,,,,,62,3.4710309993242845,0.0559843709568433,0.5389556000009179,0,3.4710309993242845,62,0,0,0,0,0,0,0,0,6,0,0,0,0,2,2,58,56,58,56,0,4,4,28,2,0,0,0,0,0,0,0,0,0,0,0,0,0,0,0,0,0,0,0,0,6,5,1,80,12,58,0,0,0,58,56,0,0,0,0,0,0,18,18,2,1,1,0,1,32,1,7,1,59,0,31,6,2,2,0,25,2,0,0,0,0,0,0,0,0,2,2,0,0,0,1,0,0,0,0,0,0,0,0,0,0,0,0,0,0,0,0,0,0,0,0,0,0,0,0,4,0,0,0,0,0,0,0,0,1,0,0,0,0,0,0,0,0,0,0,0,0,0,0,0,0,0,0,0,0,0,0,0,0,0,0,56,53,0,0,5,0,0,0,0,0,0,0,0,5.393829500069842,multi_deviation_benchmark_two_mixed_online,symbolic_smt,1,,,,,,,,,,,,,,,,,,,,,,,,,,,,,,,,,,,,,,,,,,,,,,,,,,,,,,,,,,,,,,,,,,,,,,,,,,,,,,,,,,,,,,,,,,,,,,,,,,,,,,,,,,,,,,,,,,,,,,,,,,,,,,,,,,,,,,,,,,,
component_031_events_0009_objects_0005__two_mixed_005.jsonocel,C:\Users\User\Documents\odacc\experiment_runs\20260919_111654\multi_deviation_benchmark_two_mixed_online\symbolic_smt\run_001\component_031_events_0009_objects_0005__two_mixed_005.json,0,ONLINE_OK,NOT_RUN,fresh_offline_alignment,0,0,True,2,1,1,0,0.0,0.0,,,,,,,,10,0.30867719976231456,0.030867719976231455,0.09292870003264397,0,0.30867719976231456,10,0,0,0,0,0,0,0,0,1,0,0,0,0,0,0,9,7,10,7,0,1,1,4,0,0,0,0,0,0,0,0,0,0,0,0,0,0,0,0,0,0,0,0,0,2,1,1,18,1,9,0,0,0,10,8,0,0,0,0,0,0,6,6,1,0,1,0,2,6,0,3,2,9,0,5,1,0,0,0,0,0,0,0,0,0,0,0,0,0,0,0,0,0,0,0,0,0,0,0,0,0,0,0,0,0,0,0,0,0,0,0,0,0,0,0,0,0,0,0,1,0,0,0,0,0,0,0,0,0,1,1,7,0,0,0,0,0,0,0,7,7,0,0,0,0,0,0,0,0,0,0,0,0,0,0,9,8,0,0,1,0,0,0,0,0,0,0,0,0.6311888999771327,multi_deviation_benchmark_two_mixed_online,symbolic_smt,1,,,,,,,,,,,,,,,,,,,,,,,,,,,,,,,,,,,,,,,,,,,,,,,,,,,,,,,,,,,,,,,,,,,,,,,,,,,,,,,,,,,,,,,,,,,,,,,,,,,,,,,,,,,,,,,,,,,,,,,,,,,,,,,,,,,,,,,,,,,
component_032_events_0007_objects_0003__two_mixed_001.jsonocel,C:\Users\User\Documents\odacc\experiment_runs\20260919_111654\multi_deviation_benchmark_two_mixed_online\symbolic_smt\run_001\component_032_events_0007_objects_0003__two_mixed_001.json,0,ONLINE_OK,NOT_RUN,fresh_offline_alignment,0,0,True,2,1,1,0,0.0,0.0,,,,,,,,6,43.31271830003243,7.218786383338738,23.212942700018175,0,43.31271830003243,6,5010,27,4983,1770,2428,353,0,13,4,0,2215,128,2223,0,0,3,2,4,2,24,1,1,2,0,0,0,0,0,0,27,4983,2,12,2226,40,9,46,194,117,1100,348,136,194,33,11,3,6,117,6,2,5010,0,0,4,2,0,0,0,0,0,0,2,2,0,0,0,0,1,1,0,2,1,3,0,2,4,0,0,0,0,0,0,0,0,0,0,0,0,0,0,0,0,0,0,0,0,0,0,0,0,0,0,0,0,0,0,0,0,0,0,0,0,0,0,0,3726,11,0,11,5292,0,0,5129,2436,0,2127,389,1738,1313,0,0,0,0,0,0,0,0,0,0,1,1,0,0,0,817,24,793,0,2451,1885,566,6536,4272,1584,778,3,907,0,0,3922,3906,69,0,838,165,20,653,1,43.77812100003939,multi_deviation_benchmark_two_mixed_online,symbolic_smt,1,,,,,,,,,,,,,,,,,,,,,,,,,,,,,,,,,,,,,,,,,,,,,,,,,,,,,,,,,,,,,,,,,,,,,,,,,,,,,,,,,,,,,,,,,,,,,,,,,,,,,,,,,,,,,,,,,,,,,,,,,,,,,,,,,,,,,,,,,,,
component_036_events_0017_objects_0008__two_mixed_020.jsonocel,C:\Users\User\Documents\odacc\experiment_runs\20260919_111654\multi_deviation_benchmark_two_mixed_online\symbolic_smt\run_001\component_036_events_0017_objects_0008__two_mixed_020.json,0,ONLINE_OK,NOT_RUN,fresh_offline_alignment,0,0,True,2,0,1,1,0.0,0.0,,,,,,,,17,0.7768465997651219,0.045696858809713053,0.3237941999686882,0,0.7768465997651219,17,0,0,0,0,0,0,0,1,3,0,0,0,0,1,1,15,13,17,13,0,2,2,7,1,0,0,0,0,0,0,0,0,0,0,0,0,0,0,0,0,0,0,0,0,3,2,1,49,3,15,0,1,0,17,15,0,0,0,0,0,0,10,10,1,0,1,0,4,11,0,5,4,14,0,7,3,1,1,0,8,1,0,0,0,0,0,0,0,0,1,1,0,0,0,0,0,0,0,0,0,0,0,0,0,0,0,0,0,0,0,0,0,0,0,0,0,0,0,0,2,0,0,0,0,0,0,0,0,0,2,2,28,1,0,0,0,0,0,0,29,29,1,1,0,0,0,0,0,0,0,0,0,0,0,0,14,13,0,0,2,0,0,0,0,0,0,0,0,1.1287666000425816,multi_deviation_benchmark_two_mixed_online,symbolic_smt,1,,,,,,,,,,,,,,,,,,,,,,,,,,,,,,,,,,,,,,,,,,,,,,,,,,,,,,,,,,,,,,,,,,,,,,,,,,,,,,,,,,,,,,,,,,,,,,,,,,,,,,,,,,,,,,,,,,,,,,,,,,,,,,,,,,,,,,,,,,,
component_037_events_0012_objects_0006__two_mixed_016.jsonocel,C:\Users\User\Documents\odacc\experiment_runs\20260919_111654\multi_deviation_benchmark_two_mixed_online\symbolic_smt\run_001\component_037_events_0012_objects_0006__two_mixed_016.json,0,ONLINE_OK,NOT_RUN,fresh_offline_alignment,0,0,True,2,1,1,0,0.0,0.0,,,,,,,,13,0.37897589977364987,0.02915199229028076,0.10796539997681975,0,0.37897589977364987,13,0,0,0,0,0,0,0,0,1,0,0,0,0,0,0,12,10,13,10,0,1,1,5,0,0,0,0,0,0,0,0,0,0,0,0,0,0,0,0,0,0,0,0,0,2,1,1,19,1,12,0,0,0,13,11,0,0,0,0,0,0,6,6,1,0,1,0,2,9,0,3,2,12,0,5,1,0,0,0,0,0,0,0,0,0,0,0,0,0,0,0,0,0,0,0,0,0,0,0,0,0,0,0,0,0,0,0,0,0,0,0,0,0,0,0,0,0,0,0,1,0,0,0,0,0,0,0,0,0,1,1,14,0,0,0,0,0,0,0,14,14,0,0,0,0,0,0,0,0,0,0,0,0,0,0,12,11,0,0,1,0,0,0,0,0,0,0,0,0.7283327999757603,multi_deviation_benchmark_two_mixed_online,symbolic_smt,1,,,,,,,,,,,,,,,,,,,,,,,,,,,,,,,,,,,,,,,,,,,,,,,,,,,,,,,,,,,,,,,,,,,,,,,,,,,,,,,,,,,,,,,,,,,,,,,,,,,,,,,,,,,,,,,,,,,,,,,,,,,,,,,,,,,,,,,,,,,
component_038_events_0008_objects_0004__two_mixed_003.jsonocel,C:\Users\User\Documents\odacc\experiment_runs\20260919_111654\multi_deviation_benchmark_two_mixed_online\symbolic_smt\run_001\component_038_events_0008_objects_0004__two_mixed_003.json,0,ONLINE_OK,NOT_RUN,fresh_offline_alignment,0,0,True,2,0,1,1,0.0,0.0,,,,,,,,8,0.4039503001840785,0.050493787523009814,0.1900076000019908,0,0.4039503001840785,8,0,0,0,0,0,0,0,1,1,0,0,0,0,0,0,7,5,9,5,0,1,1,3,0,0,0,0,0,0,0,0,0,0,0,0,0,0,0,0,0,0,0,0,0,2,1,1,33,2,7,0,1,0,9,7,0,0,0,0,0,0,8,8,1,0,1,0,4,5,0,4,4,6,0,4,1,0,0,0,0,0,0,0,0,0,0,0,0,0,0,0,0,0,0,0,0,0,0,0,0,0,0,0,0,0,0,0,0,0,0,0,0,0,0,0,0,0,0,0,1,0,0,0,0,0,0,0,0,0,2,2,4,1,0,0,0,0,0,0,5,5,0,0,0,0,0,0,0,0,0,0,0,0,0,0,7,6,0,0,1,0,0,0,0,0,0,0,0,0.7241339000174776,multi_deviation_benchmark_two_mixed_online,symbolic_smt,1,,,,,,,,,,,,,,,,,,,,,,,,,,,,,,,,,,,,,,,,,,,,,,,,,,,,,,,,,,,,,,,,,,,,,,,,,,,,,,,,,,,,,,,,,,,,,,,,,,,,,,,,,,,,,,,,,,,,,,,,,,,,,,,,,,,,,,,,,,,
component_042_events_0009_objects_0005__two_mixed_006.jsonocel,C:\Users\User\Documents\odacc\experiment_runs\20260919_111654\multi_deviation_benchmark_two_mixed_online\symbolic_smt\run_001\component_042_events_0009_objects_0005__two_mixed_006.json,0,ONLINE_OK,NOT_RUN,fresh_offline_alignment,0,0,True,2,1,1,0,0.0,0.0,,,,,,,,10,0.4618862996576354,0.04618862996576354,0.18689199991058558,0,0.4618862996576354,10,0,0,0,0,0,0,0,0,1,0,0,0,0,0,0,9,7,9,7,0,1,1,4,0,0,0,0,0,0,0,0,0,0,0,0,0,0,0,0,0,0,0,0,0,3,2,1,33,4,9,0,0,0,9,7,0,0,0,0,0,0,4,4,2,1,1,0,1,8,1,2,1,9,0,3,1,0,0,0,0,0,0,0,0,0,0,0,0,0,0,0,0,0,0,0,0,0,0,0,0,0,0,0,0,0,0,0,0,0,0,0,0,0,0,0,0,0,0,0,1,0,0,0,0,0,0,0,0,0,0,0,0,0,0,0,0,0,0,0,0,0,0,0,0,0,0,0,0,0,0,0,0,0,0,0,9,8,0,0,1,0,0,0,0,0,0,0,0,0.8255946000572294,multi_deviation_benchmark_two_mixed_online,symbolic_smt,1,,,,,,,,,,,,,,,,,,,,,,,,,,,,,,,,,,,,,,,,,,,,,,,,,,,,,,,,,,,,,,,,,,,,,,,,,,,,,,,,,,,,,,,,,,,,,,,,,,,,,,,,,,,,,,,,,,,,,,,,,,,,,,,,,,,,,,,,,,,
component_048_events_0011_objects_0007__two_mixed_011.jsonocel,C:\Users\User\Documents\odacc\experiment_runs\20260919_111654\multi_deviation_benchmark_two_mixed_online\symbolic_smt\run_001\component_048_events_0011_objects_0007__two_mixed_011.json,0,ONLINE_OK,NOT_RUN,fresh_offline_alignment,0,0,True,2,1,1,0,0.0,0.0,,,,,,,,12,0.37914959993213415,0.03159579999434451,0.1254340000450611,0,0.37914959993213415,12,0,0,0,0,0,0,0,0,1,0,0,0,0,0,0,11,9,12,9,0,1,1,6,0,0,0,0,0,0,0,0,0,0,0,0,0,0,0,0,0,0,0,0,0,2,1,1,18,1,11,0,0,0,12,10,0,0,0,0,0,0,6,6,1,0,1,0,2,10,0,3,2,11,0,3,1,0,0,0,0,0,0,0,0,0,0,0,0,0,0,0,0,0,0,0,0,0,0,0,0,0,0,0,0,0,0,0,0,0,0,0,0,0,0,0,0,0,0,0,1,0,0,0,0,0,0,0,0,0,1,1,25,0,0,0,0,0,0,0,25,25,0,0,0,0,0,0,0,0,0,0,0,0,0,0,11,10,0,0,1,0,0,0,0,0,0,0,0,0.7281974999932572,multi_deviation_benchmark_two_mixed_online,symbolic_smt,1,,,,,,,,,,,,,,,,,,,,,,,,,,,,,,,,,,,,,,,,,,,,,,,,,,,,,,,,,,,,,,,,,,,,,,,,,,,,,,,,,,,,,,,,,,,,,,,,,,,,,,,,,,,,,,,,,,,,,,,,,,,,,,,,,,,,,,,,,,,
component_050_events_0008_objects_0004__two_mixed_004.jsonocel,C:\Users\User\Documents\odacc\experiment_runs\20260919_111654\multi_deviation_benchmark_two_mixed_online\symbolic_smt\run_001\component_050_events_0008_objects_0004__two_mixed_004.json,0,ONLINE_OK,NOT_RUN,fresh_offline_alignment,0,0,True,2,1,1,0,0.0,0.0,,,,,,,,9,0.28267220000270754,0.03140802222252306,0.08457659999839962,0,0.28267220000270754,9,0,0,0,0,0,0,0,0,1,0,0,0,0,0,0,8,6,9,6,0,1,1,3,0,0,0,0,0,0,0,0,0,0,0,0,0,0,0,0,0,0,0,0,0,2,1,1,18,1,8,0,0,0,9,7,0,0,0,0,0,0,6,6,1,0,1,0,2,7,0,3,2,8,0,3,1,0,0,0,0,0,0,0,0,0,0,0,0,0,0,0,0,0,0,0,0,0,0,0,0,0,0,0,0,0,0,0,0,0,0,0,0,0,0,0,0,0,0,0,1,0,0,0,0,0,0,0,0,0,1,1,3,0,0,0,0,0,0,0,3,3,0,0,0,0,0,0,0,0,0,0,0,0,0,0,8,7,0,0,1,0,0,0,0,0,0,0,0,0.6228408999741077,multi_deviation_benchmark_two_mixed_online,symbolic_smt,1,,,,,,,,,,,,,,,,,,,,,,,,,,,,,,,,,,,,,,,,,,,,,,,,,,,,,,,,,,,,,,,,,,,,,,,,,,,,,,,,,,,,,,,,,,,,,,,,,,,,,,,,,,,,,,,,,,,,,,,,,,,,,,,,,,,,,,,,,,,
component_051_events_0011_objects_0007__two_mixed_012.jsonocel,C:\Users\User\Documents\odacc\experiment_runs\20260919_111654\multi_deviation_benchmark_two_mixed_online\symbolic_smt\run_001\component_051_events_0011_objects_0007__two_mixed_012.json,0,ONLINE_OK,NOT_RUN,fresh_offline_alignment,0,0,True,2,1,1,0,0.022782100015319884,0.006679299985989928,,,,,,,,12,0.6528346999548376,0.05440289166290313,0.31112800003029406,0,0.6528346999548376,12,0,0,0,0,0,0,0,0,1,0,0,0,0,0,0,11,9,11,9,0,1,1,6,0,0,0,0,0,0,0,0,0,0,0,0,0,0,0,0,0,0,0,0,0,3,2,1,34,7,11,0,0,0,11,9,0,0,0,0,0,0,4,4,2,1,1,0,1,10,1,2,1,11,0,3,1,0,0,0,0,0,0,0,0,0,0,0,0,0,0,0,0,0,0,0,0,0,0,0,0,0,0,0,0,0,0,0,0,0,0,0,0,0,0,0,0,0,0,0,1,0,0,0,0,0,0,0,0,0,0,0,0,0,0,0,0,0,0,0,0,0,0,0,0,0,0,0,0,0,0,0,0,0,0,0,11,10,0,0,1,0,0,0,0,0,0,0,0,1.0304747000336647,multi_deviation_benchmark_two_mixed_online,symbolic_smt,1,,,,,,,,,,,,,,,,,,,,,,,,,,,,,,,,,,,,,,,,,,,,,,,,,,,,,,,,,,,,,,,,,,,,,,,,,,,,,,,,,,,,,,,,,,,,,,,,,,,,,,,,,,,,,,,,,,,,,,,,,,,,,,,,,,,,,,,,,,,
component_057_events_0011_objects_0005__two_mixed_013.jsonocel,C:\Users\User\Documents\odacc\experiment_runs\20260919_111654\multi_deviation_benchmark_two_mixed_online\symbolic_smt\run_001\component_057_events_0011_objects_0005__two_mixed_013.json,124,OBSERVATION_TIMEOUT,NOT_RUN,fresh_offline_alignment,0,0,True,0,0,0,0,0.0,0.0,,,,,,,,7,0.21558770001865923,0.03079824285980846,0.1017602999927476,,0.21558770001865923,7,0,0,0,0,0,0,0,0,1,0,0,0,0,0,0,6,6,6,6,0,1,1,4,0,0,0,0,0,0,0,0,0,0,0,0,0,0,0,0,0,0,0,0,0,1,1,0,19,1,6,0,0,0,6,6,0,0,0,0,0,0,2,2,0,0,0,0,0,0,0,1,0,7,0,7,1,0,0,0,0,0,0,0,0,0,0,0,0,0,0,0,0,0,0,0,0,0,0,0,0,0,0,0,0,0,0,0,0,0,0,0,0,0,0,0,0,0,0,0,1,0,0,0,0,0,0,0,0,0,0,0,0,0,0,0,0,0,0,0,0,0,0,0,0,0,0,0,0,0,0,0,0,0,0,0,6,6,0,0,0,0,0,0,0,0,0,0,0,60.59523200010881,multi_deviation_benchmark_two_mixed_online,symbolic_smt,1,True,60.0,60.03079210000578,8,8,1,create_p-660867,create package,4,8,5,7,True,7,10,7,7,0,0,0,0,0,0,0,0,0,0,0,0,0,0,0,0,0,0,0,0,0,0,0,0,0,0,0,0,0,0,0,0,0,0,0,0,0,0,0,0,0,0,0,0,0,0,0,0,0,0,0,0,0,0,0,0,0,0,0,0,0,0,0,0,0,0,0,0,0,0,6,0,6,0,0,0,0,0,0,0,0,0,0,0,0,0,0,0,0,0,0,0,0,0,0,0,0,0,0,0,0,0,0,0,0,0,0,0,0,0,0,0,0,0,0,0,0,0,0,0,0,C:\Users\User\Documents\odacc\experiment_runs\20260919_111654\multi_deviation_benchmark_two_mixed_online\symbolic_smt\run_001\component_057_events_0011_objects_0005__two_mixed_013.error.txt
component_058_events_0009_objects_0005__two_mixed_007.jsonocel,C:\Users\User\Documents\odacc\experiment_runs\20260919_111654\multi_deviation_benchmark_two_mixed_online\symbolic_smt\run_001\component_058_events_0009_objects_0005__two_mixed_007.json,124,OBSERVATION_TIMEOUT,NOT_RUN,fresh_offline_alignment,0,0,True,0,0,0,0,0.0,0.0,,,,,,,,4,0.1645607998361811,0.041140199959045276,0.09966780000831932,,0.1645607998361811,4,0,0,0,0,0,0,0,0,1,0,0,0,0,0,0,3,3,3,3,0,1,1,4,0,0,0,0,0,0,0,0,0,0,0,0,0,0,0,0,0,0,0,0,0,1,1,0,18,1,3,0,0,0,3,3,0,0,0,0,0,0,0,0,0,0,0,0,0,0,0,0,0,4,0,4,1,0,0,0,0,0,0,0,0,0,0,0,0,0,0,0,0,0,0,0,0,0,0,0,0,0,0,0,0,0,0,0,0,0,0,0,0,0,0,0,0,0,0,0,1,0,0,0,0,0,0,0,0,0,0,0,0,0,0,0,0,0,0,0,0,0,0,0,0,0,0,0,0,0,0,0,0,0,0,0,3,3,0,0,0,0,0,0,0,0,0,0,0,60.557686700019985,multi_deviation_benchmark_two_mixed_online,symbolic_smt,1,True,60.0,60.09682949993294,5,5,1,create_p-660924,create package,4,5,5,4,True,4,8,4,4,0,0,0,0,0,0,0,0,0,0,0,0,0,0,0,0,0,0,0,0,0,0,0,0,0,0,0,0,0,0,0,0,0,0,0,0,0,0,0,0,0,0,0,0,0,0,0,0,0,0,0,0,0,0,0,0,0,0,0,0,0,0,0,0,0,0,0,0,0,0,3,0,3,0,0,0,0,0,0,0,0,0,0,0,0,0,0,0,0,0,0,0,0,0,0,0,0,0,0,0,0,0,0,0,0,0,0,0,0,0,0,0,0,0,0,0,0,0,0,0,0,C:\Users\User\Documents\odacc\experiment_runs\20260919_111654\multi_deviation_benchmark_two_mixed_online\symbolic_smt\run_001\component_058_events_0009_objects_0005__two_mixed_007.error.txt
component_059_events_0010_objects_0006__two_mixed_010.jsonocel,C:\Users\User\Documents\odacc\experiment_runs\20260919_111654\multi_deviation_benchmark_two_mixed_online\symbolic_smt\run_001\component_059_events_0010_objects_0006__two_mixed_010.json,0,ONLINE_OK,NOT_RUN,fresh_offline_alignment,0,0,True,2,1,1,0,0.0,0.0,,,,,,,,11,0.3490955001907423,0.03173595456279476,0.10541389998979867,0,0.3490955001907423,11,0,0,0,0,0,0,0,0,1,0,0,0,0,0,0,10,8,11,8,0,1,1,5,0,0,0,0,0,0,0,0,0,0,0,0,0,0,0,0,0,0,0,0,0,2,1,1,18,1,10,0,0,0,11,9,0,0,0,0,0,0,6,6,1,0,1,0,2,8,0,3,2,10,0,4,1,0,0,0,0,0,0,0,0,0,0,0,0,0,0,0,0,0,0,0,0,0,0,0,0,0,0,0,0,0,0,0,0,0,0,0,0,0,0,0,0,0,0,0,1,0,0,0,0,0,0,0,0,0,1,1,14,0,0,0,0,0,0,0,14,14,0,0,0,0,0,0,0,0,0,0,0,0,0,0,10,9,0,0,1,0,0,0,0,0,0,0,0,0.6235477000009269,multi_deviation_benchmark_two_mixed_online,symbolic_smt,1,,,,,,,,,,,,,,,,,,,,,,,,,,,,,,,,,,,,,,,,,,,,,,,,,,,,,,,,,,,,,,,,,,,,,,,,,,,,,,,,,,,,,,,,,,,,,,,,,,,,,,,,,,,,,,,,,,,,,,,,,,,,,,,,,,,,,,,,,,,
component_061_events_0007_objects_0003__two_mixed_002.jsonocel,C:\Users\User\Documents\odacc\experiment_runs\20260919_111654\multi_deviation_benchmark_two_mixed_online\symbolic_smt\run_001\component_061_events_0007_objects_0003__two_mixed_002.json,0,ONLINE_OK,NOT_RUN,fresh_offline_alignment,0,0,True,2,0,1,1,0.0,0.0,,,,,,,,7,0.3725848998874426,0.053226414269634655,0.1663690999848768,0,0.3725848998874426,7,0,0,0,0,0,0,0,0,3,0,0,0,0,2,2,6,4,8,5,0,1,1,2,1,0,0,0,0,0,0,0,0,0,0,0,0,0,0,0,0,0,0,0,0,3,1,2,34,2,6,0,1,0,8,6,0,0,0,0,0,0,6,6,2,0,2,0,3,5,0,3,3,4,0,3,3,1,1,0,3,1,0,0,0,0,0,0,0,0,1,1,0,0,0,0,0,0,0,0,0,0,0,0,0,0,0,0,0,0,0,0,0,0,0,0,0,0,0,0,1,0,0,0,0,0,0,0,0,0,1,1,1,0,0,0,0,0,0,0,1,1,0,0,0,0,0,0,0,0,0,0,0,0,0,0,4,4,0,0,1,0,0,0,0,0,0,0,0,0.7209357999963686,multi_deviation_benchmark_two_mixed_online,symbolic_smt,1,,,,,,,,,,,,,,,,,,,,,,,,,,,,,,,,,,,,,,,,,,,,,,,,,,,,,,,,,,,,,,,,,,,,,,,,,,,,,,,,,,,,,,,,,,,,,,,,,,,,,,,,,,,,,,,,,,,,,,,,,,,,,,,,,,,,,,,,,,,
component_063_events_0035_objects_0019__two_mixed_029.jsonocel,C:\Users\User\Documents\odacc\experiment_runs\20260919_111654\multi_deviation_benchmark_two_mixed_online\symbolic_smt\run_001\component_063_events_0035_objects_0019__two_mixed_029.json,0,ONLINE_OK,NOT_RUN,fresh_offline_alignment,0,0,True,2,1,1,0,0.0,0.0,,,,,,,,36,1.7891422000247985,0.04969839444513329,0.6924955999711528,0,1.7891422000247985,36,0,0,0,0,0,1,0,0,6,0,0,0,0,1,1,31,29,32,29,0,5,5,17,1,0,0,0,0,0,0,0,0,0,0,0,0,0,0,0,0,0,0,0,0,7,6,1,99,15,31,0,0,0,32,30,0,0,0,0,0,0,16,16,2,1,1,0,1,16,1,7,1,35,0,21,6,1,1,0,13,1,0,0,0,0,0,0,0,0,1,1,0,0,0,0,0,0,0,0,0,0,0,0,0,0,0,0,0,0,0,0,0,0,0,0,0,0,0,0,5,0,0,0,0,0,0,0,0,0,1,1,129,0,0,0,0,0,0,0,136,136,12,7,0,0,0,0,0,0,0,0,0,0,0,0,30,29,0,0,3,1,0,0,0,0,0,0,0,2.3423030000412837,multi_deviation_benchmark_two_mixed_online,symbolic_smt,1,,,,,,,,,,,,,,,,,,,,,,,,,,,,,,,,,,,,,,,,,,,,,,,,,,,,,,,,,,,,,,,,,,,,,,,,,,,,,,,,,,,,,,,,,,,,,,,,,,,,,,,,,,,,,,,,,,,,,,,,,,,,,,,,,,,,,,,,,,,
component_064_events_0116_objects_0055__two_mixed_034.jsonocel,C:\Users\User\Documents\odacc\experiment_runs\20260919_111654\multi_deviation_benchmark_two_mixed_online\symbolic_smt\run_001\component_064_events_0116_objects_0055__two_mixed_034.json,0,ONLINE_OK,NOT_RUN,fresh_offline_alignment,0,0,True,2,1,0,1,0.0,0.0,,,,,,,,115,10.84815669991076,0.09433179739052834,0.2632601000368595,0,10.84815669991076,115,0,0,0,0,0,0,0,0,18,0,0,0,0,6,6,103,101,104,101,0,12,12,48,6,0,0,0,0,0,0,0,0,0,0,0,0,0,0,0,0,0,0,0,0,16,12,2,294,12,103,0,0,0,104,102,0,0,0,0,0,0,36,36,2,0,2,0,1,46,0,14,1,109,0,70,18,6,6,0,45,6,0,0,0,0,0,0,0,0,6,6,0,0,0,1,0,0,0,0,0,0,0,0,0,0,0,0,0,0,0,0,0,0,0,0,0,0,0,0,12,0,0,0,0,0,0,0,0,1,0,0,0,0,0,0,0,0,0,0,339,339,368,272,0,0,0,0,0,0,0,0,0,0,0,0,97,96,0,0,14,0,0,0,0,0,0,0,0,19.09653909993358,multi_deviation_benchmark_two_mixed_online,symbolic_smt,1,,,,,,,,,,,,,,,,,,,,,,,,,,,,,,,,,,,,,,,,,,,,,,,,,,,,,,,,,,,,,,,,,,,,,,,,,,,,,,,,,,,,,,,,,,,,,,,,,,,,,,,,,,,,,,,,,,,,,,,,,,,,,,,,,,,,,,,,,,,
component_065_events_0098_objects_0050__two_mixed_032.jsonocel,C:\Users\User\Documents\odacc\experiment_runs\20260919_111654\multi_deviation_benchmark_two_mixed_online\symbolic_smt\run_001\component_065_events_0098_objects_0050__two_mixed_032.json,0,ONLINE_OK,NOT_RUN,fresh_offline_alignment,0,0,True,2,1,0,1,0.0,0.0,,,,,,,,99,6.917774200323038,0.06987650707397008,0.2449052999727428,0,6.917774200323038,99,0,0,0,0,0,0,0,0,15,0,0,0,0,4,4,88,86,89,86,0,11,11,45,4,0,0,0,0,0,0,0,0,0,0,0,0,0,0,0,0,0,0,0,0,14,11,2,243,8,88,0,0,0,89,87,0,0,0,0,0,0,32,32,2,0,2,0,1,50,0,13,1,95,0,50,15,4,4,0,43,4,0,0,0,0,0,0,0,0,4,4,0,0,0,0,0,0,0,0,0,0,0,0,0,0,0,0,0,0,0,0,0,0,0,0,0,0,0,0,11,0,0,0,0,0,0,0,0,0,0,0,0,0,0,0,0,0,0,0,99,99,82,70,0,0,0,0,0,0,0,0,0,0,0,0,84,83,0,0,9,0,0,0,0,0,0,0,0,12.074484699987806,multi_deviation_benchmark_two_mixed_online,symbolic_smt,1,,,,,,,,,,,,,,,,,,,,,,,,,,,,,,,,,,,,,,,,,,,,,,,,,,,,,,,,,,,,,,,,,,,,,,,,,,,,,,,,,,,,,,,,,,,,,,,,,,,,,,,,,,,,,,,,,,,,,,,,,,,,,,,,,,,,,,,,,,,
component_066_events_0011_objects_0006__two_mixed_014.jsonocel,C:\Users\User\Documents\odacc\experiment_runs\20260919_111654\multi_deviation_benchmark_two_mixed_online\symbolic_smt\run_001\component_066_events_0011_objects_0006__two_mixed_014.json,0,ONLINE_OK,NOT_RUN,fresh_offline_alignment,0,0,True,2,0,1,1,0.0,0.0,,,,,,,,11,0.5583183000562713,0.05075620909602466,0.2626472000265494,0,0.5583183000562713,11,0,0,0,0,0,0,0,1,1,0,0,0,0,0,0,10,8,12,8,0,1,1,5,0,0,0,0,0,0,0,0,0,0,0,0,0,0,0,0,0,0,0,0,0,2,1,1,37,3,10,0,1,0,12,10,0,0,0,0,0,0,8,8,1,0,1,0,4,6,0,4,4,9,0,6,1,0,0,0,0,0,0,0,0,0,0,0,0,0,0,0,0,0,0,0,0,0,0,0,0,0,0,0,0,0,0,0,0,0,0,0,0,0,0,0,0,0,0,0,1,0,0,0,0,0,0,0,0,0,2,2,21,1,0,0,0,0,0,0,22,22,0,0,0,0,0,0,0,0,0,0,0,0,0,0,10,9,0,0,1,0,0,0,0,0,0,0,0,0.9377254999708384,multi_deviation_benchmark_two_mixed_online,symbolic_smt,1,,,,,,,,,,,,,,,,,,,,,,,,,,,,,,,,,,,,,,,,,,,,,,,,,,,,,,,,,,,,,,,,,,,,,,,,,,,,,,,,,,,,,,,,,,,,,,,,,,,,,,,,,,,,,,,,,,,,,,,,,,,,,,,,,,,,,,,,,,,
component_067_events_0063_objects_0031__two_mixed_031.jsonocel,C:\Users\User\Documents\odacc\experiment_runs\20260919_111654\multi_deviation_benchmark_two_mixed_online\symbolic_smt\run_001\component_067_events_0063_objects_0031__two_mixed_031.json,0,ONLINE_OK,NOT_RUN,fresh_offline_alignment,0,0,True,2,1,1,0,0.0,0.0,,,,,,,,62,2.9371289004338905,0.04737304678119178,0.5119070999789983,0,2.9371289004338905,62,0,0,0,0,0,1,0,0,10,0,0,0,0,3,3,55,53,61,53,0,7,7,28,3,0,0,0,0,0,0,0,0,0,0,0,0,0,0,0,0,0,0,0,0,11,8,1,168,16,55,0,0,0,61,54,0,0,0,0,0,0,22,22,2,1,1,0,0,20,1,7,0,59,0,43,10,3,3,0,19,3,0,0,0,0,0,0,0,0,3,3,0,0,0,0,1,1,0,1,1,0,0,0,0,0,0,1,0,0,0,0,0,0,0,0,0,0,0,0,7,0,0,0,0,0,0,0,0,0,1,1,25,4,0,1,1,0,28,0,28,28,4,3,0,0,0,0,0,0,0,0,0,0,0,0,52,52,0,0,11,1,0,0,0,0,0,0,0,4.371124100056477,multi_deviation_benchmark_two_mixed_online,symbolic_smt,1,,,,,,,,,,,,,,,,,,,,,,,,,,,,,,,,,,,,,,,,,,,,,,,,,,,,,,,,,,,,,,,,,,,,,,,,,,,,,,,,,,,,,,,,,,,,,,,,,,,,,,,,,,,,,,,,,,,,,,,,,,,,,,,,,,,,,,,,,,,
component_068_events_0009_objects_0005__two_mixed_008.jsonocel,C:\Users\User\Documents\odacc\experiment_runs\20260919_111654\multi_deviation_benchmark_two_mixed_online\symbolic_smt\run_001\component_068_events_0009_objects_0005__two_mixed_008.json,0,ONLINE_OK,NOT_RUN,fresh_offline_alignment,0,0,True,2,0,1,1,0.0,0.0,,,,,,,,9,1.609128300100565,0.17879203334450722,1.23611970001366,0,1.609128300100565,9,50,5,45,18,20,3,0,3,1,0,12,0,19,0,0,8,6,9,6,16,1,1,4,0,0,0,0,0,0,5,45,1,8,802,9,5,7,50,36,447,133,35,74,6,3,2,1,33,4,7,50,0,0,9,7,0,0,0,0,0,0,6,6,1,1,0,0,3,8,1,3,3,7,0,2,1,0,0,0,0,0,0,0,0,0,0,0,0,0,0,0,0,0,0,0,0,0,0,0,0,0,0,0,0,0,0,0,0,0,0,0,0,0,0,0,0,0,0,0,1,0,0,0,0,0,264,22,242,0,1,1,3,1,0,0,0,0,0,0,4,4,0,0,0,5,3,2,0,25,25,0,160,160,270,150,8,14,0,0,44,42,2,0,5,2,1,2,0,1.932001500041224,multi_deviation_benchmark_two_mixed_online,symbolic_smt,1,,,,,,,,,,,,,,,,,,,,,,,,,,,,,,,,,,,,,,,,,,,,,,,,,,,,,,,,,,,,,,,,,,,,,,,,,,,,,,,,,,,,,,,,,,,,,,,,,,,,,,,,,,,,,,,,,,,,,,,,,,,,,,,,,,,,,,,,,,,
component_002_events_0028_objects_0013__three_mixed_060.jsonocel,C:\Users\User\Documents\odacc\experiment_runs\20260919_111654\multi_deviation_benchmark_three_mixed_online\symbolic_smt\run_001\component_002_events_0028_objects_0013__three_mixed_060.json,0,ONLINE_OK,NOT_RUN,fresh_offline_alignment,0,0,True,3,1,1,1,0.0,0.0,,,,,,,,29,1.5163666998269036,0.052288506890582884,0.5199324999703094,0,1.5163666998269036,29,0,0,0,0,0,1,0,0,3,0,0,0,0,1,1,27,24,28,24,0,2,2,11,1,0,0,0,0,0,0,0,0,0,0,0,0,0,0,0,0,0,0,0,0,5,4,1,68,11,27,0,0,0,28,25,0,0,0,0,0,0,10,10,3,2,1,0,2,22,2,4,2,27,0,9,3,1,1,0,11,1,0,0,0,0,0,0,0,0,1,1,0,0,0,0,0,0,0,0,0,0,0,0,0,0,0,0,0,0,0,0,0,0,0,0,0,0,0,0,2,0,0,0,0,0,0,0,0,0,1,1,41,1,0,0,0,0,0,0,48,48,8,6,0,0,0,0,0,0,0,0,0,0,0,0,26,25,0,0,3,1,0,0,0,0,0,0,0,2.0372065000701696,multi_deviation_benchmark_three_mixed_online,symbolic_smt,1,,,,,,,,,,,,,,,,,,,,,,,,,,,,,,,,,,,,,,,,,,,,,,,,,,,,,,,,,,,,,,,,,,,,,,,,,,,,,,,,,,,,,,,,,,,,,,,,,,,,,,,,,,,,,,,,,,,,,,,,,,,,,,,,,,,,,,,,,,,
component_003_events_0022_objects_0011__three_mixed_059.jsonocel,C:\Users\User\Documents\odacc\experiment_runs\20260919_111654\multi_deviation_benchmark_three_mixed_online\symbolic_smt\run_001\component_003_events_0022_objects_0011__three_mixed_059.json,124,OBSERVATION_TIMEOUT,NOT_RUN,fresh_offline_alignment,0,0,True,0,0,0,0,0.0,0.0,,,,,,,,11,0.3582402002066374,0.03256729092787613,0.1643928000703454,,0.3582402002066374,11,0,0,0,0,0,0,0,0,1,0,0,0,0,0,0,10,10,10,10,0,1,1,9,0,0,0,0,0,0,0,0,0,0,0,0,0,0,0,0,0,0,0,0,0,1,1,0,19,1,10,0,0,0,10,10,0,0,0,0,0,0,0,0,0,0,0,0,0,0,0,0,0,11,0,11,1,0,0,0,0,0,0,0,0,0,0,0,0,0,0,0,0,0,0,0,0,0,0,0,0,0,0,0,0,0,0,0,0,0,0,0,0,0,0,0,0,0,0,0,1,0,0,0,0,0,0,0,0,0,0,0,0,0,0,0,0,0,0,0,0,0,0,0,0,0,0,0,0,0,0,0,0,0,0,0,10,10,0,0,0,0,0,0,0,0,0,0,0,60.79019960004371,multi_deviation_benchmark_three_mixed_online,symbolic_smt,1,True,60.0,60.069126500049606,12,12,1,create_p-660002,create package,8,12,10,11,True,11,21,11,11,0,0,0,0,0,0,0,0,0,0,0,0,0,0,0,0,0,0,0,0,0,0,0,0,0,0,0,0,0,0,0,0,0,0,0,0,0,0,0,0,0,0,0,0,0,0,0,0,0,0,0,0,0,0,0,0,0,0,0,0,0,0,0,0,0,0,0,0,0,0,10,0,10,0,0,0,0,0,0,0,0,0,0,0,0,0,0,0,0,0,0,0,0,0,0,0,0,0,0,0,0,0,0,0,0,0,0,0,0,0,0,0,0,0,0,0,0,0,0,0,0,C:\Users\User\Documents\odacc\experiment_runs\20260919_111654\multi_deviation_benchmark_three_mixed_online\symbolic_smt\run_001\component_003_events_0022_objects_0011__three_mixed_059.error.txt
component_004_events_0013_objects_0009__three_mixed_056.jsonocel,C:\Users\User\Documents\odacc\experiment_runs\20260919_111654\multi_deviation_benchmark_three_mixed_online\symbolic_smt\run_001\component_004_events_0013_objects_0009__three_mixed_056.json,124,OBSERVATION_TIMEOUT,NOT_RUN,fresh_offline_alignment,0,0,True,2,1,1,0,0.022559600067324936,0.004330500029027462,,,,,,,,11,0.6601847998099402,0.06001679998272183,0.31324689998291433,,0.6601847998099402,11,0,0,0,0,0,0,0,0,1,0,0,0,0,0,0,10,8,10,8,0,1,1,8,0,0,0,0,0,0,0,0,0,0,0,0,0,0,0,0,0,0,0,0,0,3,2,1,36,5,10,0,0,0,10,8,0,0,0,0,0,0,2,2,2,1,1,0,1,6,1,1,1,10,0,6,1,0,0,0,0,0,0,0,0,0,0,0,0,0,0,0,0,0,0,0,0,0,0,0,0,0,0,0,0,0,0,0,0,0,0,0,0,0,0,0,0,0,0,0,1,0,0,0,0,0,0,0,0,0,0,0,0,0,0,0,0,0,0,0,0,0,0,0,0,0,0,0,0,0,0,0,0,0,0,0,10,10,0,0,0,0,0,0,0,0,0,0,0,61.07306239998434,multi_deviation_benchmark_three_mixed_online,symbolic_smt,1,True,60.0,60.04889069998171,12,12,1,create_p-660004,create package,7,12,9,11,True,11,14,11,11,0,0,0,0,0,0,0,0,0,0,0,0,0,0,0,0,0,0,0,0,0,0,0,0,0,0,2,0,1,0,0,0,1,0,0,0,0,0,0,0,0,0,0,0,0,0,0,0,1,1,1,1,1,0,0,0,0,0,0,0,0,1,0,0,0,0,1,0,0,0,10,0,10,0,0,0,0,0,0,0,0,0,0,0,0,0,0,0,0,0,0,0,0,0,0,0,0,0,0,0,0,0,0,0,0,0,0,0,0,0,0,0,0,0,0,0,0,0,0,0,0,C:\Users\User\Documents\odacc\experiment_runs\20260919_111654\multi_deviation_benchmark_three_mixed_online\symbolic_smt\run_001\component_004_events_0013_objects_0009__three_mixed_056.error.txt
component_006_events_0031_objects_0015__three_mixed_062.jsonocel,C:\Users\User\Documents\odacc\experiment_runs\20260919_111654\multi_deviation_benchmark_three_mixed_online\symbolic_smt\run_001\component_006_events_0031_objects_0015__three_mixed_062.json,124,OBSERVATION_TIMEOUT,NOT_RUN,fresh_offline_alignment,0,0,True,0,0,0,0,0.015393299981951714,0.0003861000295728445,,,,,,,,16,0.5756594999693334,0.03597871874808334,0.10486230009701103,,0.5756594999693334,16,0,0,0,0,0,0,0,0,3,0,0,0,0,0,0,13,12,13,12,0,3,3,13,0,0,0,0,0,0,0,0,0,0,0,0,0,0,0,0,0,0,0,0,0,4,3,1,48,1,13,0,0,0,13,12,0,0,0,0,0,0,0,0,1,0,1,0,0,4,0,0,0,16,0,12,3,0,0,0,0,0,0,0,0,0,0,0,0,0,0,0,0,0,0,0,0,0,0,0,0,0,0,0,0,0,0,0,0,0,0,0,0,0,0,0,0,0,0,0,3,0,0,0,0,0,0,0,0,0,0,0,0,0,0,0,0,0,0,0,0,0,0,0,0,0,0,0,0,0,0,0,0,0,0,0,13,13,0,0,0,0,0,0,0,0,0,0,0,60.964279400068335,multi_deviation_benchmark_three_mixed_online,symbolic_smt,1,True,60.0,60.031909200013615,17,17,4,create_p-660006,create package,8,16,11,16,True,16,32,16,16,0,0,0,0,0,0,0,0,0,0,0,0,0,0,0,0,0,0,0,0,0,0,0,0,0,0,1,0,1,0,0,0,0,0,0,0,0,0,0,0,0,0,0,0,0,0,0,0,1,1,1,1,1,0,0,0,0,0,0,0,0,1,0,0,0,0,1,0,0,0,13,0,13,0,0,0,0,0,0,0,0,0,0,0,0,0,0,0,0,0,0,0,0,0,0,0,0,0,0,0,0,0,0,0,0,0,0,0,0,0,0,0,0,0,0,0,0,0,0,0,0,C:\Users\User\Documents\odacc\experiment_runs\20260919_111654\multi_deviation_benchmark_three_mixed_online\symbolic_smt\run_001\component_006_events_0031_objects_0015__three_mixed_062.error.txt
component_011_events_0028_objects_0017__three_mixed_061.jsonocel,C:\Users\User\Documents\odacc\experiment_runs\20260919_111654\multi_deviation_benchmark_three_mixed_online\symbolic_smt\run_001\component_011_events_0028_objects_0017__three_mixed_061.json,124,OBSERVATION_TIMEOUT,NOT_RUN,fresh_offline_alignment,0,0,True,0,0,0,0,0.0,0.0,,,,,,,,21,0.8873529002303258,0.04225490001096789,0.20072600001003593,,0.8873529002303258,21,0,0,0,0,0,0,0,0,3,0,0,0,0,0,0,18,17,18,17,0,3,3,16,0,0,0,0,0,0,0,0,0,0,0,0,0,0,0,0,0,0,0,0,0,4,4,0,64,3,18,0,0,0,18,17,0,0,0,0,0,0,2,2,1,1,0,0,1,2,1,1,1,20,0,20,3,0,0,0,0,0,0,0,0,0,0,0,0,0,0,0,0,0,0,0,0,0,0,0,0,0,0,0,0,0,0,0,0,0,0,0,0,0,0,0,0,0,0,0,3,0,0,0,0,0,0,0,0,0,0,0,0,0,0,0,0,0,0,0,0,0,0,0,0,0,0,0,0,0,0,0,0,0,0,0,18,18,0,0,0,0,0,0,0,0,0,0,0,61.30268620001152,multi_deviation_benchmark_three_mixed_online,symbolic_smt,1,True,60.0,60.026245999964885,22,22,4,create_p-660011,create package,13,22,17,21,True,21,27,21,21,0,0,0,0,0,0,0,0,0,0,0,0,0,0,0,0,0,0,0,0,0,0,0,0,0,0,1,0,0,0,0,0,1,0,0,0,0,0,0,0,0,0,0,0,0,0,0,0,0,0,0,0,0,0,0,0,0,0,0,0,0,0,0,0,0,0,0,0,0,0,18,0,18,0,0,0,0,0,0,0,0,0,0,0,0,0,0,0,0,0,0,0,0,0,0,0,0,0,0,0,0,0,0,0,0,0,0,0,0,0,0,0,0,0,0,0,0,0,0,0,0,C:\Users\User\Documents\odacc\experiment_runs\20260919_111654\multi_deviation_benchmark_three_mixed_online\symbolic_smt\run_001\component_011_events_0028_objects_0017__three_mixed_061.error.txt
component_021_events_0013_objects_0005__three_mixed_057.jsonocel,C:\Users\User\Documents\odacc\experiment_runs\20260919_111654\multi_deviation_benchmark_three_mixed_online\symbolic_smt\run_001\component_021_events_0013_objects_0005__three_mixed_057.json,124,OBSERVATION_TIMEOUT,NOT_RUN,fresh_offline_alignment,0,0,True,1,0,1,0,0.017588799935765564,0.0026454998878762126,,,,,,,,6,0.3066613001283258,0.0511102166880543,0.16335480008274317,,0.3066613001283258,6,0,0,0,0,0,0,0,0,2,0,0,0,0,0,0,4,3,4,3,0,1,1,3,0,0,0,0,0,0,0,0,0,0,0,0,0,0,0,0,0,0,0,0,0,2,2,0,33,3,4,0,0,0,4,3,0,0,0,0,0,0,2,2,1,1,0,0,2,3,1,2,2,4,0,4,2,0,0,0,0,0,0,0,0,0,0,0,0,0,0,0,0,0,0,0,0,0,0,0,0,0,0,0,0,0,0,0,0,0,0,0,0,0,0,0,0,0,0,0,1,0,0,0,0,0,0,0,0,0,0,0,0,0,0,0,0,0,0,0,0,0,0,0,0,0,0,0,0,0,0,0,0,0,0,0,4,4,0,0,0,0,0,0,0,0,0,0,0,60.64243499992881,multi_deviation_benchmark_three_mixed_online,symbolic_smt,1,True,60.0,60.02397620002739,7,7,3,send_p-660032,send package,2,7,4,6,True,6,12,6,6,0,0,0,0,0,0,0,0,0,0,0,0,0,0,0,0,0,0,0,0,0,0,0,0,0,0,1,0,0,0,0,0,1,0,0,0,0,0,0,0,0,0,0,0,0,0,0,0,0,0,0,0,0,0,0,0,0,0,0,0,0,0,0,0,0,0,0,0,0,0,4,0,4,0,0,0,0,0,0,0,0,0,0,0,0,0,0,0,0,0,0,0,0,0,0,0,0,0,0,0,0,0,0,0,0,0,0,0,0,0,0,0,0,0,0,0,0,0,0,0,0,C:\Users\User\Documents\odacc\experiment_runs\20260919_111654\multi_deviation_benchmark_three_mixed_online\symbolic_smt\run_001\component_021_events_0013_objects_0005__three_mixed_057.error.txt
component_028_events_0012_objects_0008__three_mixed_055.jsonocel,C:\Users\User\Documents\odacc\experiment_runs\20260919_111654\multi_deviation_benchmark_three_mixed_online\symbolic_smt\run_001\component_028_events_0012_objects_0008__three_mixed_055.json,124,OBSERVATION_TIMEOUT,NOT_RUN,fresh_offline_alignment,0,0,True,1,1,0,0,0.0,0.0,,,,,,,,9,0.31376759987324476,0.03486306665258275,0.12991729995701462,,0.31376759987324476,9,0,0,0,0,0,0,0,0,1,0,0,0,0,0,0,8,7,8,7,0,1,1,7,0,0,0,0,0,0,0,0,0,0,0,0,0,0,0,0,0,0,0,0,0,2,1,1,18,1,8,0,0,0,8,7,0,0,0,0,0,0,0,0,1,0,1,0,0,4,0,0,0,9,0,5,1,0,0,0,0,0,0,0,0,0,0,0,0,0,0,0,0,0,0,0,0,0,0,0,0,0,0,0,0,0,0,0,0,0,0,0,0,0,0,0,0,0,0,0,1,0,0,0,0,0,0,0,0,0,0,0,0,0,0,0,0,0,0,0,0,0,0,0,0,0,0,0,0,0,0,0,0,0,0,0,8,8,0,0,0,0,0,0,0,0,0,0,0,60.68138990004081,multi_deviation_benchmark_three_mixed_online,symbolic_smt,1,True,60.0,60.00845150009263,10,10,1,create_p-660133,create package,6,10,8,9,True,9,13,9,9,0,0,0,0,0,0,0,0,0,0,0,0,0,0,0,0,0,0,0,0,0,0,0,0,0,0,1,0,1,0,0,0,0,0,0,0,0,0,0,0,0,0,0,0,0,0,0,0,1,1,1,1,1,0,0,0,0,0,0,0,0,1,0,0,0,0,1,0,0,0,8,0,8,0,0,0,0,0,0,0,0,0,0,0,0,0,0,0,0,0,0,0,0,0,0,0,0,0,0,0,0,0,0,0,0,0,0,0,0,0,0,0,0,0,0,0,0,0,0,0,0,C:\Users\User\Documents\odacc\experiment_runs\20260919_111654\multi_deviation_benchmark_three_mixed_online\symbolic_smt\run_001\component_028_events_0012_objects_0008__three_mixed_055.error.txt
component_032_events_0007_objects_0003__three_mixed_047.jsonocel,C:\Users\User\Documents\odacc\experiment_runs\20260919_111654\multi_deviation_benchmark_three_mixed_online\symbolic_smt\run_001\component_032_events_0007_objects_0003__three_mixed_047.json,0,ONLINE_OK,NOT_RUN,fresh_offline_alignment,0,0,True,3,1,1,1,0.0,0.0,,,,,,,,8,0.42579569993540645,0.053224462491925806,0.16691819997504354,0,0.42579569993540645,8,0,0,0,0,0,0,0,0,3,0,0,0,0,2,2,7,4,9,5,0,1,1,2,1,0,0,0,0,0,0,0,0,0,0,0,0,0,0,0,0,0,0,0,0,4,1,3,34,2,7,0,1,0,9,6,0,0,0,0,0,0,6,6,3,0,3,0,3,6,0,3,3,5,0,3,3,1,1,0,3,1,0,0,0,0,0,0,0,0,1,1,0,0,0,0,0,0,0,0,0,0,0,0,0,0,0,0,0,0,0,0,0,0,0,0,0,0,0,0,1,0,0,0,0,0,0,0,0,0,1,1,1,0,0,0,0,0,0,0,1,1,0,0,0,0,0,0,0,0,0,0,0,0,0,0,5,5,0,0,1,0,0,0,0,0,0,0,0,0.7250562000554055,multi_deviation_benchmark_three_mixed_online,symbolic_smt,1,,,,,,,,,,,,,,,,,,,,,,,,,,,,,,,,,,,,,,,,,,,,,,,,,,,,,,,,,,,,,,,,,,,,,,,,,,,,,,,,,,,,,,,,,,,,,,,,,,,,,,,,,,,,,,,,,,,,,,,,,,,,,,,,,,,,,,,,,,,
component_036_events_0017_objects_0008__three_mixed_058.jsonocel,C:\Users\User\Documents\odacc\experiment_runs\20260919_111654\multi_deviation_benchmark_three_mixed_online\symbolic_smt\run_001\component_036_events_0017_objects_0008__three_mixed_058.json,124,OBSERVATION_TIMEOUT,NOT_RUN,fresh_offline_alignment,0,0,True,1,1,0,0,0.0,0.0,,,,,,,,8,0.32273359992541373,0.040341699990676716,0.10499379993416369,,0.32273359992541373,8,0,0,0,0,0,0,0,0,2,0,0,0,0,0,0,6,5,6,5,0,2,2,7,0,0,0,0,0,0,0,0,0,0,0,0,0,0,0,0,0,0,0,0,0,3,2,1,34,2,6,0,0,0,6,5,0,0,0,0,0,0,0,0,1,0,1,0,0,4,0,0,0,8,0,4,2,0,0,0,0,0,0,0,0,0,0,0,0,0,0,0,0,0,0,0,0,0,0,0,0,0,0,0,0,0,0,0,0,0,0,0,0,0,0,0,0,0,0,0,2,0,0,0,0,0,0,0,0,0,0,0,0,0,0,0,0,0,0,0,0,0,0,0,0,0,0,0,0,0,0,0,0,0,0,0,6,6,0,0,0,0,0,0,0,0,0,0,0,60.69741220003925,multi_deviation_benchmark_three_mixed_online,symbolic_smt,1,True,60.0,60.02924669999629,9,9,2,create_p-660296,create package,5,7,6,8,True,8,18,8,8,0,0,0,0,0,0,0,0,0,0,0,0,0,0,0,0,0,0,0,0,0,0,0,0,0,0,1,0,1,0,0,0,0,0,0,0,0,0,0,0,0,0,0,0,0,0,0,0,1,1,1,1,1,0,0,0,0,0,0,0,0,1,0,0,0,0,1,0,0,0,6,0,6,0,0,0,0,0,0,0,0,0,0,0,0,0,0,0,0,0,0,0,0,0,0,0,0,0,0,0,0,0,0,0,0,0,0,0,0,0,0,0,0,0,0,0,0,0,0,0,0,C:\Users\User\Documents\odacc\experiment_runs\20260919_111654\multi_deviation_benchmark_three_mixed_online\symbolic_smt\run_001\component_036_events_0017_objects_0008__three_mixed_058.error.txt
component_038_events_0008_objects_0004__three_mixed_048.jsonocel,C:\Users\User\Documents\odacc\experiment_runs\20260919_111654\multi_deviation_benchmark_three_mixed_online\symbolic_smt\run_001\component_038_events_0008_objects_0004__three_mixed_048.json,0,ONLINE_OK,NOT_RUN,fresh_offline_alignment,0,0,True,3,1,1,1,0.0,0.0,,,,,,,,9,6.032512699952349,0.6702791888835944,5.2689989999635145,0,6.032512699952349,9,84,25,59,51,14,3,0,7,1,0,45,0,26,0,0,8,5,10,5,12,1,1,3,0,0,0,0,0,0,25,59,2,14,3571,59,19,43,233,159,1894,614,177,348,34,4,1,3,58,4,6,84,1,0,10,7,0,0,0,0,0,0,8,8,2,0,2,0,4,7,0,4,4,7,0,3,1,0,0,0,0,0,0,0,0,0,0,0,0,0,0,0,0,0,0,0,0,0,0,0,0,0,0,0,0,0,0,0,0,0,0,0,0,0,0,0,0,0,0,0,1,0,0,0,0,0,375,45,330,0,2,2,4,1,0,0,0,0,0,0,5,5,0,0,0,26,22,4,0,104,98,6,416,368,2552,1337,8,35,0,0,43,41,2,0,26,9,3,14,0,6.442516100010835,multi_deviation_benchmark_three_mixed_online,symbolic_smt,1,,,,,,,,,,,,,,,,,,,,,,,,,,,,,,,,,,,,,,,,,,,,,,,,,,,,,,,,,,,,,,,,,,,,,,,,,,,,,,,,,,,,,,,,,,,,,,,,,,,,,,,,,,,,,,,,,,,,,,,,,,,,,,,,,,,,,,,,,,,
component_042_events_0009_objects_0005__three_mixed_050.jsonocel,C:\Users\User\Documents\odacc\experiment_runs\20260919_111654\multi_deviation_benchmark_three_mixed_online\symbolic_smt\run_001\component_042_events_0009_objects_0005__three_mixed_050.json,124,OBSERVATION_TIMEOUT,NOT_RUN,fresh_offline_alignment,0,0,True,2,1,1,0,0.018660300062038004,0.003284800099208951,,,,,,,,7,0.43104809999931604,0.06157829999990229,0.19171440007630736,,0.43104809999931604,7,0,0,0,0,0,0,0,0,1,0,0,0,0,0,0,6,4,6,4,0,1,1,4,0,0,0,0,0,0,0,0,0,0,0,0,0,0,0,0,0,0,0,0,0,3,2,1,38,4,6,0,0,0,6,4,0,0,0,0,0,0,2,2,2,1,1,0,1,5,1,1,1,6,0,3,1,0,0,0,0,0,0,0,0,0,0,0,0,0,0,0,0,0,0,0,0,0,0,0,0,0,0,0,0,0,0,0,0,0,0,0,0,0,0,0,0,0,0,0,1,0,0,0,0,0,0,0,0,0,0,0,0,0,0,0,0,0,0,0,0,0,0,0,0,0,0,0,0,0,0,0,0,0,0,0,6,6,0,0,0,0,0,0,0,0,0,0,0,60.8765058000572,multi_deviation_benchmark_three_mixed_online,symbolic_smt,1,True,60.0,60.09819090005476,8,8,1,create_p-660528,create package,3,8,5,7,True,7,10,7,7,0,0,0,0,0,0,0,0,0,0,0,0,0,0,0,0,0,0,0,0,0,0,0,0,0,0,2,0,1,0,0,0,1,0,0,0,0,0,0,0,0,0,0,0,0,0,0,0,1,1,1,1,1,0,0,0,0,0,0,0,0,1,0,0,0,0,1,0,0,0,6,0,6,0,0,0,0,0,0,0,0,0,0,0,0,0,0,0,0,0,0,0,0,0,0,0,0,0,0,0,0,0,0,0,0,0,0,0,0,0,0,0,0,0,0,0,0,0,0,0,0,C:\Users\User\Documents\odacc\experiment_runs\20260919_111654\multi_deviation_benchmark_three_mixed_online\symbolic_smt\run_001\component_042_events_0009_objects_0005__three_mixed_050.error.txt
component_048_events_0011_objects_0007__three_mixed_053.jsonocel,C:\Users\User\Documents\odacc\experiment_runs\20260919_111654\multi_deviation_benchmark_three_mixed_online\symbolic_smt\run_001\component_048_events_0011_objects_0007__three_mixed_053.json,124,OBSERVATION_TIMEOUT,NOT_RUN,fresh_offline_alignment,0,0,True,1,0,1,0,0.0,0.0,,,,,,,,7,0.4284366002539173,0.061205228607702465,0.20314629992935807,,0.4284366002539173,7,0,0,0,0,0,0,0,0,1,0,0,0,0,0,0,6,5,6,5,0,1,1,6,0,0,0,0,0,0,0,0,0,0,0,0,0,0,0,0,0,0,0,0,0,2,2,0,33,4,6,0,0,0,6,5,0,0,0,0,0,0,2,2,1,1,0,0,1,4,1,1,1,6,0,4,1,0,0,0,0,0,0,0,0,0,0,0,0,0,0,0,0,0,0,0,0,0,0,0,0,0,0,0,0,0,0,0,0,0,0,0,0,0,0,0,0,0,0,0,1,0,0,0,0,0,0,0,0,0,0,0,0,0,0,0,0,0,0,0,0,0,0,0,0,0,0,0,0,0,0,0,0,0,0,0,6,6,0,0,0,0,0,0,0,0,0,0,0,60.818105899961665,multi_deviation_benchmark_three_mixed_online,symbolic_smt,1,True,60.0,60.066399900009856,8,8,1,create_p-660649,create package,5,8,7,7,True,7,10,7,7,0,0,0,0,0,0,0,0,0,0,0,0,0,0,0,0,0,0,0,0,0,0,0,0,0,0,1,0,0,0,0,0,1,0,0,0,0,0,0,0,0,0,0,0,0,0,0,0,0,0,0,0,0,0,0,0,0,0,0,0,0,0,0,0,0,0,0,0,0,0,6,0,6,0,0,0,0,0,0,0,0,0,0,0,0,0,0,0,0,0,0,0,0,0,0,0,0,0,0,0,0,0,0,0,0,0,0,0,0,0,0,0,0,0,0,0,0,0,0,0,0,C:\Users\User\Documents\odacc\experiment_runs\20260919_111654\multi_deviation_benchmark_three_mixed_online\symbolic_smt\run_001\component_048_events_0011_objects_0007__three_mixed_053.error.txt
component_050_events_0008_objects_0004__three_mixed_049.jsonocel,C:\Users\User\Documents\odacc\experiment_runs\20260919_111654\multi_deviation_benchmark_three_mixed_online\symbolic_smt\run_001\component_050_events_0008_objects_0004__three_mixed_049.json,124,OBSERVATION_TIMEOUT,NOT_RUN,fresh_offline_alignment,0,0,True,1,0,1,0,0.017749299993738532,0.0027149999514222145,,,,,,,,4,0.2787320999195799,0.06968302497989498,0.14652419998310506,,0.2787320999195799,4,0,0,0,0,0,0,0,0,1,0,0,0,0,0,0,3,2,3,2,0,1,1,3,0,0,0,0,0,0,0,0,0,0,0,0,0,0,0,0,0,0,0,0,0,2,2,0,33,3,3,0,0,0,3,2,0,0,0,0,0,0,2,2,1,1,0,0,1,2,1,1,1,3,0,3,1,0,0,0,0,0,0,0,0,0,0,0,0,0,0,0,0,0,0,0,0,0,0,0,0,0,0,0,0,0,0,0,0,0,0,0,0,0,0,0,0,0,0,0,1,0,0,0,0,0,0,0,0,0,0,0,0,0,0,0,0,0,0,0,0,0,0,0,0,0,0,0,0,0,0,0,0,0,0,0,3,3,0,0,0,0,0,0,0,0,0,0,0,60.61025819997303,multi_deviation_benchmark_three_mixed_online,symbolic_smt,1,True,60.0,60.012036399915814,5,5,1,create_p-660730,create package,2,5,4,4,True,4,7,4,4,0,0,0,0,0,0,0,0,0,0,0,0,0,0,0,0,0,0,0,0,0,0,0,0,0,0,1,0,0,0,0,0,1,0,0,0,0,0,0,0,0,0,0,0,0,0,0,0,0,0,0,0,0,0,0,0,0,0,0,0,0,0,0,0,0,0,0,0,0,0,3,0,3,0,0,0,0,0,0,0,0,0,0,0,0,0,0,0,0,0,0,0,0,0,0,0,0,0,0,0,0,0,0,0,0,0,0,0,0,0,0,0,0,0,0,0,0,0,0,0,0,C:\Users\User\Documents\odacc\experiment_runs\20260919_111654\multi_deviation_benchmark_three_mixed_online\symbolic_smt\run_001\component_050_events_0008_objects_0004__three_mixed_049.error.txt
component_057_events_0011_objects_0005__three_mixed_054.jsonocel,C:\Users\User\Documents\odacc\experiment_runs\20260919_111654\multi_deviation_benchmark_three_mixed_online\symbolic_smt\run_001\component_057_events_0011_objects_0005__three_mixed_054.json,124,OBSERVATION_TIMEOUT,NOT_RUN,fresh_offline_alignment,0,0,True,2,1,1,0,0.0,0.0,,,,,,,,9,0.45096120017115027,0.0501068000190167,0.18862340005580336,,0.45096120017115027,9,0,0,0,0,0,0,0,0,1,0,0,0,0,0,0,8,6,8,6,0,1,1,4,0,0,0,0,0,0,0,0,0,0,0,0,0,0,0,0,0,0,0,0,0,3,2,1,36,3,8,0,0,0,8,6,0,0,0,0,0,0,2,2,2,1,1,0,1,5,1,1,1,8,0,5,1,0,0,0,0,0,0,0,0,0,0,0,0,0,0,0,0,0,0,0,0,0,0,0,0,0,0,0,0,0,0,0,0,0,0,0,0,0,0,0,0,0,0,0,1,0,0,0,0,0,0,0,0,0,0,0,0,0,0,0,0,0,0,0,0,0,0,0,0,0,0,0,0,0,0,0,0,0,0,0,8,8,0,0,0,0,0,0,0,0,0,0,0,60.806158100022,multi_deviation_benchmark_three_mixed_online,symbolic_smt,1,True,60.0,60.023623299901374,10,10,1,create_p-660867,create package,3,10,5,9,True,9,12,9,9,0,0,0,0,0,0,0,0,0,0,0,0,0,0,0,0,0,0,0,0,0,0,0,0,0,0,2,0,1,0,0,0,1,0,0,0,0,0,0,0,0,0,0,0,0,0,0,0,1,1,1,1,1,0,0,0,0,0,0,0,0,1,0,0,0,0,1,0,0,0,8,0,8,0,0,0,0,0,0,0,0,0,0,0,0,0,0,0,0,0,0,0,0,0,0,0,0,0,0,0,0,0,0,0,0,0,0,0,0,0,0,0,0,0,0,0,0,0,0,0,0,C:\Users\User\Documents\odacc\experiment_runs\20260919_111654\multi_deviation_benchmark_three_mixed_online\symbolic_smt\run_001\component_057_events_0011_objects_0005__three_mixed_054.error.txt
component_059_events_0010_objects_0006__three_mixed_052.jsonocel,C:\Users\User\Documents\odacc\experiment_runs\20260919_111654\multi_deviation_benchmark_three_mixed_online\symbolic_smt\run_001\component_059_events_0010_objects_0006__three_mixed_052.json,124,OBSERVATION_TIMEOUT,NOT_RUN,fresh_offline_alignment,0,0,True,1,1,0,0,0.0,0.0,,,,,,,,7,0.24987689987756312,0.03569669998250902,0.10618790006265044,,0.24987689987756312,7,0,0,0,0,0,0,0,0,1,0,0,0,0,0,0,6,5,6,5,0,1,1,5,0,0,0,0,0,0,0,0,0,0,0,0,0,0,0,0,0,0,0,0,0,2,1,1,19,1,6,0,0,0,6,5,0,0,0,0,0,0,0,0,1,0,1,0,0,3,0,0,0,7,0,4,1,0,0,0,0,0,0,0,0,0,0,0,0,0,0,0,0,0,0,0,0,0,0,0,0,0,0,0,0,0,0,0,0,0,0,0,0,0,0,0,0,0,0,0,1,0,0,0,0,0,0,0,0,0,0,0,0,0,0,0,0,0,0,0,0,0,0,0,0,0,0,0,0,0,0,0,0,0,0,0,6,6,0,0,0,0,0,0,0,0,0,0,0,60.62417279998772,multi_deviation_benchmark_three_mixed_online,symbolic_smt,1,True,60.0,60.03489770006854,8,8,1,create_p-660955,create package,4,8,6,7,True,7,11,7,7,0,0,0,0,0,0,0,0,0,0,0,0,0,0,0,0,0,0,0,0,0,0,0,0,0,0,1,0,1,0,0,0,0,0,0,0,0,0,0,0,0,0,0,0,0,0,0,0,1,1,1,1,1,0,0,0,0,0,0,0,0,1,0,0,0,0,1,0,0,0,6,0,6,0,0,0,0,0,0,0,0,0,0,0,0,0,0,0,0,0,0,0,0,0,0,0,0,0,0,0,0,0,0,0,0,0,0,0,0,0,0,0,0,0,0,0,0,0,0,0,0,C:\Users\User\Documents\odacc\experiment_runs\20260919_111654\multi_deviation_benchmark_three_mixed_online\symbolic_smt\run_001\component_059_events_0010_objects_0006__three_mixed_052.error.txt
component_063_events_0035_objects_0019__three_mixed_063.jsonocel,C:\Users\User\Documents\odacc\experiment_runs\20260919_111654\multi_deviation_benchmark_three_mixed_online\symbolic_smt\run_001\component_063_events_0035_objects_0019__three_mixed_063.json,124,OBSERVATION_TIMEOUT,NOT_RUN,fresh_offline_alignment,0,0,True,0,0,0,0,0.0,0.0,,,,,,,,21,0.7312453000340611,0.034821204763526716,0.10016680008266121,,0.7312453000340611,21,0,0,0,0,0,0,0,0,5,0,0,0,0,0,0,16,16,16,16,0,5,5,17,0,0,0,0,0,0,0,0,0,0,0,0,0,0,0,0,0,0,0,0,0,5,5,0,79,1,16,0,0,0,16,16,0,0,0,0,0,0,2,2,0,0,0,0,0,0,0,1,0,21,0,21,5,0,0,0,0,0,0,0,0,0,0,0,0,0,0,0,0,0,0,0,0,0,0,0,0,0,0,0,0,0,0,0,0,0,0,0,0,0,0,0,0,0,0,0,5,0,0,0,0,0,0,0,0,0,0,0,0,0,0,0,0,0,0,0,0,0,0,0,0,0,0,0,0,0,0,0,0,0,0,0,16,16,0,0,0,0,0,0,0,0,0,0,0,61.188125399989076,multi_deviation_benchmark_three_mixed_online,symbolic_smt,1,True,60.0,60.08166040002834,22,22,6,create_p-661003,create package,11,22,18,21,True,21,34,21,21,0,0,0,0,0,0,0,0,0,0,0,0,0,0,0,0,0,0,0,0,0,0,0,0,0,0,0,0,0,0,0,0,0,0,0,0,0,0,0,0,0,0,0,0,0,0,0,0,0,0,0,0,0,0,0,0,0,0,0,0,0,0,0,0,0,0,0,0,0,0,16,0,16,0,0,0,0,0,0,0,0,0,0,0,0,0,0,0,0,0,0,0,0,0,0,0,0,0,0,0,0,0,0,0,0,0,0,0,0,0,0,0,0,0,0,0,0,0,0,0,0,C:\Users\User\Documents\odacc\experiment_runs\20260919_111654\multi_deviation_benchmark_three_mixed_online\symbolic_smt\run_001\component_063_events_0035_objects_0019__three_mixed_063.error.txt
component_064_events_0116_objects_0055__three_mixed_066.jsonocel,C:\Users\User\Documents\odacc\experiment_runs\20260919_111654\multi_deviation_benchmark_three_mixed_online\symbolic_smt\run_001\component_064_events_0116_objects_0055__three_mixed_066.json,124,OBSERVATION_TIMEOUT,NOT_RUN,fresh_offline_alignment,0,0,True,0,0,0,0,0.0,0.0,,,,,,,,26,0.9659571001539007,0.03715219615976541,0.1885139000369236,,0.9659571001539007,26,0,0,0,0,0,0,0,0,5,0,0,0,0,0,0,21,21,21,21,0,5,5,25,0,0,0,0,0,0,0,0,0,0,0,0,0,0,0,0,0,0,0,0,0,5,5,0,80,1,21,0,0,0,21,21,0,0,0,0,0,0,0,0,0,0,0,0,0,0,0,0,0,26,0,26,5,0,0,0,0,0,0,0,0,0,0,0,0,0,0,0,0,0,0,0,0,0,0,0,0,0,0,0,0,0,0,0,0,0,0,0,0,0,0,0,0,0,0,0,5,0,0,0,0,0,0,0,0,0,0,0,0,0,0,0,0,0,0,0,0,0,0,0,0,0,0,0,0,0,0,0,0,0,0,0,21,21,0,0,0,0,0,0,0,0,0,0,0,61.496399700059555,multi_deviation_benchmark_three_mixed_online,symbolic_smt,1,True,60.0,60.100159500027075,27,27,6,create_p-661037,create package,13,23,23,26,True,26,117,26,26,0,0,0,0,0,0,0,0,0,0,0,0,0,0,0,0,0,0,0,0,0,0,0,0,0,0,0,0,0,0,0,0,0,0,0,0,0,0,0,0,0,0,0,0,0,0,0,0,0,0,0,0,0,0,0,0,0,0,0,0,0,0,0,0,0,0,0,0,0,0,21,0,21,0,0,0,0,0,0,0,0,0,0,0,0,0,0,0,0,0,0,0,0,0,0,0,0,0,0,0,0,0,0,0,0,0,0,0,0,0,0,0,0,0,0,0,0,0,0,0,0,C:\Users\User\Documents\odacc\experiment_runs\20260919_111654\multi_deviation_benchmark_three_mixed_online\symbolic_smt\run_001\component_064_events_0116_objects_0055__three_mixed_066.error.txt
component_065_events_0098_objects_0050__three_mixed_065.jsonocel,C:\Users\User\Documents\odacc\experiment_runs\20260919_111654\multi_deviation_benchmark_three_mixed_online\symbolic_smt\run_001\component_065_events_0098_objects_0050__three_mixed_065.json,0,ONLINE_OK,NOT_RUN,fresh_offline_alignment,0,0,True,3,1,1,1,0.0,0.0,,,,,,,,97,7.336963800014928,0.07563880206200957,0.5748689000029117,0,7.336963800014928,97,0,0,0,0,0,1,0,0,15,0,0,0,0,4,4,86,83,87,83,0,11,11,45,4,0,0,0,0,0,0,0,0,0,0,0,0,0,0,0,0,0,0,0,0,15,13,1,267,23,86,0,0,0,87,84,0,0,0,0,0,0,32,32,3,2,1,0,2,46,2,13,2,92,0,53,15,4,4,0,43,4,0,0,0,0,0,0,0,0,4,4,0,0,0,0,0,0,0,0,0,0,0,0,0,0,0,0,0,0,0,0,0,0,0,0,0,0,0,0,11,0,0,0,0,0,0,0,0,0,1,1,41,1,0,0,0,0,0,0,66,66,44,24,0,0,0,0,0,0,0,0,0,0,0,0,82,81,0,0,9,1,0,0,0,0,0,0,0,11.971939900075085,multi_deviation_benchmark_three_mixed_online,symbolic_smt,1,,,,,,,,,,,,,,,,,,,,,,,,,,,,,,,,,,,,,,,,,,,,,,,,,,,,,,,,,,,,,,,,,,,,,,,,,,,,,,,,,,,,,,,,,,,,,,,,,,,,,,,,,,,,,,,,,,,,,,,,,,,,,,,,,,,,,,,,,,,
component_067_events_0063_objects_0031__three_mixed_064.jsonocel,C:\Users\User\Documents\odacc\experiment_runs\20260919_111654\multi_deviation_benchmark_three_mixed_online\symbolic_smt\run_001\component_067_events_0063_objects_0031__three_mixed_064.json,0,ONLINE_OK,NOT_RUN,fresh_offline_alignment,0,0,True,3,1,1,1,0.0,0.0,,,,,,,,64,3.0234693004749715,0.04724170781992143,0.4070930000161752,0,3.0234693004749715,64,0,0,0,0,0,1,0,0,10,0,0,0,0,3,3,57,54,59,54,0,7,7,28,3,0,0,0,0,0,0,0,0,0,0,0,0,0,0,0,0,0,0,0,0,10,9,1,141,10,57,0,0,0,59,55,0,0,0,0,0,0,22,22,3,2,1,0,2,26,2,8,2,60,0,40,10,3,3,0,19,3,0,0,0,0,0,0,0,0,3,3,0,0,0,0,0,0,0,0,0,0,0,0,0,0,0,0,0,0,0,0,0,0,0,0,0,0,0,0,7,0,0,0,0,0,0,0,0,0,1,1,14,8,0,0,0,0,0,0,21,21,8,6,0,0,0,0,0,0,0,0,0,0,0,0,54,54,0,0,4,1,0,0,0,0,0,0,0,4.377413400099613,multi_deviation_benchmark_three_mixed_online,symbolic_smt,1,,,,,,,,,,,,,,,,,,,,,,,,,,,,,,,,,,,,,,,,,,,,,,,,,,,,,,,,,,,,,,,,,,,,,,,,,,,,,,,,,,,,,,,,,,,,,,,,,,,,,,,,,,,,,,,,,,,,,,,,,,,,,,,,,,,,,,,,,,,
component_068_events_0009_objects_0005__three_mixed_051.jsonocel,C:\Users\User\Documents\odacc\experiment_runs\20260919_111654\multi_deviation_benchmark_three_mixed_online\symbolic_smt\run_001\component_068_events_0009_objects_0005__three_mixed_051.json,0,ONLINE_OK,NOT_RUN,fresh_offline_alignment,0,0,True,3,1,1,1,0.0,0.0,,,,,,,,10,39.20863630005624,3.9208636300056243,38.75103109993506,0,39.20863630005624,10,686,73,613,483,185,5,0,58,1,0,760,0,244,0,0,9,6,10,6,57,1,1,4,0,0,0,0,0,0,73,613,2,16,22280,338,79,219,1403,910,12142,3772,1070,2169,157,4,2,2,34,4,8,686,0,0,10,7,0,0,0,0,0,0,6,6,2,1,1,0,3,9,1,3,3,8,0,2,1,0,0,0,0,0,0,0,0,0,0,0,0,0,0,0,0,0,0,0,0,0,0,0,0,0,0,0,0,0,0,0,0,0,0,0,0,0,0,0,242,0,0,0,1,0,0,0,0,0,2814,284,2530,0,1,1,3,1,0,0,0,0,0,0,4,4,0,0,0,139,70,69,0,695,644,51,4448,3632,19928,10851,9,151,0,0,472,470,4,0,139,62,23,54,0,39.84111129993107,multi_deviation_benchmark_three_mixed_online,symbolic_smt,1,,,,,,,,,,,,,,,,,,,,,,,,,,,,,,,,,,,,,,,,,,,,,,,,,,,,,,,,,,,,,,,,,,,,,,,,,,,,,,,,,,,,,,,,,,,,,,,,,,,,,,,,,,,,,,,,,,,,,,,,,,,,,,,,,,,,,,,,,,,
component_002_events_0028_objects_0013__stress_4_5_072.jsonocel,C:\Users\User\Documents\odacc\experiment_runs\20260919_111654\multi_deviation_benchmark_stress_4_5_online\symbolic_smt\run_001\component_002_events_0028_objects_0013__stress_4_5_072.json,124,OBSERVATION_TIMEOUT,NOT_RUN,fresh_offline_alignment,0,0,True,1,0,1,0,0.0,0.0,,,,,,,,17,0.7201277000131086,0.04236045294194756,0.19126069999765605,,0.7201277000131086,17,0,0,0,0,0,0,0,0,2,0,0,0,0,0,0,15,13,15,13,0,2,2,11,0,0,0,0,0,0,0,0,0,0,0,0,0,0,0,0,0,0,0,0,0,4,3,1,61,3,15,0,0,0,15,13,0,0,0,0,0,0,2,2,2,1,1,0,1,5,1,1,1,16,0,13,2,0,0,0,0,0,0,0,0,0,0,0,0,0,0,0,0,0,0,0,0,0,0,0,0,0,0,0,0,0,0,0,0,0,0,0,0,0,0,0,0,0,0,0,2,0,0,0,0,0,0,0,0,0,0,0,0,0,0,0,0,0,0,0,0,0,0,0,0,0,0,0,0,0,0,0,0,0,0,0,15,15,0,0,0,0,0,0,0,0,0,0,0,61.163896000012755,multi_deviation_benchmark_stress_4_5_online,symbolic_smt,1,True,60.0,60.0540619000094,18,18,3,create_p-660003,create package,9,18,12,17,True,17,28,17,17,0,0,0,0,0,0,0,0,0,0,0,0,0,0,0,0,0,0,0,0,0,0,0,0,0,0,2,0,1,0,0,0,1,0,0,0,0,0,0,0,0,0,0,0,0,0,0,0,1,1,1,1,1,0,0,0,0,0,0,0,0,1,0,0,0,0,1,0,0,0,15,0,15,0,0,0,0,0,0,0,0,0,0,0,0,0,0,0,0,0,0,0,0,0,0,0,0,0,0,0,0,0,0,0,0,0,0,0,0,0,0,0,0,0,0,0,0,0,0,0,0,C:\Users\User\Documents\odacc\experiment_runs\20260919_111654\multi_deviation_benchmark_stress_4_5_online\symbolic_smt\run_001\component_002_events_0028_objects_0013__stress_4_5_072.error.txt
component_003_events_0022_objects_0011__stress_4_5_071.jsonocel,C:\Users\User\Documents\odacc\experiment_runs\20260919_111654\multi_deviation_benchmark_stress_4_5_online\symbolic_smt\run_001\component_003_events_0022_objects_0011__stress_4_5_071.json,124,OBSERVATION_TIMEOUT,NOT_RUN,fresh_offline_alignment,0,0,True,1,1,0,0,0.0,0.0,,,,,,,,12,0.4106191999744624,0.03421826666453853,0.16272560006473213,,0.4106191999744624,12,0,0,0,0,0,0,0,0,1,0,0,0,0,0,0,11,10,11,10,0,1,1,9,0,0,0,0,0,0,0,0,0,0,0,0,0,0,0,0,0,0,0,0,0,2,1,1,18,1,11,0,0,0,11,10,0,0,0,0,0,0,0,0,1,0,1,0,0,4,0,0,0,12,0,8,1,0,0,0,0,0,0,0,0,0,0,0,0,0,0,0,0,0,0,0,0,0,0,0,0,0,0,0,0,0,0,0,0,0,0,0,0,0,0,0,0,0,0,0,1,0,0,0,0,0,0,0,0,0,0,0,0,0,0,0,0,0,0,0,0,0,0,0,0,0,0,0,0,0,0,0,0,0,0,0,11,11,0,0,0,0,0,0,0,0,0,0,0,60.81848570005968,multi_deviation_benchmark_stress_4_5_online,symbolic_smt,1,True,60.0,60.06199750001542,13,13,1,create_p-660002,create package,6,13,10,12,True,12,22,12,12,0,0,0,0,0,0,0,0,0,0,0,0,0,0,0,0,0,0,0,0,0,0,0,0,0,0,1,0,1,0,0,0,0,0,0,0,0,0,0,0,0,0,0,0,0,0,0,0,1,1,1,1,1,0,0,0,0,0,0,0,0,1,0,0,0,0,1,0,0,0,11,0,11,0,0,0,0,0,0,0,0,0,0,0,0,0,0,0,0,0,0,0,0,0,0,0,0,0,0,0,0,0,0,0,0,0,0,0,0,0,0,0,0,0,0,0,0,0,0,0,0,C:\Users\User\Documents\odacc\experiment_runs\20260919_111654\multi_deviation_benchmark_stress_4_5_online\symbolic_smt\run_001\component_003_events_0022_objects_0011__stress_4_5_071.error.txt
component_004_events_0013_objects_0009__stress_4_5_069.jsonocel,C:\Users\User\Documents\odacc\experiment_runs\20260919_111654\multi_deviation_benchmark_stress_4_5_online\symbolic_smt\run_001\component_004_events_0013_objects_0009__stress_4_5_069.json,124,OBSERVATION_TIMEOUT,NOT_RUN,fresh_offline_alignment,0,0,True,0,0,0,0,0.0,0.0,,,,,,,,8,0.28451410005800426,0.03556426250725053,0.14650909998454154,,0.28451410005800426,8,0,0,0,0,0,0,0,0,1,0,0,0,0,0,0,7,7,7,7,0,1,1,8,0,0,0,0,0,0,0,0,0,0,0,0,0,0,0,0,0,0,0,0,0,1,1,0,18,1,7,0,0,0,7,7,0,0,0,0,0,0,2,2,0,0,0,0,0,0,0,1,0,8,0,8,1,0,0,0,0,0,0,0,0,0,0,0,0,0,0,0,0,0,0,0,0,0,0,0,0,0,0,0,0,0,0,0,0,0,0,0,0,0,0,0,0,0,0,0,1,0,0,0,0,0,0,0,0,0,0,0,0,0,0,0,0,0,0,0,0,0,0,0,0,0,0,0,0,0,0,0,0,0,0,0,7,7,0,0,0,0,0,0,0,0,0,0,0,60.616964900051244,multi_deviation_benchmark_stress_4_5_online,symbolic_smt,1,True,60.0,60.0029544000281,9,9,1,create_p-660004,create package,8,9,9,8,True,8,11,8,8,0,0,0,0,0,0,0,0,0,0,0,0,0,0,0,0,0,0,0,0,0,0,0,0,0,0,0,0,0,0,0,0,0,0,0,0,0,0,0,0,0,0,0,0,0,0,0,0,0,0,0,0,0,0,0,0,0,0,0,0,0,0,0,0,0,0,0,0,0,0,7,0,7,0,0,0,0,0,0,0,0,0,0,0,0,0,0,0,0,0,0,0,0,0,0,0,0,0,0,0,0,0,0,0,0,0,0,0,0,0,0,0,0,0,0,0,0,0,0,0,0,C:\Users\User\Documents\odacc\experiment_runs\20260919_111654\multi_deviation_benchmark_stress_4_5_online\symbolic_smt\run_001\component_004_events_0013_objects_0009__stress_4_5_069.error.txt
component_006_events_0031_objects_0015__stress_4_5_073.jsonocel,C:\Users\User\Documents\odacc\experiment_runs\20260919_111654\multi_deviation_benchmark_stress_4_5_online\symbolic_smt\run_001\component_006_events_0031_objects_0015__stress_4_5_073.json,124,OBSERVATION_TIMEOUT,NOT_RUN,fresh_offline_alignment,0,0,True,0,0,0,0,0.015054199961014092,0.00040209991857409477,,,,,,,,14,0.5085879000835121,0.03632770714882229,0.11588830000255257,,0.5085879000835121,14,0,0,0,0,0,0,0,0,3,0,0,0,0,0,0,11,11,11,11,0,3,3,13,0,0,0,0,0,0,0,0,0,0,0,0,0,0,0,0,0,0,0,0,0,3,3,0,48,1,11,0,0,0,11,11,0,0,0,0,0,0,0,0,0,0,0,0,0,0,0,0,0,14,0,14,3,0,0,0,0,0,0,0,0,0,0,0,0,0,0,0,0,0,0,0,0,0,0,0,0,0,0,0,0,0,0,0,0,0,0,0,0,0,0,0,0,0,0,0,3,0,0,0,0,0,0,0,0,0,0,0,0,0,0,0,0,0,0,0,0,0,0,0,0,0,0,0,0,0,0,0,0,0,0,0,11,11,0,0,0,0,0,0,0,0,0,0,0,60.95225009997375,multi_deviation_benchmark_stress_4_5_online,symbolic_smt,1,True,60.0,60.08277010009624,15,15,4,create_p-660006,create package,7,14,11,14,True,14,29,14,14,0,0,0,0,0,0,0,0,0,0,0,0,0,0,0,0,0,0,0,0,0,0,0,0,0,0,0,0,0,0,0,0,0,0,0,0,0,0,0,0,0,0,0,0,0,0,0,0,0,0,0,0,0,0,0,0,0,0,0,0,0,0,0,0,0,0,0,0,0,0,11,0,11,0,0,0,0,0,0,0,0,0,0,0,0,0,0,0,0,0,0,0,0,0,0,0,0,0,0,0,0,0,0,0,0,0,0,0,0,0,0,0,0,0,0,0,0,0,0,0,0,C:\Users\User\Documents\odacc\experiment_runs\20260919_111654\multi_deviation_benchmark_stress_4_5_online\symbolic_smt\run_001\component_006_events_0031_objects_0015__stress_4_5_073.error.txt
component_009_events_0015_objects_0008__stress_4_5_070.jsonocel,C:\Users\User\Documents\odacc\experiment_runs\20260919_111654\multi_deviation_benchmark_stress_4_5_online\symbolic_smt\run_001\component_009_events_0015_objects_0008__stress_4_5_070.json,0,ONLINE_OK,NOT_RUN,fresh_offline_alignment,0,0,True,3,2,1,0,0.028225800022482872,0.00979050004389137,,,,,,,,17,1.004986600135453,0.05911685883149724,0.4547550000716001,0,1.004986600135453,17,0,0,0,0,0,0,0,0,1,0,0,0,0,0,0,16,13,16,13,0,1,1,7,0,0,0,0,0,0,0,0,0,0,0,0,0,0,0,0,0,0,0,0,0,4,2,2,38,10,16,0,0,0,16,13,0,0,0,0,0,0,4,4,3,1,2,0,1,13,1,2,1,16,0,5,1,0,0,0,0,0,0,0,0,0,0,0,0,0,0,0,0,0,0,0,0,0,0,0,0,0,0,0,0,0,0,0,0,0,0,0,0,0,0,0,0,0,0,0,1,0,0,0,0,0,0,0,0,0,0,0,0,0,0,0,0,0,0,0,0,0,0,0,0,0,0,0,0,0,0,0,0,0,0,0,16,15,0,0,1,0,0,0,0,0,0,0,0,1.430504099931568,multi_deviation_benchmark_stress_4_5_online,symbolic_smt,1,,,,,,,,,,,,,,,,,,,,,,,,,,,,,,,,,,,,,,,,,,,,,,,,,,,,,,,,,,,,,,,,,,,,,,,,,,,,,,,,,,,,,,,,,,,,,,,,,,,,,,,,,,,,,,,,,,,,,,,,,,,,,,,,,,,,,,,,,,,
component_051_events_0011_objects_0007__stress_4_5_067.jsonocel,C:\Users\User\Documents\odacc\experiment_runs\20260919_111654\multi_deviation_benchmark_stress_4_5_online\symbolic_smt\run_001\component_051_events_0011_objects_0007__stress_4_5_067.json,124,OBSERVATION_TIMEOUT,NOT_RUN,fresh_offline_alignment,0,0,True,1,1,0,0,0.0,0.0,,,,,,,,7,0.30698990006931126,0.04385570000990161,0.1298213000409305,,0.30698990006931126,7,0,0,0,0,0,0,0,0,1,0,0,0,0,0,0,6,5,6,5,0,1,1,6,0,0,0,0,0,0,0,0,0,0,0,0,0,0,0,0,0,0,0,0,0,2,1,1,21,2,6,0,0,0,6,5,0,0,0,0,0,0,0,0,1,0,1,0,0,3,0,0,0,7,0,4,1,0,0,0,0,0,0,0,0,0,0,0,0,0,0,0,0,0,0,0,0,0,0,0,0,0,0,0,0,0,0,0,0,0,0,0,0,0,0,0,0,0,0,0,1,0,0,0,0,0,0,0,0,0,0,0,0,0,0,0,0,0,0,0,0,0,0,0,0,0,0,0,0,0,0,0,0,0,0,0,6,6,0,0,0,0,0,0,0,0,0,0,0,60.76037799997721,multi_deviation_benchmark_stress_4_5_online,symbolic_smt,1,True,60.0,60.091538499924354,8,8,1,create_p-660751,create package,5,8,7,7,True,7,11,7,7,0,0,0,0,0,0,0,0,0,0,0,0,0,0,0,0,0,0,0,0,0,0,0,0,0,0,1,0,1,0,0,0,0,0,0,0,0,0,0,0,0,0,0,0,0,0,0,0,1,1,1,1,1,0,0,0,0,0,0,0,0,1,0,0,0,0,1,0,0,0,6,0,6,0,0,0,0,0,0,0,0,0,0,0,0,0,0,0,0,0,0,0,0,0,0,0,0,0,0,0,0,0,0,0,0,0,0,0,0,0,0,0,0,0,0,0,0,0,0,0,0,C:\Users\User\Documents\odacc\experiment_runs\20260919_111654\multi_deviation_benchmark_stress_4_5_online\symbolic_smt\run_001\component_051_events_0011_objects_0007__stress_4_5_067.error.txt
component_063_events_0035_objects_0019__stress_4_5_074.jsonocel,C:\Users\User\Documents\odacc\experiment_runs\20260919_111654\multi_deviation_benchmark_stress_4_5_online\symbolic_smt\run_001\component_063_events_0035_objects_0019__stress_4_5_074.json,0,ONLINE_OK,NOT_RUN,fresh_offline_alignment,0,0,True,3,2,1,0,0.0,0.0,,,,,,,,37,1.476044099777937,0.03989308377778208,0.15391290001571178,0,1.476044099777937,37,0,0,0,0,0,0,0,0,6,0,0,0,0,1,1,32,29,32,29,0,5,5,17,1,0,0,0,0,0,0,0,0,0,0,0,0,0,0,0,0,0,0,0,0,8,6,2,107,6,32,0,0,0,32,29,0,0,0,0,0,0,14,14,3,1,2,0,1,20,1,6,1,35,0,18,6,1,1,0,13,1,0,0,0,0,0,0,0,0,1,1,0,0,0,0,0,0,0,0,0,0,0,0,0,0,0,0,0,0,0,0,0,0,0,0,0,0,0,0,5,0,0,0,0,0,0,0,0,0,0,0,0,0,0,0,0,0,0,0,0,0,0,0,0,0,0,0,0,0,0,0,0,0,0,0,31,30,0,0,2,0,0,0,0,0,0,0,0,2.1336340000852942,multi_deviation_benchmark_stress_4_5_online,symbolic_smt,1,,,,,,,,,,,,,,,,,,,,,,,,,,,,,,,,,,,,,,,,,,,,,,,,,,,,,,,,,,,,,,,,,,,,,,,,,,,,,,,,,,,,,,,,,,,,,,,,,,,,,,,,,,,,,,,,,,,,,,,,,,,,,,,,,,,,,,,,,,,
component_064_events_0116_objects_0055__stress_4_5_076.jsonocel,C:\Users\User\Documents\odacc\experiment_runs\20260919_111654\multi_deviation_benchmark_stress_4_5_online\symbolic_smt\run_001\component_064_events_0116_objects_0055__stress_4_5_076.json,0,ONLINE_OK,NOT_RUN,fresh_offline_alignment,0,0,True,4,2,1,1,0.0,0.0,,,,,,,,116,7.359856499475427,0.06344703878858127,0.1977158000227064,0,7.359856499475427,116,0,0,0,0,0,0,0,0,18,0,0,0,0,6,6,104,100,105,100,0,12,12,48,6,0,0,0,0,0,0,0,0,0,0,0,0,0,0,0,0,0,0,0,0,18,13,3,257,13,104,0,0,0,105,101,0,0,0,0,0,0,36,36,4,1,3,0,2,51,1,14,2,109,0,67,18,6,6,0,45,6,0,0,0,0,0,0,0,0,6,6,0,0,0,1,0,0,0,0,0,0,0,0,0,0,0,0,0,0,0,0,0,0,0,0,0,0,0,0,12,0,0,0,0,0,0,0,0,1,0,0,0,0,0,0,0,0,0,0,339,339,368,272,0,0,0,0,0,0,0,0,0,0,0,0,98,97,0,0,14,0,0,0,0,0,0,0,0,12.128829800058156,multi_deviation_benchmark_stress_4_5_online,symbolic_smt,1,,,,,,,,,,,,,,,,,,,,,,,,,,,,,,,,,,,,,,,,,,,,,,,,,,,,,,,,,,,,,,,,,,,,,,,,,,,,,,,,,,,,,,,,,,,,,,,,,,,,,,,,,,,,,,,,,,,,,,,,,,,,,,,,,,,,,,,,,,,
component_065_events_0098_objects_0050__stress_4_5_075.jsonocel,C:\Users\User\Documents\odacc\experiment_runs\20260919_111654\multi_deviation_benchmark_stress_4_5_online\symbolic_smt\run_001\component_065_events_0098_objects_0050__stress_4_5_075.json,124,OBSERVATION_TIMEOUT,NOT_RUN,fresh_offline_alignment,0,0,True,1,0,1,0,0.0,0.0,,,,,,,,20,1.2157827999908477,0.060789139999542385,0.5536462999880314,,1.2157827999908477,20,0,0,0,0,0,1,0,0,4,0,0,0,0,1,1,17,16,18,16,0,3,3,14,1,0,0,0,0,0,0,0,0,0,0,0,0,0,0,0,0,0,0,0,0,4,4,0,72,12,17,0,0,0,18,17,0,0,0,0,0,0,6,6,1,1,0,0,1,4,1,2,1,19,0,17,4,1,1,0,3,1,0,0,0,0,0,0,0,0,1,1,0,0,0,0,0,0,0,0,0,0,0,0,0,0,0,0,0,0,0,0,0,0,0,0,0,0,0,0,3,0,0,0,0,0,0,0,0,0,1,1,42,0,0,0,0,0,0,0,66,66,44,24,0,0,0,0,0,0,0,0,0,0,0,0,16,16,0,0,2,1,0,0,0,0,0,0,0,61.7188434000127,multi_deviation_benchmark_stress_4_5_online,symbolic_smt,1,True,60.0,60.09027149993926,21,21,4,send_p-661073,send package,8,21,15,20,True,20,98,20,20,0,0,0,0,0,0,0,0,0,0,1,0,1,0,1,0,0,1,0,1,1,0,0,1,0,0,1,0,0,0,0,0,1,0,0,0,0,0,0,0,0,0,0,0,0,0,0,0,0,0,0,0,0,0,0,1,1,1,1,0,1,1,0,0,0,0,1,0,0,0,17,0,17,0,0,0,0,0,0,0,0,0,0,0,0,0,0,0,55,0,0,0,0,0,0,0,0,0,0,0,0,0,0,0,0,0,0,0,0,0,0,0,0,0,0,0,0,0,0,0,0,C:\Users\User\Documents\odacc\experiment_runs\20260919_111654\multi_deviation_benchmark_stress_4_5_online\symbolic_smt\run_001\component_065_events_0098_objects_0050__stress_4_5_075.error.txt
component_066_events_0011_objects_0006__stress_4_5_068.jsonocel,C:\Users\User\Documents\odacc\experiment_runs\20260919_111654\multi_deviation_benchmark_stress_4_5_online\symbolic_smt\run_001\component_066_events_0011_objects_0006__stress_4_5_068.json,124,OBSERVATION_TIMEOUT,NOT_RUN,fresh_offline_alignment,0,0,True,0,0,0,0,0.0,0.0,,,,,,,,4,0.20589920005295426,0.051474800013238564,0.12456739996559918,,0.20589920005295426,4,0,0,0,0,0,0,0,0,1,0,0,0,0,0,0,3,3,3,3,0,1,1,5,0,0,0,0,0,0,0,0,0,0,0,0,0,0,0,0,0,0,0,0,0,1,1,0,23,1,3,0,0,0,3,3,0,0,0,0,0,0,0,0,0,0,0,0,0,0,0,0,0,4,0,4,1,0,0,0,0,0,0,0,0,0,0,0,0,0,0,0,0,0,0,0,0,0,0,0,0,0,0,0,0,0,0,0,0,0,0,0,0,0,0,0,0,0,0,0,1,0,0,0,0,0,0,0,0,0,0,0,0,0,0,0,0,0,0,0,0,0,0,0,0,0,0,0,0,0,0,0,0,0,0,0,3,3,0,0,0,0,0,0,0,0,0,0,0,60.57020640000701,multi_deviation_benchmark_stress_4_5_online,symbolic_smt,1,True,60.0,60.06177310005296,5,5,1,create_p-661076,create package,5,5,6,4,True,4,9,4,4,0,0,0,0,0,0,0,0,0,0,0,0,0,0,0,0,0,0,0,0,0,0,0,0,0,0,0,0,0,0,0,0,0,0,0,0,0,0,0,0,0,0,0,0,0,0,0,0,0,0,0,0,0,0,0,0,0,0,0,0,0,0,0,0,0,0,0,0,0,0,3,0,3,0,0,0,0,0,0,0,0,0,0,0,0,0,0,0,0,0,0,0,0,0,0,0,0,0,0,0,0,0,0,0,0,0,0,0,0,0,0,0,0,0,0,0,0,0,0,0,0,C:\Users\User\Documents\odacc\experiment_runs\20260919_111654\multi_deviation_benchmark_stress_4_5_online\symbolic_smt\run_001\component_066_events_0011_objects_0006__stress_4_5_068.error.txt
